stage,L_c,M_K,n_axis,robust,hard_gate,single_peak,x_F,x_E,xF_minus_xE,theta_max_deg,min_mu_minus_theta_deg,min_sin_angle_interior,flip_interior,crossings
coarse,35.0,2.2,600,False,True,True,90.19081800264833,35.4246047142746,54.76621328837373,17.437693228643408,0.034280480494615,0.05281957745859501,0,0
coarse,35.0,2.3,600,False,True,True,90.19081801069946,35.4246047142746,54.76621329642486,17.406126799128064,0.08799449841434095,0.053222028360920846,0,0
coarse,35.0,2.4,600,False,True,True,90.19081801992532,35.4246047142746,54.766213305650716,17.41779093404196,0.14309711033752062,0.053563326079624746,0,0
coarse,35.0,2.5,600,False,True,True,90.19081803042174,35.4246047142746,54.76621331614714,17.46947569546983,0.18603358601096168,0.05394236456731211,0,0
coarse,35.0,2.6,600,False,True,True,90.1908180422967,35.4246047142746,54.7662133280221,17.55560959018499,0.20856596823356818,0.054361914542441526,0,0
coarse,35.0,2.7,600,False,True,True,90.19081805566391,35.4246047142746,54.76621334138931,17.670344532441696,0.20774570907726742,0.054825080465537204,0,0
coarse,35.0,2.8,600,False,True,True,90.19081807065336,35.4246047142746,54.76621335637876,17.80781356917621,0.18326916162094348,0.05533560930017281,0,0
coarse,35.0,2.9,600,False,True,True,90.19081808740712,35.4246047142746,54.76621337313252,17.9738728381139,0.13719008093601048,0.05583434444787077,0,0
coarse,35.0,3.0,600,False,True,True,90.19081810608226,35.4246047142746,54.76621339180766,18.15953191085447,0.07250628115841319,0.05644537868197776,0,0
coarse,35.0,3.1,600,False,True,True,90.19081812685285,35.4246047142746,54.766213412578246,18.357580350194652,-0.007418346405262508,0.057009215386038314,0,0
coarse,35.0,3.2,600,False,True,True,90.19081814991354,35.4246047142746,54.76621343563894,18.565966091395886,-0.09831812274157453,0.05777253626032265,0,0
coarse,35.5,2.2,600,False,True,True,90.5689713558168,35.9246047142746,54.6443666415422,17.25471619875528,0.12176435043869155,0.05334375960327344,0,0
coarse,35.5,2.3,600,False,True,True,90.5689713905325,35.9246047142746,54.644366676257896,17.212282720665932,0.18252721999620022,0.05372550533891479,0,0
coarse,35.5,2.4,600,False,True,True,90.56897142966614,35.9246047142746,54.644366715391534,17.214280506084425,0.2368498052934151,0.05412419718646774,0,0
coarse,35.5,2.5,600,False,True,True,90.5689714735709,35.9246047142746,54.6443667592963,17.2592088139066,0.2830691609330544,0.05453898730952999,0,0
coarse,35.5,2.6,600,False,True,True,90.56897152263714,35.9246047142746,54.64436680836254,17.343292534661483,0.31111884555874364,0.05490896200405698,0,0
coarse,35.5,2.7,600,False,True,True,90.56897157729252,35.9246047142746,54.644366863017915,17.460665525566675,0.3148423029644945,0.055389580610764794,0,0
coarse,35.5,2.8,600,False,True,True,90.56897163800649,35.9246047142746,54.64436692373189,17.604643422139702,0.29262010997058663,0.05590816355234606,0,0
coarse,35.5,2.9,600,False,True,True,90.56897170530002,35.9246047142746,54.644366991025414,17.77045605123391,0.24874023937771075,0.056495226166335955,0,0
coarse,35.5,3.0,600,False,True,True,90.56897177974669,35.9246047142746,54.64436706547209,17.953501244492674,0.1862806887895273,0.05700735303215573,0,0
coarse,35.5,3.1,600,False,True,True,90.56897186198466,35.9246047142746,54.644367147710064,18.150797955521433,0.10397072521971454,0.05771019305350144,0,0
coarse,35.5,3.2,600,False,True,True,90.56897195272138,35.9246047142746,54.64436723844678,18.37035395824103,0.006229951828683297,0.05834861794808066,0,0
coarse,36.0,2.2,600,False,True,True,91.23384949136486,36.4246047142746,54.809244777090264,17.069848000338208,0.21321261599141209,0.053914923388177056,0,0
coarse,36.0,2.3,600,False,True,True,91.23384949658603,36.4246047142746,54.80924478231143,17.01981176019597,0.26780239578761456,0.054241652600865886,0,0
coarse,36.0,2.4,600,False,True,True,91.23384950241017,36.4246047142746,54.809244788135565,17.01801076516002,0.32659103239467635,0.054693413102806065,0,0
coarse,36.0,2.5,600,False,True,True,91.233849508885,36.4246047142746,54.8092447946104,17.059383160651645,0.37642742939380847,0.05509151512710857,0,0
coarse,36.0,2.6,600,False,True,True,91.23384951606309,36.4246047142746,54.80924480178849,17.13950231287297,0.4071844133795169,0.055530510399626636,0,0
coarse,36.0,2.7,600,False,True,True,91.23384952400075,36.4246047142746,54.809244809726145,17.252731596964683,0.414054926490906,0.055937405224562246,0,0
coarse,36.0,2.8,600,False,True,True,91.23384953276192,36.4246047142746,54.80924481848732,17.393824357951477,0.3960203115702959,0.056441545168217686,0,0
coarse,36.0,2.9,600,False,True,True,91.2338495424156,36.4246047142746,54.809244828141,17.55708026487219,0.3541290061759764,0.05703737651834307,0,0
coarse,36.0,3.0,600,False,True,True,91.23384955303885,36.4246047142746,54.80924483876425,17.7479231525786,0.29104035154720587,0.0575556644828001,0,0
coarse,36.0,3.1,600,False,True,True,91.23384956471537,36.4246047142746,54.80924485044077,17.95788958724178,0.20995991383374893,0.058273056721518786,0,0
coarse,36.0,3.2,600,False,True,True,91.23384957754078,36.4246047142746,54.80924486326618,18.18192047112957,0.11446109345852457,0.05892524918298979,0,0
coarse,36.5,2.2,600,False,True,True,91.61651067997502,36.9246047142746,54.69190596570042,16.89913157823747,0.298733524032146,0.054427788507809605,0,0
coarse,36.5,2.3,600,False,True,True,91.61651070626306,36.9246047142746,54.691905991988456,16.84145071529898,0.35935762400553395,0.05483025405708579,0,0
coarse,36.5,2.4,600,False,True,True,91.61651073531785,36.9246047142746,54.691906021043245,16.828004673826396,0.41517571670297776,0.055202937945854735,0,0
coarse,36.5,2.5,600,False,True,True,91.61651076735352,36.9246047142746,54.69190605307892,16.860273486915727,0.4675899660080055,0.055614900596108574,0,0
coarse,36.5,2.6,600,False,True,True,91.61651080260272,36.9246047142746,54.69190608832812,16.934826860803486,0.5040819802035975,0.056046571815724436,0,0
coarse,36.5,2.7,600,False,True,True,91.61651084132299,36.9246047142746,54.69190612704839,17.046952171613466,0.5176801299171179,0.05655067226776246,0,0
coarse,36.5,2.8,600,False,True,True,91.61651088379593,36.9246047142746,54.691906169521324,17.19084166787167,0.5014507539817739,0.05698116484636121,0,0
coarse,36.5,2.9,600,False,True,True,91.61651093033174,36.9246047142746,54.69190621605714,17.360830491582814,0.4613579343771459,0.05757477750447197,0,0
coarse,36.5,3.0,600,False,True,True,91.61651098127398,36.9246047142746,54.691906266999375,17.552581314101097,0.4000764237125076,0.05824225243339257,0,0
coarse,36.5,3.1,600,False,True,True,91.61651103700109,36.9246047142746,54.69190632272649,17.76271922413699,0.3208398050410436,0.05883125701265436,0,0
coarse,36.5,3.2,600,False,True,True,91.61651109793235,36.9246047142746,54.691906383657745,17.989155698217562,0.22524672300782309,0.059488739949366674,0,0
coarse,37.0,2.2,600,False,True,True,92.00097383857046,37.4246047142746,54.57636912429586,16.72930208260254,0.38690223103020915,0.054991050439752845,0,0
coarse,37.0,2.3,600,False,True,True,92.00097391598804,37.4246047142746,54.57636920171344,16.659830346005783,0.44173393841772834,0.05533549619755915,0,0
coarse,37.0,2.4,600,False,True,True,92.00097400093213,37.4246047142746,54.57636928665753,16.63445662020114,0.5027759073562476,0.05571645149064551,0,0
coarse,37.0,2.5,600,False,True,True,92.00097409397354,37.4246047142746,54.57636937969894,16.664511401148133,0.5585013614715519,0.05613643851352112,0,0
coarse,37.0,2.6,600,False,True,True,92.00097419573633,37.4246047142746,54.57636948146173,16.737119142359248,0.5971952128096547,0.056555658552564156,0,0
coarse,37.0,2.7,600,False,True,True,92.00097430690494,37.4246047142746,54.576369592630336,16.847005980408145,0.6124027351560686,0.05706623296912768,0,0
coarse,37.0,2.8,600,False,True,True,92.00097442823005,37.4246047142746,54.57636971395545,16.98892061615423,0.6020039653768303,0.05762835449252729,0,0
coarse,37.0,2.9,600,False,True,True,92.00097456053726,37.4246047142746,54.57636984626266,17.15826786498334,0.5658447835873448,0.05810594719628693,0,0
coarse,37.0,3.0,600,False,True,True,92.00097470473546,37.4246047142746,54.576369990460854,17.350268737534094,0.5061075992931416,0.05877916922113801,0,0
coarse,37.0,3.1,600,False,True,True,92.00097486182956,37.4246047142746,54.57637014755496,17.562653299668064,0.42576622014512644,0.059379987129463435,0,0
coarse,37.0,3.2,600,False,True,True,92.00097503293188,37.4246047142746,54.576370318657276,17.7968397324823,0.3280751516661985,0.06005077312900927,0,0
coarse,37.5,2.2,600,False,True,True,92.67488868330139,37.9246047142746,54.75028396902679,16.55757098072555,0.47025578243011473,0.05549255813703284,0,0
coarse,37.5,2.3,600,False,True,True,92.6748886984649,37.9246047142746,54.7502839841903,16.486174310733453,0.5303287028503612,0.055845408616912263,0,0
coarse,37.5,2.4,600,False,True,True,92.67488871501794,37.9246047142746,54.75028400074334,16.457698258728836,0.5869423153555933,0.05627779587816915,0,0
coarse,37.5,2.5,600,False,True,True,92.67488873306326,37.9246047142746,54.750284018788655,16.476273845317237,0.644121831367089,0.056710359550209345,0,0
coarse,37.5,2.6,600,False,True,True,92.674888752714,37.9246047142746,54.750284038439396,16.539902303172997,0.6884744016988796,0.05718624459522633,0,0
coarse,37.5,2.7,600,False,True,True,92.67488877409491,37.9246047142746,54.75028405982031,16.645001976779366,0.7111260025943273,0.05756809738347221,0,0
coarse,37.5,2.8,600,False,True,True,92.67488879734287,37.9246047142746,54.75028408306827,16.78612325557779,0.7036013905349565,0.058141296818505626,0,0
coarse,37.5,2.9,600,False,True,True,92.67488882260538,37.9246047142746,54.75028410833078,16.958164381185743,0.6688452201185499,0.05863009461506782,0,0
coarse,37.5,3.0,600,False,True,True,92.6748888500477,37.9246047142746,54.75028413577309,17.155860157356464,0.6105038537794616,0.059316492199488514,0,0
coarse,37.5,3.1,600,False,True,True,92.67488887985155,37.9246047142746,54.75028416557695,17.375978344680924,0.5316019913408165,0.05992895750887971,0,0
coarse,37.5,3.2,600,False,True,True,92.67488891221757,37.9246047142746,54.75028419794297,17.615629848492954,0.4353814818086259,0.0606132617616695,0,0
coarse,38.0,2.2,600,False,True,True,93.06392092989239,38.4246047142746,54.63931621561779,16.401867695218307,0.5555556724254795,0.055997333955818726,0,0
coarse,38.0,2.3,600,False,True,True,93.06392098070266,38.4246047142746,54.63931626642806,16.318994526950288,0.6101828023065953,0.056360453608616676,0,0
coarse,38.0,2.4,600,False,True,True,93.06392103589008,38.4246047142746,54.639316321615475,16.275996839084947,0.6721477476441916,0.0567609670361347,0,0
coarse,38.0,2.5,600,False,True,True,93.06392109577807,38.4246047142746,54.63931638150347,16.28524213703519,0.7325874413900979,0.05719283407443007,0,0
coarse,38.0,2.6,600,False,True,True,93.0639211607162,38.4246047142746,54.639316446441605,16.348728819849647,0.7788712272824573,0.05767952338670824,0,0
coarse,38.0,2.7,600,False,True,True,93.06392123108876,38.4246047142746,54.639316516814155,16.45300931550004,0.8028618995328911,0.05821321911338773,0,0
coarse,38.0,2.8,600,False,True,True,93.06392130731544,38.4246047142746,54.63931659304084,16.59371680039584,0.8008117285343267,0.058655897193172504,0,0
coarse,38.0,2.9,600,False,True,True,93.06392138985714,38.4246047142746,54.63931667558254,16.76571366063005,0.7717875039530386,0.05928959382189828,0,0
coarse,38.0,3.0,600,False,True,True,93.06392147922215,38.4246047142746,54.639316764947544,16.96473960207204,0.7173370762228177,0.05984465392758012,0,0
coarse,38.0,3.1,600,False,True,True,93.06392157596862,38.4246047142746,54.63931686169402,17.187559840528,0.6395455023099652,0.06046405173666921,0,0
coarse,38.0,3.2,600,False,True,True,93.06392168071257,38.4246047142746,54.63931696643797,17.431871068571958,0.5416314073278115,0.061176222384630836,0,0
coarse,38.5,2.2,600,False,True,True,93.74419602633564,38.9246047142746,54.81959131206104,16.24102135885818,0.636348974999659,0.056538499800304946,0,0
coarse,38.5,2.3,600,False,True,True,93.7441960320949,38.9246047142746,54.819591317820304,16.148459190761304,0.6962380027665561,0.05690863755947287,0,0
coarse,38.5,2.4,600,False,True,True,93.74419603832737,38.9246047142746,54.81959132405277,16.103518630853056,0.7528519117932091,0.05736275085551004,0,0
coarse,38.5,2.5,600,False,True,True,93.74419604506781,38.9246047142746,54.81959133079321,16.10767097331604,0.8132498195982276,0.057761288022186656,0,0
coarse,38.5,2.6,600,False,True,True,93.74419605235363,38.9246047142746,54.81959133807903,16.159039957807423,0.8646102861696036,0.05816426866498193,0,0
coarse,38.5,2.7,600,False,True,True,93.74419606022494,38.9246047142746,54.819591345950336,16.255138985594556,0.8963427127754806,0.05870530177801738,0,0
coarse,38.5,2.8,600,False,True,True,93.74419606872716,38.9246047142746,54.81959135445256,16.392447062169094,0.898668927680639,0.05917278742574865,0,0
coarse,38.5,2.9,600,False,True,True,93.7441960779094,38.9246047142746,54.81959136363479,16.56629186076984,0.870666028969147,0.05980245496114435,0,0
coarse,38.5,3.0,600,False,True,True,93.74419608782485,38.9246047142746,54.819591373550246,16.768562724945813,0.8169427589098731,0.06036882389440482,0,0
coarse,38.5,3.1,600,False,True,True,93.7441960985331,38.9246047142746,54.819591384258494,16.996033020630346,0.7402364047438775,0.061000191713056234,0,0
coarse,38.5,3.2,600,False,True,True,93.74419611009951,38.9246047142746,54.81959139582491,17.246913733304535,0.643651408705142,0.06173939461933417,0,0
coarse,39.0,2.2,600,False,True,True,94.13772142511984,39.4246047142746,54.713116710845235,16.087414432258573,0.7192051249443268,0.05703822790976612,0,0
coarse,39.0,2.3,600,False,True,True,94.13772145147394,39.4246047142746,54.713116737199336,15.992963772153225,0.7734554121766818,0.05740622384026545,0,0
coarse,39.0,2.4,600,False,True,True,94.13772147989111,39.4246047142746,54.71311676561651,15.93486532209772,0.8353436419801,0.05782535049674076,0,0
coarse,39.0,2.5,600,False,True,True,94.13772151051789,39.4246047142746,54.71311679624329,15.922834620393179,0.8985132203132532,0.05828546543278844,0,0
coarse,39.0,2.6,600,False,True,True,94.13772154351443,39.4246047142746,54.71311682923983,15.974337409379837,0.9521570080122688,0.05878952462159422,0,0
coarse,39.0,2.7,600,False,True,True,94.13772157905582,39.4246047142746,54.71311686478122,16.071037442689654,0.9849725020190211,0.05919783643126577,0,0
coarse,39.0,2.8,600,False,True,True,94.13772161733294,39.4246047142746,54.71311690305834,16.20775471762648,0.9920775631564345,0.05980053027098847,0,0
coarse,39.0,2.9,600,False,True,True,94.13772165855532,39.4246047142746,54.71311694428072,16.37962962601303,0.9715176536555691,0.06031439419668513,0,0
coarse,39.0,3.0,600,False,True,True,94.13772170295242,39.4246047142746,54.71311698867782,16.58242051826258,0.9216335094762074,0.06089433981486203,0,0
coarse,39.0,3.1,600,False,True,True,94.13772175077703,39.4246047142746,54.71311703650243,16.812608906134866,0.8457348374285085,0.06153719717136832,0,0
coarse,39.0,3.2,600,False,True,True,94.13772180230714,39.4246047142746,54.71311708803254,17.066767644134696,0.7500070663685392,0.062247681657679924,0,0
coarse,39.5,2.2,600,False,True,True,94.53306274867714,39.9246047142746,54.60845803440254,15.937458341358328,0.7971540358113609,0.05749973814408195,0,0
coarse,39.5,2.3,600,False,True,True,94.53306282098087,39.9246047142746,54.60845810670627,15.835319631803822,0.8576888619308847,0.057953154149088235,0,0
coarse,39.5,2.4,600,False,True,True,94.53306289869785,39.9246047142746,54.60845818442325,15.765448964746538,0.9134426095244006,0.058313702393280965,0,0
coarse,39.5,2.5,600,False,True,True,94.53306298220781,39.9246047142746,54.60845826793321,15.754799960654466,0.9753619834845022,0.058752742899486295,0,0
coarse,39.5,2.6,600,True,True,True,94.53306307192427,39.9246047142746,54.608458357649674,15.792596787564063,1.0327097660286202,0.059264409555758395,0,0
coarse,39.5,2.7,600,True,True,True,94.53306316829851,39.9246047142746,54.60845845402391,15.87753334670193,1.073265532526552,0.05969251019115593,0,0
coarse,39.5,2.8,600,True,True,True,94.53306327182364,39.9246047142746,54.608458557549035,16.01634625186924,1.0863600848524233,0.060290820213524936,0,0
coarse,39.5,2.9,600,True,True,True,94.53306338303783,39.9246047142746,54.60845866876323,16.190903661589065,1.0662920962842841,0.06081498959009845,0,0
coarse,39.5,3.0,600,True,True,True,94.5330635025323,39.9246047142746,54.6084587882577,16.397249469364716,1.0190017871978243,0.061420980011731886,0,0
coarse,39.5,3.1,600,False,True,True,94.53306363095548,39.9246047142746,54.60845891668088,16.632162383744102,0.9465174750875963,0.06207503445292176,0,0
coarse,39.5,3.2,600,False,True,True,94.5330637690224,39.9246047142746,54.608459054747804,16.892580467488088,0.8513733133570168,0.06280022594611064,0,0
coarse,40.0,2.2,600,False,True,True,95.22236486882205,40.4246047142746,54.797760154547454,15.784863731505245,0.8784990675577128,0.05804991449658052,0,0
coarse,40.0,2.3,600,False,True,True,95.22236487783438,40.4246047142746,54.79776016355978,15.68182533611914,0.9319323142126381,0.0584469992022825,0,0
coarse,40.0,2.4,600,False,True,True,95.22236488749787,40.4246047142746,54.797760173223274,15.609622651313087,0.9932673868963514,0.05888272382108152,0,0
coarse,40.0,2.5,600,True,True,True,95.2223648978584,40.4246047142746,54.7977601835838,15.581108025827788,1.0574751868675785,0.05935961305923179,0,0
coarse,40.0,2.6,600,True,True,True,95.22236490896432,40.4246047142746,54.79776019468972,15.6145763190847,1.116873816155051,0.05973622606333038,0,0
coarse,40.0,2.7,600,True,True,True,95.22236492087019,40.4246047142746,54.79776020659559,15.701205465257766,1.1587141559327223,0.06030532078876371,0,0
coarse,40.0,2.8,600,True,True,True,95.22236493363312,40.4246047142746,54.797760219358516,15.83114476200626,1.175503400220917,0.06078297270278361,0,0
coarse,40.0,2.9,600,True,True,True,95.22236494731789,40.4246047142746,54.797760233043284,16.00002090826408,1.1644631805737167,0.061350258884559375,0,0
coarse,40.0,3.0,600,True,True,True,95.22236496199422,40.4246047142746,54.797760247719616,16.20859975267226,1.1188408923089797,0.06194870278710028,0,0
coarse,40.0,3.1,600,True,True,True,95.22236497773882,40.4246047142746,54.79776026346422,16.4498688077668,1.0466020071745525,0.06261350612175533,0,0
coarse,40.0,3.2,600,False,True,True,95.22236499463587,40.4246047142746,54.79776028036127,16.718249971921235,0.9520205672153499,0.06335006727138383,0,0
fine,39.0,2.5,600,False,True,True,94.13772151051789,39.4246047142746,54.71311679624329,15.922834620393179,0.8985132203132532,0.05828546543278844,0,0
fine,39.0,2.52,600,False,True,True,94.13772151692191,39.4246047142746,54.71311680264731,15.932549997249446,0.9084915978621463,0.05830566560558454,0,0
fine,39.0,2.54,600,False,True,True,94.13772152342244,39.4246047142746,54.71311680914784,15.941600950542396,0.9187260638116378,0.058452749906297966,0,0
fine,39.0,2.56,600,False,True,True,94.13772153002053,39.4246047142746,54.71311681574593,15.94910790549941,0.9296300634796694,0.058611270979520014,0,0
fine,39.0,2.58,600,False,True,True,94.13772153671722,39.4246047142746,54.71311682244262,15.955778817930517,0.9411641610010192,0.058627420559430106,0,0
fine,39.0,2.6,600,False,True,True,94.13772154351443,39.4246047142746,54.71311682923983,15.974337409379837,0.9521570080122688,0.05878952462159422,0,0
fine,39.0,2.62,600,False,True,True,94.13772155041316,39.4246047142746,54.71311683613856,15.991274037127706,0.9589381917915819,0.05880968493770978,0,0
fine,39.0,2.64,600,False,True,True,94.137721557415,39.4246047142746,54.713116843140405,16.006676441061995,0.9665409431262241,0.058975428974200265,0,0
fine,39.0,2.66,600,False,True,True,94.13772156452221,39.4246047142746,54.71311685024761,16.020630358400265,0.9747227054868531,0.058999748903475716,0,0
fine,39.0,2.68,600,False,True,True,94.13772157173513,39.4246047142746,54.71311685746053,16.046438819712904,0.9821401103494282,0.0591692705079124,0,0
fine,39.0,2.7,600,False,True,True,94.13772157905582,39.4246047142746,54.71311686478122,16.071037442689654,0.9849725020190211,0.05919783643126577,0,0
fine,39.0,2.72,600,False,True,True,94.13772158648611,39.4246047142746,54.71311687221151,16.09408523414375,0.9884037170435575,0.059371241122462975,0,0
fine,39.0,2.74,600,False,True,True,94.13772159402696,39.4246047142746,54.713116879752356,16.115662202102307,0.9925464867680891,0.059404237317785824,0,0
fine,39.0,2.76,600,False,True,True,94.1377216016809,39.4246047142746,54.713116887406294,16.14512921228029,0.9943827527669528,0.059581548528401314,0,0
fine,39.0,2.78,600,False,True,True,94.13772160944895,39.4246047142746,54.713116895174345,16.177284308035134,0.9929439438601743,0.059619023485250416,0,0
fine,39.0,2.8,600,False,True,True,94.13772161733294,39.4246047142746,54.71311690305834,16.20775471762648,0.9920775631564345,0.05980053027098847,0,0
fine,39.0,2.82,600,False,True,True,94.13772162533479,39.4246047142746,54.71311691106019,16.236686542510594,0.9917479704393227,0.05984261778141752,0,0
fine,39.0,2.84,600,False,True,True,94.13772163345598,39.4246047142746,54.71311691918138,16.26684743239245,0.9878260079088339,0.05992057274483642,0,0
fine,39.0,2.86,600,False,True,True,94.1377216416991,39.4246047142746,54.7131169274245,16.30607198717911,0.9818327730340454,0.060074314419677415,0,0
fine,39.0,2.88,600,False,True,True,94.13772165006466,39.4246047142746,54.71311693579006,16.343668169158654,0.9764153819760935,0.06015958315986435,0,0
fine,39.0,2.9,600,False,True,True,94.13772165855532,39.4246047142746,54.71311694428072,16.37962962601303,0.9715176536555691,0.06031439419668513,0,0
fine,39.0,2.92,600,False,True,True,94.13772166717291,39.4246047142746,54.71311695289831,16.414169948731637,0.963014139746401,0.060408171415089806,0,0
fine,39.0,2.94,600,False,True,True,94.13772167591937,39.4246047142746,54.713116961644765,16.454573371533254,0.9523055964046879,0.060563810357131174,0,0
fine,39.0,2.96,600,False,True,True,94.13772168479714,39.4246047142746,54.71311697052254,16.498654883758764,0.9421367981042229,0.06062789692651623,0,0
fine,39.0,2.98,600,False,True,True,94.13772169380725,39.4246047142746,54.71311697953265,16.541244518977503,0.9326514545070033,0.06080193679195735,0,0
fine,39.0,3.0,600,False,True,True,94.13772170295242,39.4246047142746,54.71311698867782,16.58242051826258,0.9216335094762074,0.06089433981486203,0,0
fine,39.0,3.02,600,False,True,True,94.13772171223489,39.4246047142746,54.71311699796029,16.62223827359871,0.9060029414104622,0.06100264538875807,0,0
fine,39.0,3.04,600,False,True,True,94.13772172165604,39.4246047142746,54.713117007381435,16.670592866078383,0.89118352634823,0.061171065308661336,0,0
fine,39.0,3.06,600,False,True,True,94.13772173121853,39.4246047142746,54.71311701694393,16.719312889847185,0.8770917403920001,0.06128731846862205,0,0
fine,39.0,3.08,600,False,True,True,94.13772174092487,39.4246047142746,54.71311702665027,16.766645609621598,0.8634583239219665,0.06144119731627921,0,0
fine,39.0,3.1,600,False,True,True,94.13772175077703,39.4246047142746,54.71311703650243,16.812608906134866,0.8457348374285085,0.06153719717136832,0,0
fine,39.05,2.5,600,False,True,True,94.14812256346325,39.4746047142746,54.67351784918865,15.906613288362681,0.9059510211845665,0.058303884756606826,0,0
fine,39.05,2.52,600,False,True,True,94.1481225731101,39.4746047142746,54.6735178588355,15.91398759628353,0.9171766619013871,0.05845921388417106,0,0
fine,39.05,2.54,600,False,True,True,94.14812258290192,39.4746047142746,54.67351786862732,15.923659099023979,0.9271120662596704,0.058471666797819885,0,0
fine,39.05,2.56,600,False,True,True,94.14812259283904,39.4746047142746,54.67351787856445,15.931770757141194,0.9377310685133107,0.05863043816505127,0,0
fine,39.05,2.58,600,False,True,True,94.14812260292426,39.4746047142746,54.67351788864966,15.938414894602776,0.9491190248409118,0.05864683520390794,0,0
fine,39.05,2.6,600,False,True,True,94.14812261316023,39.4746047142746,54.67351789888563,15.955385369924455,0.961170840317714,0.058809107785013415,0,0
fine,39.05,2.62,600,False,True,True,94.14812262354833,39.4746047142746,54.673517909273734,15.972936900712885,0.9678116007562299,0.05882957014352272,0,0
fine,39.05,2.64,600,False,True,True,94.14812263409148,39.4746047142746,54.67351791981688,15.988923296367556,0.9751120458684558,0.058995555750692874,0,0
fine,39.05,2.66,600,False,True,True,94.14812264479185,39.4746047142746,54.67351793051726,16.003345054077265,0.9830066343841045,0.059020156900342784,0,0
fine,39.05,2.68,600,False,True,True,94.14812265565078,39.4746047142746,54.67351794137618,16.026827081318384,0.991457321168773,0.05918986127894005,0,0
fine,39.05,2.7,600,False,True,True,94.14812266667178,39.4746047142746,54.673517952397184,16.05203864540895,0.9940942264342575,0.05921873389991689,0,0
fine,39.05,2.72,600,False,True,True,94.14812267785706,39.4746047142746,54.67351796358246,16.07568636262881,0.9972464212026654,0.05939230767230386,0,0
fine,39.05,2.74,600,True,True,True,94.14812268920869,39.4746047142746,54.67351797493409,16.097849650109094,1.0012225281397389,0.059425540360836665,0,0
fine,39.05,2.76,600,True,True,True,94.14812270072838,39.4746047142746,54.67351798645378,16.12526873491504,1.0042043153749596,0.05960318213173106,0,0
fine,39.05,2.78,600,True,True,True,94.14812271242006,39.4746047142746,54.67351799814546,16.157845216394627,1.0024317853450162,0.05964090583735352,0,0
fine,39.05,2.8,600,True,True,True,94.14812272428497,39.4746047142746,54.673518010010376,16.188853048321533,1.0012461160545552,0.059821834031065946,0,0
fine,39.05,2.82,600,True,True,True,94.14812273632677,39.4746047142746,54.67351802205217,16.2183650089651,1.0006841507590418,0.05986497707289281,0,0
fine,39.05,2.84,600,False,True,True,94.14812274854803,39.4746047142746,54.673518034273435,16.24683775187137,0.9979610899601209,0.060048574913073034,0,0
fine,39.05,2.86,600,False,True,True,94.14812276095039,39.4746047142746,54.67351804667579,16.286421890389292,0.9916473904850477,0.060098073632737295,0,0
fine,39.05,2.88,600,False,True,True,94.14812277353816,39.4746047142746,54.673518059263564,16.324443248782,0.9859013572060984,0.0602546802337583,0,0
fine,39.05,2.9,600,False,True,True,94.14812278631278,39.4746047142746,54.673518072038185,16.360969666297574,0.9807523462809086,0.0603404222600619,0,0
fine,39.05,2.92,600,False,True,True,94.14812279927759,39.4746047142746,54.67351808500299,16.396065048780528,0.9734747701102998,0.060432807345282835,0,0
fine,39.05,2.94,600,False,True,True,94.14812281243573,39.4746047142746,54.67351809816113,16.434699760967106,0.9624148378137096,0.060592354579846276,0,0
fine,39.05,2.96,600,False,True,True,94.14812282578998,39.4746047142746,54.673518111515385,16.479306885569688,0.951909061550656,0.06069176679900995,0,0
fine,39.05,2.98,600,False,True,True,94.14812283934299,39.4746047142746,54.67351812506839,16.522437360314527,0.9422697626290677,0.06084635554910659,0,0
fine,39.05,3.0,600,False,True,True,94.1481228530986,39.4746047142746,54.673518138824,16.564146638824923,0.9323649992041582,0.060960898554186724,0,0
fine,39.05,3.02,600,False,True,True,94.14812286705926,39.4746047142746,54.67351815278466,16.60448957335505,0.9163767373732827,0.06110500382568031,0,0
fine,39.05,3.04,600,False,True,True,94.14812288122818,39.4746047142746,54.67351816695358,16.65134031144622,0.9013957149878802,0.06119640229515604,0,0
fine,39.05,3.06,600,False,True,True,94.14812289560943,39.4746047142746,54.673518181334835,16.700568161965094,0.8869645563209027,0.061313853160488534,0,0
fine,39.05,3.08,600,False,True,True,94.14812291020564,39.4746047142746,54.673518195931045,16.74840352053771,0.873131663812834,0.06146890653332187,0,0
fine,39.05,3.1,600,False,True,True,94.14812292502043,39.4746047142746,54.67351821074583,16.794564550160562,0.8565367726935685,0.061610059514951146,0,0
fine,39.1,2.5,600,False,True,True,94.15852788769882,39.5246047142746,54.63392317342422,15.89035937863317,0.9134219757404316,0.05832230379409541,0,0
fine,39.1,2.52,600,False,True,True,94.15852790157834,39.5246047142746,54.633923187303736,15.895412126389218,0.9258978758077373,0.05847792416201511,0,0
fine,39.1,2.54,600,False,True,True,94.15852791566455,39.5246047142746,54.63392320138995,15.905702716531623,0.9355313134663312,0.05849637397738279,0,0
fine,39.1,2.56,600,False,True,True,94.1585279299597,39.5246047142746,54.6339232156851,15.9144175460835,0.9459279529392032,0.058649582182891624,0,0
fine,39.1,2.58,600,False,True,True,94.15852794446744,39.5246047142746,54.633923230192835,15.921620443656,0.9571312345282708,0.0588104324732685,0,0
fine,39.1,2.6,600,False,True,True,94.1585279591907,39.5246047142746,54.633923244916105,15.936140951561649,0.9689378326773405,0.05882877547680362,0,0
fine,39.1,2.62,600,False,True,True,94.15852797413154,39.5246047142746,54.63392325985694,15.954254328171345,0.9767180377339695,0.0589932101130588,0,0
fine,39.1,2.64,600,False,True,True,94.15852798929541,39.5246047142746,54.633923275020805,15.97077597788349,0.9837144337834807,0.059015608400489514,0,0
fine,39.1,2.66,600,False,True,True,94.15852800468292,39.5246047142746,54.63392329040832,15.985791896065882,0.9913196772067637,0.05918380001019078,0,0
fine,39.1,2.68,600,False,True,True,94.15852802029902,39.5246047142746,54.633923306024414,16.007219202336465,0.9995464023903851,0.05921046248690586,0,0
fine,39.1,2.7,600,True,True,True,94.15852803614574,39.5246047142746,54.63392332187114,16.033041357695723,1.0032465401536836,0.059382265376553306,0,0
fine,39.1,2.72,600,True,True,True,94.15852805222828,39.5246047142746,54.633923337953675,16.057286814885956,1.0062545189425343,0.05941346144399432,0,0
fine,39.1,2.74,600,True,True,True,94.15852806854843,39.5246047142746,54.63392335427383,16.0800342576821,1.0099272708769662,0.05958803526611393,0,0
fine,39.1,2.76,600,True,True,True,94.15852808511104,39.5246047142746,54.63392337083644,16.105186722779933,1.0140565952352192,0.059624262578907385,0,0
fine,39.1,2.78,600,True,True,True,94.1585281019184,39.5246047142746,54.633923387643804,16.138363380231947,1.011948756408636,0.059767137041992345,0,0
fine,39.1,2.8,600,True,True,True,94.1585281189745,39.5246047142746,54.6339234046999,16.16996056993774,1.0104421499874296,0.05984285370180751,0,0
fine,39.1,2.82,600,True,True,True,94.15852813628373,39.5246047142746,54.63392342200913,16.200049816772108,1.009734797281819,0.059923233790732125,0,0
fine,39.1,2.84,600,True,True,True,94.15852815384912,39.5246047142746,54.63392343957452,16.228701971186673,1.0081477620043948,0.06007023902815719,0,0
fine,39.1,2.86,600,True,True,True,94.15852817167489,39.5246047142746,54.633923457400286,16.2666440132081,1.001489922259403,0.060158407042988006,0,0
fine,39.1,2.88,600,False,True,True,94.15852818976522,39.5246047142746,54.63392347549062,16.305236992109645,0.9954131376940871,0.06030653353812068,0,0
fine,39.1,2.9,600,False,True,True,94.15852820812376,39.5246047142746,54.63392349384915,16.34232556849658,0.9901139749391545,0.06036385540043619,0,0
fine,39.1,2.92,600,False,True,True,94.15852822675387,39.5246047142746,54.63392351247927,16.377973174566904,0.9839621673074982,0.06053101893392463,0,0
fine,39.1,2.94,600,False,True,True,94.15852824566123,39.5246047142746,54.63392353138663,16.41483559769834,0.9725497279920146,0.060616266066650645,0,0
fine,39.1,2.96,600,False,True,True,94.15852826484877,39.5246047142746,54.63392355057417,16.459986992900664,0.961777765710901,0.06079236224530553,0,0
fine,39.1,2.98,600,False,True,True,94.15852828432155,39.5246047142746,54.633923570046946,16.503655472251666,0.9519123080682764,0.060878607373254755,0,0
fine,39.1,3.0,600,False,True,True,94.15852830408397,39.5246047142746,54.63392358980937,16.545895383770766,0.9425335312592205,0.06098660532925835,0,0
fine,39.1,3.02,600,False,True,True,94.15852832413975,39.5246047142746,54.63392360986515,16.58647667891177,0.9269148440408702,0.06115102480238052,0,0
fine,39.1,3.04,600,False,True,True,94.15852834449474,39.5246047142746,54.63392363022014,16.63212561483802,0.91163091623368,0.06126677856387914,0,0
fine,39.1,3.06,600,False,True,True,94.15852836515238,39.5246047142746,54.633923650877776,16.68185785912411,0.8968602088385339,0.06141996114066371,0,0
fine,39.1,3.08,600,False,True,True,94.15852838611771,39.5246047142746,54.63392367184311,16.729914421576172,0.8828723744330905,0.061510202319906435,0,0
fine,39.1,3.1,600,False,True,True,94.15852840739599,39.5246047142746,54.63392369312139,16.77655111735995,0.8673607585673582,0.061637096643281514,0,0
fine,39.15,2.5,600,False,True,True,94.1689372758805,39.5746047142746,54.594332561605896,15.873687308505433,0.9209264887380465,0.05848589324193735,0,0
fine,39.15,2.52,600,False,True,True,94.16893729518131,39.5746047142746,54.59433258090671,15.876423707361994,0.9346543456472272,0.05849652700454381,0,0
fine,39.15,2.54,600,False,True,True,94.1689373147683,39.5746047142746,54.5943326004937,15.887354525490423,0.9439885858444973,0.05865413183359418,0,0
fine,39.15,2.56,600,False,True,True,94.16893733464418,39.5746047142746,54.594332620369585,15.896662434787773,0.9542539697335742,0.05866871456902619,0,0
fine,39.15,2.58,600,False,True,True,94.16893735481423,39.5746047142746,54.59433264053963,15.904440376538123,0.9651745516771469,0.05882978889150654,0,0
fine,39.15,2.6,600,False,True,True,94.16893737528262,39.5746047142746,54.594332661008025,15.916757471264964,0.9767123592045058,0.058848348141334716,0,0
fine,39.15,2.62,600,False,True,True,94.16893739605321,39.5746047142746,54.59433268177861,15.935492548651744,0.9856566550372444,0.05901305251160296,0,0
fine,39.15,2.64,600,False,True,True,94.1689374171304,39.5746047142746,54.594332702855795,15.952621245454026,0.9923475821365015,0.05903579704189889,0,0
fine,39.15,2.66,600,False,True,True,94.16893743851922,39.5746047142746,54.59433272424462,15.968229674504693,0.9996622242082509,0.059203959304541975,0,0
fine,39.15,2.68,600,True,True,True,94.16893746022345,39.5746047142746,54.59433274594885,15.987614526994292,1.007760854285059,0.059231054202635455,0,0
fine,39.15,2.7,600,True,True,True,94.1689374822479,39.5746047142746,54.5943327679733,16.014045537576894,1.0125122159470588,0.05940211815794573,0,0
fine,39.15,2.72,600,True,True,True,94.16893750459728,39.5746047142746,54.59433279032268,16.03887152113162,1.0152918741506105,0.05943452864933054,0,0
fine,39.15,2.74,600,True,True,True,94.16893752727597,39.5746047142746,54.59433281300137,16.062044101945784,1.0186598863672072,0.059608385732193736,0,0
fine,39.15,2.76,600,True,True,True,94.16893755028997,39.5746047142746,54.59433283601537,16.08511866621247,1.0225786197172124,0.05964637446317521,0,0
fine,39.15,2.78,600,True,True,True,94.16893757364298,39.5746047142746,54.59433285936838,16.11889272201351,1.0214940914514028,0.059823046690152974,0,0
fine,39.15,2.8,600,True,True,True,94.16893759734111,39.5746047142746,54.594332883066514,16.151076600258595,1.019737520089219,0.0598668426465229,0,0
fine,39.15,2.82,600,True,True,True,94.16893762138837,39.5746047142746,54.59433290711377,16.181741143772605,1.0188129070493148,0.06004627259002437,0,0
fine,39.15,2.84,600,True,True,True,94.16893764579086,39.5746047142746,54.59433293151626,16.21089644752816,1.0183629909921728,0.060096223266901325,0,0
fine,39.15,2.86,600,True,True,True,94.16893767055355,39.5746047142746,54.59433295627895,16.246887319528874,1.011359462945782,0.06025556969449663,0,0
fine,39.15,2.88,600,True,True,True,94.16893769568189,39.5746047142746,54.59433298140729,16.286048998765757,1.0049642977112079,0.060334747931931505,0,0
fine,39.15,2.9,600,False,True,True,94.16893772118136,39.5746047142746,54.594333006906766,16.3236975267152,0.9995012233808387,0.060427300813511255,0,0
fine,39.15,2.92,600,False,True,True,94.1689377470575,39.5746047142746,54.5943330327829,16.3598203553705,0.9944756197176733,0.060574783585052826,0,0
fine,39.15,2.94,600,False,True,True,94.16893777331637,39.5746047142746,54.59433305904177,16.39500278111445,0.982710497395916,0.06068212108634216,0,0
fine,39.15,2.96,600,False,True,True,94.16893779996381,39.5746047142746,54.594333085689215,16.440695701905575,0.9717786181632869,0.060830413719083404,0,0
fine,39.15,2.98,600,False,True,True,94.16893782700498,39.5746047142746,54.59433311273038,16.484899382711465,0.9615790907709321,0.06090304896108085,0,0
fine,39.15,3.0,600,False,True,True,94.16893785444705,39.5746047142746,54.59433314017245,16.52737877178841,0.9518800139484676,0.06109065322308278,0,0
fine,39.15,3.02,600,False,True,True,94.16893788229537,39.5746047142746,54.59433316802077,16.56844665424078,0.937527709329316,0.06117602963787124,0,0
fine,39.15,3.04,600,False,True,True,94.1689379105574,39.5746047142746,54.594333196282804,16.612948772957022,0.9218897591208458,0.061292994408106934,0,0
fine,39.15,3.06,600,False,True,True,94.16893793923825,39.5746047142746,54.59433322496365,16.66293576085912,0.906778716090321,0.061447293668320885,0,0
fine,39.15,3.08,600,False,True,True,94.16893796834482,39.5746047142746,54.59433325407022,16.71143839434413,0.8926357034059944,0.06158455402099165,0,0
fine,39.15,3.1,600,False,True,True,94.16893799788414,39.5746047142746,54.594333283609544,16.75857001439713,0.8782060372029912,0.06174713466357976,0,0
fine,39.2,2.5,600,False,True,True,94.17935052105909,39.624604714274604,54.55474580678449,15.856992572148828,0.9284905583591685,0.05850431373673945,0,0
fine,39.2,2.52,600,False,True,True,94.17935054716988,39.624604714274604,54.55474583289527,15.857391937335786,0.9425714359198587,0.058515255573874284,0,0
fine,39.2,2.54,600,False,True,True,94.179350573666,39.624604714274604,54.554745859391396,15.868950437843813,0.9526470687386157,0.05867303526317073,0,0
fine,39.2,2.56,600,False,True,True,94.17935060055248,39.624604714274604,54.55474588627788,15.87887026790501,0.9626132640323686,0.05883178450932922,0,0
fine,39.2,2.58,600,False,True,True,94.17935062783422,39.624604714274604,54.55474591355962,15.887244486445967,0.9732497316889808,0.05884916012151089,0,0
fine,39.2,2.6,600,False,True,True,94.17935065551812,39.624604714274604,54.55474594124352,15.897370291797879,0.9845170114230934,0.0590108779981725,0,0
fine,39.2,2.62,600,False,True,True,94.17935068360897,39.624604714274604,54.55474596933437,15.916724832119572,0.9946283799123302,0.0590325097909283,0,0
fine,39.2,2.64,600,True,True,True,94.17935071211274,39.624604714274604,54.55474599783813,15.934459028759532,1.0010121330747976,0.059197489482588544,0,0
fine,39.2,2.66,600,True,True,True,94.17935074103579,39.624604714274604,54.55474602676119,15.950658857287358,1.0081528801118922,0.059223239867985375,0,0
fine,39.2,2.68,600,True,True,True,94.17935077038376,39.624604714274604,54.55474605610916,15.967832662325716,1.0160036428388275,0.05939194717042871,0,0
fine,39.2,2.7,600,True,True,True,94.1793508001628,39.624604714274604,54.55474608588819,15.994770583952464,1.0219005834659503,0.059421878686648284,0,0
fine,39.2,2.72,600,True,True,True,94.17935083037965,39.624604714274604,54.55474611610504,16.020080939732352,1.0243595507505452,0.05959445163220117,0,0
fine,39.2,2.74,600,True,True,True,94.17935086104043,39.624604714274604,54.55474614676583,16.043843483554276,1.0274213139663775,0.05962870689472088,0,0
fine,39.2,2.76,600,True,True,True,94.17935089215234,39.624604714274604,54.55474617787774,16.066135607747814,1.0310481468638673,0.05970526925502417,0,0
fine,39.2,2.78,600,True,True,True,94.17935092372056,39.624604714274604,54.55474620944596,16.099433725298873,1.0310688412431024,0.05984381635318136,0,0
fine,39.2,2.8,600,True,True,True,94.17935095575275,39.624604714274604,54.55474624147815,16.132201240294926,1.0291601467622002,0.059927475206279356,0,0
fine,39.2,2.82,600,True,True,True,94.1793509882566,39.624604714274604,54.554746273982,16.16323810024394,1.0279175858907676,0.060067617526276575,0,0
fine,39.2,2.84,600,True,True,True,94.17935102123744,39.624604714274604,54.554746306962834,16.19279402691781,1.0272160938104058,0.060118851928298724,0,0
fine,39.2,2.86,600,True,True,True,94.17935105470383,39.624604714274604,54.554746340429226,16.22715225988324,1.0212561314065742,0.060300278351221454,0,0
fine,39.2,2.88,600,True,True,True,94.17935108866253,39.624604714274604,54.554746374387925,16.26688032521324,1.0147044742227773,0.06035791636175719,0,0
fine,39.2,2.9,600,True,True,True,94.17935112312036,39.624604714274604,54.55474640884575,16.304926981392097,1.0089144481468375,0.06052753094413257,0,0
fine,39.2,2.92,600,True,True,True,94.17935115808596,39.624604714274604,54.55474644381136,16.34140954646042,1.0036484668484558,0.06060636420035807,0,0
fine,39.2,2.94,600,False,True,True,94.17935119356649,39.624604714274604,54.554746479291886,16.37647592846193,0.9928963346704119,0.06078463186890876,0,0
fine,39.2,2.96,600,False,True,True,94.17935122957009,39.624604714274604,54.554746515295484,16.421400188533884,0.9818047614268661,0.060864570662141196,0,0
fine,39.2,2.98,600,False,True,True,94.17935126610412,39.624604714274604,54.55474655182952,16.46585410746653,0.9712706888282672,0.06097239252100526,0,0
fine,39.2,3.0,600,False,True,True,94.17935130317754,39.624604714274604,54.55474658890294,16.50884951359957,0.9612709865156387,0.061132753328644304,0,0
fine,39.2,3.02,600,False,True,True,94.17935134079788,39.624604714274604,54.554746626523276,16.550439550320913,0.9481646698043966,0.06124812060831326,0,0
fine,39.2,3.04,600,False,True,True,94.17935137897464,39.624604714274604,54.55474666470004,16.593578975488718,0.9321719843441172,0.061395845843123714,0,0
fine,39.2,3.06,600,False,True,True,94.17935141771588,39.624604714274604,54.554746703441275,16.643998559239627,0.9168622870240649,0.06148505995731004,0,0
fine,39.2,3.08,600,False,True,True,94.17935145702947,39.624604714274604,54.554746742754865,16.692997247862433,0.9024210639809958,0.06161125548915635,0,0
fine,39.2,3.1,600,False,True,True,94.17935149692646,39.624604714274604,54.554746782651854,16.740620845851403,0.8884435662101653,0.06177499177873464,0,0
fine,39.25,2.5,600,False,True,True,94.48055368456833,39.6746047142746,54.805948970293734,15.840275845752952,0.9362157571581281,0.058522735328557264,0,0
fine,39.25,2.52,600,False,True,True,94.4805536864154,39.6746047142746,54.805948972140804,15.839925957112657,0.9500341718745596,0.05867771414294198,0,0
fine,39.25,2.54,600,False,True,True,94.48055368828953,39.6746047142746,54.80594897401493,15.850533891371422,0.9613408121756712,0.05869171580501825,0,0
fine,39.25,2.56,600,False,True,True,94.48055369019166,39.6746047142746,54.805948975917055,15.861064245698955,0.9710060455467346,0.05884987171768525,0,0
fine,39.25,2.58,600,False,True,True,94.48055369212082,39.6746047142746,54.80594897784622,15.870033478063709,0.9813561600089689,0.05886775441402837,0,0
fine,39.25,2.6,600,False,True,True,94.48055369407946,39.6746047142746,54.80594897980486,15.877980030818023,0.992351636346626,0.05902940218890693,0,0
fine,39.25,2.62,600,True,True,True,94.48055369606676,39.6746047142746,54.80594898179216,15.897952603544594,1.0036323698076528,0.059051248865986714,0,0
fine,39.25,2.64,600,True,True,True,94.4805536980829,39.6746047142746,54.8059489838083,15.916290326758368,1.0097474943068019,0.05921657138347354,0,0
fine,39.25,2.66,600,True,True,True,94.48055370012898,39.6746047142746,54.80594898585438,15.933060100186069,1.0167131638699687,0.05924253614209757,0,0
fine,39.25,2.68,600,True,True,True,94.48055370220541,39.6746047142746,54.80594898793081,15.948268267502279,1.0242757826340576,0.059411512452131096,0,0
fine,39.25,2.7,600,True,True,True,94.4805537043122,39.6746047142746,54.8059489900376,15.975381615027759,1.0313198909042132,0.059441733302002524,0,0
fine,39.25,2.72,600,True,True,True,94.48055370644927,39.6746047142746,54.80594899217467,16.0012926979579,1.033456735413204,0.059614469039258836,0,0
fine,39.25,2.74,600,True,True,True,94.4805537086184,39.6746047142746,54.8059489943438,16.025643350445474,1.0362109330763118,0.05964901004413003,0,0
fine,39.25,2.76,600,True,True,True,94.48055371081982,39.6746047142746,54.80594899654522,16.048510307933004,1.0396663281669967,0.059825777271873874,0,0
fine,39.25,2.78,600,True,True,True,94.4805537130532,39.6746047142746,54.8059489987786,16.079783137794152,1.0407631741036276,0.05986471478610761,0,0
fine,39.25,2.8,600,True,True,True,94.48055371531932,39.6746047142746,54.805949001044716,16.112960470835166,1.0386109357956053,0.06004546281051415,0,0
fine,39.25,2.82,600,True,True,True,94.48055371761885,39.6746047142746,54.805949003344246,16.14457564776561,1.037050081203458,0.06008899432109445,0,0
fine,39.25,2.84,600,True,True,True,94.48055371995252,39.6746047142746,54.805949005677924,16.174699059067514,1.0360438898117492,0.060258227417188774,0,0
fine,39.25,2.86,600,True,True,True,94.4805537223201,39.6746047142746,54.805949008045495,16.207390442551148,1.0311805117813706,0.06032217540546205,0,0
fine,39.25,2.88,600,True,True,True,94.48055372472267,39.6746047142746,54.80594901044807,16.247460294535,1.024471261893225,0.06042348002281203,0,0
fine,39.25,2.9,600,True,True,True,94.48055372716063,39.6746047142746,54.805949012886025,16.285981408691352,1.0183538306838833,0.06056446763698115,0,0
fine,39.25,2.92,600,True,True,True,94.48055372963461,39.6746047142746,54.80594901536001,16.323015619507917,1.0127732969764234,0.060674246631526416,0,0
fine,39.25,2.94,600,True,True,True,94.48055373214505,39.6746047142746,54.805949017870454,16.358623891501974,1.0032841377731845,0.06081617477796607,0,0
fine,39.25,2.96,600,False,True,True,94.48055373469242,39.6746047142746,54.80594902041782,16.401837303445678,0.9918554373461177,0.060888793478268706,0,0
fine,39.25,2.98,600,False,True,True,94.48055373727722,39.6746047142746,54.80594902300262,16.44682423565705,0.9809862003560067,0.061077574170748966,0,0
fine,39.25,3.0,600,False,True,True,94.48055373990063,39.6746047142746,54.80594902562603,16.490346284652944,0.9708332185565082,0.06115752082762886,0,0
fine,39.25,3.02,600,False,True,True,94.48055374256282,39.6746047142746,54.80594902828822,16.532455851095015,0.9588250127933152,0.06127405342898023,0,0
fine,39.25,3.04,600,False,True,True,94.48055374526356,39.6746047142746,54.80594903098896,16.57418306737506,0.9424770865361277,0.06142768687873388,0,0
fine,39.25,3.06,600,False,True,True,94.48055374800516,39.6746047142746,54.80594903373056,16.62509934815063,0.9270065428367739,0.06156101226920968,0,0
fine,39.25,3.08,600,False,True,True,94.48055375078712,39.6746047142746,54.80594903651252,16.674591451408656,0.9122286127610881,0.06172274730126296,0,0
fine,39.25,3.1,600,False,True,True,94.4805537536098,39.6746047142746,54.8059490393352,16.722684675595637,0.8979277430977072,0.061806032046799984,0,0
fine,39.3,2.5,600,False,True,True,94.49107402774209,39.7246047142746,54.76646931346749,15.823537821566111,0.9439749769579285,0.058540276056836114,0,0
fine,39.3,2.52,600,False,True,True,94.49107403110374,39.7246047142746,54.76646931682914,15.823766383033782,0.9575294056216451,0.05869532337923751,0,0
fine,39.3,2.54,600,False,True,True,94.49107403451434,39.7246047142746,54.76646932023974,15.832105031059246,0.970069869305843,0.05870953296188639,0,0
fine,39.3,2.56,600,False,True,True,94.49107403797493,39.7246047142746,54.76646932370033,15.843244484132217,0.9794319500007571,0.05886795737471757,0,0
fine,39.3,2.58,600,False,True,True,94.49107404148683,39.7246047142746,54.76646932721223,15.852807422149532,0.9894946268947434,0.0590281669991893,0,0
fine,39.3,2.6,600,True,True,True,94.49107404504942,39.7246047142746,54.76646933077482,15.860884061633227,1.0003376510394275,0.05904797233532387,0,0
fine,39.3,2.62,600,True,True,True,94.49107404866494,39.7246047142746,54.766469334390344,15.878895061724368,1.0118776689589408,0.05921171452805882,0,0
fine,39.3,2.64,600,True,True,True,94.491074052333,39.7246047142746,54.76646933805841,15.897783172933176,1.018642729517173,0.05923556000644104,0,0
fine,39.3,2.66,600,True,True,True,94.49107405605498,39.7246047142746,54.766469341780386,15.91508126504931,1.0253036632498895,0.059403012606039175,0,0
fine,39.3,2.68,600,True,True,True,94.4910740598321,39.7246047142746,54.7664693455575,15.93087342371754,1.032576316274597,0.0594310233772353,0,0
fine,39.3,2.7,600,True,True,True,94.49107406366336,39.7246047142746,54.766469349388764,15.955997614149933,1.0404208953557277,0.05960224232127593,0,0
fine,39.3,2.72,600,True,True,True,94.49107406755148,39.7246047142746,54.76646935327688,15.982507187747002,1.0425838169875314,0.059634561372944955,0,0
fine,39.3,2.74,600,True,True,True,94.49107407149624,39.7246047142746,54.766469357221645,16.00744339188346,1.045030439872347,0.059714723100590124,0,0
fine,39.3,2.76,600,True,True,True,94.4910740754988,39.7246047142746,54.7664693612242,16.030883484190014,1.0483454214134893,0.0598462614392564,0,0
fine,39.3,2.78,600,True,True,True,94.49107407956048,39.7246047142746,54.76646936528588,16.059968051446166,1.0505767016386593,0.05989213902873795,0,0
fine,39.3,2.8,600,True,True,True,94.49107408368084,39.7246047142746,54.766469369406245,16.0937318848996,1.0480904327133893,0.0600665986500986,0,0
fine,39.3,2.82,600,True,True,True,94.4910740878622,39.7246047142746,54.766469373587604,16.125923336427164,1.046209648293808,0.060118343457278914,0,0
fine,39.3,2.84,600,True,True,True,94.49107409210521,39.7246047142746,54.76646937783061,16.156611857593603,1.0449466511071195,0.060295590367902045,0,0
fine,39.3,2.86,600,True,True,True,94.49107409640966,39.7246047142746,54.766469382135064,16.18734117600652,1.0412976289149538,0.06035361761210629,0,0
fine,39.3,2.88,600,True,True,True,94.49107410077718,39.7246047142746,54.766469386502585,16.227976607565303,1.0342651859957113,0.060525839232395504,0,0
fine,39.3,2.9,600,True,True,True,94.49107410520949,39.7246047142746,54.766469390934894,16.267055481554287,1.0278185604617016,0.06059818490832343,0,0
fine,39.3,2.92,600,True,True,True,94.49107410970593,39.7246047142746,54.766469395431336,16.304638199299717,1.0219795252978263,0.06069883191868723,0,0
fine,39.3,2.94,600,True,True,True,94.49107411426954,39.7246047142746,54.76646939999494,16.34078583724054,1.0137106732351417,0.060852304861542764,0,0
fine,39.3,2.96,600,True,True,True,94.49107411889945,39.7246047142746,54.76646940462485,16.382306258111438,1.001931699366428,0.06095997729768977,0,0
fine,39.3,2.98,600,False,True,True,94.49107412359734,39.7246047142746,54.766469409322745,16.427823311853967,0.9907258076720276,0.06110111256795803,0,0
fine,39.3,3.0,600,False,True,True,94.49107412836493,39.7246047142746,54.76646941409033,16.471868776000292,0.980419119312907,0.06123138947518311,0,0
fine,39.3,3.02,600,False,True,True,94.49107413320199,39.7246047142746,54.76646941892739,16.514482310949997,0.969509165970359,0.06137305830608727,0,0
fine,39.3,3.04,600,False,True,True,94.49107413811082,39.7246047142746,54.76646942383622,16.55542279276631,0.9528077604405809,0.061461881118546634,0,0
fine,39.3,3.06,600,False,True,True,94.49107414309186,39.7246047142746,54.76646942881727,16.606238581054484,0.9371737813097495,0.06158745653597322,0,0
fine,39.3,3.08,600,False,True,True,94.49107414814657,39.7246047142746,54.76646943387197,16.656220497632898,0.9220587035877984,0.06175031118843947,0,0
fine,39.3,3.1,600,False,True,True,94.49107415327575,39.7246047142746,54.76646943900115,16.70451005350514,0.9075971886496705,0.06188594635724283,0,0
fine,39.35,2.5,600,False,True,True,94.50159766168446,39.7746047142746,54.726992947409855,15.80641737975104,0.9517683302281867,0.058700646669430034,0,0
fine,39.35,2.52,600,False,True,True,94.50159766723087,39.7746047142746,54.726992952956266,15.80724613998701,0.965057671128134,0.05871290059665883,0,0
fine,39.35,2.54,600,False,True,True,94.5015976728586,39.7746047142746,54.72699295858399,15.813308591182457,0.9788338001242536,0.05886990552792564,0,0
fine,39.35,2.56,600,False,True,True,94.50159767856853,39.7746047142746,54.72699296429393,15.825076974545214,0.9878915772322274,0.05888601010817998,0,0
fine,39.35,2.58,600,False,True,True,94.50159768436127,39.7746047142746,54.72699297008667,15.835222614508858,0.9977295820227229,0.05904647341775291,0,0
fine,39.35,2.6,600,True,True,True,94.50159769023905,39.7746047142746,54.72699297596445,15.843837099287523,1.0083840292580728,0.059066530742294995,0,0
fine,39.35,2.62,600,True,True,True,94.50159769620288,39.7746047142746,54.72699298192828,15.859703917033196,1.019654210613074,0.0592305258353855,0,0
fine,39.35,2.64,600,True,True,True,94.50159770225372,39.7746047142746,54.726992987979116,15.879202164541528,1.0275698639342643,0.05925468615440418,0,0
fine,39.35,2.66,600,True,True,True,94.50159770839238,39.7746047142746,54.72699299411778,15.897096250922779,1.0339250749422597,0.05942231675054728,0,0
fine,39.35,2.68,600,True,True,True,94.50159771462074,39.7746047142746,54.72699300034614,15.91347022407598,1.0409062807978209,0.059450604603420734,0,0
fine,39.35,2.7,600,True,True,True,94.50159772093998,39.7746047142746,54.72699300666538,15.936618380064077,1.0484940321658693,0.059622031325381755,0,0
fine,39.35,2.72,600,True,True,True,94.50159772735155,39.7746047142746,54.72699301307695,15.963724480798113,1.0517407816034339,0.059654582120369684,0,0
fine,39.35,2.74,600,True,True,True,94.50159773385687,39.7746047142746,54.72699301958227,15.989207381525729,1.054042157129501,0.05982990528735814,0,0
fine,39.35,2.76,600,True,True,True,94.50159774045689,39.7746047142746,54.726993026182285,16.0130624615598,1.0570524164435653,0.05986687289596252,0,0
fine,39.35,2.78,600,True,True,True,94.50159774715289,39.7746047142746,54.72699303287828,16.040167879976003,1.0604197167621765,0.060046196842224245,0,0
fine,39.35,2.8,600,True,True,True,94.50159775394717,39.7746047142746,54.726993039672564,16.07451573579554,1.057597981088168,0.06008763982359008,0,0
fine,39.35,2.82,600,True,True,True,94.50159776083993,39.7746047142746,54.726993046565326,16.107280914566815,1.055396232641757,0.06018415406047333,0,0
fine,39.35,2.84,600,True,True,True,94.50159776783401,39.7746047142746,54.72699305355941,16.13853233581492,1.0539874516108492,0.060317182504160724,0,0
fine,39.35,2.86,600,True,True,True,94.50159777493005,39.7746047142746,54.726993060655445,16.168235609863206,1.0514619480452831,0.060421397466863716,0,0
fine,39.35,2.88,600,True,True,True,94.50159778212944,39.7746047142746,54.726993067854835,16.20851550182675,1.0440856061866337,0.06055574534360591,0,0
fine,39.35,2.9,600,True,True,True,94.50159778943446,39.7746047142746,54.726993075159854,16.24814852792144,1.0373093564541593,0.06066813194979934,0,0
fine,39.35,2.92,600,True,True,True,94.50159779684599,39.7746047142746,54.72699308257138,16.286277914071242,1.0313193255314816,0.06080357085559572,0,0
fine,39.35,2.94,600,True,True,True,94.5015978043663,39.7746047142746,54.726993090091696,16.32283877219154,1.0241624079659042,0.0608762130148034,0,0
fine,39.35,2.96,600,True,True,True,94.50159781199633,39.7746047142746,54.72699309772173,16.362807444843817,1.0120330141452072,0.06106101349387012,0,0
fine,39.35,2.98,600,True,True,True,94.50159781973854,39.7746047142746,54.72699310546393,16.408851110894332,1.0005800818461725,0.06114078155438509,0,0
fine,39.35,3.0,600,False,True,True,94.50159782759405,39.7746047142746,54.72699311331945,16.453387953564867,0.9900293099637544,0.06125699536390182,0,0
fine,39.35,3.02,600,False,True,True,94.50159783556478,39.7746047142746,54.72699312129018,16.49622934779526,0.979983492255061,0.061410046209798924,0,0
fine,39.35,3.04,600,False,True,True,94.50159784365258,39.7746047142746,54.72699312937797,16.537681240975136,0.9633495123981402,0.06153945306504326,0,0
fine,39.35,3.06,600,False,True,True,94.50159785185942,39.7746047142746,54.72699313758481,16.587415779134975,0.9473640805893793,0.06167986937955459,0,0
fine,39.35,3.08,600,False,True,True,94.50159786018662,39.7746047142746,54.72699314591202,16.637616252504806,0.931910602628745,0.06177793381979185,0,0
fine,39.35,3.1,600,False,True,True,94.50159786863601,39.7746047142746,54.72699315436141,16.686370404251782,0.9172944530165523,0.0619129358776612,0,0
fine,39.4,2.5,600,False,True,True,94.51208181568326,39.8246047142746,54.68747710140866,15.789230738760402,0.9595960250141911,0.05871802037815341,0,0
fine,39.4,2.52,600,False,True,True,94.51208182419714,39.8246047142746,54.68747710992254,15.790648048063279,0.972618081751399,0.05873050962773758,0,0
fine,39.4,2.54,600,False,True,True,94.51208183283524,39.8246047142746,54.687477118560636,15.7944363737739,0.9864432381550576,0.058887760225165474,0,0
fine,39.4,2.56,600,False,True,True,94.51208184159866,39.8246047142746,54.68747712732406,15.806821376107253,0.9963959558111926,0.0589040729309808,0,0
fine,39.4,2.58,600,True,True,True,94.51208185048986,39.8246047142746,54.687477136215264,15.817569070668902,1.0060929808778505,0.059064740803264175,0,0
fine,39.4,2.6,600,True,True,True,94.51208185951047,39.8246047142746,54.687477145235874,15.82677060026465,1.016461483877937,0.05909072952514901,0,0
fine,39.4,2.62,600,True,True,True,94.51208186866236,39.8246047142746,54.687477154387764,15.840510484282674,1.0274600826517615,0.05924934177001411,0,0
fine,39.4,2.64,600,True,True,True,94.5120818779466,39.8246047142746,54.687477163672,15.86061682211323,1.0365292747468684,0.05928006293712813,0,0
fine,39.4,2.66,600,True,True,True,94.51208188736632,39.8246047142746,54.68747717309172,15.87910542619926,1.042576675101757,0.059441616999196326,0,0
fine,39.4,2.68,600,True,True,True,94.51208189692294,39.8246047142746,54.68747718264834,15.896060041693792,1.0492648820947983,0.0594773733861072,0,0
fine,39.4,2.7,600,True,True,True,94.5120819066181,39.8246047142746,54.68747719234351,15.917051526028244,1.0567225548765358,0.05964182899129357,0,0
fine,39.4,2.72,600,True,True,True,94.51208191645412,39.8246047142746,54.68747720217952,15.944651064377956,1.0609850681246182,0.059682859949915866,0,0
fine,39.4,2.74,600,True,True,True,94.51208192643344,39.8246047142746,54.68747721215884,15.970628819990555,1.0630829004307414,0.05985023559342399,0,0
fine,39.4,2.76,600,True,True,True,94.51208193655742,39.8246047142746,54.68747722228282,15.995062050829237,1.0657872800374792,0.059896765665260095,0,0
fine,39.4,2.78,600,True,True,True,94.51208194682839,39.8246047142746,54.68747723255379,16.020382909446916,1.069059396152259,0.060066992888294306,0,0
fine,39.4,2.8,600,True,True,True,94.51208195724925,39.8246047142746,54.68747724297465,16.055312461334207,1.067133906798209,0.0601193773009856,0,0
fine,39.4,2.82,600,True,True,True,94.51208196782108,39.8246047142746,54.687477253546476,16.088612510123937,1.0646587529156715,0.06029243270102375,0,0
fine,39.4,2.84,600,True,True,True,94.51208197854726,39.8246047142746,54.68747726427266,16.120225035349815,1.0630547416041813,0.06035092741280241,0,0
fine,39.4,2.86,600,True,True,True,94.51208198942871,39.8246047142746,54.68747727515411,16.150360929146256,1.0616540195635362,0.06052581999293404,0,0
fine,39.4,2.88,600,True,True,True,94.51208200046929,39.8246047142746,54.68747728619469,16.18907628227186,1.053932736521301,0.060591614824456914,0,0
fine,39.4,2.9,600,True,True,True,94.51208201167036,39.8246047142746,54.68747729739576,16.229261897920875,1.0468320126102189,0.06069236195209486,0,0
fine,39.4,2.92,600,True,True,True,94.51208202303431,39.8246047142746,54.68747730875971,16.267734745341762,1.040684598673416,0.06084178992081193,0,0
fine,39.4,2.94,600,True,True,True,94.51208203456426,39.8246047142746,54.68747732028966,16.304693663513998,1.0346399933108426,0.060949377309020315,0,0
fine,39.4,2.96,600,True,True,True,94.51208204626259,39.8246047142746,54.68747733198799,16.343340699502647,1.022158604133989,0.061084192111015255,0,0
fine,39.4,2.98,600,True,True,True,94.51208205813124,39.8246047142746,54.68747734385664,16.38984068180171,1.0105465215260407,0.061165174722752784,0,0
fine,39.4,3.0,600,False,True,True,94.51208207017352,39.8246047142746,54.68747735589892,16.434645835847018,0.9996633532017122,0.06135200083614994,0,0
fine,39.4,3.02,600,False,True,True,94.51208208239179,39.8246047142746,54.687477368117186,16.47800257920716,0.9892982061249391,0.061440498823659234,0,0
fine,39.4,3.04,600,False,True,True,94.51208209478892,39.8246047142746,54.68747738051432,16.519963087078647,0.9739142710434376,0.06156554247296056,0,0
fine,39.4,3.06,600,False,True,True,94.51208210736738,39.8246047142746,54.68747739309278,16.568386797328298,0.9575766953461234,0.061726340053104956,0,0
fine,39.4,3.08,600,False,True,True,94.51208212013037,39.8246047142746,54.68747740585577,16.619029829997167,0.941788276640939,0.06185941822514645,0,0
fine,39.4,3.1,600,False,True,True,94.51208213308057,39.8246047142746,54.68747741880597,16.668265696209705,0.9270139005868484,0.06202298278720644,0,0
fine,39.45,2.5,600,False,True,True,94.52257032125608,39.874604714274604,54.64796560698148,15.77202482067939,0.9674575818764252,0.05873539587939282,0,0
fine,39.45,2.52,600,False,True,True,94.52257033366809,39.874604714274604,54.64796561939348,15.77402968465095,0.9802700438961535,0.058891202191347414,0,0
fine,39.45,2.54,600,False,True,True,94.52257034626037,39.874604714274604,54.64796563198576,15.775554836504387,0.9939264249722544,0.0589055658035017,0,0
fine,39.45,2.56,600,True,True,True,94.52257035903499,39.874604714274604,54.64796564476038,15.788555385450406,1.0050944784138833,0.05906482547689866,0,0
fine,39.45,2.58,600,True,True,True,94.52257037199419,39.874604714274604,54.64796565771959,15.799903642697402,1.0144886571393887,0.059083093401260396,0,0
fine,39.45,2.6,600,True,True,True,94.5225703851416,39.874604714274604,54.647965670867,15.809690383296727,1.024570040486853,0.05924583703323917,0,0
fine,39.45,2.62,600,True,True,True,94.52257039847883,39.874604714274604,54.64796568420423,15.821315597877213,1.0352957513192445,0.05926810929888139,0,0
fine,39.45,2.64,600,True,True,True,94.5225704120097,39.874604714274604,54.647965697735096,15.84202817652378,1.0455206368903693,0.059434530640846917,0,0
fine,39.45,2.66,600,True,True,True,94.52257042573628,39.874604714274604,54.64796571146167,15.861109228841448,1.0512593113016164,0.059460888281840964,0,0
fine,39.45,2.68,600,True,True,True,94.52257043966092,39.874604714274604,54.64796572538632,15.878636591058637,1.0577426655531756,0.05963097732622524,0,0
fine,39.45,2.7,600,True,True,True,94.52257045378789,39.874604714274604,54.64796573951329,15.897288282015193,1.0649797407972337,0.05966160106854955,0,0
fine,39.45,2.72,600,True,True,True,94.52257046811889,39.874604714274604,54.64796575384428,15.92548771041582,1.0703773290695564,0.05983557207811829,0,0
fine,39.45,2.74,600,True,True,True,94.52257048265744,39.874604714274604,54.64796576838284,15.952054172945022,1.0721532930759472,0.05987046168447998,0,0
fine,39.45,2.76,600,True,True,True,94.52257049740608,39.874604714274604,54.647965783131475,15.97706357813337,1.074550344499088,0.06004836955315817,0,0
fine,39.45,2.78,600,True,True,True,94.52257051236859,39.874604714274604,54.647965798093985,16.00059149100556,1.0775290292301625,0.06008782453859702,0,0
fine,39.45,2.8,600,True,True,True,94.52257052754747,39.874604714274604,54.64796581327287,16.03589277227778,1.0766984024144837,0.06018749818375296,0,0
fine,39.45,2.82,600,True,True,True,94.5225705429472,39.874604714274604,54.64796582867259,16.069625846098504,1.0740704398906984,0.06031374457515221,0,0
fine,39.45,2.84,600,True,True,True,94.52257055856867,39.874604714274604,54.64796584429407,16.101803829790843,1.0721487789485065,0.060420947744630325,0,0
fine,39.45,2.86,600,True,True,True,94.5225705744174,39.874604714274604,54.6479658601428,16.132494943068536,1.0707854711375941,0.06054860717361597,0,0
fine,39.45,2.88,600,True,True,True,94.52257059049626,39.874604714274604,54.647965876221654,16.169578017811887,1.0638067454667481,0.06061465766530853,0,0
fine,39.45,2.9,600,True,True,True,94.52257060680778,39.874604714274604,54.64796589253317,16.210092964783893,1.0565486636865102,0.06079262854288814,0,0
fine,39.45,2.92,600,True,True,True,94.52257062335607,39.874604714274604,54.64796590908147,16.24906912743211,1.0500756392943145,0.06086536706074007,0,0
fine,39.45,2.94,600,True,True,True,94.52257064014519,39.874604714274604,54.64796592587059,16.286566576811598,1.0441434159936496,0.06104609736805805,0,0
fine,39.45,2.96,600,True,True,True,94.5225706571779,39.874604714274604,54.64796594290329,16.323781065881885,1.032317981634191,0.06112584490315965,0,0
fine,39.45,2.98,600,True,True,True,94.52257067445817,39.874604714274604,54.64796596018356,16.37060937421526,1.0205373715439492,0.06124179367584649,0,0
fine,39.45,3.0,600,True,True,True,94.52257069199047,39.874604714274604,54.64796597771586,16.4159328435246,1.009320600466253,0.061394385685070066,0,0
fine,39.45,3.02,600,False,True,True,94.52257070977822,39.874604714274604,54.64796599550362,16.45980253185947,0.9986642648522326,0.06151977871274885,0,0
fine,39.45,3.04,600,False,True,True,94.52257072782511,39.874604714274604,54.64796601355051,16.50226894956478,0.9845020121487095,0.06165425253596644,0,0
fine,39.45,3.06,600,False,True,True,94.52257074613495,39.874604714274604,54.64796603186034,16.54935637919412,0.9678117268448198,0.06175177686464511,0,0
fine,39.45,3.08,600,False,True,True,94.5225707647122,39.874604714274604,54.647966050437596,16.600481300774852,0.9518636611536012,0.061886020763090514,0,0
fine,39.45,3.1,600,False,True,True,94.52257078356158,39.874604714274604,54.64796606928697,16.650196409107995,0.9367550759793881,0.06204904109871228,0,0
fine,39.5,2.5,600,False,True,True,94.53306298220781,39.9246047142746,54.60845826793321,15.754799960654466,0.9753619834845022,0.058752742899486295,0,0
fine,39.5,2.52,600,False,True,True,94.53306299964036,39.9246047142746,54.608458285365764,15.757391044860926,0.9880506775177458,0.05890886672293168,0,0
fine,39.5,2.54,600,True,True,True,94.53306301732523,39.9246047142746,54.60845830305063,15.758481340597434,1.00144144181558,0.05892339437005869,0,0
fine,39.5,2.56,600,True,True,True,94.53306303526462,39.9246047142746,54.60845832099002,15.770278834651695,1.01382708698297,0.05908290182762328,0,0
fine,39.5,2.58,600,True,True,True,94.53306305346324,39.9246047142746,54.60845833918864,15.782225929214736,1.0229178268686008,0.05910136432804277,0,0
fine,39.5,2.6,600,True,True,True,94.53306307192427,39.9246047142746,54.608458357649674,15.792596787564063,1.0327097660286202,0.059264409555758395,0,0
fine,39.5,2.62,600,True,True,True,94.53306309065154,39.9246047142746,54.60845837637694,15.80188675229787,1.0431604043193219,0.0592869067806996,0,0
fine,39.5,2.64,600,True,True,True,94.53306310964838,39.9246047142746,54.60845839537378,15.823178675409448,1.0543869445143148,0.05945347835173672,0,0
fine,39.5,2.66,600,True,True,True,94.53306312891964,39.9246047142746,54.608458414645035,15.84279835305558,1.0599852190756733,0.059490429476074934,0,0
fine,39.5,2.68,600,True,True,True,94.53306314846843,39.9246047142746,54.60845843419383,15.860829900886689,1.066318681243286,0.05965050358289086,0,0
fine,39.5,2.7,600,True,True,True,94.53306316829851,39.9246047142746,54.60845845402391,15.87753334670193,1.073265532526552,0.05969251019115593,0,0
fine,39.5,2.72,600,True,True,True,94.5330631884156,39.9246047142746,54.608458474140996,15.90633077948816,1.0797993374341457,0.05985556438996735,0,0
fine,39.5,2.74,600,True,True,True,94.53306320882157,39.9246047142746,54.60845849454697,15.933483010799081,1.0812525838007299,0.05990295135323362,0,0
fine,39.5,2.76,600,True,True,True,94.53306322952234,39.9246047142746,54.60845851524774,15.959066566877214,1.0833410661005975,0.06006896617516909,0,0
fine,39.5,2.78,600,True,True,True,94.53306325052155,39.9246047142746,54.60845853624695,15.983156405044769,1.0861088125235576,0.06012194360433555,0,0
fine,39.5,2.8,600,True,True,True,94.53306327182364,39.9246047142746,54.608458557549035,16.01634625186924,1.0863600848524233,0.060290820213524936,0,0
fine,39.5,2.82,600,True,True,True,94.53306329343322,39.9246047142746,54.608458579158615,16.050652474128288,1.083510064629604,0.06034986233757462,0,0
fine,39.5,2.84,600,True,True,True,94.53306331535462,39.9246047142746,54.608458601080024,16.083393681692733,1.081269819884068,0.060521506456096955,0,0
fine,39.5,2.86,600,True,True,True,94.53306333759248,39.9246047142746,54.60845862331788,16.11463750326828,1.0796009793327743,0.06058669626653185,0,0
fine,39.5,2.88,600,True,True,True,94.53306336015201,39.9246047142746,54.60845864587741,16.149837934378837,1.0737069933258112,0.06068767272356369,0,0
fine,39.5,2.9,600,True,True,True,94.53306338303783,39.9246047142746,54.60845866876323,16.190903661589065,1.0662920962842841,0.06081498959009845,0,0
fine,39.5,2.92,600,True,True,True,94.53306340625421,39.9246047142746,54.608458691979614,16.23042419462063,1.0594912285474634,0.06094052192497643,0,0
fine,39.5,2.94,600,True,True,True,94.53306342980702,39.9246047142746,54.608458715532414,16.268456746525473,1.0532458227640573,0.06106901030180783,0,0
fine,39.5,2.96,600,True,True,True,94.53306345370076,39.9246047142746,54.60845873942616,16.30506112061274,1.0426816606862574,0.06114994733526707,0,0
fine,39.5,2.98,600,True,True,True,94.53306347794047,39.9246047142746,54.60845876366587,16.351410454968757,1.030552960109182,0.06133272827649625,0,0
fine,39.5,3.0,600,True,True,True,94.5330635025323,39.9246047142746,54.6084587882577,16.397249469364716,1.0190017871978243,0.061420980011731886,0,0
fine,39.5,3.02,600,True,True,True,94.53306352748,39.9246047142746,54.608458813205395,16.441628734952502,1.0081923323392392,0.061545579220042855,0,0
fine,39.5,3.04,600,False,True,True,94.53306355279143,39.9246047142746,54.60845883851683,16.484553602381556,0.9951131933610808,0.06170236508227125,0,0
fine,39.5,3.06,600,False,True,True,94.53306357846972,39.9246047142746,54.60845886419512,16.530367311139557,0.9780695617959984,0.06183485926914413,0,0
fine,39.5,3.08,600,False,True,True,94.53306360452319,39.9246047142746,54.60845889024859,16.581971526568,0.9619613498009378,0.061994506565927324,0,0
fine,39.5,3.1,600,False,True,True,94.53306363095548,39.9246047142746,54.60845891668088,16.632162383744102,0.9465174750875963,0.06207503445292176,0,0
micro,39.0,2.61,600,False,True,True,94.13772154695118,39.4246047142746,54.71311683267658,15.983050424953744,0.9555428676092631,0.058727543936455004,0,0
micro,39.0,2.62,600,False,True,True,94.13772155041316,39.4246047142746,54.71311683613856,15.991274037127706,0.9589381917915819,0.05880968493770978,0,0
micro,39.0,2.63,600,False,True,True,94.13772155390154,39.4246047142746,54.71311683962694,15.999167363955044,0.9627098930713204,0.0588923672115079,0,0
micro,39.0,2.64,600,False,True,True,94.137721557415,39.4246047142746,54.713116843140405,16.006676441061995,0.9665409431262241,0.058975428974200265,0,0
micro,39.0,2.65,600,False,True,True,94.13772156095598,39.4246047142746,54.71311684668138,16.013779930693104,0.9704838297793238,0.05891580173432327,0,0
micro,39.0,2.66,600,False,True,True,94.13772156452221,39.4246047142746,54.71311685024761,16.020630358400265,0.9747227054868531,0.058999748903475716,0,0
micro,39.0,2.67,600,False,True,True,94.1377215681151,39.4246047142746,54.713116853840496,16.03341761898889,0.9789629970939802,0.05908427003523089,0,0
micro,39.0,2.68,600,False,True,True,94.13772157173513,39.4246047142746,54.71311685746053,16.046438819712904,0.9821401103494282,0.0591692705079124,0,0
micro,39.0,2.69,600,False,True,True,94.13772157538165,39.4246047142746,54.713116861107046,16.058879189639075,0.9833342950489246,0.05911195009284038,0,0
micro,39.0,2.7,600,False,True,True,94.13772157905582,39.4246047142746,54.71311686478122,16.071037442689654,0.9849725020190211,0.05919783643126577,0,0
micro,39.0,2.71,600,False,True,True,94.13772158275735,39.4246047142746,54.71311686848275,16.08276267232641,0.9866189174571108,0.05928427876442411,0,0
micro,39.0,2.72,600,False,True,True,94.13772158648611,39.4246047142746,54.71311687221151,16.09408523414375,0.9884037170435575,0.059371241122462975,0,0
micro,39.0,2.73,600,False,True,True,94.13772159024253,39.4246047142746,54.713116875967934,16.10514749006209,0.9904750023277054,0.05931629754660146,0,0
micro,39.0,2.74,600,False,True,True,94.13772159402696,39.4246047142746,54.713116879752356,16.115662202102307,0.9925464867680891,0.059404237317785824,0,0
micro,39.0,2.75,600,False,True,True,94.13772159783971,39.4246047142746,54.713116883565114,16.128401330014235,0.9948656561816158,0.059492609136148684,0,0
micro,39.0,2.76,600,False,True,True,94.1377216016809,39.4246047142746,54.713116887406294,16.14512921228029,0.9943827527669528,0.059581548528401314,0,0
micro,39.0,2.77,600,False,True,True,94.13772160555054,39.4246047142746,54.71311689127594,16.16126668516528,0.993607805255518,0.059529144866366214,0,0
micro,39.0,2.78,600,False,True,True,94.13772160944895,39.4246047142746,54.713116895174345,16.177284308035134,0.9929439438601743,0.059619023485250416,0,0
micro,39.0,2.79,600,False,True,True,94.13772161337626,39.4246047142746,54.71311689910166,16.192549831327156,0.9922938740589926,0.05970946619294386,0,0
micro,39.0,2.8,600,False,True,True,94.13772161733294,39.4246047142746,54.71311690305834,16.20775471762648,0.9920775631564345,0.05980053027098847,0,0
micro,39.0,2.81,600,False,True,True,94.13772162131909,39.4246047142746,54.71311690704449,16.22232291529565,0.9918665660530218,0.05975056117063786,0,0
micro,39.0,2.82,600,False,True,True,94.13772162533479,39.4246047142746,54.71311691106019,16.236686542510594,0.9917479704393227,0.05984261778141752,0,0
micro,39.0,2.83,600,False,True,True,94.13772162938042,39.4246047142746,54.71311691510582,16.250657836662832,0.9912856417619268,0.059934899071090314,0,0
micro,39.0,2.84,600,False,True,True,94.13772163345598,39.4246047142746,54.71311691918138,16.26684743239245,0.9878260079088339,0.05992057274483642,0,0
micro,39.0,2.85,600,False,True,True,94.13772163756242,39.4246047142746,54.71311692328782,16.28658284552943,0.9848212296413157,0.0599809599051526,0,0
micro,39.0,2.86,600,False,True,True,94.1377216416991,39.4246047142746,54.7131169274245,16.30607198717911,0.9818327730340454,0.060074314419677415,0,0
micro,39.0,2.87,600,False,True,True,94.1377216458662,39.4246047142746,54.71311693159159,16.324915869932923,0.9789353650034572,0.0601679738690337,0,0
micro,39.0,2.88,600,False,True,True,94.13772165006466,39.4246047142746,54.71311693579006,16.343668169158654,0.9764153819760935,0.06015958315986435,0,0
micro,39.0,2.89,600,False,True,True,94.13772165429428,39.4246047142746,54.71311694001968,16.361740714342673,0.9739093345182883,0.060220544341202116,0,0
micro,39.0,2.9,600,False,True,True,94.13772165855532,39.4246047142746,54.71311694428072,16.37962962601303,0.9715176536555691,0.06031439419668513,0,0
micro,39.0,2.91,600,False,True,True,94.13772166284838,39.4246047142746,54.71311694857378,16.397121473406155,0.9687951381933612,0.06038002478704815,0,0
micro,39.01,2.61,600,False,True,True,94.13980140957098,39.4346047142746,54.70519669529638,15.97928069674133,0.9573289404004404,0.058731494811278366,0,0
micro,39.01,2.62,600,False,True,True,94.13980141334574,39.4346047142746,54.70519669907114,15.987607270532619,0.9607102047069459,0.05881363335711319,0,0
micro,39.01,2.63,600,False,True,True,94.13980141714859,39.4346047142746,54.70519670287399,15.995520504747285,0.9644349944903943,0.05889635875812544,0,0
micro,39.01,2.64,600,False,True,True,94.13980142097905,39.4346047142746,54.705196706704456,16.003129655547543,0.9682527870791479,0.058979458896811714,0,0
micro,39.01,2.65,600,False,True,True,94.13980142483861,39.4346047142746,54.70519671056401,16.010252484512037,0.9721511905626955,0.05891983248613523,0,0
micro,39.01,2.66,600,False,True,True,94.13980142872674,39.4346047142746,54.70519671445214,16.017200621110035,0.9763772442814075,0.059003839895701043,0,0
micro,39.01,2.67,600,False,True,True,94.13980143264416,39.4346047142746,54.705196718369564,16.0294740408569,0.9806048561299052,0.05908836595176633,0,0
micro,39.01,2.68,600,False,True,True,94.13980143659053,39.4346047142746,54.70519672231593,16.042516413535143,0.9840263497175524,0.05917339053420546,0,0
micro,39.01,2.69,600,False,True,True,94.13980144056565,39.4346047142746,54.70519672629105,16.055058928692596,0.9852056142675215,0.05925890097922284,0,0
micro,39.01,2.7,600,False,True,True,94.13980144457086,39.4346047142746,54.705196730296265,16.067237663973266,0.9867943992295592,0.059202021093866485,0,0
micro,39.01,2.71,600,False,True,True,94.13980144860578,39.4346047142746,54.70519673433118,16.079062956342298,0.9884263901772041,0.05928849003159684,0,0
micro,39.01,2.72,600,False,True,True,94.13980145267092,39.4346047142746,54.705196738396324,16.090405573177957,0.9901641382146217,0.05937544517896087,0,0
micro,39.01,2.73,600,False,True,True,94.13980145676581,39.4346047142746,54.70519674249121,16.10156554008319,0.9922215759763789,0.059351156595327546,0,0
micro,39.01,2.74,600,False,True,True,94.13980146089162,39.4346047142746,54.70519674661702,16.112099888014722,0.9942793818271168,0.05940849180149424,0,0
micro,39.01,2.75,600,False,True,True,94.139801465048,39.4346047142746,54.705196750773396,16.12435997283181,0.9965542785579898,0.05949692459928062,0,0
micro,39.01,2.76,600,False,True,True,94.13980146923569,39.4346047142746,54.705196754961094,16.141187824251347,0.9963446191885069,0.05958587565521879,0,0
micro,39.01,2.77,600,False,True,True,94.13980147345359,39.4346047142746,54.70519675917899,16.157346365871533,0.9955181685707865,0.05956522292124137,0,0
micro,39.01,2.78,600,False,True,True,94.13980147770322,39.4346047142746,54.70519676342862,16.17343873786504,0.9948391882941244,0.05962340432762788,0,0
micro,39.01,2.79,600,False,True,True,94.13980148198428,39.4346047142746,54.70519676770968,16.188748454038635,0.9941683473407886,0.05971385560887963,0,0
micro,39.01,2.8,600,False,True,True,94.13980148629746,39.4346047142746,54.70519677202286,16.203973749623085,0.9939090199338537,0.05980487376599343,0,0
micro,39.01,2.81,600,False,True,True,94.13980149064291,39.4346047142746,54.70519677636831,16.218638018752156,0.9936835005980139,0.05975502645808013,0,0
micro,39.01,2.82,600,False,True,True,94.13980149502015,39.4346047142746,54.70519678074555,16.23302181279319,0.9935185239190332,0.05984709237950588,0,0
micro,39.01,2.83,600,False,True,True,94.13980149943012,39.4346047142746,54.70519678515552,16.247086927984405,0.9933313281377681,0.05993921001492929,0,0
micro,39.01,2.84,600,False,True,True,94.13980150387292,39.4346047142746,54.70519678959832,16.26284382888519,0.9898320386135998,0.05999406511374327,0,0
micro,39.01,2.85,600,False,True,True,94.1398015083489,39.4346047142746,54.7051967940743,16.2826003650636,0.9867977634710634,0.05998552580022604,0,0
micro,39.01,2.86,600,False,True,True,94.13980151285784,39.4346047142746,54.705196798583245,16.302184001235815,0.9837934738281883,0.0600786994543915,0,0
micro,39.01,2.87,600,False,True,True,94.1398015173997,39.4346047142746,54.705196803125105,16.321048873721406,0.9808454833144505,0.0601723974318966,0,0
micro,39.01,2.88,600,False,True,True,94.13980152197672,39.4346047142746,54.70519680770212,16.339821727036746,0.978310489307158,0.06016442180499092,0,0
micro,39.01,2.89,600,False,True,True,94.13980152658691,39.4346047142746,54.70519681231231,16.357987189196027,0.9757894193192301,0.060225192724770185,0,0
micro,39.01,2.9,600,False,True,True,94.13980153123156,39.4346047142746,54.705196816956956,16.375896481946345,0.9733496517418054,0.060318863973307345,0,0
micro,39.01,2.91,600,False,True,True,94.13980153591132,39.4346047142746,54.70519682163672,16.393479507739727,0.9709017161617196,0.060385115869706074,0,0
micro,39.02,2.61,600,False,True,True,94.14188144894904,39.444604714274604,54.69727673467443,15.975510722584117,0.95911633959138,0.058879146678939,0,0
micro,39.02,2.62,600,False,True,True,94.14188145305415,39.444604714274604,54.69727673877955,15.983940075746013,0.9624835984993666,0.05881759682490695,0,0
micro,39.02,2.63,600,False,True,True,94.14188145718958,39.444604714274604,54.69727674291498,15.991873328526308,0.9661612684959838,0.05890034051500344,0,0
micro,39.02,2.64,600,False,True,True,94.14188146135606,39.444604714274604,54.69727674708146,15.999582539733407,0.9699657727908989,0.05898348846936287,0,0
micro,39.02,2.65,600,False,True,True,94.14188146555347,39.444604714274604,54.697276751278864,16.0067247574652,0.9738197260818174,0.05906714522225012,0,0
micro,39.02,2.66,600,False,True,True,94.14188146978259,39.444604714274604,54.697276755507986,16.01377044769934,0.9780328557084421,0.05900792466569783,0,0
micro,39.02,2.67,600,False,True,True,94.14188147404282,39.444604714274604,54.697276759768215,16.025530573322744,0.982247893415718,0.059092468114814466,0,0
micro,39.02,2.68,600,False,True,True,94.14188147833448,39.444604714274604,54.69727676405988,16.0385938444881,0.985913949661571,0.059177511474464685,0,0
micro,39.02,2.69,600,False,True,True,94.14188148265839,39.444604714274604,54.69727676838379,16.051238695180544,0.9870781839783047,0.0592630680939718,0,0
micro,39.02,2.7,600,False,True,True,94.1418814870138,39.444604714274604,54.6972767727392,16.063437908300276,0.9886175302067836,0.05920620862831535,0,0
micro,39.02,2.71,600,False,True,True,94.14188149140186,39.444604714274604,54.69727677712726,16.075363135706628,0.990235090518417,0.05929268722257815,0,0
micro,39.02,2.72,600,False,True,True,94.14188149582294,39.444604714274604,54.69727678154834,16.086725910796165,0.9919257469186236,0.05937965383741967,0,0
micro,39.02,2.73,600,False,True,True,94.14188150027613,39.444604714274604,54.697276786001524,16.097983436910884,0.9939693545060809,0.059467147292190915,0,0
micro,39.02,2.74,600,False,True,True,94.14188150476292,39.444604714274604,54.69727679048832,16.108537559311358,0.9960133953701562,0.05941274749396909,0,0
micro,39.02,2.75,600,False,True,True,94.14188150928315,39.444604714274604,54.69727679500855,16.120319104810324,0.9982440366681773,0.059501231738760436,0,0
micro,39.02,2.76,600,False,True,True,94.14188151383671,39.444604714274604,54.697276799562104,16.137246964771435,0.9983076834895213,0.05959019972592209,0,0
micro,39.02,2.77,600,False,True,True,94.14188151842416,39.444604714274604,54.69727680414955,16.15342648502419,0.9974297179183148,0.05956973833061857,0,0
micro,39.02,2.78,600,False,True,True,94.14188152304543,39.444604714274604,54.69727680877082,16.169539525042627,0.9967356417556112,0.05962777759226376,0,0
micro,39.02,2.79,600,False,True,True,94.14188152770107,39.444604714274604,54.69727681342647,16.184947366278237,0.996049640113905,0.05971826158251604,0,0
micro,39.02,2.8,600,False,True,True,94.14188153239137,39.444604714274604,54.69727681811676,16.200193138590002,0.995741581371646,0.059809112619891885,0,0
micro,39.02,2.81,600,False,True,True,94.14188153711694,39.444604714274604,54.69727682284234,16.214953387774816,0.995501523865715,0.059792788960923035,0,0
micro,39.02,2.82,600,False,True,True,94.14188154187711,39.444604714274604,54.69727682760251,16.229357203099063,0.9952901390054205,0.05985156026865342,0,0
micro,39.02,2.83,600,False,True,True,94.14188154667269,39.444604714274604,54.69727683239809,16.243516317789144,0.9953781291585295,0.0599435090066949,0,0
micro,39.02,2.84,600,False,True,True,94.14188155150408,39.444604714274604,54.69727683722948,16.25884102508537,0.991862643221389,0.05999896027141217,0,0
micro,39.02,2.85,600,False,True,True,94.14188155637126,39.444604714274604,54.697276842096656,16.27861874123807,0.9887752898394278,0.05999008719663839,0,0
micro,39.02,2.86,600,False,True,True,94.14188156127467,39.444604714274604,54.69727684700007,16.298296829011743,0.9857552703042147,0.06008307273749682,0,0
micro,39.02,2.87,600,False,True,True,94.14188156621461,39.444604714274604,54.69727685194,16.317182441993246,0.982756687436845,0.06017682083096982,0,0
micro,39.02,2.88,600,False,True,True,94.14188157119133,39.444604714274604,54.69727685691673,16.3359760877955,0.9802066069777008,0.06016926443549438,0,0
micro,39.02,2.89,600,False,True,True,94.14188157620458,39.444604714274604,54.69727686192998,16.354234324563848,0.9776704227369093,0.060229859069236405,0,0
micro,39.02,2.9,600,False,True,True,94.1418815812554,39.444604714274604,54.6972768669808,16.372163856436586,0.9751827026503322,0.06032333010085337,0,0
micro,39.02,2.91,600,False,True,True,94.14188158634337,39.444604714274604,54.69727687206877,16.38983815805018,0.9730093578522946,0.06039021140420477,0,0
micro,39.03,2.61,600,False,True,True,94.1439616650975,39.4546047142746,54.689356950822905,15.971740661913802,0.9609050239033611,0.05888308801105269,0,0
micro,39.03,2.62,600,False,True,True,94.14396166955218,39.4546047142746,54.68935695527758,15.980272585848533,0.9642583149064159,0.058821589570428046,0,0
micro,39.03,2.63,600,False,True,True,94.14396167404017,39.4546047142746,54.68935695976557,15.98822565827138,0.9678888819993307,0.058904311020324035,0,0
micro,39.03,2.64,600,False,True,True,94.14396167856071,39.4546047142746,54.68935696428611,15.996035077759208,0.9716799505835934,0.05898752509086586,0,0
micro,39.03,2.65,600,False,True,True,94.14396168311612,39.4546047142746,54.689356968841516,16.00319676201671,0.9754891657419895,0.05907118198043611,0,0
micro,39.03,2.66,600,False,True,True,94.14396168770466,39.4546047142746,54.68935697343006,16.010339801376542,0.9796896789052779,0.0590119957808322,0,0
micro,39.03,2.67,600,False,True,True,94.14396169232732,39.4546047142746,54.68935697805272,16.021587375644614,0.983891906356189,0.059096564638951375,0,0
micro,39.03,2.68,600,False,True,True,94.14396169698396,39.4546047142746,54.68935698270936,16.034671414144825,0.9878028270780935,0.05918163157000393,0,0
micro,39.03,2.69,600,False,True,True,94.1439617016757,39.4546047142746,54.689356987401105,16.047418438846574,0.9889519956814327,0.0592672167893962,0,0
micro,39.03,2.7,600,False,True,True,94.14396170640244,39.4546047142746,54.689356992127834,16.059638056875308,0.9904419073540079,0.059210389792506604,0,0
micro,39.03,2.71,600,False,True,True,94.14396171116388,39.4546047142746,54.68935699688928,16.07166332752316,0.9920449915613172,0.059296879781649416,0,0
micro,39.03,2.72,600,False,True,True,94.14396171596026,39.4546047142746,54.68935700168566,16.083046203595327,0.993688486861164,0.05938385853726096,0,0
micro,39.03,2.73,600,False,True,True,94.14396172079293,39.4546047142746,54.68935700651833,16.094400333656118,0.9957183110268435,0.0594713820770548,0,0
micro,39.03,2.74,600,False,True,True,94.14396172566161,39.4546047142746,54.68935701138701,16.104975057375583,0.9977486125088727,0.05941700193720294,0,0
micro,39.03,2.75,600,False,True,True,94.14396173056569,39.4546047142746,54.68935701629109,16.116278784665088,0.9999349168030972,0.05950553937291818,0,0
micro,39.03,2.76,600,True,True,True,94.14396173550675,39.4546047142746,54.68935702123215,16.133305311826124,1.0002719197034988,0.05959452133205918,0,0
micro,39.03,2.77,600,False,True,True,94.14396174048369,39.4546047142746,54.68935702620909,16.149507020321035,0.9993424661893363,0.05957427763484335,0,0
micro,39.03,2.78,600,False,True,True,94.14396174549847,39.4546047142746,54.68935703122387,16.165640894468574,0.998633198919062,0.05963214632054344,0,0
micro,39.03,2.79,600,False,True,True,94.14396175055033,39.4546047142746,54.68935703627573,16.181146444526092,0.9979321516394377,0.05972268088558204,0,0
micro,39.03,2.8,600,False,True,True,94.14396175563928,39.4546047142746,54.68935704136468,16.19641282228037,0.9975752809358942,0.059813355303679185,0,0
micro,39.03,2.81,600,False,True,True,94.14396176076617,39.4546047142746,54.68935704649157,16.21126893127922,0.997320727321623,0.05979743611436927,0,0
micro,39.03,2.82,600,False,True,True,94.14396176593114,39.4546047142746,54.689357051656536,16.22569289441201,0.9970717317860928,0.059856026410965185,0,0
micro,39.03,2.83,600,False,True,True,94.14396177113417,39.4546047142746,54.68935705685957,16.239945733368884,0.9972282328689335,0.059947804197523595,0,0
micro,39.03,2.84,600,False,True,True,94.14396177637643,39.4546047142746,54.68935706210183,16.254839038986375,0.9938944111420807,0.06003995320083755,0,0
micro,39.03,2.85,600,False,True,True,94.14396178165718,39.4546047142746,54.68935706738258,16.27463795812566,0.9907538713444035,0.060029592385050644,0,0
micro,39.03,2.86,600,False,True,True,94.14396178697676,39.4546047142746,54.68935707270216,16.294338956707374,0.9877182056905192,0.060087454862075125,0,0
micro,39.03,2.87,600,False,True,True,94.14396179233647,39.4546047142746,54.68935707806187,16.31331667894991,0.9846995329450319,0.06018124190286636,0,0
micro,39.03,2.88,600,False,True,True,94.14396179773615,39.4546047142746,54.68935708346155,16.332131133709666,0.9821037367901996,0.060244661643223764,0,0
micro,39.03,2.89,600,False,True,True,94.14396180317557,39.4546047142746,54.68935708890097,16.350482009083926,0.979552436813388,0.06023451641817203,0,0
micro,39.03,2.9,600,False,True,True,94.14396180865508,39.4546047142746,54.689357094380476,16.368431930063817,0.9770167432961926,0.060327814840245186,0,0
micro,39.03,2.91,600,False,True,True,94.14396181417574,39.4546047142746,54.68935709990114,16.38619720572258,0.9749073678040897,0.06042378290094482,0,0
micro,39.04,2.61,600,False,True,True,94.14604205545996,39.4646047142746,54.68143734118536,15.967970417645846,0.9626950033479619,0.058887047416585965,0,0
micro,39.04,2.62,600,False,True,True,94.1460420602837,39.4646047142746,54.681437346009105,15.976604845926927,0.9660343238626126,0.05882558144065944,0,0
micro,39.04,2.63,600,False,True,True,94.14604206514367,39.4646047142746,54.681437350869075,15.984577701760383,0.969617735855214,0.05890828912991581,0,0
micro,39.04,2.64,600,False,True,True,94.14604207003936,39.4646047142746,54.68143735576476,15.992487245289063,0.9733953738388498,0.05899154703931047,0,0
micro,39.04,2.65,600,False,True,True,94.14604207497112,39.4646047142746,54.68143736069652,15.999668405521925,0.9771781501454263,0.059075211225481546,0,0
micro,39.04,2.66,600,False,True,True,94.14604207993989,39.4646047142746,54.68143736566529,16.006854460342147,0.9813476258519312,0.059016080103732216,0,0
micro,39.04,2.67,600,False,True,True,94.14604208494525,39.4646047142746,54.68143737067065,16.017644318896696,0.9855370468762913,0.059100650267609446,0,0
micro,39.04,2.68,600,False,True,True,94.1460420899882,39.4646047142746,54.6814373757136,16.030749165686693,0.98969296821957,0.059185747821635916,0,0
micro,39.04,2.69,600,False,True,True,94.14604209506821,39.4646047142746,54.68143738079361,16.04359825386658,0.9908270788898891,0.059271346209642424,0,0
micro,39.04,2.7,600,False,True,True,94.1460421001859,39.4646047142746,54.681437385911295,16.055838286951612,0.9922674765220154,0.05921456365528112,0,0
micro,39.04,2.71,600,False,True,True,94.14604210534173,39.4646047142746,54.681437391067135,16.067963257654057,0.9938561777180452,0.05930106584345461,0,0
micro,39.04,2.72,600,False,True,True,94.14604211053583,39.4646047142746,54.68143739626123,16.07936637826381,0.9954524334959058,0.05938808137931443,0,0
micro,39.04,2.73,600,False,True,True,94.14604211576868,39.4646047142746,54.68143740149408,16.090740518920132,0.9974684831479339,0.05947563219179554,0,0
micro,39.04,2.74,600,False,True,True,94.14604212103968,39.4646047142746,54.681437406765085,16.101412394729923,0.9994850055670941,0.05942126411763589,0,0
micro,39.04,2.75,600,True,True,True,94.14604212635004,39.4646047142746,54.68143741207544,16.112239089801257,1.0016269095144028,0.05950983805690059,0,0
micro,39.04,2.76,600,True,True,True,94.14604213169963,39.4646047142746,54.68143741742503,16.129286738266593,1.0022375022712915,0.05959885224985351,0,0
micro,39.04,2.77,600,True,True,True,94.14604213708908,39.4646047142746,54.68143742281448,16.145588055315553,1.001256386959243,0.059688083118628193,0,0
micro,39.04,2.78,600,True,True,True,94.14604214251835,39.4646047142746,54.681437428243754,16.161742783762854,1.0005318955852358,0.05963652543870322,0,0
micro,39.04,2.79,600,False,True,True,94.14604214798794,39.4646047142746,54.68143743371334,16.177345911386915,0.9998158231070734,0.05972710301862958,0,0
micro,39.04,2.8,600,False,True,True,94.14604215349827,39.4646047142746,54.68143743922367,16.192632681865778,0.9994101647428122,0.059817603692450524,0,0
micro,39.04,2.81,600,False,True,True,94.14604215904883,39.4646047142746,54.68143744477423,16.207584744914453,0.9991410502249549,0.05980206653778553,0,0
micro,39.04,2.82,600,False,True,True,94.14604216464166,39.4646047142746,54.681437450367056,16.222028859026334,0.9988773662339645,0.05986049764893127,0,0
micro,39.04,2.83,600,False,True,True,94.14604217027502,39.4646047142746,54.681437456000424,16.2363754550817,0.998987828094322,0.05995210640653773,0,0
micro,39.04,2.84,600,False,True,True,94.14604217595068,39.4646047142746,54.68143746167608,16.250837940376492,0.9959272791757792,0.06004425909936847,0,0
micro,39.04,2.85,600,False,True,True,94.14604218166846,39.4646047142746,54.68143746739386,16.270658003335583,0.9927335816626272,0.06003433885425153,0,0
micro,39.04,2.86,600,False,True,True,94.14604218742798,39.4646047142746,54.68143747315338,16.290379963457468,0.9896822434086491,0.060093476584473136,0,0
micro,39.04,2.87,600,False,True,True,94.14604219323125,39.4646047142746,54.68143747895665,16.309451723553316,0.9866480071899889,0.06018563431366146,0,0
micro,39.04,2.88,600,False,True,True,94.14604219907675,39.4646047142746,54.681437484802146,16.32828687584187,0.9840019805076337,0.060249668751504705,0,0
micro,39.04,2.89,600,False,True,True,94.14604220496567,39.4646047142746,54.68143749069107,16.34673018802424,0.9814355097988451,0.06023918177664651,0,0
micro,39.04,2.9,600,False,True,True,94.14604221089915,39.4646047142746,54.681437496624554,16.36470057101576,0.9788831260833935,0.060335733484243634,0,0
micro,39.04,2.91,600,False,True,True,94.14604221687583,39.4646047142746,54.68143750260123,16.382556785176053,0.9767279744967864,0.06042829012928012,0,0
micro,39.05,2.61,600,False,True,True,94.14812261833534,39.4746047142746,54.67351790406074,15.964199797925033,0.9644863635215232,0.058891006561935084,0,0
micro,39.05,2.62,600,False,True,True,94.14812262354833,39.4746047142746,54.673517909273734,15.972936900712885,0.9678116007562299,0.05882957014352272,0,0
micro,39.05,2.63,600,False,True,True,94.14812262880083,39.4746047142746,54.673517914526236,15.98092954750277,0.9713478415539825,0.05891227413058545,0,0
micro,39.05,2.64,600,False,True,True,94.14812263409148,39.4746047142746,54.67351791981688,15.988923296367556,0.9751120458684558,0.058995555750692874,0,0
micro,39.05,2.65,600,False,True,True,94.1481226394219,39.4746047142746,54.6735179251473,15.99613958756549,0.9788814600183169,0.05907924904479849,0,0
micro,39.05,2.66,600,False,True,True,94.14812264479185,39.4746047142746,54.67351793051726,16.003345054077265,0.9830066343841045,0.059020156900342784,0,0
micro,39.05,2.67,600,False,True,True,94.14812265020169,39.4746047142746,54.67351793592709,16.01370139572836,0.987183381203405,0.059104734761996854,0,0
micro,39.05,2.68,600,False,True,True,94.14812265565078,39.4746047142746,54.67351794137618,16.026827081318384,0.991457321168773,0.05918986127894005,0,0
micro,39.05,2.69,600,False,True,True,94.14812266114117,39.4746047142746,54.673517946866575,16.039778114283976,0.9927034584108462,0.059275472117500325,0,0
micro,39.05,2.7,600,False,True,True,94.14812266667178,39.4746047142746,54.673517952397184,16.05203864540895,0.9940942264342575,0.05921873389991689,0,0
micro,39.05,2.71,600,False,True,True,94.14812267224394,39.4746047142746,54.673517957969345,16.064263221299875,0.9956685547090028,0.05930525902837097,0,0
micro,39.05,2.72,600,False,True,True,94.14812267785706,39.4746047142746,54.67351796358246,16.07568636262881,0.9972464212026654,0.05939230767230386,0,0
micro,39.05,2.73,600,False,True,True,94.14812268351147,39.4746047142746,54.673517969236876,16.08708061130292,0.9992197979488543,0.05947988160251565,0,0
micro,39.05,2.74,600,True,True,True,94.14812268920869,39.4746047142746,54.67351797493409,16.097849650109094,1.0012225281397389,0.059425540360836665,0,0
micro,39.05,2.75,600,True,True,True,94.1481226949469,39.4746047142746,54.67351798067231,16.10843828775655,1.0033200092436645,0.05951414028453648,0,0
micro,39.05,2.76,600,True,True,True,94.14812270072838,39.4746047142746,54.67351798645378,16.12526873491504,1.0042043153749596,0.05960318213173106,0,0
micro,39.05,2.77,600,True,True,True,94.14812270655256,39.4746047142746,54.67351799227796,16.14166955420408,1.0031715048545353,0.05969222671176147,0,0
micro,39.05,2.78,600,True,True,True,94.14812271242006,39.4746047142746,54.67351799814546,16.157845216394627,1.0024317853450162,0.05964090583735352,0,0
micro,39.05,2.79,600,True,True,True,94.14812271833055,39.4746047142746,54.67351800405596,16.173545846693457,1.0017006328167748,0.05973150232594102,0,0
micro,39.05,2.8,600,True,True,True,94.14812272428497,39.4746047142746,54.673518010010376,16.188853048321533,1.0012461160545552,0.059821834031065946,0,0
micro,39.05,2.81,600,True,True,True,94.14812273028376,39.4746047142746,54.67351801600916,16.203900775622603,1.0009624068588048,0.05987578859558714,0,0
micro,39.05,2.82,600,True,True,True,94.14812273632677,39.4746047142746,54.67351802205217,16.2183650089651,1.0006841507590418,0.05986497707289281,0,0
micro,39.05,2.83,600,True,True,True,94.14812274241493,39.4746047142746,54.67351802814033,16.232772194903532,1.0007485124112239,0.05995641338818307,0,0
micro,39.05,2.84,600,False,True,True,94.14812274854803,39.4746047142746,54.673518034273435,16.24683775187137,0.9979610899601209,0.060048574913073034,0,0
micro,39.05,2.85,600,False,True,True,94.14812275472633,39.4746047142746,54.67351804045173,16.26667888789024,0.9947144067512658,0.06003909411632181,0,0
micro,39.05,2.86,600,False,True,True,94.14812276095039,39.4746047142746,54.67351804667579,16.286421890389292,0.9916473904850477,0.060098073632737295,0,0
micro,39.05,2.87,600,False,True,True,94.14812276722108,39.4746047142746,54.673518052946484,16.305587575284203,0.9885975769814619,0.060190026913097654,0,0
micro,39.05,2.88,600,False,True,True,94.14812277353816,39.4746047142746,54.673518059263564,16.324443248782,0.9859013572060984,0.0602546802337583,0,0
micro,39.05,2.89,600,False,True,True,94.14812277990183,39.4746047142746,54.67351806562723,16.34297904081716,0.9833196334520687,0.06028082963598073,0,0
micro,39.05,2.9,600,False,True,True,94.14812278631278,39.4746047142746,54.673518072038185,16.360969666297574,0.9807523462809086,0.0603404222600619,0,0
micro,39.05,2.91,600,False,True,True,94.14812279277135,39.4746047142746,54.67351807849675,16.37887361000956,0.9785495989480631,0.06043280193921933,0,0
micro,39.06,2.61,600,False,True,True,94.15020335202554,39.4846047142746,54.66559863775094,15.960428668701727,0.9662791495669425,0.05889495353463353,0,0
micro,39.06,2.62,600,False,True,True,94.15020335764966,39.4846047142746,54.665598643375056,15.969260017523643,0.9695902644047978,0.058833567733754505,0,0
micro,39.06,2.63,600,False,True,True,94.15020336331573,39.4846047142746,54.66559864904112,15.977281078080411,0.9730792035234866,0.058916270718418505,0,0
micro,39.06,2.64,600,False,True,True,94.15020336902398,39.4846047142746,54.66559865474938,15.98529453905187,0.9768300082926792,0.05899955638951999,0,0
micro,39.06,2.65,600,False,True,True,94.1502033747741,39.4846047142746,54.66559866049949,15.992610418440504,0.980586017813569,0.05908328141997868,0,0
micro,39.06,2.66,600,False,True,True,94.15020338056684,39.4846047142746,54.66559866629223,15.999835313450582,0.984666827918286,0.05902423172366972,0,0
micro,39.06,2.67,600,False,True,True,94.15020338640322,39.4846047142746,54.66559867212862,16.009758598200655,0.9888308360810256,0.059108831962029276,0,0
micro,39.06,2.68,600,False,True,True,94.15020339228175,39.4846047142746,54.66559867800715,16.022905207159756,0.993062701233335,0.059193973531755706,0,0
micro,39.06,2.69,600,False,True,True,94.15020339820435,39.4846047142746,54.66559868392975,16.03595798840233,0.9945811527937091,0.05927960744641621,0,0
micro,39.06,2.7,600,False,True,True,94.15020340417072,39.4846047142746,54.66559868989612,16.048239113599106,0.9959222033083888,0.05922289697180309,0,0
micro,39.06,2.71,600,False,True,True,94.1502034101816,39.4846047142746,54.665598695907,16.060486374814833,0.997482137194591,0.05930945830301034,0,0
micro,39.06,2.72,600,False,True,True,94.15020341623664,39.4846047142746,54.66559870196203,16.072006408487034,0.9990456627382036,0.059396530692551755,0,0
micro,39.06,2.73,600,True,True,True,94.1502034223364,39.4846047142746,54.6655987080618,16.08342070081095,1.0009722264049155,0.05948413523851433,0,0
micro,39.06,2.74,600,True,True,True,94.15020342848193,39.4846047142746,54.66559871420733,16.094286721140623,1.0029612362325455,0.05942982136245978,0,0
micro,39.06,2.75,600,True,True,True,94.1502034346723,39.4846047142746,54.6655987203977,16.104895005386467,1.0050142279535879,0.05951842205956437,0,0
micro,39.06,2.76,600,True,True,True,94.15020344090856,39.4846047142746,54.66559872663395,16.121251357966635,1.0061723135483847,0.05960750688131885,0,0
micro,39.06,2.77,600,True,True,True,94.15020344719142,39.4846047142746,54.66559873291681,16.137751529118034,1.0050877740803212,0.05969637690709067,0,0
micro,39.06,2.78,600,True,True,True,94.1502034535204,39.4846047142746,54.6655987392458,16.15394799943065,1.0043328591380998,0.059645287417242156,0,0
micro,39.06,2.79,600,True,True,True,94.15020345989663,39.4846047142746,54.66559874562203,16.169746177076362,1.0035866071867097,0.05973590949900379,0,0
micro,39.06,2.8,600,True,True,True,94.15020346631977,39.4846047142746,54.66559875204516,16.185073765908594,1.0030832595287875,0.05982604735966378,0,0
micro,39.06,2.81,600,True,True,True,94.15020347279057,39.4846047142746,54.66559875851596,16.200216968370665,1.0027848455711148,0.05988059461411365,0,0
micro,39.06,2.82,600,True,True,True,94.15020347930916,39.4846047142746,54.66559876503455,16.21470135253661,1.0024920712269365,0.059869455988069,0,0
micro,39.06,2.83,600,True,True,True,94.15020348587609,39.4846047142746,54.66559877160149,16.229128600708233,1.0025102797365772,0.059960717183881504,0,0
micro,39.06,2.84,600,False,True,True,94.15020349249143,39.4846047142746,54.665598778216825,16.242901384186588,0.9999960299537626,0.060052894047006894,0,0
micro,39.06,2.85,600,False,True,True,94.15020349915602,39.4846047142746,54.66559878488142,16.26270058409637,0.996696347583283,0.06004384623828356,0,0
micro,39.06,2.86,600,False,True,True,94.15020350587001,39.4846047142746,54.66559879159541,16.282464652325494,0.9936136468138884,0.06010267108912741,0,0
micro,39.06,2.87,600,False,True,True,94.15020351263323,39.4846047142746,54.66559879835862,16.30172421364034,0.9905482747561916,0.06019442786726025,0,0
micro,39.06,2.88,600,False,True,True,94.15020351944736,39.4846047142746,54.665598805172756,16.32060034873704,0.9878016830815806,0.06028880164360706,0,0
micro,39.06,2.89,600,False,True,True,94.1502035263115,39.4846047142746,54.6655988120369,16.339228651943955,0.985204780686794,0.06028570222873935,0,0
micro,39.06,2.9,600,False,True,True,94.1502035332265,39.4846047142746,54.6655988189519,16.35723944359668,0.9826226098417474,0.060345120716926735,0,0
micro,39.06,2.91,600,False,True,True,94.15020354019296,39.4846047142746,54.66559882591836,16.3751635551059,0.9803722462017167,0.060437319207975924,0,0
micro,39.07,2.61,600,False,True,True,94.15228425592257,39.4946047142746,54.657679541647965,15.956657371434396,0.9680731246311179,0.05889890908408778,0,0
micro,39.07,2.62,600,False,True,True,94.15228426198018,39.4946047142746,54.657679547705584,15.965508981679804,0.9713702738270252,0.05883755436986231,0,0
micro,39.07,2.63,600,False,True,True,94.1522842680826,39.4946047142746,54.657679553807995,15.973632160873292,0.9748118576249989,0.05892027917355672,0,0
micro,39.07,2.64,600,False,True,True,94.15228427422988,39.4946047142746,54.657679559955284,15.981665335664562,0.9785492588024913,0.0590035618555265,0,0
micro,39.07,2.65,600,False,True,True,94.15228428042263,39.4946047142746,54.65767956614803,15.989080903840627,0.9822918157058861,0.05908732704237117,0,0
micro,39.07,2.66,600,False,True,True,94.15228428666134,39.4946047142746,54.65767957238674,15.996325215766303,0.986328213225285,0.059171597144584274,0,0
micro,39.07,2.67,600,False,True,True,94.15228429294649,39.4946047142746,54.65767957867189,16.00581593604619,0.9904794507168145,0.05911293191538374,0,0
micro,39.07,2.68,600,False,True,True,94.15228429927805,39.4946047142746,54.65767958500345,16.018983431372817,0.9946691978701978,0.05919808145261081,0,0
micro,39.07,2.69,600,False,True,True,94.15228430565595,39.4946047142746,54.65767959138135,16.032112188951523,0.9964601227990713,0.059283747934748436,0,0
micro,39.07,2.7,600,False,True,True,94.15228431208232,39.4946047142746,54.657679597807714,16.04443965647162,0.9977514149335401,0.05936993783176304,0,0
micro,39.07,2.71,600,False,True,True,94.15228431855509,39.4946047142746,54.65767960428049,16.056707294019482,0.999296906699594,0.059313663644619395,0,0
micro,39.07,2.72,600,True,True,True,94.15228432507601,39.4946047142746,54.65767961080141,16.068326555800905,1.0008460647223196,0.059400761843122964,0,0
micro,39.07,2.73,600,True,True,True,94.15228433164486,39.4946047142746,54.65767961737026,16.07976071368268,1.0027258297558947,0.05948838675699516,0,0
micro,39.07,2.74,600,True,True,True,94.15228433826285,39.4946047142746,54.657679623988244,16.09072369357432,1.004701074372512,0.05946686321680223,0,0
micro,39.07,2.75,600,True,True,True,94.15228434492977,39.4946047142746,54.65767963065517,16.10135165560665,1.0067095253822467,0.05952268952415647,0,0
micro,39.07,2.76,600,True,True,True,94.15228435164549,39.4946047142746,54.65767963737089,16.11723444255309,1.0081415669551377,0.059611834346086905,0,0
micro,39.07,2.77,600,True,True,True,94.15228435841158,39.4946047142746,54.65767964413698,16.133834003513265,1.007005228171927,0.05970055286198093,0,0
micro,39.07,2.78,600,True,True,True,94.15228436522719,39.4946047142746,54.65767965095259,16.15005114402824,1.0062351661610365,0.05968360028189827,0,0
micro,39.07,2.79,600,True,True,True,94.15228437209359,39.4946047142746,54.65767965781899,16.16594687334535,1.0054737091947343,0.05974009909158774,0,0
micro,39.07,2.8,600,True,True,True,94.15228437901021,39.4946047142746,54.65767966473561,16.181294961690547,1.0049214084581617,0.0598302577922476,0,0
micro,39.07,2.81,600,True,True,True,94.15228438597882,39.4946047142746,54.657679671704216,16.196533575280416,1.0046083524652596,0.059920907459848585,0,0
micro,39.07,2.82,600,True,True,True,94.15228439299848,39.4946047142746,54.65767967872388,16.211037928500886,1.0043011442864782,0.059873944167426744,0,0
micro,39.07,2.83,600,True,True,True,94.15228440007002,39.4946047142746,54.657679685795415,16.225485180891873,1.0042731381842378,0.05996502335988691,0,0
micro,39.07,2.84,600,True,True,True,94.15228440719416,39.4946047142746,54.65767969291956,16.23935133700853,1.002032177129567,0.060057217296082335,0,0
micro,39.07,2.85,600,False,True,True,94.15228441437097,39.4946047142746,54.65767970009637,16.25872321278062,0.9986794214525153,0.06011948361321347,0,0
micro,39.07,2.86,600,False,True,True,94.15228442160102,39.4946047142746,54.65767970732642,16.27850826816823,0.9955810007747095,0.06010726248125358,0,0
micro,39.07,2.87,600,False,True,True,94.1522844288841,39.4946047142746,54.6576797146095,16.297861595748557,0.9925000413570375,0.060198821126964924,0,0
micro,39.07,2.88,600,False,True,True,94.15228443622128,39.4946047142746,54.65767972194668,16.3167583104613,0.9897029811053024,0.060293236771713804,0,0
micro,39.07,2.89,600,False,True,True,94.15228444361257,39.4946047142746,54.65767972933797,16.33547890458552,0.9870910090062216,0.060290569172686714,0,0
micro,39.07,2.9,600,False,True,True,94.15228445105909,39.4946047142746,54.65767973678449,16.35350996790737,0.9844938814404118,0.06034980915341212,0,0
micro,39.07,2.91,600,False,True,True,94.15228445856049,39.4946047142746,54.657679744285886,16.37145416444705,0.9821958138986271,0.060441827377514065,0,0
micro,39.08,2.61,600,False,True,True,94.15436532726054,39.5046047142746,54.649760612985936,15.952885972879947,0.9698682716143666,0.058902867247193964,0,0
micro,39.08,2.62,600,False,True,True,94.15436533377391,39.5046047142746,54.64976061949931,15.961757568342145,0.9731517042793077,0.0589852359527548,0,0
micro,39.08,2.63,600,False,True,True,94.15436534033562,39.5046047142746,54.64976062606102,15.969982802413366,0.9765458248691522,0.05892429251711538,0,0
micro,39.08,2.64,600,False,True,True,94.15436534694581,39.5046047142746,54.64976063267121,15.97803578173222,0.9802697485360008,0.05900757167958082,0,0
micro,39.08,2.65,600,False,True,True,94.1543653536048,39.5046047142746,54.649760639330204,15.985550907259727,0.9839989168513166,0.05909137015846664,0,0
micro,39.08,2.66,600,False,True,True,94.15436536031334,39.5046047142746,54.649760646038736,15.992814572884729,0.9879908120150269,0.05917567605104477,0,0
micro,39.08,2.67,600,False,True,True,94.15436536707134,39.5046047142746,54.649760652796736,16.001870104567132,0.9921292061841275,0.05911705032941953,0,0
micro,39.08,2.68,600,False,True,True,94.1543653738793,39.5046047142746,54.6497606596047,16.01506186703996,0.9962767690107313,0.0592022089401566,0,0
micro,39.08,2.69,600,False,True,True,94.15436538073763,39.5046047142746,54.64976066646303,16.028211337955707,0.99834031905586,0.05928789245269519,0,0
micro,39.08,2.7,600,False,True,True,94.15436538764666,39.5046047142746,54.649760673372064,16.040640103186202,0.9995819425430373,0.05937410870557971,0,0
micro,39.08,2.71,600,True,True,True,94.15436539460715,39.5046047142746,54.649760680332555,16.05292831423713,1.0011128730964982,0.059317852937429576,0,0
micro,39.08,2.72,600,True,True,True,94.15436540161858,39.5046047142746,54.64976068734398,16.064646705152395,1.0026476531817465,0.05940500071748935,0,0
micro,39.08,2.73,600,True,True,True,94.15436540868164,39.5046047142746,54.64976069440704,16.076100859841233,1.00448054036486,0.0594926422491675,0,0
micro,39.08,2.74,600,True,True,True,94.15436541579747,39.5046047142746,54.64976070152287,16.087160669641452,1.0064420185411103,0.05957991635406481,0,0
micro,39.08,2.75,600,True,True,True,94.15436542296538,39.5046047142746,54.649760708690785,16.09780813354029,1.0084059429295726,0.059526962309867995,0,0
micro,39.08,2.76,600,True,True,True,94.15436543018663,39.5046047142746,54.64976071591203,16.113218064197646,1.010112043525816,0.05961605473609149,0,0
micro,39.08,2.77,600,True,True,True,94.15436543746148,39.5046047142746,54.64976072318688,16.129916732365086,1.0089239473646048,0.059704727651419875,0,0
micro,39.08,2.78,600,True,True,True,94.15436544478958,39.5046047142746,54.64976073051498,16.146154863801648,1.0081385982555338,0.059688174132003044,0,0
micro,39.08,2.79,600,True,True,True,94.15436545217209,39.5046047142746,54.64976073789749,16.162147893534005,1.0073619849856628,0.059744281039371794,0,0
micro,39.08,2.8,600,True,True,True,94.15436545960875,39.5046047142746,54.649760745334156,16.177516433098592,1.006760584464712,0.05983445002703638,0,0
micro,39.08,2.81,600,True,True,True,94.15436546710123,39.5046047142746,54.64976075282663,16.192822526538492,1.0064329387102622,0.059925170797368865,0,0
micro,39.08,2.82,600,True,True,True,94.15436547464829,39.5046047142746,54.64976076037369,16.207374884440128,1.0061113013227847,0.059913924959823894,0,0
micro,39.08,2.83,600,True,True,True,94.15436548225138,39.5046047142746,54.64976076797678,16.22184201148616,1.006037102836396,0.0599693084404173,0,0
micro,39.08,2.84,600,True,True,True,94.15436548991126,39.5046047142746,54.64976077563666,16.2358013619717,1.0040695451383097,0.060061561374395625,0,0
micro,39.08,2.85,600,True,True,True,94.1543654976268,39.5046047142746,54.6497607833522,16.254746685958217,1.0006636061347098,0.060124383373409106,0,0
micro,39.08,2.86,600,False,True,True,94.1543655054003,39.5046047142746,54.64976079112571,16.274552671148392,0.9975495559566977,0.06011183621102942,0,0
micro,39.08,2.87,600,False,True,True,94.15436551323121,39.5046047142746,54.64976079895661,16.293999690724963,0.9944529291230899,0.0602032210043835,0,0
micro,39.08,2.88,600,False,True,True,94.15436552111939,39.5046047142746,54.64976080684479,16.312917141397087,0.9916052609027991,0.060297665873008215,0,0
micro,39.08,2.89,600,False,True,True,94.15436552906601,39.5046047142746,54.649760814791414,16.33172978577272,0.9889783163472243,0.060295423501294104,0,0
micro,39.08,2.9,600,False,True,True,94.15436553707183,39.5046047142746,54.64976082279723,16.349781217857643,0.9863661581756601,0.0603545007559325,0,0
micro,39.08,2.91,600,False,True,True,94.15436554513651,39.5046047142746,54.649760830861915,16.367745513096526,0.9840203132612381,0.0604463498091488,0,0
micro,39.09,2.61,600,False,True,True,94.15644656544302,39.514604714274604,54.641841851168415,15.949114346161984,0.9716647648172362,0.058906802032315755,0,0
micro,39.09,2.62,600,False,True,True,94.1564465724364,39.514604714274604,54.64184185816179,15.958006001897875,0.9749342682409556,0.05898922730083718,0,0
micro,39.09,2.63,600,False,True,True,94.15644657948157,39.514604714274604,54.64184186520696,15.966333190821661,0.9782810541504504,0.05892831401292718,0,0
micro,39.09,2.64,600,False,True,True,94.15644658657875,39.514604714274604,54.64184187230415,15.974406022521416,0.9819914515602433,0.05901159192615435,0,0
micro,39.09,2.65,600,False,True,True,94.15644659372865,39.514604714274604,54.64184187945404,15.982020422089473,0.985707287299427,0.05909541526993272,0,0
micro,39.09,2.66,600,False,True,True,94.15644660093137,39.514604714274604,54.64184188665677,15.989303436686564,0.9896546363713712,0.05917974304768271,0,0
micro,39.09,2.67,600,False,True,True,94.15644660818688,39.514604714274604,54.64184189391228,15.99784530084774,0.9937801701330887,0.05912116741204369,0,0
micro,39.09,2.68,600,False,True,True,94.15644661549644,39.514604714274604,54.64184190122183,16.01114045605455,0.9979070400413179,0.05920633635400434,0,0
micro,39.09,2.69,600,True,True,True,94.1564466228601,39.514604714274604,54.6418419085855,16.024310697984387,1.0002217077506093,0.059292037542216396,0,0
micro,39.09,2.7,600,True,True,True,94.15644663027788,39.514604714274604,54.64184191600328,16.036840646297865,1.0014136609327644,0.05937827259688259,0,0
micro,39.09,2.71,600,True,True,True,94.15644663775034,39.514604714274604,54.64184192347573,16.049149304872763,1.002930092427695,0.059322053775381654,0,0
micro,39.09,2.72,600,True,True,True,94.15644664527795,39.514604714274604,54.64184193100335,16.060966780609384,1.0044504888558428,0.059409242351149076,0,0
micro,39.09,2.73,600,True,True,True,94.15644665286123,39.514604714274604,54.64184193858663,16.072440900461793,1.0062364679677545,0.05949680442776836,0,0
micro,39.09,2.74,600,True,True,True,94.15644666050093,39.514604714274604,54.64184194622633,16.083597516357305,1.0081841289939109,0.059583973301900905,0,0
micro,39.09,2.75,600,True,True,True,94.15644666819679,39.514604714274604,54.64184195392219,16.094264569293216,1.0101325485030772,0.059531256526975274,0,0
micro,39.09,2.76,600,True,True,True,94.15644667594951,39.514604714274604,54.641841961674906,16.10920214383742,1.0120837428069775,0.05962015622007919,0,0
micro,39.09,2.77,600,True,True,True,94.15644668375906,39.514604714274604,54.64184196948445,16.125999908986433,1.0108438024611222,0.059708878961545093,0,0
micro,39.09,2.78,600,True,True,True,94.15644669162708,39.514604714274604,54.64184197735248,16.142258957609897,1.0100431882557013,0.05969274540481975,0,0
micro,39.09,2.79,600,True,True,True,94.15644669955283,39.514604714274604,54.641841985278226,16.158349281623895,1.0092512346567066,0.05974910931526845,0,0
micro,39.09,2.8,600,True,True,True,94.15644670753684,39.514604714274604,54.64184199326224,16.173738261793673,1.0086008455816404,0.05983864778500861,0,0
micro,39.09,2.81,600,True,True,True,94.15644671557997,39.514604714274604,54.64184200130537,16.18906477700683,1.0082586047781363,0.059929414114706855,0,0
micro,39.09,2.82,600,True,True,True,94.15644672368245,39.514604714274604,54.641842009407846,16.203712171425728,1.0079225085392027,0.05991857141767798,0,0
micro,39.09,2.83,600,True,True,True,94.15644673184528,39.514604714274604,54.641842017570674,16.21819923287708,1.00780210754613,0.0599757425437759,0,0
micro,39.09,2.84,600,True,True,True,94.15644674006793,39.514604714274604,54.64184202579333,16.232251513929487,1.0061081157744352,0.06006590295949018,0,0
micro,39.09,2.85,600,True,True,True,94.15644674835121,39.514604714274604,54.64184203407661,16.25077095977551,1.0026489170054187,0.06012928906460325,0,0
micro,39.09,2.86,600,False,True,True,94.15644675669563,39.514604714274604,54.641842042421025,16.270597904950243,0.9995192041670836,0.060116401933663965,0,0
micro,39.09,2.87,600,False,True,True,94.15644676510227,39.514604714274604,54.64184205082767,16.290138585114384,0.9964068780619122,0.06021138357098224,0,0
micro,39.09,2.88,600,False,True,True,94.15644677357085,39.514604714274604,54.641842059296245,16.309076682151417,0.9935086505669222,0.06030209796736771,0,0
micro,39.09,2.89,600,False,True,True,94.15644678210154,39.514604714274604,54.641842067826936,16.32792179191368,0.9908667094241664,0.060300274989466454,0,0
micro,39.09,2.9,600,False,True,True,94.1564467906964,39.514604714274604,54.6418420764218,16.346053060413585,0.9882395241660358,0.060359186558245674,0,0
micro,39.09,2.91,600,False,True,True,94.15644679935417,39.514604714274604,54.64184208507957,16.364037562099785,0.9858458214774741,0.06045086739768933,0,0
micro,39.1,2.61,600,False,True,True,94.15852796663373,39.5246047142746,54.633923252359125,15.945342500947111,0.9734626360624421,0.05891072846585489,0,0
micro,39.1,2.62,600,False,True,True,94.15852797413154,39.5246047142746,54.63392325985694,15.954254328171345,0.9767180377339695,0.0589932101130588,0,0
micro,39.1,2.63,600,False,True,True,94.15852798168548,39.5246047142746,54.63392326741088,15.962683257472692,0.9800176026875589,0.05893233501135377,0,0
micro,39.1,2.64,600,False,True,True,94.15852798929541,39.5246047142746,54.633923275020805,15.97077597788349,0.9837144337834807,0.059015608400489514,0,0
micro,39.1,2.65,600,False,True,True,94.1585279969606,39.5246047142746,54.633923282686,15.97848957141888,0.9874168928004143,0.05909947880529803,0,0
micro,39.1,2.66,600,False,True,True,94.15852800468292,39.5246047142746,54.63392329040832,15.985791896065882,0.9913196772067637,0.05918380001019078,0,0
micro,39.1,2.67,600,False,True,True,94.15852801246226,39.5246047142746,54.63392329818765,15.993820447770299,0.9954323789817334,0.05912525977893574,0,0
micro,39.1,2.68,600,False,True,True,94.15852802029902,39.5246047142746,54.633923306024414,16.007219202336465,0.9995464023903851,0.05921046248690586,0,0
micro,39.1,2.69,600,True,True,True,94.15852802819334,39.5246047142746,54.63392331391874,16.02041024577032,1.0021042179117858,0.05929618637948334,0,0
micro,39.1,2.7,600,True,True,True,94.15852803614574,39.5246047142746,54.63392332187114,16.033041357695723,1.0032465401536836,0.059382265376553306,0,0
micro,39.1,2.71,600,True,True,True,94.15852804415802,39.5246047142746,54.633923329883416,16.045370335202346,1.0047485070171487,0.05932626627864155,0,0
micro,39.1,2.72,600,True,True,True,94.15852805222828,39.5246047142746,54.633923337953675,16.057286814885956,1.0062545189425343,0.05941346144399432,0,0
micro,39.1,2.73,600,True,True,True,94.15852806035879,39.5246047142746,54.63392334608419,16.068780957543503,1.0079935137059255,0.05950084645624667,0,0
micro,39.1,2.74,600,True,True,True,94.15852806854843,39.5246047142746,54.63392335427383,16.0800342576821,1.0099272708769662,0.05958803526611393,0,0
micro,39.1,2.75,600,True,True,True,94.15852807679944,39.5246047142746,54.63392336252484,16.090720968857884,1.0118619052342888,0.059535559975937395,0,0
micro,39.1,2.76,600,True,True,True,94.15852808511104,39.5246047142746,54.63392337083644,16.105186722779933,1.0140565952352192,0.059624262578907385,0,0
micro,39.1,2.77,600,True,True,True,94.15852809348377,39.5246047142746,54.633923379209165,16.122083524509772,1.012772595429865,0.05971301401480491,0,0
micro,39.1,2.78,600,True,True,True,94.1585281019184,39.5246047142746,54.633923387643804,16.138363380231947,1.011948756408636,0.059767137041992345,0,0
micro,39.1,2.79,600,True,True,True,94.1585281104149,39.5246047142746,54.633923396140304,16.154550942800963,1.0111416799349078,0.05975349530650142,0,0
micro,39.1,2.8,600,True,True,True,94.1585281189745,39.5246047142746,54.6339234046999,16.16996056993774,1.0104421499874296,0.05984285370180751,0,0
micro,39.1,2.81,600,True,True,True,94.158528127597,39.5246047142746,54.63392341332239,16.185307398529314,1.0100853758256445,0.05993364288002686,0,0
micro,39.1,2.82,600,True,True,True,94.15852813628373,39.5246047142746,54.63392342200913,16.200049816772108,1.009734797281819,0.059923233790732125,0,0
micro,39.1,2.83,600,True,True,True,94.15852814503431,39.5246047142746,54.63392343075971,16.214556785635693,1.0095681239804934,0.05998023633150061,0,0
micro,39.1,2.84,600,True,True,True,94.15852815384912,39.5246047142746,54.63392343957452,16.228701971186673,1.0081477620043948,0.06007023902815719,0,0
micro,39.1,2.85,600,True,True,True,94.15852816272917,39.5246047142746,54.63392344845457,16.246796088037954,1.0046353556805445,0.060163103849306336,0,0
micro,39.1,2.86,600,True,True,True,94.15852817167489,39.5246047142746,54.633923457400286,16.2666440132081,1.001489922259403,0.060158407042988006,0,0
micro,39.1,2.87,600,False,True,True,94.15852818068667,39.5246047142746,54.63392346641207,16.286278154389773,0.9983617801850949,0.06021599086715021,0,0
micro,39.1,2.88,600,False,True,True,94.15852818976522,39.5246047142746,54.63392347549062,16.305236992109645,0.9954131376940871,0.06030653353812068,0,0
micro,39.1,2.89,600,False,True,True,94.15852819891043,39.5246047142746,54.63392348463583,16.324102486627222,0.9927561729878146,0.06037807969967054,0,0
micro,39.1,2.9,600,False,True,True,94.15852820812376,39.5246047142746,54.63392349384915,16.34232556849658,0.9901139749391545,0.06036385540043619,0,0
micro,39.1,2.91,600,False,True,True,94.15852821740434,39.5246047142746,54.633923503129736,16.360330239803258,0.9876723686348194,0.06046114780219585,0,0
micro,39.11,2.61,600,False,True,True,94.1606095313329,39.5346047142746,54.626004817058295,15.941570496333137,0.9752618354124707,0.058914653741301844,0,0
micro,39.11,2.62,600,False,True,True,94.16060953936136,39.5346047142746,54.62600482508676,15.950502519845795,0.9785030774749622,0.058997171019263786,0,0
micro,39.11,2.63,600,False,True,True,94.16060954744901,39.5346047142746,54.62600483317441,15.959033131027816,0.9817551886467596,0.05893634975372988,0,0
micro,39.11,2.64,600,False,True,True,94.16060955559662,39.5346047142746,54.62600484132202,15.967145453949893,0.9854387096228844,0.059019646307700256,0,0
micro,39.11,2.65,600,False,True,True,94.16060956380464,39.5346047142746,54.62600484953004,15.97495846301935,0.9891277278834477,0.05910353467849995,0,0
micro,39.11,2.66,600,False,True,True,94.16060957207284,39.5346047142746,54.62600485779824,15.982280120411843,0.9929858808913498,0.05918786478318354,0,0
micro,39.11,2.67,600,False,True,True,94.16060958040211,39.5346047142746,54.62600486612751,15.989795794819818,0.9970857791918799,0.05912935006056341,0,0
micro,39.11,2.68,600,True,True,True,94.16060958879277,39.5346047142746,54.626004874518166,16.003297946830855,1.0011869622667997,0.059214611803040614,0,0
micro,39.11,2.69,600,True,True,True,94.16060959724534,39.5346047142746,54.62600488297074,16.016509845450027,1.0039880677651087,0.05930034423500736,0,0
micro,39.11,2.7,600,True,True,True,94.16060960576014,39.5346047142746,54.62600489148554,16.029242269265527,1.0050804170409606,0.05938623202615982,0,0
micro,39.11,2.71,600,True,True,True,94.16060961433746,39.5346047142746,54.62600490006286,16.041591516409948,1.0065680461535305,0.05933047066425535,0,0
micro,39.11,2.72,600,True,True,True,94.160609622979,39.5346047142746,54.626004908704395,16.053606864203715,1.0080596216095161,0.05941766868230351,0,0
micro,39.11,2.73,600,True,True,True,94.16060963168376,39.5346047142746,54.626004917409155,16.06512102842383,1.0097516861566833,0.05950488263630218,0,0
micro,39.11,2.74,600,True,True,True,94.16060964045222,39.5346047142746,54.62600492617762,16.076471025934175,1.0116714962025997,0.05959210481013116,0,0
micro,39.11,2.75,600,True,True,True,94.16060964928606,39.5346047142746,54.62600493501146,16.087177207990877,1.0135923244598577,0.05953986319125367,0,0
micro,39.11,2.76,600,True,True,True,94.16060965818428,39.5346047142746,54.626004943909685,16.101171968908723,1.0158228472929864,0.05962837220563059,0,0
micro,39.11,2.77,600,True,True,True,94.16060966714858,39.5346047142746,54.62600495287398,16.118167692026535,1.0147306952599804,0.0597171411002669,0,0
micro,39.11,2.78,600,True,True,True,94.1606096761791,39.5346047142746,54.626004961904506,16.134468290131654,1.0138554778601885,0.05980637176333594,0,0
micro,39.11,2.79,600,True,True,True,94.16060968527616,39.5346047142746,54.62600497100156,16.1507006195209,1.0130332677589677,0.05975787200715482,0,0
micro,39.11,2.8,600,True,True,True,94.16060969444001,39.5346047142746,54.62600498016541,16.166183059828313,1.0122846555737703,0.059847070805831466,0,0
micro,39.11,2.81,600,True,True,True,94.16060970367161,39.5346047142746,54.62600498939701,16.18155030022279,1.0119132878431867,0.05993788154093739,0,0
micro,39.11,2.82,600,True,True,True,94.16060971297074,39.5346047142746,54.62600499869614,16.196387660576775,1.0115482031764846,0.059927904859000694,0,0
micro,39.11,2.83,600,True,True,True,94.16060972233949,39.5346047142746,54.62600500806489,16.21091466529254,1.0113351756347932,0.05998470955556126,0,0
micro,39.11,2.84,600,True,True,True,94.16060973177652,39.5346047142746,54.62600501750192,16.225152592078917,1.010188550846372,0.06007456857292106,0,0
micro,39.11,2.85,600,True,True,True,94.16060974128351,39.5346047142746,54.62600502700891,16.242821918477727,1.00662296713738,0.06016745188811432,0,0
micro,39.11,2.86,600,True,True,True,94.16060975086071,39.5346047142746,54.626005036586115,16.262691032047023,1.003461720438799,0.06016318361969688,0,0
micro,39.11,2.87,600,True,True,True,94.16060976050832,39.5346047142746,54.62600504623372,16.282418311469634,1.0003178239533461,0.06022060513329909,0,0
micro,39.11,2.88,600,False,True,True,94.16060977022754,39.5346047142746,54.62600505595294,16.301397950435675,0.9973187209094038,0.060310973691156934,0,0
micro,39.11,2.89,600,False,True,True,94.16060978001781,39.5346047142746,54.62600506574321,16.32028411976127,0.9946466107212567,0.06038311683689208,0,0
micro,39.11,2.9,600,False,True,True,94.16060978988088,39.5346047142746,54.62600507560628,16.338598673909257,0.9919895189259637,0.06040783849745319,0,0
micro,39.11,2.91,600,False,True,True,94.16060979981694,39.5346047142746,54.62600508554234,16.356623587251498,0.9894999220374041,0.060465866717113265,0,0
micro,39.12,2.61,600,False,True,True,94.16269125788114,39.5446047142746,54.61808654360654,15.937798085063426,0.977062390304008,0.05891860263235717,0,0
micro,39.12,2.62,600,False,True,True,94.16269126646687,39.5446047142746,54.61808655219227,15.94675042932434,0.9802894462312656,0.05900113179071099,0,0
micro,39.12,2.63,600,False,True,True,94.16269127511528,39.5446047142746,54.61808656084068,15.955382764398271,0.9835258415131011,0.05894035167902871,0,0
micro,39.12,2.64,600,False,True,True,94.1626912838279,39.5446047142746,54.6180865695533,15.963514726507867,0.9871642049351669,0.05902370030868561,0,0
micro,39.12,2.65,600,False,True,True,94.16269129260463,39.5446047142746,54.618086578330036,15.971426986862785,0.9908398217531342,0.059107568807056206,0,0
micro,39.12,2.66,600,False,True,True,94.16269130144651,39.5446047142746,54.618086587171916,15.97876805552945,0.9946532372681329,0.05919193236874436,0,0
micro,39.12,2.67,600,False,True,True,94.16269131035267,39.5446047142746,54.61808659607807,15.986015415161903,0.998740360116014,0.05927626183749422,0,0
micro,39.12,2.68,600,True,True,True,94.16269131932515,39.5446047142746,54.61808660505055,15.999376705198005,1.0028287837138417,0.059218738449784016,0,0
micro,39.12,2.69,600,True,True,True,94.16269132836385,39.5446047142746,54.61808661408925,16.01260945393787,1.005873206946994,0.05930449974809027,0,0
micro,39.12,2.7,600,True,True,True,94.16269133746839,39.5446047142746,54.61808662319379,16.02544312608443,1.0069155993780012,0.059390200474236744,0,0
micro,39.12,2.71,600,True,True,True,94.1626913466405,39.5446047142746,54.6180866323659,16.03781278151425,1.0083886806517843,0.059368319986328515,0,0
micro,39.12,2.72,600,True,True,True,94.16269135588044,39.5446047142746,54.61808664160584,16.049927036535244,1.0098658388009956,0.059421867622464264,0,0
micro,39.12,2.73,600,True,True,True,94.16269136518805,39.5446047142746,54.618086650913455,16.061461087930013,1.0115108618321713,0.0595089156247553,0,0
micro,39.12,2.74,600,True,True,True,94.16269137456437,39.5446047142746,54.61808666028978,16.07290762722518,1.0134168561773154,0.05959617835597124,0,0
micro,39.12,2.75,600,True,True,True,94.16269138400988,39.5446047142746,54.61808666973528,16.08363348629024,1.0153238470256247,0.059544169760393124,0,0
micro,39.12,2.76,600,True,True,True,94.16269139352468,39.5446047142746,54.618086679250084,16.09715784596075,1.0175101142441454,0.05963248826917808,0,0
micro,39.12,2.77,600,True,True,True,94.1626914031101,39.5446047142746,54.618086688835504,16.11425226386221,1.016690038226944,0.059721265122360256,0,0
micro,39.12,2.78,600,True,True,True,94.16269141276562,39.5446047142746,54.61808669849103,16.130573585344422,1.0157634117684275,0.05981055054566411,0,0
micro,39.12,2.79,600,True,True,True,94.16269142249226,39.5446047142746,54.61808670821766,16.146826651324925,1.014926011615154,0.059762266060758754,0,0
micro,39.12,2.8,600,True,True,True,94.1626914322914,39.5446047142746,54.6180867180168,16.16240576546377,1.0141283199775668,0.059851308090662386,0,0
micro,39.12,2.81,600,True,True,True,94.1626914421615,39.5446047142746,54.618086727886904,16.177793508186216,1.013742339053122,0.05994212997716315,0,0
micro,39.12,2.82,600,True,True,True,94.16269145210507,39.5446047142746,54.61808673783047,16.192725683644074,1.013362708359449,0.06000398514951778,0,0
micro,39.12,2.83,600,True,True,True,94.1626914621218,39.5446047142746,54.6180867478472,16.207272837587258,1.013103252619906,0.059989173250765415,0,0
micro,39.12,2.84,600,True,True,True,94.1626914722122,39.5446047142746,54.618086757937604,16.221603560977375,1.0122304122655288,0.060078885766226595,0,0
micro,39.12,2.85,600,True,True,True,94.16269148237727,39.5446047142746,54.61808676810267,16.238848749504506,1.0086116491168589,0.060171791982278434,0,0
micro,39.12,2.86,600,True,True,True,94.16269149261703,39.5446047142746,54.61808677834243,16.25873885891754,1.0054345680801657,0.060167939880926634,0,0
micro,39.12,2.87,600,True,True,True,94.16269150293235,39.5446047142746,54.61808678865775,16.278529344323843,1.0022749118274568,0.06022520987442328,0,0
micro,39.12,2.88,600,False,True,True,94.1626915133238,39.5446047142746,54.618086799049195,16.297559459312446,0.9992253897254829,0.06031540390634594,0,0
micro,39.12,2.89,600,False,True,True,94.16269152379172,39.5446047142746,54.61808680951712,16.31646648443138,0.9965380972049059,0.06038813519581444,0,0
micro,39.12,2.9,600,False,True,True,94.16269153433754,39.5446047142746,54.61808682006294,16.334872445928426,0.9938659247410465,0.06041273109454712,0,0
micro,39.12,2.91,600,False,True,True,94.16269154495994,39.5446047142746,54.61808683068534,16.352917621244185,0.9913284713928069,0.06047058793870345,0,0
micro,39.13,2.61,600,False,True,True,94.16477314354368,39.5546047142746,54.61016842926908,15.934025577485814,0.9788642290170185,0.05892257129927637,0,0
micro,39.13,2.62,600,False,True,True,94.16477315271337,39.5546047142746,54.61016843843876,15.942997987628209,0.9820771845199718,0.05900511191341866,0,0
micro,39.13,2.63,600,False,True,True,94.16477316195089,39.5546047142746,54.61016844767629,15.951732113587825,0.9852994973893787,0.05908809363508538,0,0
micro,39.13,2.64,600,False,True,True,94.16477317125592,39.5546047142746,54.61016845698131,15.959883762030474,0.9888907687972234,0.059027748717997174,0,0
micro,39.13,2.65,600,False,True,True,94.16477318062942,39.5546047142746,54.61016846635482,15.96789518387082,0.9925529901383037,0.05911159634760496,0,0
micro,39.13,2.66,600,False,True,True,94.16477319007254,39.5546047142746,54.610168475797934,15.975255604270927,0.9963218252829141,0.059195983985311104,0,0
micro,39.13,2.67,600,True,True,True,94.16477319958449,39.5546047142746,54.610168485309885,15.98259956606574,1.0003960089762274,0.0592801414986114,0,0
micro,39.13,2.68,600,True,True,True,94.16477320916688,39.5546047142746,54.61016849489228,15.995455729969992,1.0044717690808174,0.059222850291566785,0,0
micro,39.13,2.69,600,True,True,True,94.16477321882005,39.5546047142746,54.61016850454544,16.008709252201644,1.007759600698918,0.0593086533532842,0,0
micro,39.13,2.7,600,True,True,True,94.16477322854401,39.5546047142746,54.610168514269404,16.02164388538886,1.008765610788864,0.05939416926408344,0,0
micro,39.13,2.71,600,True,True,True,94.16477323833975,39.5546047142746,54.610168524065145,16.034034009720276,1.0102105720810186,0.05948002290267599,0,0
micro,39.13,2.72,600,True,True,True,94.16477324820758,39.5546047142746,54.61016853393298,16.046247137690425,1.0116732567628084,0.05942607533685588,0,0
micro,39.13,2.73,600,True,True,True,94.16477325814785,39.5546047142746,54.61016854387324,16.057801128414393,1.0132712196442135,0.05951294547985254,0,0
micro,39.13,2.74,600,True,True,True,94.1647732681614,39.5546047142746,54.610168553886794,16.06932432931733,1.0151633715234922,0.059600252968772534,0,0
micro,39.13,2.75,600,True,True,True,94.1647732782489,39.5546047142746,54.6101685639743,16.080089701702526,1.017056518000129,0.05958341949499683,0,0
micro,39.13,2.76,600,True,True,True,94.16477328841019,39.5546047142746,54.610168574135585,16.093144216509202,1.0191985093338263,0.05963659859551915,0,0
micro,39.13,2.77,600,True,True,True,94.16477329864634,39.5546047142746,54.610168584371735,16.110308651329714,1.0186506100642918,0.059725385033161944,0,0
micro,39.13,2.78,600,True,True,True,94.1647733089583,39.5546047142746,54.6101685946837,16.1266795109794,1.0176724630539407,0.059814725631934074,0,0
micro,39.13,2.79,600,True,True,True,94.16477331934567,39.5546047142746,54.61016860507107,16.142953277037364,1.0168198714848211,0.05980282232060218,0,0
micro,39.13,2.8,600,True,True,True,94.16477332981025,39.5546047142746,54.61016861553564,16.158628907456116,1.0159764910813434,0.059855547434222924,0,0
micro,39.13,2.81,600,True,True,True,94.16477334035135,39.5546047142746,54.61016862607674,16.17403690216997,1.0155725296684426,0.059946385567674954,0,0
micro,39.13,2.82,600,True,True,True,94.16477335096991,39.5546047142746,54.610168636695306,16.18906405312698,1.0151782922271837,0.060037765337755844,0,0
micro,39.13,2.83,600,True,True,True,94.16477336166689,39.5546047142746,54.610168647392285,16.203631071301764,1.0148724354683383,0.05999367463772266,0,0
micro,39.13,2.84,600,True,True,True,94.16477337244275,39.5546047142746,54.61016865816815,16.21805472293527,1.0142734422493296,0.06008320152682096,0,0
micro,39.13,2.85,600,True,True,True,94.16477338329761,39.5546047142746,54.61016866902301,16.234876588201942,1.0106013789118782,0.060176126638795575,0,0
micro,39.13,2.86,600,True,True,True,94.16477339423258,39.5546047142746,54.61016867995798,16.254787424573394,1.0074084801022927,0.060172692655227344,0,0
micro,39.13,2.87,600,True,True,True,94.16477340524816,39.5546047142746,54.61016869097355,16.274598848365677,1.0042330942553304,0.06022981460382767,0,0
micro,39.13,2.88,600,True,True,True,94.1647734163451,39.5546047142746,54.610168702070496,16.293721857891974,1.0011330465588772,0.060319825296550646,0,0
micro,39.13,2.89,600,False,True,True,94.16477342752314,39.5546047142746,54.61016871324854,16.312649334607762,0.9984306847051576,0.060393150793887886,0,0
micro,39.13,2.9,600,False,True,True,94.16477343878431,39.5546047142746,54.610168724509705,16.33114697100955,0.995743307801351,0.06041759855661031,0,0
micro,39.13,2.91,600,False,True,True,94.16477345012835,39.5546047142746,54.61016873585375,16.349212174105162,0.9931580423528342,0.06047529704384446,0,0
micro,39.14,2.61,600,False,True,True,94.16685518667326,39.5646047142746,54.60225047239866,15.930252818149865,0.980667424453066,0.058926541042647135,0,0
micro,39.14,2.62,600,False,True,True,94.16685519645551,39.5646047142746,54.602250482180914,15.939245318581357,0.9838662782501392,0.05900908031624757,0,0
micro,39.14,2.63,600,False,True,True,94.1668552063094,39.5646047142746,54.602250492034806,15.948081129076922,0.9870744786202883,0.05909202368044156,0,0
micro,39.14,2.64,600,False,True,True,94.1668552162359,39.5646047142746,54.6022505019613,15.956252682385538,0.9906185178573628,0.05903178404708793,0,0
micro,39.14,2.65,600,False,True,True,94.16685522623536,39.5646047142746,54.602250511960754,15.964362997899478,0.9942674202886298,0.059115633687195655,0,0
micro,39.14,2.66,600,False,True,True,94.16685523630855,39.5646047142746,54.60225052203395,15.97174282134174,0.9979914813964793,0.059200027859210066,0,0
micro,39.14,2.67,600,True,True,True,94.16685524645587,39.5646047142746,54.602250532181266,15.979125243459078,1.0020527963437553,0.059284021547650126,0,0
micro,39.14,2.68,600,True,True,True,94.16685525667786,39.5646047142746,54.60225054240326,15.991534997920732,1.006115817451335,0.059226952354082193,0,0
micro,39.14,2.69,600,True,True,True,94.16685526697486,39.5646047142746,54.60225055270026,16.004809235070418,1.0096472678803365,0.059312744550680786,0,0
micro,39.14,2.7,600,True,True,True,94.16685527734822,39.5646047142746,54.60225056307362,16.017844650610527,1.0106382903824427,0.05939814788042348,0,0
micro,39.14,2.71,600,True,True,True,94.16685528779728,39.5646047142746,54.602250573522674,16.030255182080353,1.0120337296879744,0.059484020451940234,0,0
micro,39.14,2.72,600,True,True,True,94.1668552983231,39.5646047142746,54.6022505840485,16.042567011183696,1.0134819758839688,0.059430229500956666,0,0
micro,39.14,2.73,600,True,True,True,94.16685530892687,39.5646047142746,54.60225059465227,16.05414112144783,1.0150327739639207,0.05951698062979217,0,0
micro,39.14,2.74,600,True,True,True,94.1668553196082,39.5646047142746,54.6022506053336,16.065684232196485,1.0169110522005638,0.059604328587266726,0,0
micro,39.14,2.75,600,True,True,True,94.16685533036855,39.5646047142746,54.60225061609395,16.076545733479225,1.0187903846756903,0.05965833628846604,0,0
micro,39.14,2.76,600,True,True,True,94.1668553412076,39.5646047142746,54.60225062693299,16.089131119020077,1.0208880237161209,0.05964072428175743,0,0
micro,39.14,2.77,600,True,True,True,94.16685535212662,39.5646047142746,54.602250637852016,16.1063166417315,1.0206123545051586,0.059729506225188474,0,0
micro,39.14,2.78,600,True,True,True,94.16685536312586,39.5646047142746,54.60225064885126,16.122785851159833,1.0195827052018693,0.05981888680379847,0,0
micro,39.14,2.79,600,True,True,True,94.16685537420591,39.5646047142746,54.60225065993131,16.13908038107107,1.0187149106071793,0.05980740781977517,0,0
micro,39.14,2.8,600,True,True,True,94.16685538536763,39.5646047142746,54.602250671093024,16.154852497128772,1.0178564558375571,0.059859775464071056,0,0
micro,39.14,2.81,600,True,True,True,94.16685539661125,39.5646047142746,54.60225068233665,16.170280742346616,1.0174037800309355,0.05995063358709922,0,0
micro,39.14,2.82,600,True,True,True,94.16685540793763,39.5646047142746,54.60225069366303,16.185402439637514,1.0169950597727504,0.06004202155049676,0,0
micro,39.14,2.83,600,True,True,True,94.16685541934784,39.5646047142746,54.60225070507324,16.199989611399953,1.0166425347491503,0.0600359195070293,0,0
micro,39.14,2.84,600,True,True,True,94.16685543084145,39.5646047142746,54.60225071656685,16.214505882982824,1.0163176611981384,0.060087522745910074,0,0
micro,39.14,2.85,600,True,True,True,94.16685544242,39.5646047142746,54.6022507281454,16.23090526415127,1.0126275864963319,0.06018046469514784,0,0
micro,39.14,2.86,600,True,True,True,94.1668554540836,39.5646047142746,54.602250739809,16.250836915279177,1.009383443783689,0.06025063659248182,0,0
micro,39.14,2.87,600,True,True,True,94.16685546583287,39.5646047142746,54.602250751558266,16.270669177472218,1.0061924120612853,0.060234421135669694,0,0
micro,39.14,2.88,600,True,True,True,94.1668554776693,39.5646047142746,54.6022507633947,16.289885061932935,1.0030417611077498,0.060324249701577265,0,0
micro,39.14,2.89,600,True,True,True,94.1668554895922,39.5646047142746,54.60225077531759,16.308832837473084,1.000324369706936,0.06041943443775048,0,0
micro,39.14,2.9,600,False,True,True,94.1668555016032,39.5646047142746,54.60225078732859,16.327421943705023,0.9976217353455493,0.060422449422648294,0,0
micro,39.14,2.91,600,False,True,True,94.16685551370317,39.5646047142746,54.60225079942857,16.345507403653833,0.9949886100210613,0.0604799973071035,0,0
micro,39.15,2.61,600,False,True,True,94.16893738562979,39.5746047142746,54.59433267135519,15.926479838013309,0.9824719419354533,0.05893048545022333,0,0
micro,39.15,2.62,600,False,True,True,94.16893739605321,39.5746047142746,54.59433268177861,15.935492548651744,0.9856566550372444,0.05901305251160296,0,0
micro,39.15,2.63,600,False,True,True,94.16893740655301,39.5746047142746,54.594332692278414,15.944429873067042,0.9888507720621876,0.05909580818892495,0,0
micro,39.15,2.64,600,False,True,True,94.1689374171304,39.5746047142746,54.594332702855795,15.952621245454026,0.9923475821365015,0.05903579704189889,0,0
micro,39.15,2.65,600,False,True,True,94.16893742778548,39.5746047142746,54.59433271351088,15.960811055230167,0.9959830015411587,0.05911969588719963,0,0
micro,39.15,2.66,600,False,True,True,94.16893743851922,39.5746047142746,54.59433272424462,15.968229674504693,0.9996622242082509,0.059203959304541975,0,0
micro,39.15,2.67,600,True,True,True,94.1689374493313,39.5746047142746,54.594332735056696,15.975631374865591,1.0037107968257564,0.05928791197742301,0,0
micro,39.15,2.68,600,True,True,True,94.16893746022345,39.5746047142746,54.59433274594885,15.987614526994292,1.007760854285059,0.059231054202635455,0,0
micro,39.15,2.69,600,True,True,True,94.1689374711952,39.5746047142746,54.59433275692061,16.000909386694804,1.0115362161351111,0.05931667884888765,0,0
micro,39.15,2.7,600,True,True,True,94.1689374822479,39.5746047142746,54.5943327679733,16.014045537576894,1.0125122159470588,0.05940211815794573,0,0
micro,39.15,2.71,600,True,True,True,94.16893749338168,39.5746047142746,54.59433277910708,16.026476543626025,1.013858071095872,0.05948800947326565,0,0
micro,39.15,2.72,600,True,True,True,94.16893750459728,39.5746047142746,54.59433279032268,16.03887152113162,1.0152918741506105,0.05943452864933054,0,0
micro,39.15,2.73,600,True,True,True,94.16893751589515,39.5746047142746,54.59433280162055,16.050481062092643,1.0167954705512101,0.05952102603488896,0,0
micro,39.15,2.74,600,True,True,True,94.16893752727597,39.5746047142746,54.59433281300137,16.062044101945784,1.0186598863672072,0.059608385732193736,0,0
micro,39.15,2.75,600,True,True,True,94.16893753874093,39.5746047142746,54.594332824466335,16.073001632796668,1.0205254462408186,0.0596961966073657,0,0
micro,39.15,2.76,600,True,True,True,94.16893755028997,39.5746047142746,54.59433283601537,16.08511866621247,1.0225786197172124,0.05964637446317521,0,0
micro,39.15,2.77,600,True,True,True,94.168937561924,39.5746047142746,54.5943328476494,16.102325201113462,1.0225753523115568,0.059733640740791856,0,0
micro,39.15,2.78,600,True,True,True,94.16893757364298,39.5746047142746,54.59433285936838,16.11889272201351,1.0214940914514028,0.059823046690152974,0,0
micro,39.15,2.79,600,True,True,True,94.16893758544866,39.5746047142746,54.59433287117406,16.13520794329564,1.0206111208796353,0.059811998084756776,0,0
micro,39.15,2.8,600,True,True,True,94.16893759734111,39.5746047142746,54.594332883066514,16.151076600258595,1.019737520089219,0.0598668426465229,0,0
micro,39.15,2.81,600,True,True,True,94.16893760932062,39.5746047142746,54.59433289504602,16.16652504107651,1.0192361139512538,0.059954857727473734,0,0
micro,39.15,2.82,600,True,True,True,94.16893762138837,39.5746047142746,54.59433290711377,16.181741143772605,1.0188129070493148,0.06004627259002437,0,0
micro,39.15,2.83,600,True,True,True,94.16893763354506,39.5746047142746,54.59433291927046,16.19634834562528,1.018413683661584,0.06004060512324844,0,0
micro,39.15,2.84,600,True,True,True,94.16893764579086,39.5746047142746,54.59433293151626,16.21089644752816,1.0183629909921728,0.060096223266901325,0,0
micro,39.15,2.85,600,True,True,True,94.16893765812705,39.5746047142746,54.59433294385245,16.226909784379107,1.014656504143945,0.060184824751938606,0,0
micro,39.15,2.86,600,True,True,True,94.16893767055355,39.5746047142746,54.59433295627895,16.246887319528874,1.011359462945782,0.06025556969449663,0,0
micro,39.15,2.87,600,True,True,True,94.16893768307169,39.5746047142746,54.59433296879709,16.266740469617385,1.0081527862649764,0.06023902724112458,0,0
micro,39.15,2.88,600,True,True,True,94.16893769568189,39.5746047142746,54.59433298140729,16.286048998765757,1.0049642977112079,0.060334747931931505,0,0
micro,39.15,2.89,600,True,True,True,94.16893770838469,39.5746047142746,54.59433299411009,16.305017096043592,1.0022191398969873,0.06042389836673455,0,0
micro,39.15,2.9,600,False,True,True,94.16893772118136,39.5746047142746,54.594333006906766,16.3236975267152,0.9995012233808387,0.060427300813511255,0,0
micro,39.15,2.91,600,False,True,True,94.16893773407229,39.5746047142746,54.59433301979769,16.341803111618308,0.9968202325278278,0.06048468865857563,0,0
boundary_probe,39.03,2.76,1200,False,True,True,94.34415858520208,39.4546047142746,54.88955387092748,16.136088515047504,0.9974848942931706,0.041775123566400514,0,0
boundary_probe,39.04,2.76,1200,False,True,True,94.34640323192023,39.4646047142746,54.881798517645635,16.132092326552222,0.9992168986425606,0.04177485840885424,0,0
boundary_probe,39.05,2.76,1200,True,True,True,94.34864807209715,39.4746047142746,54.87404335782255,16.12809669501941,1.0009499659750383,0.04177457630774781,0,0
boundary_probe,39.06,2.76,1200,True,True,True,94.35089311239507,39.4846047142746,54.86628839812047,16.12410167357681,1.0026840881088808,0.04177427066744125,0,0
boundary_probe,39.07,2.76,1200,True,True,True,94.35313834468158,39.4946047142746,54.85853363040698,16.120107238928643,1.0044192775029286,0.041773963386376005,0,0
boundary_probe,39.08,2.76,1200,True,True,True,94.355383773161,39.5046047142746,54.850779058886395,16.116113407386216,1.0061554989463295,0.04177366607372662,0,0
boundary_probe,39.09,2.76,1200,True,True,True,94.35762939463656,39.514604714274604,54.84302468036196,16.11212018848313,1.0078927739311632,0.04177335855964343,0,0
boundary_probe,39.1,2.76,1200,True,True,True,94.35987520821693,39.5246047142746,54.83527049394233,16.108127564234145,1.0096311185399967,0.04177303395225503,0,0
boundary_probe,39.11,2.76,1200,True,True,True,94.3621212127435,39.5346047142746,54.8275164984689,16.10413553476713,1.011370506377591,0.04177267353100949,0,0
boundary_probe,39.12,2.76,1200,True,True,True,94.36436740950481,39.5446047142746,54.81976269523021,16.10014418734453,1.0131109369141424,0.041772359815295236,0,0
boundary_probe,39.13,2.76,1200,True,True,True,94.36661379485741,39.5546047142746,54.81200908058281,16.09612233818973,1.014852400556293,0.0417721372210046,0,0
boundary_probe,39.14,2.76,1200,True,True,True,94.36886037009859,39.5646047142746,54.80425565582399,16.09209408220947,1.016594930648988,0.04177190973789869,0,0
boundary_probe,39.15,2.76,1200,True,True,True,94.37110713159318,39.5746047142746,54.79650241731858,16.08806648309569,1.0183384094806585,0.041771698781984154,0,0
final_MK,39.05,2.61,1200,False,True,True,94.34864806945802,39.4746047142746,54.874043355183424,15.967531562864496,0.9602946559106007,0.042279810026564286,0,0
final_MK,39.05,2.62,1200,False,True,True,94.34864806962439,39.4746047142746,54.87404335534979,15.976096459172831,0.9652541916759845,0.04224669871427509,0,0
final_MK,39.05,2.63,1200,False,True,True,94.34864806979296,39.4746047142746,54.87404335551836,15.984270115376773,0.9703602064212766,0.04221350390230779,0,0
final_MK,39.05,2.64,1200,False,True,True,94.3486480699626,39.4746047142746,54.874043355687995,15.992062784685439,0.9740448722917976,0.04218035541917552,0,0
final_MK,39.05,2.65,1200,False,True,True,94.34864807013328,39.4746047142746,54.87404335585868,15.99948478068926,0.9768501811232823,0.04214713166500476,0,0
final_MK,39.05,2.66,1200,False,True,True,94.34864807030526,39.4746047142746,54.87404335603066,16.00654643141768,0.9798152925466653,0.042113480028176664,0,0
final_MK,39.05,2.67,1200,False,True,True,94.34864807047803,39.4746047142746,54.87404335620344,16.01672514971045,0.9829690075863317,0.042079436459597414,0,0
final_MK,39.05,2.68,1200,False,True,True,94.34864807065283,39.4746047142746,54.87404335637823,16.029954681732264,0.9862897292405455,0.0420453933880067,0,0
final_MK,39.05,2.69,1200,False,True,True,94.3486480708288,39.4746047142746,54.8740433565542,16.042772742871527,0.989753557270862,0.042011457547914494,0,0
final_MK,39.05,2.7,1200,False,True,True,94.34864807100627,39.4746047142746,54.87404335673167,16.055188990202527,0.9930927981291982,0.04197761386319763,0,0
final_MK,39.05,2.71,1200,False,True,True,94.34864807118446,39.4746047142746,54.87404335690986,16.067213131482596,0.994005641600884,0.041943870781623205,0,0
final_MK,39.05,2.72,1200,False,True,True,94.34864807136395,39.4746047142746,54.874043357089356,16.078854704654077,0.9950770620977611,0.04191033601522669,0,0
final_MK,39.05,2.73,1200,False,True,True,94.34864807154536,39.4746047142746,54.87404335727076,16.09012326556033,0.996301978465667,0.04187628885414526,0,0
final_MK,39.05,2.74,1200,False,True,True,94.34864807172804,39.4746047142746,54.87404335745344,16.101028399928687,0.9976751630818315,0.041842206900296205,0,0
final_MK,39.05,2.75,1200,False,True,True,94.34864807191114,39.4746047142746,54.874043357636545,16.111551610037594,0.9992346954547152,0.04180828211656943,0,0
final_MK,39.05,2.76,1200,True,True,True,94.34864807209715,39.4746047142746,54.87404335782255,16.12809669501941,1.0009499659750383,0.04177457630774781,0,0
final_MK,39.05,2.77,1200,True,True,True,94.34864807228351,39.4746047142746,54.87404335800891,16.14461780050649,1.0013094736857935,0.041741044303504296,0,0
final_MK,39.05,2.78,1200,True,True,True,94.34864807247126,39.4746047142746,54.874043358196666,16.16073656504266,1.0001960278411957,0.04170773266956365,0,0
final_MK,39.05,2.79,1200,False,True,True,94.3486480726608,39.4746047142746,54.874043358386196,16.176461575875777,0.9992382408694718,0.04167448458523001,0,0
final_MK,39.05,2.8,1200,False,True,True,94.34864807285122,39.4746047142746,54.87404335857662,16.19180148247758,0.9984607482714286,0.041640946802399305,0,0
final_MK,39.05,2.81,1200,False,True,True,94.34864807304346,39.4746047142746,54.874043358768866,16.20676482080596,0.997870118641224,0.041607673126616146,0,0
final_MK,39.05,2.82,1200,False,True,True,94.34864807323714,39.4746047142746,54.874043358962545,16.22136055481241,0.9974194385689935,0.041574598565208766,0,0
final_MK,39.05,2.83,1200,False,True,True,94.34864807343209,39.4746047142746,54.87404335915749,16.235597060030916,0.9971043408985337,0.04154180780074644,0,0
final_MK,39.05,2.84,1200,False,True,True,94.34864807362841,39.4746047142746,54.87404335935381,16.24947115704662,0.9954048475001828,0.04150929418494353,0,0
final_MK,39.05,2.85,1200,False,True,True,94.34864807382702,39.4746047142746,54.874043359552424,16.26948493189993,0.9920440479202333,0.04147702189289209,0,0
final_MK,39.05,2.86,1200,False,True,True,94.34864807402612,39.4746047142746,54.87404335975152,16.28912542671724,0.9888379630686492,0.04144465343990402,0,0
final_MK,39.05,2.87,1200,False,True,True,94.34864807422697,39.4746047142746,54.874043359952374,16.308374091746835,0.9858591108710181,0.04141226745732096,0,0
final_MK,39.05,2.88,1200,False,True,True,94.34864807442952,39.4746047142746,54.87404336015492,16.327238738124223,0.9830311675129575,0.04138023383733079,0,0
final_MK,39.05,2.89,1200,False,True,True,94.34864807463308,39.4746047142746,54.87404336035848,16.34572690678924,0.9803422809414039,0.041348484765017665,0,0
final_MK,39.05,2.9,1200,False,True,True,94.34864807483861,39.4746047142746,54.87404336056401,16.363842952709714,0.9778261106984938,0.04131714471484866,0,0
final_MK,39.05,2.91,1200,False,True,True,94.34864807504603,39.4746047142746,54.87404336077143,16.381548887580287,0.975487354678809,0.04128609552425727,0,0
