x_m,r_m,x_over_rt,r_over_rt
# M4.2 isobutane nozzle [ns] physical wall = inviscid + delta* normal offset (PhysicalNozzleWall)
# R=2, L_U=6, L_c=8 (r_t units), M_d=4.2; r_t=0.12575 m
# throat x=-0.001023 m r=0.126818 m; exit x=3.094893 m r=0.511326 m
-8.173749999999999627e-01,4.999819999999999820e-01,-6.500000000000000000e+00,3.975999999999999979e+00
-8.152068965517240695e-01,4.999819999999999820e-01,-6.482758620689654805e+00,3.975999999999999979e+00
-8.130387931034482873e-01,4.999819999999999820e-01,-6.465517241379310498e+00,3.975999999999999979e+00
-8.108706896551723942e-01,4.999819999999999820e-01,-6.448275862068965303e+00,3.975999999999999979e+00
-8.087025862068966120e-01,4.999819999999999820e-01,-6.431034482758620996e+00,3.975999999999999979e+00
-8.065344827586207188e-01,4.999819999999999820e-01,-6.413793103448275801e+00,3.975999999999999979e+00
-8.043663793103448256e-01,4.999819999999999820e-01,-6.396551724137930606e+00,3.975999999999999979e+00
-8.021982758620689324e-01,4.999819999999999820e-01,-6.379310344827586299e+00,3.975999999999999979e+00
-8.000301724137930393e-01,4.999819999999999820e-01,-6.362068965517241104e+00,3.975999999999999979e+00
-7.978620689655172571e-01,4.999819999999999820e-01,-6.344827586206896797e+00,3.975999999999999979e+00
-7.956939655172413639e-01,4.999819999999999820e-01,-6.327586206896551602e+00,3.975999999999999979e+00
-7.935258620689655817e-01,4.999819999999999820e-01,-6.310344827586207295e+00,3.975999999999999979e+00
-7.913577586206896886e-01,4.999819999999999820e-01,-6.293103448275862100e+00,3.975999999999999979e+00
-7.891896551724137954e-01,4.999819999999999820e-01,-6.275862068965516904e+00,3.975999999999999979e+00
-7.870215517241380132e-01,4.999819999999999820e-01,-6.258620689655172598e+00,3.975999999999999979e+00
-7.848534482758620090e-01,4.999819999999999820e-01,-6.241379310344827402e+00,3.975999999999999979e+00
-7.826853448275862268e-01,4.999819999999999820e-01,-6.224137931034483096e+00,3.975999999999999979e+00
-7.805172413793103336e-01,4.999819999999999820e-01,-6.206896551724137900e+00,3.975999999999999979e+00
-7.783491379310344405e-01,4.999819999999999820e-01,-6.189655172413792705e+00,3.975999999999999979e+00
-7.761810344827586583e-01,4.999819999999999820e-01,-6.172413793103448398e+00,3.975999999999999979e+00
-7.740129310344827651e-01,4.999819999999999820e-01,-6.155172413793103203e+00,3.975999999999999979e+00
-7.718448275862069830e-01,4.999819999999999820e-01,-6.137931034482758896e+00,3.975999999999999979e+00
-7.696767241379309787e-01,4.999819999999999820e-01,-6.120689655172413701e+00,3.975999999999999979e+00
-7.675086206896551966e-01,4.999819999999999820e-01,-6.103448275862069394e+00,3.975999999999999979e+00
-7.653405172413793034e-01,4.999819999999999820e-01,-6.086206896551724199e+00,3.975999999999999979e+00
-7.631724137931034102e-01,4.999819999999999820e-01,-6.068965517241379004e+00,3.975999999999999979e+00
-7.610043103448276280e-01,4.999819999999999820e-01,-6.051724137931034697e+00,3.975999999999999979e+00
-7.588362068965517349e-01,4.999819999999999820e-01,-6.034482758620689502e+00,3.975999999999999979e+00
-7.566681034482759527e-01,4.999819999999999820e-01,-6.017241379310345195e+00,3.975999999999999979e+00
-7.544999999999999485e-01,4.999819999999999820e-01,-6.000000000000000000e+00,3.975999999999999979e+00
-7.507136829474893025e-01,4.999816804110996382e-01,-5.969890122842857139e+00,3.975997458537571472e+00
-7.469273658949785455e-01,4.999794595501739214e-01,-5.939780245685714277e+00,3.975979797615697198e+00
-7.431410488424678995e-01,4.999734806836901857e-01,-5.909670368528571416e+00,3.975932251957774888e+00
-7.393547317899571425e-01,4.999619353013316503e-01,-5.879560491371428554e+00,3.975840439772020840e+00
-7.355684147374463855e-01,4.999430627153436113e-01,-5.849450614214285693e+00,3.975690359565356768e+00
-7.317820976849358505e-01,4.999151496598800426e-01,-5.819340737057143720e+00,3.975468386957296651e+00
-7.279957806324250935e-01,4.998765298903496967e-01,-5.789230859900000858e+00,3.975161271493834469e+00
-7.242094635799144475e-01,4.998255837827624282e-01,-5.759120982742857997e+00,3.974756133461331498e+00
-7.204231465274036905e-01,4.997607379330755717e-01,-5.729011105585715136e+00,3.974240460700402267e+00
-7.166368294748929335e-01,4.996804647565403767e-01,-5.698901228428572274e+00,3.973602105419804076e+00
-7.128505124223822875e-01,4.995832820870478863e-01,-5.668791351271429413e+00,3.972829281010321179e+00
-7.090641953698715305e-01,4.994677527764759262e-01,-5.638681474114286551e+00,3.971910558858655627e+00
-7.052778783173607735e-01,4.993324842940348729e-01,-5.608571596957143690e+00,3.970834865161311011e+00
-7.014915612648501275e-01,4.991761283256140880e-01,-5.578461719800000829e+00,3.969591477738481977e+00
-6.977052442123393705e-01,4.989973803731284629e-01,-5.548351842642857967e+00,3.968170022847940182e+00
-6.939189271598288355e-01,4.987949793538644649e-01,-5.518241965485715994e+00,3.966560471998922033e+00
-6.901326101073180785e-01,4.985677071998266263e-01,-5.488132088328573133e+00,3.964753138766016871e+00
-6.863462930548073215e-01,4.983143884570837567e-01,-5.458022211171430271e+00,3.962738675603051597e+00
-6.825599760022966755e-01,4.980338898851153218e-01,-5.427912334014287410e+00,3.960508070656980628e+00
-6.787736589497859185e-01,4.977251200561577105e-01,-5.397802456857144549e+00,3.958052644581770974e+00
-6.749873418972751615e-01,4.973870289545506695e-01,-5.367692579700001687e+00,3.955364047352291745e+00
-6.712010248447645155e-01,4.970186075760835154e-01,-5.337582702542858826e+00,3.952434255078198788e+00
-6.674147077922537585e-01,4.966188875273412906e-01,-5.307472825385715964e+00,3.949255566817823304e+00
-6.636283907397431125e-01,4.961869406250514758e-01,-5.277362948228573103e+00,3.945820601392059590e+00
-6.598420736872323555e-01,4.957218784954301460e-01,-5.247253071071430242e+00,3.942122294198251442e+00
-6.560557566347215985e-01,4.952228521735279054e-01,-5.217143193914287380e+00,3.938153894024078561e+00
-6.522694395822109525e-01,4.946890517025767653e-01,-5.187033316757144519e+00,3.933908959861445620e+00
-6.484831225297003066e-01,4.941197057333363563e-01,-5.156923439600002546e+00,3.929381357720368673e+00
-6.446968054771896606e-01,4.935140811234398073e-01,-5.126813562442859684e+00,3.924565257442861110e+00
-6.409104884246789036e-01,4.928714825367405128e-01,-5.096703685285716823e+00,3.919455129516823177e+00
-6.371241713721681466e-01,4.921912520426584003e-01,-5.066593808128573961e+00,3.914045741889927488e+00
-6.333378543196575006e-01,4.914727687155259761e-01,-5.036483930971431100e+00,3.908332156783506761e+00
-6.295515372671467436e-01,4.907154482339349810e-01,-5.006374053814288239e+00,3.902309727506441117e+00
-6.257652202146359866e-01,4.899187424800824364e-01,-4.976264176657145377e+00,3.895974095269045367e+00
-6.219789031621253406e-01,4.890821391391172446e-01,-4.946154299500002516e+00,3.889321185996956309e+00
-6.181925861096146946e-01,4.882051612984861233e-01,-4.916044422342860543e+00,3.882347207145018686e+00
-6.144062690571040486e-01,4.872873670472801511e-01,-4.885934545185717681e+00,3.875048644511174256e+00
-6.106199520045932916e-01,4.863283490755812566e-01,-4.855824668028574820e+00,3.867422259050347755e+00
-6.068336349520825346e-01,4.853277342738080979e-01,-4.825714790871431958e+00,3.859465083688334630e+00
-6.030473178995718886e-01,4.842851833320629407e-01,-4.795604913714289097e+00,3.851174420135689225e+00
-5.992610008470611316e-01,4.832003903394772593e-01,-4.765495036557146236e+00,3.842547835701608516e+00
-5.954746837945503746e-01,4.820730823835588374e-01,-4.735385159400003374e+00,3.833583160107823851e+00
-5.916883667420397286e-01,4.809030191495375361e-01,-4.705275282242860513e+00,3.824278482302485571e+00
-5.879020496895289716e-01,4.796899925197117276e-01,-4.675165405085717651e+00,3.814632147274049423e+00
-5.841157326370183256e-01,4.784338261727947295e-01,-4.645055527928574790e+00,3.804642752865166955e+00
-5.803294155845075686e-01,4.771343751832611280e-01,-4.614945650771431929e+00,3.794309146586569703e+00
-5.765430985319968116e-01,4.757915256206928234e-01,-4.584835773614289067e+00,3.783630422430956930e+00
-5.727567814794861656e-01,4.744051941491257418e-01,-4.554725896457146206e+00,3.772605917686884691e+00
-5.689704644269754086e-01,4.729753276263958806e-01,-4.524616019300003344e+00,3.761235209752650910e+00
-5.651841473744648736e-01,4.715019027034856869e-01,-4.494506142142861371e+00,3.749518112950184445e+00
-5.613978303219541166e-01,4.699849254238704366e-01,-4.464396264985718510e+00,3.737454675338929722e+00
-5.576115132694433596e-01,4.684244308228644460e-01,-4.434286387828575648e+00,3.725045175529737129e+00
-5.538251962169327136e-01,4.668204825269674507e-01,-4.404176510671432787e+00,3.712290119498747210e+00
-5.500388791644219566e-01,4.651731723532109841e-01,-4.374066633514289926e+00,3.699190237401280168e+00
-5.462525621119111996e-01,4.634826199085045895e-01,-4.343956756357147064e+00,3.685746480385722279e+00
-5.424662450594005536e-01,4.617489721889821430e-01,-4.313846879200004203e+00,3.671960017407412735e+00
-5.386799280068897966e-01,4.599724031793482881e-01,-4.283737002042861342e+00,3.657832232042530940e+00
-5.348936109543792616e-01,4.581531134522247029e-01,-4.253627124885719368e+00,3.643364719301985577e+00
-5.311072939018685046e-01,4.562913297674960345e-01,-4.223517247728576507e+00,3.628559282445296574e+00
-5.273209768493577476e-01,4.543873046716571107e-01,-4.193407370571433646e+00,3.613417929794489947e+00
-5.235346597968471016e-01,4.524413160971582082e-01,-4.163297493414290784e+00,3.597942871547977983e+00
-5.197483427443363446e-01,4.504536669617523192e-01,-4.133187616257147923e+00,3.582136516594451869e+00
-5.159620256918255876e-01,4.484246847678406422e-01,-4.103077739100005061e+00,3.566001469326764539e+00
-5.121757086393149416e-01,4.463547212018194599e-01,-4.072967861942862200e+00,3.549540526455820633e+00
-5.083893915868041846e-01,4.442441517334261847e-01,-4.042857984785719339e+00,3.532756673824462901e+00
-5.046030745342935386e-01,4.420933752150860707e-01,-4.012748107628576477e+00,3.515653083221360387e+00
-5.008167574817827816e-01,4.399028134812578150e-01,-3.982638230471434060e+00,3.498233109194893053e+00
-4.970304404292721356e-01,4.376729109477803803e-01,-3.952528353314291198e+00,3.480500285867040855e+00
-4.932441233767613786e-01,4.354041342112193735e-01,-3.922418476157148337e+00,3.462458323747271471e+00
-4.894578063242506771e-01,4.330969716482132026e-01,-3.892308599000005476e+00,3.444111106546427159e+00
-4.856714892717399756e-01,4.307519330148192327e-01,-3.862198721842862614e+00,3.425462687990610267e+00
-4.818851722192293296e-01,4.283695490458604427e-01,-3.832088844685720197e+00,3.406517288635073193e+00
-4.780988551667186282e-01,4.259503710542714150e-01,-3.801978967528577336e+00,3.387279292678102571e+00
-4.743125381142078711e-01,4.234949705304448253e-01,-3.771869090371434474e+00,3.367753244774909227e+00
-4.705262210616971696e-01,4.210039387415778767e-01,-3.741759213214291613e+00,3.347943846851513694e+00
-4.667399040091864681e-01,4.184778863310182895e-01,-3.711649336057148751e+00,3.327855954918634396e+00
-4.629535869566757667e-01,4.159174429176110133e-01,-3.681539458900005890e+00,3.307494575885574495e+00
-4.591672699041650652e-01,4.133232566950442166e-01,-3.651429581742863473e+00,3.286864864374109185e+00
-4.553809528516543637e-01,4.106959940311956658e-01,-3.621319704585720611e+00,3.265972119532371210e+00
-4.515946357991436622e-01,4.080363390674792701e-01,-3.591209827428577750e+00,3.244821781848741704e+00
-4.478083187466329607e-01,4.053449933181910714e-01,-3.561099950271434889e+00,3.223419429965733940e+00
-4.440220016941222037e-01,4.026226752698558453e-01,-3.530990073114292027e+00,3.201770777493883280e+00
-4.402356846416115577e-01,3.998701199805731465e-01,-3.500880195957149610e+00,3.179881669825631363e+00
-4.364493675891008562e-01,3.970880786793639650e-01,-3.470770318800006748e+00,3.157758080949216506e+00
-4.326630505365901547e-01,3.942773183655166602e-01,-3.440660441642863887e+00,3.135406110262557888e+00
-4.288767334840793977e-01,3.914386214079336179e-01,-3.410550564485721026e+00,3.112831979387145953e+00
-4.250904164315686962e-01,3.885727851444773506e-01,-3.380440687328578164e+00,3.090042028981927036e+00
-4.213040993790579947e-01,3.856806214813168210e-01,-3.350330810171435303e+00,3.067042715557191546e+00
-4.175177823265473487e-01,3.827629564922740424e-01,-3.320220933014292886e+00,3.043840608288461702e+00
-4.137314652740365917e-01,3.798206300181699024e-01,-3.290111055857150024e+00,3.020442385830377052e+00
-4.099451482215258902e-01,3.768544952661708192e-01,-3.260001178700007163e+00,2.996854833130583096e+00
-4.061588311690151887e-01,3.738654184091351751e-01,-3.229891301542864301e+00,2.973084838243619465e+00
-4.023725141165044872e-01,3.708542781849591408e-01,-3.199781424385721440e+00,2.949139389144804113e+00
-3.985861970639938412e-01,3.678219654959236640e-01,-3.169671547228579023e+00,2.925025570544124598e+00
-3.947998800114830842e-01,3.647693830080400157e-01,-3.139561670071436161e+00,2.900750560700119607e+00
-3.910135629589723827e-01,3.616974447503968904e-01,-3.109451792914293300e+00,2.876321628233772465e+00
-3.872272459064616812e-01,3.586070757145061738e-01,-3.079341915757150439e+00,2.851746128942394876e+00
-3.834409288539509797e-01,3.554992114536493775e-01,-3.049232038600007577e+00,2.827031502613513769e+00
-3.796546118014402782e-01,3.523747976822240724e-01,-3.019122161442865160e+00,2.802185269838759929e+00
-3.758682947489295767e-01,3.492347898750902124e-01,-2.989012284285722298e+00,2.777215028827755283e+00
-3.720819776964188752e-01,3.460801528669162908e-01,-2.958902407128579437e+00,2.752128452221998423e+00
-3.682956606439081737e-01,3.429118604515256630e-01,-2.928792529971436576e+00,2.726933283908752781e+00
-3.645093435913974167e-01,3.397308949812432033e-01,-2.898682652814293714e+00,2.701637335834936149e+00
-3.607230265388867707e-01,3.365382469662412390e-01,-2.868572775657151297e+00,2.676248484821003970e+00
-3.569367094863760692e-01,3.333349146738860402e-01,-2.838462898500008436e+00,2.650774669374839299e+00
-3.531503924338653677e-01,3.301219037280838653e-01,-2.808353021342865574e+00,2.625223886505636983e+00
-3.493640753813546107e-01,3.269002267086277835e-01,-2.778243144185722713e+00,2.599604188537795402e+00
-3.455777583288439092e-01,3.236709027505435543e-01,-2.748133267028579851e+00,2.573923679924799757e+00
-3.417914412763332077e-01,3.204349571434362831e-01,-2.718023389871436990e+00,2.548190514063111589e+00
-3.380051242238225617e-01,3.171934209308364117e-01,-2.687913512714294573e+00,2.522412890106054739e+00
-3.342188071713118047e-01,3.139473305095462075e-01,-2.657803635557151711e+00,2.496599049777703527e+00
-3.304324901188011032e-01,3.106977272289859759e-01,-2.627693758400008850e+00,2.470757274186767383e+00
-3.266461730662904017e-01,3.074456569905406056e-01,-2.597583881242865989e+00,2.444895880640482133e+00
-3.228598560137797002e-01,3.041921698469058910e-01,-2.567474004085723127e+00,2.419023219458495966e+00
-3.190735389612689987e-01,3.009383196014341899e-01,-2.537364126928580710e+00,2.393147670786753167e+00
-3.152872219087582972e-01,2.976851634074816344e-01,-2.507254249771437848e+00,2.367277641411384970e+00
-3.115009048562475957e-01,2.944337613677540655e-01,-2.477144372614294987e+00,2.341421561572596843e+00
-3.077145878037368942e-01,2.911851761336531896e-01,-2.447034495457152126e+00,2.315587881778554014e+00
-3.039282707512261927e-01,2.879404725046230684e-01,-2.416924618300009264e+00,2.289785069619268754e+00
-3.001419536987154357e-01,2.847007170274965526e-01,-2.386814741142866403e+00,2.264021606580489454e+00
-2.963556366462047897e-01,2.814669775958414388e-01,-2.356704863985723986e+00,2.238305984857586139e+00
-2.925693195936940882e-01,2.782403230493066260e-01,-2.326594986828581124e+00,2.212646704169436429e+00
-2.887830025411833867e-01,2.750218227729687159e-01,-2.296485109671438263e+00,2.187052268572315938e+00
-2.849966854886726297e-01,2.718125462966783368e-01,-2.266375232514295401e+00,2.161531183273783796e+00
-2.812103684361619282e-01,2.686135628944062992e-01,-2.236265355357152540e+00,2.136091951446570825e+00
-2.774240513836512823e-01,2.654259411835899196e-01,-2.206155478200010123e+00,2.110743071042464614e+00
-2.736377343311405808e-01,2.622507487244795099e-01,-2.176045601042867261e+00,2.085493031606199033e+00
-2.698514172786298237e-01,2.590890516194843674e-01,-2.145935723885724400e+00,2.060350311089338859e+00
-2.660651002261191223e-01,2.559419141125194308e-01,-2.115825846728581539e+00,2.035323372664170627e+00
-2.622787831736084208e-01,2.528103981883515483e-01,-2.085715969571438677e+00,2.010420661537586806e+00
-2.584924661210977748e-01,2.496955631719455782e-01,-2.055606092414296260e+00,1.985650601764974876e+00
-2.547061490685870178e-01,2.465984653278108785e-01,-2.025496215257153398e+00,1.961021593064102397e+00
-2.509198320160762608e-01,2.435201574593475193e-01,-1.995386338100010093e+00,1.936542007629006079e+00
-2.471335149635656703e-01,2.404616885081928557e-01,-1.965276460942868120e+00,1.912220186943879519e+00
-2.433471979110549410e-01,2.374241031535673785e-01,-1.935166583785725258e+00,1.888064438596957384e+00
-2.395608808585442395e-01,2.344084414116215376e-01,-1.905056706628582397e+00,1.864083033094405817e+00
-2.357745638060335103e-01,2.314157382347815928e-01,-1.874946829471439536e+00,1.840284200674207504e+00
-2.319882467535228088e-01,2.284470231110965477e-01,-1.844836952314296674e+00,1.816676128120052081e+00
-2.282019297010120795e-01,2.255033196635836679e-01,-1.814727075157153813e+00,1.793266955575218091e+00
-2.244156126485013780e-01,2.225856452495754423e-01,-1.784617198000010951e+00,1.770064773356464727e+00
-2.206292955959906765e-01,2.196950105600656566e-01,-1.754507320842868090e+00,1.747077618767917784e+00
-2.168429785434799473e-01,2.168324192190558275e-01,-1.724397443685725229e+00,1.724313472914956957e+00
-2.130566614909692458e-01,2.139988673829009147e-01,-1.694287566528582367e+00,1.701780257518098693e+00
-2.092703444384586275e-01,2.111953433396571156e-01,-1.664177689371440394e+00,1.679485831726895473e+00
-2.054840273859479260e-01,2.084228271084258566e-01,-1.634067812214297533e+00,1.657437988933804007e+00
-2.016977103334371968e-01,2.056822900387028086e-01,-1.603957935057154671e+00,1.635644453588093850e+00
-1.979113932809264953e-01,2.029746944097219619e-01,-1.573848057900011810e+00,1.614112878009717367e+00
-1.941250762284157660e-01,2.003009930298031427e-01,-1.543738180742868948e+00,1.592850839203205915e+00
-1.903387591759050645e-01,1.976621288356981976e-01,-1.513628303585726087e+00,1.571865835671556244e+00
-1.865524421233943353e-01,1.950590344919366503e-01,-1.483518426428583226e+00,1.551165284230112462e+00
-1.827661250708836338e-01,1.924926319901731908e-01,-1.453408549271440364e+00,1.530756516820462654e+00
-1.789798080183729045e-01,1.899638322485326658e-01,-1.423298672114297503e+00,1.510646777324315515e+00
-1.751934909658622030e-01,1.874735347109575123e-01,-1.393188794957154641e+00,1.490843218377395640e+00
-1.714071739133514738e-01,1.850226269465530815e-01,-1.363078917800011780e+00,1.471352898183324598e+00
-1.676208568608408833e-01,1.826119842489352663e-01,-1.332969040642869807e+00,1.452182777327517105e+00
-1.638345398083301541e-01,1.802424692355752700e-01,-1.302859163485726945e+00,1.433339715591055885e+00
-1.600482227558194526e-01,1.779149314471467069e-01,-1.272749286328584084e+00,1.414830468764586069e+00
-1.562619057033087233e-01,1.756302069468724525e-01,-1.242639409171441223e+00,1.396661685462206481e+00
-1.524755886507980218e-01,1.733891179198701338e-01,-1.212529532014298361e+00,1.378839903935348943e+00
-1.486892715982872926e-01,1.711924722724985359e-01,-1.182419654857155500e+00,1.361371548886668226e+00
-1.449029545457765911e-01,1.690410632317042305e-01,-1.152309777700012638e+00,1.344262928283930236e+00
-1.411166374932658618e-01,1.669356689443680097e-01,-1.122199900542869777e+00,1.327520230173900639e+00
-1.373303204407551603e-01,1.648770520766503489e-01,-1.092090023385726916e+00,1.311149519496225491e+00
-1.335440033882444588e-01,1.628659594133387567e-01,-1.061980146228584054e+00,1.295156734897326078e+00
-1.297576863357337296e-01,1.609031214571938762e-01,-1.031870269071441193e+00,1.279547685544285329e+00
-1.259713692832231391e-01,1.589892520282949473e-01,-1.001760391914299220e+00,1.264328047938727106e+00
-1.221850522307124098e-01,1.571250478633873515e-01,-9.716505147571563583e-01,1.249503362730714606e+00
-1.183987351782016945e-01,1.553111882152282408e-01,-9.415406376000134969e-01,1.235079031532630101e+00
-1.146124181256909791e-01,1.535483344519324167e-01,-9.114307604428706355e-01,1.221060313733060898e+00
-1.108261010731802637e-01,1.518371296563197359e-01,-8.813208832857277741e-01,1.207452323310693743e+00
-1.070397840206695483e-01,1.501781982252610170e-01,-8.512110061285849127e-01,1.194260025648198997e+00
-1.032534669681588330e-01,1.485721454690235588e-01,-8.211011289714420514e-01,1.181488234346111721e+00
-9.946714991564811759e-02,1.470195572106184623e-01,-7.909912518142991900e-01,1.169141608036727398e+00
-9.568083286313740221e-02,1.455209993851473704e-01,-7.608813746571563286e-01,1.157224647197991008e+00
-9.189451581062670071e-02,1.440770176391462931e-01,-7.307714975000134672e-01,1.145741690967366111e+00
-8.810819875811598534e-02,1.426881369299351776e-01,-7.006616203428706058e-01,1.134696913955747011e+00
-8.432188170560538099e-02,1.413548611249621501e-01,-6.705517431857286326e-01,1.124094323061329170e+00
-8.053556465309466561e-02,1.400776726011505324e-01,-6.404418660285857712e-01,1.113937754283503168e+00
-7.674924760058395024e-02,1.388570318442442497e-01,-6.103319888714429098e-01,1.104230869536733550e+00
-7.296293054807323486e-02,1.376933770481558461e-01,-5.802221117143000484e-01,1.094977153464459896e+00
-6.917661349556251948e-02,1.365871237143120864e-01,-5.501122345571571870e-01,1.086179910252978775e+00
-6.539029644305180411e-02,1.355386642509985862e-01,-5.200023574000143256e-01,1.077842260445316835e+00
-6.160397939054108873e-02,1.345483675727087713e-01,-4.898924802428714642e-01,1.069967137755139408e+00
-5.781766233803037336e-02,1.336165786994890359e-01,-4.597826030857286028e-01,1.062557285880628477e+00
-5.403134528551965798e-02,1.327436183562841210e-01,-4.296727259285857414e-01,1.055615255318362866e+00
-5.024502823300894261e-02,1.319297825722856032e-01,-3.995628487714428800e-01,1.049143400177221519e+00
-4.645871118049833826e-02,1.311753422802761082e-01,-3.694529716143009068e-01,1.043143874992255249e+00
-4.267239412798762288e-02,1.304805429159766328e-01,-3.393430944571580454e-01,1.037618631538581582e+00
-3.888607707547690751e-02,1.298456040173921744e-01,-3.092332173000151840e-01,1.032569415645265831e+00
-3.509976002296619213e-02,1.292707188241599692e-01,-2.791233401428723226e-01,1.027997764009224380e+00
-3.131344297045547675e-02,1.287560538768930951e-01,-2.490134629857294613e-01,1.023905001009090210e+00
-2.752712591794476485e-02,1.283017486165286825e-01,-2.189035858285865999e-01,1.020292235519114854e+00
-2.374080886543404947e-02,1.279079149836739315e-01,-1.887937086714437385e-01,1.017160357723053021e+00
-1.995449181292333410e-02,1.275746370179513811e-01,-1.586838315143008771e-01,1.014510035928042786e+00
-1.616817476041262219e-02,1.273019704573460364e-01,-1.285739543571580157e-01,1.012341713378497321e+00
-1.238185770790190508e-02,1.270899423375532467e-01,-9.846407720001515429e-02,1.010655605070005958e+00
-8.595540655391191442e-03,1.269385505913211420e-01,-6.835420004287229290e-02,1.009451694563189950e+00
-4.809223602880587957e-03,1.268477636478004822e-01,-3.824432288573031968e-02,1.008729730797618185e+00
-1.022906550369842224e-03,1.268175200318900908e-01,-8.134445728587213695e-03,1.008489224905686710e+00
2.851831575228542300e-03,1.268656966964083754e-01,2.267858111513751385e-02,1.008872339534062634e+00
6.726569700826926824e-03,1.269549968699344444e-01,5.349160795886224312e-02,1.009582480079001643e+00
1.060130782642531438e-02,1.271009647459816760e-01,8.430463480258698628e-02,1.010743258417349244e+00
1.447604595202369761e-02,1.273044124528187049e-01,1.151176616463117086e-01,1.012361132825596144e+00
1.835078407762208083e-02,1.275657231045720374e-01,1.459306884900364309e-01,1.014439149936954498e+00
2.222552220322046926e-02,1.278868664636881869e-01,1.767437153337611810e-01,1.016992973866307715e+00
2.610026032881885422e-02,1.282691681230672953e-01,2.075567421774859034e-01,1.020033146107891087e+00
2.997499845441723570e-02,1.287138175366013548e-01,2.383697690212106257e-01,1.023569125539573355e+00
3.384973658001561719e-02,1.292240937740903040e-01,2.691827958649353203e-01,1.027626988263143470e+00
3.772447470561399868e-02,1.298027273647077706e-01,2.999958227086600426e-01,1.032228448228292406e+00
4.159921283121238711e-02,1.304539154574577697e-01,3.308088495523847650e-01,1.037406882365469407e+00
4.547395095681077554e-02,1.311830685362593840e-01,3.616218763961095428e-01,1.043205316391724757e+00
4.934868908240915703e-02,1.319962566215830135e-01,3.924349032398342652e-01,1.049672020847578713e+00
5.322342720800754545e-02,1.329012143740607443e-01,4.232479300835589875e-01,1.056868503968673823e+00
5.709816533360592694e-02,1.339037472221158709e-01,4.540609569272837098e-01,1.064840932183823918e+00
6.097290345920430843e-02,1.350016397068523055e-01,4.848739837710084322e-01,1.073571687529640606e+00
6.484764158480270380e-02,1.361808169228924392e-01,5.156870106147332100e-01,1.082948842329164441e+00
6.872237971040108528e-02,1.374246044396653377e-01,5.465000374584578768e-01,1.092839796736901237e+00
7.259711783599946677e-02,1.387179019980664396e-01,5.773130643021826547e-01,1.103124469169514343e+00
7.647185596159784826e-02,1.400496486534801299e-01,6.081260911459073215e-01,1.113714899828867733e+00
8.034659408719624363e-02,1.414124126507242951e-01,6.389391179896320994e-01,1.124551989270173413e+00
8.422133221279461124e-02,1.428010135235754374e-01,6.697521448333567662e-01,1.135594540942945763e+00
8.809607033839300660e-02,1.442109942297430392e-01,7.005651716770815440e-01,1.146807111170918825e+00
9.197080846399140197e-02,1.456388837803362091e-01,7.313781985208063219e-01,1.158162097656749268e+00
9.584554658958976958e-02,1.470823591054364610e-01,7.621912253645309887e-01,1.169641026683391427e+00
9.972028471518816495e-02,1.485390217729505302e-01,7.930042522082557666e-01,1.181224825232211062e+00
1.035950228407865464e-01,1.500068928384097611e-01,8.238172790519804334e-01,1.192897756170256507e+00
1.074697609663849279e-01,1.514846284850885905e-01,8.546303058957052112e-01,1.204649133082215329e+00
1.113444990919833094e-01,1.529704877335744673e-01,8.854433327394298781e-01,1.216465111201387339e+00
1.152192372175817048e-01,1.544635818551362005e-01,9.162563595831546559e-01,1.228338623102474658e+00
1.190939753431800724e-01,1.559626632307481442e-01,9.470693864268793227e-01,1.240259747361814213e+00
1.229687134687784678e-01,1.574667688002530652e-01,9.778824132706041006e-01,1.252220825449328556e+00
1.268434515943768492e-01,1.589751032257676056e-01,1.008695440114328878e+00,1.264215532610478032e+00
1.307181897199752585e-01,1.604868999346530101e-01,1.039508466958053656e+00,1.276237772840183027e+00
1.345929278455736122e-01,1.620014794985375484e-01,1.070321493801778212e+00,1.288282143129523272e+00
1.384676659711719937e-01,1.635179962866546433e-01,1.101134520645502990e+00,1.300341918780553829e+00
1.423424040967704030e-01,1.650360802289419226e-01,1.131947547489227768e+00,1.312414156890194139e+00
1.462171422223687844e-01,1.665553630077002134e-01,1.162760574332952546e+00,1.324495928490657670e+00
1.500918803479671382e-01,1.680753190786236084e-01,1.193573601176677101e+00,1.336583054303169815e+00
1.539666184735655474e-01,1.695952380459701814e-01,1.224386628020401879e+00,1.348669885057417028e+00
1.578413565991639289e-01,1.711146079699397415e-01,1.255199654864126657e+00,1.360752349661548566e+00
1.617160947247623104e-01,1.726335264226822597e-01,1.286012681707851435e+00,1.372831224037234676e+00
1.655908328503607196e-01,1.741516221087391070e-01,1.316825708551576213e+00,1.384903555536692643e+00
1.694655709759590734e-01,1.756686177683021433e-01,1.347638735395300769e+00,1.396967139310553829e+00
1.733403091015574549e-01,1.771837183844137964e-01,1.378451762239025546e+00,1.409015653156372228e+00
1.772150472271558641e-01,1.786967125798833989e-01,1.409264789082750324e+00,1.421047416142213971e+00
1.810897853527542456e-01,1.802076467447644159e-01,1.440077815926475102e+00,1.433062797175064906e+00
1.849645234783526271e-01,1.817163047493187134e-01,1.470890842770199880e+00,1.445060077529373377e+00
1.888392616039510086e-01,1.832226612937956634e-01,1.501703869613924436e+00,1.457039056014279632e+00
1.927139997295493901e-01,1.847262325853843146e-01,1.532516896457649214e+00,1.468995885370849352e+00
1.965887378551477715e-01,1.862266758008909728e-01,1.563329923301373992e+00,1.480927839370902444e+00
2.004634759807461808e-01,1.877239375223923312e-01,1.594142950145098769e+00,1.492834493219819647e+00
2.043382141063445345e-01,1.892177139440831823e-01,1.624955976988823325e+00,1.504713430966864163e+00
2.082129522319429160e-01,1.907079788832604372e-01,1.655769003832548103e+00,1.516564444399685296e+00
2.120876903575413253e-01,1.921947112174558492e-01,1.686582030676272881e+00,1.528387365546368670e+00
2.159624284831397067e-01,1.936776039668113292e-01,1.717395057519997659e+00,1.540179753215199510e+00
2.198371666087380882e-01,1.951566383627651446e-01,1.748208084363722437e+00,1.551941458153201836e+00
2.237119047343364697e-01,1.966317668317457135e-01,1.779021111207446992e+00,1.563672102041715473e+00
2.275866428599348512e-01,1.981027187934820688e-01,1.809834138051171770e+00,1.575369533148962775e+00
2.314613809855332327e-01,1.995693893621576509e-01,1.840647164894896548e+00,1.587032917392903864e+00
2.353361191111316419e-01,2.010317736189158044e-01,1.871460191738621326e+00,1.598662215657382202e+00
2.392108572367299957e-01,2.024897140570394161e-01,1.902273218582345882e+00,1.610256175403891987e+00
2.430855953623283772e-01,2.039429730916284544e-01,1.933086245426070660e+00,1.621812907289291950e+00
2.469603334879267864e-01,2.053917415573425220e-01,1.963899272269795437e+00,1.633333928885427611e+00
2.508350716135251957e-01,2.068360020693512935e-01,1.994712299113520215e+00,1.644819101943151507e+00
2.547098097391236049e-01,2.082754321376390494e-01,2.025525325957245215e+00,1.656265861929535177e+00
2.585845478647219586e-01,2.097101685948434824e-01,2.056338352800969993e+00,1.667675296976886434e+00
2.624592859903203679e-01,2.111402556310158218e-01,2.087151379644694771e+00,1.679047758497143716e+00
2.663340241159187216e-01,2.125655534734157415e-01,2.117964406488419105e+00,1.690382134977461259e+00
2.702087622415170753e-01,2.139857458377042165e-01,2.148777433332143882e+00,1.701675911234228344e+00
2.740835003671154846e-01,2.154010737094471384e-01,2.179590460175868660e+00,1.712931003653655138e+00
2.779582384927138938e-01,2.168114730308971505e-01,2.210403487019593438e+00,1.724146902830196115e+00
2.818329766183122476e-01,2.182168953790354915e-01,2.241216513863318216e+00,1.735323223690143024e+00
2.857077147439106568e-01,2.196172990286477389e-01,2.272029540707042994e+00,1.746459634422645957e+00
2.895824528695090661e-01,2.210126484781907708e-01,2.302842567550767772e+00,1.757555852709270505e+00
2.934571909951074198e-01,2.224029134177757383e-01,2.333655594394492550e+00,1.768611637517103263e+00
2.973319291207058290e-01,2.237880678045374439e-01,2.364468621238217327e+00,1.779626781745824671e+00
3.012066672463041828e-01,2.251680885079616889e-01,2.395281648081941661e+00,1.790601101454963651e+00
3.050814053719025365e-01,2.265427009577386241e-01,2.426094674925666439e+00,1.801532413182812098e+00
3.089561434975009457e-01,2.279117137846161933e-01,2.456907701769391217e+00,1.812419195106291792e+00
3.128308816230993550e-01,2.292755252696435375e-01,2.487720728613115995e+00,1.823264614470326395e+00
3.167056197486977087e-01,2.306341172721314559e-01,2.518533755456840773e+00,1.834068527014961925e+00
3.205803578742961180e-01,2.319874736999619769e-01,2.549346782300565550e+00,1.844830804771069310e+00
3.244550959998945272e-01,2.333355798576194351e-01,2.580159809144290328e+00,1.855551330875701233e+00
3.283298341254928809e-01,2.346784228910759884e-01,2.610972835988015106e+00,1.866230003109948132e+00
3.322045722510912902e-01,2.360159920208485806e-01,2.641785862831739884e+00,1.876866735752275028e+00
3.360793103766896439e-01,2.373482790027165168e-01,2.672598889675464218e+00,1.887461463242278370e+00
3.399540485022879976e-01,2.386752757979691275e-01,2.703411916519188996e+00,1.898014121653829989e+00
3.438287866278864069e-01,2.399967350958786549e-01,2.734224943362913773e+00,1.908522744301221818e+00
3.477035247534848161e-01,2.413125157348100513e-01,2.765037970206638551e+00,1.918986208626719980e+00
3.515782628790831699e-01,2.426230045344181796e-01,2.795850997050363329e+00,1.929407590730959576e+00
3.554530010046815791e-01,2.439282030033390614e-01,2.826664023894088107e+00,1.939786902611046138e+00
3.593277391302799884e-01,2.452281196308897238e-01,2.857477050737812885e+00,1.950124211776459004e+00
3.632024772558783421e-01,2.465227642554415621e-01,2.888290077581537663e+00,1.960419596464743952e+00
3.670772153814767513e-01,2.478121480116785014e-01,2.919103104425262440e+00,1.970673145222095357e+00
3.709519535070751606e-01,2.490962828315641808e-01,2.949916131268987218e+00,1.980884952934903964e+00
3.748266916326734588e-01,2.503751809282997454e-01,2.980729158112711552e+00,1.991055116726041518e+00
3.787014297582718680e-01,2.516488549388254392e-01,3.011542184956436330e+00,2.001183737088075176e+00
3.825761678838702773e-01,2.529171934695298440e-01,3.042355211800161108e+00,2.011269928187116030e+00
3.864509060094686310e-01,2.541798474800967544e-01,3.073168238643885886e+00,2.021310914354645938e+00
3.903256441350670403e-01,2.554373139538362869e-01,3.103981265487610663e+00,2.031310647744224873e+00
3.942003822606654495e-01,2.566895867984863577e-01,3.134794292331335441e+00,2.041269079908440087e+00
3.980751203862638032e-01,2.579366744430599545e-01,3.165607319175060219e+00,2.051186277877216302e+00
4.019498585118622125e-01,2.591785838553980481e-01,3.196420346018784997e+00,2.061062297060819670e+00
4.058245966374606217e-01,2.604153220381261180e-01,3.227233372862509775e+00,2.070897193146131965e+00
4.096993347630589200e-01,2.616468962645606688e-01,3.258046399706234109e+00,2.080691023972649489e+00
4.135740728886573292e-01,2.628733144095309338e-01,3.288859426549958886e+00,2.090443852163268001e+00
4.174488110142557384e-01,2.640945853150059586e-01,3.319672453393683664e+00,2.100155748031856451e+00
4.213235491398540922e-01,2.653107173522039064e-01,3.350485480237408442e+00,2.109826778148738757e+00
4.251982872654525014e-01,2.665212717135301279e-01,3.381298507081133220e+00,2.119453452990299080e+00
4.290730253910509107e-01,2.677266016820922800e-01,3.412111533924857998e+00,2.129038581964948662e+00
4.329477635166492644e-01,2.689268289463695449e-01,3.442924560768582776e+00,2.138583132774310336e+00
4.368225016422476736e-01,2.701219694590408782e-01,3.473737587612307554e+00,2.148087232278655279e+00
4.406972397678460829e-01,2.713120412709065232e-01,3.504550614456032331e+00,2.157551024023113495e+00
4.445719778934443811e-01,2.724970634192074304e-01,3.535363641299756665e+00,2.166974659397275627e+00
4.484467160190427903e-01,2.736770557300033380e-01,3.566176668143481443e+00,2.176358296063644726e+00
4.523214541446411996e-01,2.748520385745211736e-01,3.596989694987206221e+00,2.185702096020049279e+00
4.561961922702395533e-01,2.760220325488981774e-01,3.627802721830930999e+00,2.195006223052868410e+00
4.600709303958379626e-01,2.771870593450217468e-01,3.658615748674655777e+00,2.204270849662200771e+00
4.639456685214363718e-01,2.783470513731381990e-01,3.689428775518380554e+00,2.213495438354975864e+00
4.678204066470347255e-01,2.795016712488697652e-01,3.720241802362105332e+00,2.222677306154033694e+00
4.716951447726331348e-01,2.806513735469067794e-01,3.751054829205830110e+00,2.231820067967449361e+00
4.755698828982315440e-01,2.817961809827682629e-01,3.781867856049554888e+00,2.240923904435532688e+00
4.794446210238298423e-01,2.829361119004198399e-01,3.812680882893279222e+00,2.249988961434750134e+00
4.833193591494282515e-01,2.840711844251026519e-01,3.843493909737004000e+00,2.259015383102207952e+00
4.871940972750266607e-01,2.852014164065643231e-01,3.874306936580728777e+00,2.268003311384209297e+00
4.910688354006250145e-01,2.863268255253241246e-01,3.905119963424453555e+00,2.276952886881305371e+00
4.949435735262234237e-01,2.874474293918668488e-01,3.935932990268178333e+00,2.285864249637111989e+00
4.988183116518218330e-01,2.885632455517193051e-01,3.966746017111903111e+00,2.294737539178682173e+00
5.026930497774202422e-01,2.896742926615098468e-01,3.997559043955627889e+00,2.303572903868865485e+00
5.065677879030185959e-01,2.907804761294945362e-01,4.028372070799352223e+00,2.312369591487033915e+00
5.104425260286169497e-01,2.918815126948501870e-01,4.059185097643077000e+00,2.321125349462029419e+00
5.143172641542153034e-01,2.929778408482441865e-01,4.089998124486801778e+00,2.329843664797170533e+00
5.181920022798137682e-01,2.940694664878542586e-01,4.120811151330526556e+00,2.338524584396455275e+00
5.220667404054121219e-01,2.951564096909603530e-01,4.151624178174251334e+00,2.347168267920161977e+00
5.259414785310104756e-01,2.962386897313067369e-01,4.182437205017976112e+00,2.355774868638622177e+00
5.298162166566089404e-01,2.973163261488306341e-01,4.213250231861700890e+00,2.364344541939011002e+00
5.336909547822071831e-01,2.983893386156899474e-01,4.244063258705424779e+00,2.372877444259959834e+00
5.375656929078055368e-01,2.994577469130769720e-01,4.274876285549149557e+00,2.381373732907172691e+00
5.414404310334040016e-01,3.005215707402903447e-01,4.305689312392874335e+00,2.389833564535111865e+00
5.453151691590023553e-01,3.015808312822690351e-01,4.336502339236599113e+00,2.398257107612477235e+00
5.491899072846007090e-01,3.026355257229185192e-01,4.367315366080323891e+00,2.406644339744878902e+00
5.530646454101991738e-01,3.036852117270187890e-01,4.398128392924048669e+00,2.414991743356014187e+00
5.569393835357975275e-01,3.047303990960547604e-01,4.428941419767773446e+00,2.423303372533238687e+00
5.608141216613958813e-01,3.057710950821954099e-01,4.459754446611498224e+00,2.431579284947876118e+00
5.646888597869943460e-01,3.068073197670451724e-01,4.490567473455223002e+00,2.439819640294593750e+00
5.685635979125926998e-01,3.078390924021178199e-01,4.521380500298947780e+00,2.448024591666940974e+00
5.724383360381910535e-01,3.088664322072275925e-01,4.552193527142672558e+00,2.456194291906382610e+00
5.763130741637895182e-01,3.098893583297715471e-01,4.583006553986397336e+00,2.464328893278501464e+00
5.801878122893878720e-01,3.109078898580699413e-01,4.613819580830122113e+00,2.472428547579085034e+00
5.840625504149862257e-01,3.119220458152692776e-01,4.644632607673846891e+00,2.480493406085640284e+00
5.879372885405846905e-01,3.129318454218306123e-01,4.675445634517571669e+00,2.488523621644776362e+00
5.918120266661830442e-01,3.139373042927418589e-01,4.706258661361296447e+00,2.496519318431346779e+00
5.956867647917813979e-01,3.149381499262896011e-01,4.737071688205021225e+00,2.504478329433714290e+00
5.995615029173798627e-01,3.159345173484711666e-01,4.767884715048746003e+00,2.512401728417265723e+00
6.034362410429781054e-01,3.169265970373565944e-01,4.798697741892469892e+00,2.520291030118143816e+00
6.073109791685764591e-01,3.179144106100752487e-01,4.829510768736194670e+00,2.528146406441950322e+00
6.111857172941749239e-01,3.188979766762931045e-01,4.860323795579919448e+00,2.535968005378076207e+00
6.150604554197732776e-01,3.198773140961991834e-01,4.891136822423644226e+00,2.543755976908144589e+00
6.189351935453716314e-01,3.208524416765373144e-01,4.921949849267369004e+00,2.551510470588766122e+00
6.228099316709700961e-01,3.218233781932230420e-01,4.952762876111093782e+00,2.559231635731396004e+00
6.266846697965684498e-01,3.227901423862170049e-01,4.983575902954818559e+00,2.566919621361566595e+00
6.305594079221668036e-01,3.237527529355433420e-01,5.014388929798543337e+00,2.574574576028177741e+00
6.344341460477652683e-01,3.247112287039504164e-01,5.045201956642268115e+00,2.582196649733204286e+00
6.383088841733636221e-01,3.256655743656670099e-01,5.076014983485992893e+00,2.589785879647451328e+00
6.421836222989619758e-01,3.266154144537898874e-01,5.106828010329717671e+00,2.597339279950615420e+00
6.460583604245604405e-01,3.275611310136881116e-01,5.137641037173442449e+00,2.604859888776843935e+00
6.499330985501587943e-01,3.285027838968757607e-01,5.168454064017167227e+00,2.612348182082511183e+00
6.538078366757571480e-01,3.294403900150413289e-01,5.199267090860892004e+00,2.619804294354205254e+00
6.576825748013556128e-01,3.303739677361093863e-01,5.230080117704616782e+00,2.627228371658921535e+00
6.615573129269539665e-01,3.313035352204614092e-01,5.260893144548341560e+00,2.634620558413212077e+00
6.654320510525523202e-01,3.322291105473432760e-01,5.291706171392066338e+00,2.641980998388415713e+00
6.693067891781507850e-01,3.331507116969811277e-01,5.322519198235791116e+00,2.649309834568438493e+00
6.731815273037490277e-01,3.340683565548669409e-01,5.353332225079515005e+00,2.656607209183832641e+00
6.770562654293473814e-01,3.349820627974625098e-01,5.384145251923239783e+00,2.663873262802882724e+00
6.809310035549458462e-01,3.358918490304720894e-01,5.414958278766964561e+00,2.671108143383476019e+00
6.848057416805441999e-01,3.367977194951091158e-01,5.445771305610689339e+00,2.678311884652955221e+00
6.886804798061425537e-01,3.376992676898155077e-01,5.476584332454414117e+00,2.685481253994556727e+00
6.925552179317410184e-01,3.385969448509948410e-01,5.507397359298138895e+00,2.692619839769342605e+00
6.964299560573393721e-01,3.394907663366870110e-01,5.538210386141863673e+00,2.699727764108843076e+00
7.003046941829377259e-01,3.403807495707101838e-01,5.569023412985588450e+00,2.706805165572248040e+00
7.041794323085361906e-01,3.412669114735935039e-01,5.599836439829313228e+00,2.713852178716449348e+00
7.080541704341345444e-01,3.421492689190699932e-01,5.630649466673038006e+00,2.720868937726202752e+00
7.119289085597328981e-01,3.430278387261053163e-01,5.661462493516762784e+00,2.727855576350738165e+00
7.158036466853313629e-01,3.439026376764754978e-01,5.692275520360487562e+00,2.734812228043542515e+00
7.196783848109297166e-01,3.447736825275014017e-01,5.723088547204212340e+00,2.741739026063629403e+00
7.235531229365280703e-01,3.456409900820623382e-01,5.753901574047937117e+00,2.748636104032304850e+00
7.274278610621265351e-01,3.465045764372113313e-01,5.784714600891661895e+00,2.755503589957942978e+00
7.313025991877248888e-01,3.473644693184190779e-01,5.815527627735386673e+00,2.762341704321424007e+00
7.351773373133232425e-01,3.482202756518310571e-01,5.846340654579111451e+00,2.769147321286927088e+00
7.390520754389217073e-01,3.490723637228163589e-01,5.877153681422836229e+00,2.775923369565139964e+00
7.429268135645200610e-01,3.499207959997416850e-01,5.907966708266561007e+00,2.782670345922399147e+00
7.468015516901183037e-01,3.507655884928485568e-01,5.938779735110284896e+00,2.789388377676727870e+00
7.506762898157167685e-01,3.516067581333117698e-01,5.969592761954009674e+00,2.796077599469676045e+00
7.545510279413151222e-01,3.524443216845486448e-01,6.000405788797734452e+00,2.802738144608736715e+00
7.584257660669134760e-01,3.532782957979686556e-01,6.031218815641459230e+00,2.809370145510685202e+00
7.623005041925119407e-01,3.541086969674636098e-01,6.062031842485184008e+00,2.815973733339670826e+00
7.661752423181102944e-01,3.549355414945117304e-01,6.092844869328908786e+00,2.822549037729715327e+00
7.700499804437086482e-01,3.557588454303184933e-01,6.123657896172633563e+00,2.829096186324600470e+00
7.739247185693071129e-01,3.565786247871637893e-01,6.154470923016358341e+00,2.835615306458558749e+00
7.777994566949054667e-01,3.573948926293176731e-01,6.185283949860083119e+00,2.842106502022407000e+00
7.816741948205038204e-01,3.582074473702394068e-01,6.216096976703807897e+00,2.848568169942261807e+00
7.855489329461022852e-01,3.590163234274852400e-01,6.246910003547532675e+00,2.855000583916383672e+00
7.894236710717006389e-01,3.598217268932604740e-01,6.277723030391257453e+00,2.861405382848989820e+00
7.932984091972989926e-01,3.606236766260969007e-01,6.308536057234982231e+00,2.867782716708524138e+00
7.971731473228974574e-01,3.614221860947269271e-01,6.339349084078707008e+00,2.874132692602202166e+00
8.010478854484958111e-01,3.622172689687064850e-01,6.370162110922431786e+00,2.880455419234246417e+00
8.049226235740941648e-01,3.630089387476408413e-01,6.400975137766156564e+00,2.886751003957382267e+00
8.087973616996926296e-01,3.637972088515560309e-01,6.431788164609881342e+00,2.893019553491499085e+00
8.126720998252909833e-01,3.645820926751980884e-01,6.462601191453606120e+00,2.899261174355451942e+00
8.165468379508892260e-01,3.653636036496518691e-01,6.493414218297330009e+00,2.905475973357072306e+00
8.204215760764876908e-01,3.661417552605425452e-01,6.524227245141054787e+00,2.911664057737912703e+00
8.242963142020860445e-01,3.669165614298238731e-01,6.555040271984779565e+00,2.917825538209334990e+00
8.281710523276843983e-01,3.676880341537437924e-01,6.585853298828504343e+00,2.923960510168936544e+00
8.320457904532828630e-01,3.684557944975444532e-01,6.616666325672229121e+00,2.930065960219041532e+00
8.359205285788812168e-01,3.692202327014684204e-01,6.647479352515953899e+00,2.936144991661776782e+00
8.397952667044795705e-01,3.699813793780588056e-01,6.678292379359678677e+00,2.942197847936849353e+00
8.436700048300780352e-01,3.707392493864613559e-01,6.709105406203403454e+00,2.948224647208440352e+00
8.475447429556763890e-01,3.714938578172859440e-01,6.739918433047128232e+00,2.954225509481398948e+00
8.514194810812747427e-01,3.722452198706402426e-01,6.770731459890853010e+00,2.960200555631333774e+00
8.552942192068732075e-01,3.729933508208320148e-01,6.801544486734577788e+00,2.966149907123912577e+00
8.591689573324715612e-01,3.737382659646335537e-01,6.832357513578302566e+00,2.972073685603447757e+00
8.630436954580699149e-01,3.744799805706315876e-01,6.863170540422027344e+00,2.977972012490111897e+00
8.669184335836683797e-01,3.752185098421261245e-01,6.893983567265752122e+00,2.983845008684899547e+00
8.707931717092667334e-01,3.759538686981964140e-01,6.924796594109476899e+00,2.989692792828599899e+00
8.746679098348650871e-01,3.766860739193362839e-01,6.955609620953201677e+00,2.995515498364503149e+00
8.785426479604635519e-01,3.774150500223688032e-01,6.986422647796926455e+00,3.001312525028777767e+00
8.824173860860619056e-01,3.781405748319778271e-01,7.017235674640651233e+00,3.007082106019704160e+00
8.862921242116601483e-01,3.788629944509681602e-01,7.048048701484375123e+00,3.012826993645870033e+00
8.901668623372586131e-01,3.795823120053389288e-01,7.078861728328099900e+00,3.018547212766114818e+00
8.940416004628569668e-01,3.802985418441361953e-01,7.109674755171824678e+00,3.024242877488160453e+00
8.979163385884553206e-01,3.810116971422208842e-01,7.140487782015549456e+00,3.029914092582273621e+00
9.017910767140537853e-01,3.817217909092464057e-01,7.171300808859274234e+00,3.035560961504941702e+00
9.056658148396521391e-01,3.824288359239576551e-01,7.202113835702999012e+00,3.041183585876402695e+00
9.095405529652504928e-01,3.831328447581395236e-01,7.232926862546723790e+00,3.046782065671089779e+00
9.134152910908489575e-01,3.838338297951822131e-01,7.263739889390448567e+00,3.052356499365266096e+00
9.172900292164473113e-01,3.845318032252778018e-01,7.294552916234173345e+00,3.057906983898829534e+00
9.211647673420456650e-01,3.852267773167908915e-01,7.325365943077898123e+00,3.063433616833326933e+00
9.250395054676441298e-01,3.859187615344051858e-01,7.356178969921622901e+00,3.068936473434633605e+00
9.289142435932424835e-01,3.866076373141486000e-01,7.386991996765347679e+00,3.074414610848100082e+00
9.327889817188408372e-01,3.872932913604806293e-01,7.417805023609072457e+00,3.079867128115154173e+00
9.366637198444393020e-01,3.879759891926689019e-01,7.448618050452797235e+00,3.085296136721025206e+00
9.405384579700376557e-01,3.886557434785098963e-01,7.479431077296522012e+00,3.090701737403657390e+00
9.444131960956360095e-01,3.893325655706491029e-01,7.510244104140246790e+00,3.096084020442537721e+00
9.482879342212344742e-01,3.900064668871427442e-01,7.541057130983971568e+00,3.101443076637317997e+00
9.521626723468328279e-01,3.906774588047762786e-01,7.571870157827696346e+00,3.106778996459453435e+00
9.560374104724310707e-01,3.913455526811782659e-01,7.602683184671420236e+00,3.112091870228057555e+00
9.599121485980295354e-01,3.920107598679027361e-01,7.633496211515145013e+00,3.117381788213938076e+00
9.637868867236278891e-01,3.926730917240154328e-01,7.664309238358869791e+00,3.122648840747637600e+00
9.676616248492262429e-01,3.933325596324332984e-01,7.695122265202594569e+00,3.127893118349370116e+00
9.715363629748247076e-01,3.939891749639755081e-01,7.725935292046319347e+00,3.133114711443145239e+00
9.754111011004230614e-01,3.946429498908778366e-01,7.756748318890044125e+00,3.138313716826066191e+00
9.792858392260214151e-01,3.952937733167660173e-01,7.787561345733768903e+00,3.143489251027960396e+00
9.831605773516198798e-01,3.959415127799512657e-01,7.818374372577493681e+00,3.148640260675556579e+00
9.870353154772182336e-01,3.965864472755314396e-01,7.849187399421218458e+00,3.153768964417745124e+00
9.909100536028165873e-01,3.972285844391621468e-01,7.880000426264943236e+00,3.158875422975444547e+00
9.947847917284150521e-01,3.978679364317071476e-01,7.910813453108668014e+00,3.163959733055325074e+00
9.986595298540134058e-01,3.985045150411947179e-01,7.941626479952392792e+00,3.169021988399162826e+00
1.002534267979611871e+00,3.991383321146135255e-01,7.972439506796117570e+00,3.174062283217602420e+00
1.006409006105210224e+00,3.997693995020598079e-01,8.003252533639843236e+00,3.179080711746002486e+00
1.010283744230808578e+00,4.003977290457799709e-01,8.034065560483567126e+00,3.184077368157296029e+00
1.014158482356407154e+00,4.010233325642647562e-01,8.064878587327292792e+00,3.189052346435504948e+00
1.018033220482005285e+00,4.016462218480704172e-01,8.095691614171016681e+00,3.194005740342508393e+00
1.021907958607603861e+00,4.022664085153457858e-01,8.126504641014742347e+00,3.198937642269151560e+00
1.025782696733202215e+00,4.028839055785252699e-01,8.157317667858466237e+00,3.203848155694037914e+00
1.029657434858800569e+00,4.034986600711928939e-01,8.188130694702191903e+00,3.208736859413064746e+00
1.033532172984398922e+00,4.041104240821263849e-01,8.218943721545915793e+00,3.213601781965219839e+00
1.037406911109997498e+00,4.047195402261131170e-01,8.249756748389641459e+00,3.218445647921376551e+00
1.041281649235595630e+00,4.053260081227135769e-01,8.280569775233365348e+00,3.223268454256171367e+00
1.045156387361194206e+00,4.059298397390497803e-01,8.311382802077091014e+00,3.228070296135584716e+00
1.049031125486792559e+00,4.065310460062017683e-01,8.342195828920814904e+00,3.232851260486694134e+00
1.052905863612390913e+00,4.071296377895801122e-01,8.373008855764540570e+00,3.237611433714354892e+00
1.056780601737989267e+00,4.077256258048860826e-01,8.403821882608264460e+00,3.242350901032891475e+00
1.060655339863587843e+00,4.083190206173221704e-01,8.434634909451990126e+00,3.247069746459818607e+00
1.064530077989185974e+00,4.089098326338463929e-01,8.465447936295714015e+00,3.251768052754245630e+00
1.068404816114784328e+00,4.094980721006824531e-01,8.496260963139437905e+00,3.256445901397077236e+00
1.072279554240382904e+00,4.100837490538615793e-01,8.527073989983163571e+00,3.261103372197706296e+00
1.076154292365981036e+00,4.106668737020844895e-01,8.557887016826887461e+00,3.265740546338644190e+00
1.080029030491579611e+00,4.112474526041302036e-01,8.588700043670613127e+00,3.270357475977178741e+00
1.083903768617177965e+00,4.118251507228158914e-01,8.619513070514337016e+00,3.274951496801716821e+00
1.087778506742776319e+00,4.124003070469784427e-01,8.650326097358062682e+00,3.279525304548536191e+00
1.091653244868374673e+00,4.129729462892259284e-01,8.681139124201786572e+00,3.284079095739371290e+00
1.095527982993973248e+00,4.135430774743847349e-01,8.711952151045512238e+00,3.288612942142224327e+00
1.099402721119571380e+00,4.141107095019536111e-01,8.742765177889236128e+00,3.293126914528458293e+00
1.103277459245169956e+00,4.146758511844310657e-01,8.773578204732961794e+00,3.297621082977582940e+00
1.107152197370768310e+00,4.152385112826287861e-01,8.804391231576685684e+00,3.302095517158081694e+00
1.111026935496366663e+00,4.157986985341637909e-01,8.835204258420411350e+00,3.306550286553986417e+00
1.114901673621965017e+00,4.163564216831371900e-01,8.866017285264135239e+00,3.310985460700892169e+00
1.118776411747563593e+00,4.169116895089696739e-01,8.896830312107860905e+00,3.315401109415265779e+00
1.122651149873161724e+00,4.174645108646090064e-01,8.927643338951584795e+00,3.319797303098282359e+00
1.126525887998760300e+00,4.180148945917857017e-01,8.958456365795310461e+00,3.324174112061914155e+00
1.130400626124358654e+00,4.185628515462248567e-01,8.989269392639034351e+00,3.328531622633994935e+00
1.134275364249956786e+00,4.191081448413938038e-01,9.020082419482758240e+00,3.332867951025000330e+00
1.138150102375555361e+00,4.196509140939373994e-01,9.050895446326483906e+00,3.337184207506460609e+00
1.142024840501153715e+00,4.201912791549952120e-01,9.081708473170207796e+00,3.341481345168948014e+00
1.145899578626752069e+00,4.207292517369485840e-01,9.112521500013933462e+00,3.345759457152672756e+00
1.149774316752350423e+00,4.212648414805452712e-01,9.143334526857657352e+00,3.350018620123620394e+00
1.153649054877948998e+00,4.217980582862950745e-01,9.174147553701383018e+00,3.354258912813479654e+00
1.157523793003547130e+00,4.223289120856568157e-01,9.204960580545106907e+00,3.358480414200054387e+00
1.161398531129145706e+00,4.228574128261199938e-01,9.235773607388832573e+00,3.362683203388628250e+00
1.165273269254744060e+00,4.233835704383215326e-01,9.266586634232556463e+00,3.366867359350469435e+00
1.169148007380342413e+00,4.239073948063570851e-01,9.297399661076282129e+00,3.371032960686736413e+00
1.173022745505940767e+00,4.244288957180299970e-01,9.328212687920006019e+00,3.375180085232842853e+00
1.176897483631539343e+00,4.249480830429985256e-01,9.359025714763731685e+00,3.379308811475137286e+00
1.180772221757137475e+00,4.254649643342800491e-01,9.389838741607455574e+00,3.383419199477375905e+00
1.184646959882736050e+00,4.259794361366564530e-01,9.420651768451181240e+00,3.387510426534047436e+00
1.188521698008334404e+00,4.264913894209038658e-01,9.451464795294905130e+00,3.391581625613549811e+00
1.192396436133932758e+00,4.270010633923050358e-01,9.482277822138630796e+00,3.395634698944771657e+00
1.196271174259531112e+00,4.275084675879080032e-01,9.513090848982354686e+00,3.399669722369049740e+00
1.200145912385129687e+00,4.280136105212277720e-01,9.543903875826080352e+00,3.403686763588292585e+00
1.204020650510727819e+00,4.285165006370350582e-01,9.574716902669804242e+00,3.407685889757734010e+00
1.207895388636326173e+00,4.290171462476969344e-01,9.605529929513528131e+00,3.411667166979697186e+00
1.211770126761924748e+00,4.295155555618533905e-01,9.636342956357253797e+00,3.415630660531637108e+00
1.215644864887522880e+00,4.300117367067708418e-01,9.667155983200977687e+00,3.419576435043903295e+00
1.219519603013121456e+00,4.305056977511707017e-01,9.697969010044703353e+00,3.423504554681278123e+00
1.223394341138719810e+00,4.309974467266593501e-01,9.728782036888427243e+00,3.427415083313394284e+00
1.227269079264318163e+00,4.314869916725136423e-01,9.759595063732152909e+00,3.431308084870883679e+00
1.231143817389916517e+00,4.319743403184562180e-01,9.790408090575876798e+00,3.435183620822713557e+00
1.235018555515515093e+00,4.324594965348683151e-01,9.821221117419602464e+00,3.439041721947262875e+00
1.238893293641113225e+00,4.329421480496608021e-01,9.852034144263326354e+00,3.442879904967481419e+00
1.242768031766711800e+00,4.334226137538750301e-01,9.882847171107052020e+00,3.446700705796222675e+00
1.246642769892310154e+00,4.339009150165353823e-01,9.913660197950775910e+00,3.450504294366086633e+00
1.250517508017908508e+00,4.343770592662652419e-01,9.944473224794501576e+00,3.454290729751612332e+00
1.254392246143506862e+00,4.348510548873674164e-01,9.975286251638225465e+00,3.458060078627176459e+00
1.258266984269105437e+00,4.353229101855429217e-01,1.000609927848195113e+01,3.461812407042090811e+00
1.262141722394703569e+00,4.357926334620448316e-01,1.003691230532567502e+01,3.465547781010296813e+00
1.266016460520302145e+00,4.362602329873849771e-01,1.006772533216940069e+01,3.469266266301272328e+00
1.269891198645900499e+00,4.367257169841428643e-01,1.009853835901312458e+01,3.472967928303322793e+00
1.273765936771498852e+00,4.371890936070496614e-01,1.012935138585685024e+01,3.476652831865206128e+00
1.277640674897097206e+00,4.376503709468396175e-01,1.016016441270057413e+01,3.480321041326756237e+00
1.281515413022695560e+00,4.381095567467340746e-01,1.019097743954429802e+01,3.483972618264286947e+00
1.285390151148293914e+00,4.385666619126854515e-01,1.022179046638802369e+01,3.487607649405053412e+00
1.289264889273892267e+00,4.390214743721836399e-01,1.025260349323174758e+01,3.491224448287742810e+00
1.293139627399490843e+00,4.394740996660089216e-01,1.028341652007547324e+01,3.494823854202854019e+00
1.297014365525088975e+00,4.399246610929678503e-01,1.031422954691919713e+01,3.498406847657796082e+00
1.300889103650687550e+00,4.403731673787438239e-01,1.034504257376292280e+01,3.501973498041700328e+00
1.304763841776285904e+00,4.408196255619594162e-01,1.037585560060664669e+01,3.505523861327708879e+00
1.308638579901884258e+00,4.412640427015538935e-01,1.040666862745037236e+01,3.509057993650527951e+00
1.312513318027482612e+00,4.417064257639187752e-01,1.043748165429409624e+01,3.512575950408896919e+00
1.316388056153081187e+00,4.421467816501618020e-01,1.046829468113782191e+01,3.516077786482400214e+00
1.320262794278679319e+00,4.425851172124757316e-01,1.049910770798154580e+01,3.519563556361636092e+00
1.324137532404277895e+00,4.430214392720607797e-01,1.052992073482527147e+01,3.523033314290741735e+00
1.328012270529876249e+00,4.434557546302921871e-01,1.056073376166899536e+01,3.526487114356200436e+00
1.331887008655474602e+00,4.438880701341828550e-01,1.059154678851272102e+01,3.529925011007418512e+00
1.335761746781072956e+00,4.443183924188789380e-01,1.062235981535644491e+01,3.533347057008977554e+00
1.339636484906671532e+00,4.447466283122215036e-01,1.065317284220017058e+01,3.536752511429196666e+00
1.343511223032269664e+00,4.451726588344581126e-01,1.068398586904389447e+01,3.540140428107022785e+00
1.347385961157868017e+00,4.455967157863690020e-01,1.071479889588761836e+01,3.543512650388620067e+00
1.351260699283466593e+00,4.460188058149783252e-01,1.074561192273134402e+01,3.546869231133028322e+00
1.355135437409064725e+00,4.464389361039604598e-01,1.077642494957506791e+01,3.550210227466882529e+00
1.359010175534663301e+00,4.468571138103553109e-01,1.080723797641879358e+01,3.553535696305012426e+00
1.362884913660261654e+00,4.472733461611823058e-01,1.083805100326251747e+01,3.556845695118746153e+00
1.366759651785860008e+00,4.476876404395439546e-01,1.086886403010624313e+01,3.560140281825399100e+00
1.370634389911458362e+00,4.481000039843142102e-01,1.089967705694996702e+01,3.563419514785798992e+00
1.374509128037056938e+00,4.485104441879859682e-01,1.093049008379369269e+01,3.566683452787164921e+00
1.378383866162655069e+00,4.489189684995556484e-01,1.096130311063741658e+01,3.569932155066048995e+00
1.382258604288253645e+00,4.493255843640788227e-01,1.099211613748114225e+01,3.573165680827664392e+00
1.386133342413851999e+00,4.497302999732384343e-01,1.102292916432486614e+01,3.576384095214619752e+00
1.390008080539450352e+00,4.501330972593493018e-01,1.105374219116859180e+01,3.579587254547509367e+00
1.393882818665048706e+00,4.505337277344207414e-01,1.108455521801231569e+01,3.582773182778693943e+00
1.397757556790647282e+00,4.509324658508917505e-01,1.111536824485604136e+01,3.585944062432538715e+00
1.401632294916245414e+00,4.513293325967918102e-01,1.114618127169976525e+01,3.589100060411863247e+00
1.405507033041843989e+00,4.517243351949640773e-01,1.117699429854349091e+01,3.592241234154784024e+00
1.409381771167442343e+00,4.521174813143054583e-01,1.120780732538721480e+01,3.595367644646564109e+00
1.413256509293040697e+00,4.525087785147011710e-01,1.123862035223094047e+01,3.598479352005576004e+00
1.417131247418639051e+00,4.528982342625452739e-01,1.126943337907466436e+01,3.601576415606722037e+00
1.421005985544237404e+00,4.532858558992848286e-01,1.130024640591838825e+01,3.604658893831290900e+00
1.424880723669835758e+00,4.536716506137588034e-01,1.133105943276211391e+01,3.607726843846988274e+00
1.428755461795434112e+00,4.540556254147363191e-01,1.136187245960583780e+01,3.610780321389553293e+00
1.432630199921032688e+00,4.544377870977190370e-01,1.139268548644956347e+01,3.613819380498759504e+00
1.436504938046630819e+00,4.548181422753063141e-01,1.142349851329328736e+01,3.616844073759891032e+00
1.440379676172229395e+00,4.551966954663346776e-01,1.145431154013701303e+01,3.619854437108029011e+00
1.444254414297827749e+00,4.555731981657041296e-01,1.148512456698073692e+01,3.622848494359476312e+00
1.448129152423426103e+00,4.559478577968548718e-01,1.151593759382446258e+01,3.625827895004809953e+00
1.452003890549024456e+00,4.563207334012224781e-01,1.154675062066818647e+01,3.628793108558429292e+00
1.455878628674623032e+00,4.566918296009012113e-01,1.157756364751191214e+01,3.631744171776550179e+00
1.459753366800221164e+00,4.570611514462266101e-01,1.160837667435563603e+01,3.634681124820887455e+00
1.463628104925819740e+00,4.574287038241970360e-01,1.163918970119936169e+01,3.637604006554250979e+00
1.467502843051418093e+00,4.577944915516918289e-01,1.167000272804308558e+01,3.640512855281843763e+00
1.471377581177016447e+00,4.581585194250797355e-01,1.170081575488681125e+01,3.643407709145763285e+00
1.475252319302614801e+00,4.585207922723809615e-01,1.173162878173053514e+01,3.646288606539808796e+00
1.479127057428213377e+00,4.588813150047660883e-01,1.176244180857426080e+01,3.649155586519014616e+00
1.483001795553811508e+00,4.592400926763771096e-01,1.179325483541798469e+01,3.652008689275364706e+00
1.486876533679410084e+00,4.595971304233710808e-01,1.182406786226171036e+01,3.654847955653050207e+00
1.490751271805008438e+00,4.599524356302394645e-01,1.185488088910543425e+01,3.657673444375661553e+00
1.494626009930606569e+00,4.603057869021279780e-01,1.188569391594915814e+01,3.660483394847936278e+00
1.498500748056205145e+00,4.606573360078526358e-01,1.191650694279288381e+01,3.663279013978947507e+00
1.502375486181803499e+00,4.610071667314173949e-01,1.194731996963660769e+01,3.666060968043080681e+00
1.506250224307401853e+00,4.613552867826339332e-01,1.197813299648033336e+01,3.668829318350965707e+00
1.510124962433000206e+00,4.617017029739997058e-01,1.200894602332405725e+01,3.671584119077532460e+00
1.513999700558598782e+00,4.620464223871501575e-01,1.203975905016778292e+01,3.674325426537973449e+00
1.517874438684196914e+00,4.623894522155990172e-01,1.207057207701150681e+01,3.677053297937169063e+00
1.521749176809795490e+00,4.627307997240791559e-01,1.210138510385523247e+01,3.679767791046355097e+00
1.525623914935393843e+00,4.630704721980908323e-01,1.213219813069895636e+01,3.682468963801915240e+00
1.529498653060992197e+00,4.634084768895711526e-01,1.216301115754268203e+01,3.685156873873329353e+00
1.533373391186590551e+00,4.637448210199253129e-01,1.219382418438640592e+01,3.687831578687278622e+00
1.537248129312189127e+00,4.640795110962318559e-01,1.222463721123013158e+01,3.690493129989915300e+00
1.541122867437787258e+00,4.644125608071058564e-01,1.225545023807385547e+01,3.693141636637024661e+00
1.544997605563385834e+00,4.647437417038233765e-01,1.228626326491758114e+01,3.695775281938953327e+00
1.548872343688984188e+00,4.650732139821404654e-01,1.231707629176130503e+01,3.698395339818214556e+00
1.552747081814582542e+00,4.654010582023553333e-01,1.234788931860503070e+01,3.701002450913362551e+00
1.556621819940180895e+00,4.657272793437849390e-01,1.237870234544875458e+01,3.703596654821351475e+00
1.560496558065779249e+00,4.660518831149476626e-01,1.240951537229247847e+01,3.706177996937953356e+00
1.564371296191377603e+00,4.663748749662254833e-01,1.244032839913620414e+01,3.708746520606166719e+00
1.568246034316975956e+00,4.666962601969840696e-01,1.247114142597992803e+01,3.711302267968064061e+00
1.572120772442574532e+00,4.670160439782627404e-01,1.250195445282365370e+01,3.713845280145230632e+00
1.575995510568172664e+00,4.673342313817061555e-01,1.253276747966737759e+01,3.716375597468836389e+00
1.579870248693771240e+00,4.676508274092307516e-01,1.256358050651110325e+01,3.718893259715552624e+00
1.583744986819369593e+00,4.679658370140027945e-01,1.259439353335482714e+01,3.721398306274376289e+00
1.587619724944967947e+00,4.682792651530457428e-01,1.262520656019855281e+01,3.723890776564976246e+00
1.591494463070566301e+00,4.685911176052831029e-01,1.265601958704227670e+01,3.726370716543006889e+00
1.595369201196164877e+00,4.689011435272173456e-01,1.268683261388600236e+01,3.728836131429163814e+00
1.599243939321763008e+00,4.692095672257290406e-01,1.271764564072972625e+01,3.731288804975976259e+00
1.603118677447361584e+00,4.695164283829528218e-01,1.274845866757345192e+01,3.733729052747139843e+00
1.606993415572959938e+00,4.698217322278477326e-01,1.277927169441717581e+01,3.736156916324832711e+00
1.610868153698558292e+00,4.701254840126606327e-01,1.281008472126090147e+01,3.738572437476426646e+00
1.614742891824156645e+00,4.704276890422708357e-01,1.284089774810462536e+01,3.740975658387839520e+00
1.618617629949755221e+00,4.707283526631941828e-01,1.287171077494835103e+01,3.743366621576096787e+00
1.622492368075353353e+00,4.710274802571895458e-01,1.290252380179207492e+01,3.745745369838485495e+00
1.626367106200951929e+00,4.713250772334506289e-01,1.293333682863580059e+01,3.748111946190462174e+00
1.630241844326550282e+00,4.716211490331758127e-01,1.296414985547952448e+01,3.750466393901994433e+00
1.634116582452148414e+00,4.719157009755346466e-01,1.299496288232324837e+01,3.752808755272641239e+00
1.637991320577746990e+00,4.722087401206974122e-01,1.302577590916697403e+01,3.755139086446897867e+00
1.641866058703345344e+00,4.725002253784830186e-01,1.305658893601069792e+01,3.757457060663880632e+00
1.645740796828943697e+00,4.727899635167450709e-01,1.308740196285442359e+01,3.759761141286243280e+00
1.649615534954542051e+00,4.730782083816117423e-01,1.311821498969814748e+01,3.762053346971067302e+00
1.653490273080140627e+00,4.733649590366379445e-01,1.314902801654187314e+01,3.764333670271474475e+00
1.657365011205738758e+00,4.736502214343226713e-01,1.317984104338559703e+01,3.766602158523440824e+00
1.661239749331337334e+00,4.739340008825686512e-01,1.321065407022932270e+01,3.768858853936927655e+00
1.665114487456935688e+00,4.742163027001377595e-01,1.324146709707304659e+01,3.771103798808252527e+00
1.668989225582534042e+00,4.744971321557394095e-01,1.327228012391677225e+01,3.773337035035701170e+00
1.672863963708132395e+00,4.747764944660423647e-01,1.330309315076049614e+01,3.775558604103716576e+00
1.676738701833730971e+00,4.750543947866541217e-01,1.333390617760422181e+01,3.777768547011166156e+00
1.680613439959329103e+00,4.753308382289365142e-01,1.336471920444794570e+01,3.779966904405061889e+00
1.684488178084927679e+00,4.756058295950527093e-01,1.339553223129167137e+01,3.782153714473579953e+00
1.688362916210526032e+00,4.758793762818366302e-01,1.342634525813539526e+01,3.784329036038462046e+00
1.692237654336124386e+00,4.761513045342569139e-01,1.345715828497912092e+01,3.786491487349955776e+00
1.696112392461722740e+00,4.764216941109863379e-01,1.348797131182284481e+01,3.788641702671859512e+00
1.699987130587321094e+00,4.766906499748502779e-01,1.351878433866656870e+01,3.790780516698610381e+00
1.703861868712919447e+00,4.769581767590590493e-01,1.354959736551029437e+01,3.792907966274823295e+00
1.707736606838517801e+00,4.772242790794531397e-01,1.358041039235401826e+01,3.795024088106983218e+00
1.711611344964116377e+00,4.774889615543251864e-01,1.361122341919774392e+01,3.797128918921075069e+00
1.715486083089714509e+00,4.777522288327047950e-01,1.364203644604146781e+01,3.799222495687513135e+00
1.719360821215313084e+00,4.780140856212908851e-01,1.367284947288519348e+01,3.801304855835315077e+00
1.723235559340911438e+00,4.782745367111322365e-01,1.370366249972891737e+01,3.803376037464272219e+00
1.727110297466509792e+00,4.785335870099635680e-01,1.373447552657264303e+01,3.805436079602095845e+00
1.730985035592108146e+00,4.787912414867437350e-01,1.376528855341636692e+01,3.807485021763369559e+00
1.734859773717706721e+00,4.790475064067946098e-01,1.379610158026009259e+01,3.809522913771726582e+00
1.738734511843304853e+00,4.793023154383267426e-01,1.382691460710381648e+01,3.811549228137787182e+00
1.742609249968903429e+00,4.795555424077030393e-01,1.385772763394754215e+01,3.813562961492668268e+00
1.746483988094501782e+00,4.798073988424906289e-01,1.388854066079126603e+01,3.815565795964140250e+00
1.750358726220100136e+00,4.800578861508180695e-01,1.391935368763499170e+01,3.817557742750044447e+00
1.754233464345698490e+00,4.803070107940286548e-01,1.395016671447871559e+01,3.819538853232832043e+00
1.758108202471297066e+00,4.805547788183627267e-01,1.398097974132244126e+01,3.821509175493938315e+00
1.761982940596895197e+00,4.808011962602042333e-01,1.401179276816616515e+01,3.823468757536415463e+00
1.765857678722493773e+00,4.810462690368211836e-01,1.404260579500989081e+01,3.825417646416072959e+00
1.769732416848092127e+00,4.812900028819654952e-01,1.407341882185361470e+01,3.827355887729347650e+00
1.773607154973690259e+00,4.815324032889566341e-01,1.410423184869733859e+01,3.829283525160688928e+00
1.777481893099288834e+00,4.817734753136732606e-01,1.413504487554106426e+01,3.831200598915890598e+00
1.781356631224887188e+00,4.820132250779810001e-01,1.416585790238478815e+01,3.833107157677781096e+00
1.785231369350485542e+00,4.822516280512477715e-01,1.419667092922851381e+01,3.835003006371751511e+00
1.789106107476083896e+00,4.824884760095904945e-01,1.422748395607223770e+01,3.836886489141872580e+00
1.792980845601682471e+00,4.827240157437021062e-01,1.425829698291596337e+01,3.838759568538386624e+00
1.796855583727280603e+00,4.829582447755109698e-01,1.428911000975968726e+01,3.840622224854957967e+00
1.800730321852879179e+00,4.831911661322619289e-01,1.431992303660341292e+01,3.842474482165104899e+00
1.804605059978477533e+00,4.834227820650701113e-01,1.435073606344713681e+01,3.844316358370338804e+00
1.808479798104075886e+00,4.836530947733660990e-01,1.438154909029086248e+01,3.846147870961161619e+00
1.812354536229674240e+00,4.838821064746240408e-01,1.441236211713458637e+01,3.847969037571562723e+00
1.816229274355272816e+00,4.841098195253144554e-01,1.444317514397831204e+01,3.849779876940870427e+00
1.820104012480870947e+00,4.843362365358657717e-01,1.447398817082203593e+01,3.851580409827958462e+00
1.823978750606469523e+00,4.845613605058482487e-01,1.450480119766576159e+01,3.853370660086268273e+00
1.827853488732067877e+00,4.847851947811768203e-01,1.453561422450948548e+01,3.855150654323473702e+00
1.831728226857666231e+00,4.850077022541643967e-01,1.456642725135321115e+01,3.856920097448623519e+00
1.835602964983264584e+00,4.852287149449062142e-01,1.459724027819693504e+01,3.858677653637425209e+00
1.839477703108863160e+00,4.854484521379118789e-01,1.462805330504066070e+01,3.860425066703076613e+00
1.843352441234461292e+00,4.856669194648295385e-01,1.465886633188438459e+01,3.862162381430056080e+00
1.847227179360059646e+00,4.858841236325330826e-01,1.468967935872810848e+01,3.863889651153344484e+00
1.851101917485658221e+00,4.861000717146283789e-01,1.472049238557183415e+01,3.865606932124281414e+00
1.854976655611256353e+00,4.863147709967919896e-01,1.475130541241555804e+01,3.867314282280652105e+00
1.858851393736854929e+00,4.865282288358136475e-01,1.478211843925928370e+01,3.869011760125754762e+00
1.862726131862453283e+00,4.867404525147528971e-01,1.481293146610300759e+01,3.870699423576563714e+00
1.866600869988051636e+00,4.869514490870207601e-01,1.484374449294673326e+01,3.872377328723823009e+00
1.870475608113649990e+00,4.871612253788123459e-01,1.487455751979045715e+01,3.874045529851390501e+00
1.874350346239248566e+00,4.873697858630743340e-01,1.490537054663418282e+01,3.875704062529418348e+00
1.878225084364846698e+00,4.875770310281853370e-01,1.493618357347790671e+01,3.877352135413004497e+00
1.882099822490445273e+00,4.877829307032169881e-01,1.496699660032163237e+01,3.878989508574290035e+00
1.885974560616043627e+00,4.879876300321543958e-01,1.499780962716535626e+01,3.880617336239796433e+00
1.889849298741641981e+00,4.881911317251003690e-01,1.502862265400908193e+01,3.882235639961036711e+00
1.893724036867240335e+00,4.883934385203045903e-01,1.505943568085280582e+01,3.883844441513356394e+00
1.897598774992838910e+00,4.885945526898434199e-01,1.509024870769653148e+01,3.885443758964957528e+00
1.901473513118437042e+00,4.887944762138689558e-01,1.512106173454025537e+01,3.887033608062576029e+00
1.905348251244035618e+00,4.889932109078889422e-01,1.515187476138398104e+01,3.888614003243649808e+00
1.909222989369633972e+00,4.891907585576977247e-01,1.518268778822770493e+01,3.890184958709325791e+00
1.913097727495232103e+00,4.893871210099654534e-01,1.521350081507142882e+01,3.891746489144854326e+00
1.916972465620830679e+00,4.895823007798724702e-01,1.524431384191515448e+01,3.893298614551669701e+00
1.920847203746429033e+00,4.897762914431383341e-01,1.527512686875887837e+01,3.894841283842054303e+00
1.924721941872027386e+00,4.899688899743923631e-01,1.530593989560260404e+01,3.896372882500138246e+00
1.928596679997625740e+00,4.901602937361006496e-01,1.533675292244632793e+01,3.897894980008752785e+00
1.932471418123224316e+00,4.903505269461989613e-01,1.536756594929005360e+01,3.899407768955856390e+00
1.936346156248822448e+00,4.905395938440239023e-01,1.539837897613377748e+01,3.900911283053868139e+00
1.940220894374421023e+00,4.907274993805982310e-01,1.542919200297750315e+01,3.902405561674737289e+00
1.944095632500019377e+00,4.909142487791217646e-01,1.546000502982122704e+01,3.903890646354844840e+00
1.947970370625617731e+00,4.910998474779001421e-01,1.549081805666495271e+01,3.905366580341154137e+00
1.951845108751216085e+00,4.912843010443668224e-01,1.552163108350867660e+01,3.906833407907489786e+00
1.955719846876814660e+00,4.914676150945329058e-01,1.555244411035240226e+01,3.908291173713979383e+00
1.959594585002412792e+00,4.916497951963893498e-01,1.558325713719612615e+01,3.909739922038881321e+00
1.963469323128011368e+00,4.918308466892864494e-01,1.561407016403985182e+01,3.911179695342238194e+00
1.967344061253609722e+00,4.920106081941411635e-01,1.564488319088357571e+01,3.912609210291380979e+00
1.971218799379208075e+00,4.921891817599505781e-01,1.567569621772730137e+01,3.914029278409149715e+00
1.975093537504806429e+00,4.923666406327899536e-01,1.570650924457102526e+01,3.915440482169303849e+00
1.978968275630405005e+00,4.925429896097639482e-01,1.573732227141475093e+01,3.916842859719792624e+00
1.982843013756003137e+00,4.927182328618611717e-01,1.576813529825847482e+01,3.918236444229512117e+00
1.986717751881601490e+00,4.928923744220038983e-01,1.579894832510219871e+01,3.919621267769414885e+00
1.990592490007200066e+00,4.930654181654942070e-01,1.582976135194592437e+01,3.920997361157011696e+00
1.994467228132798198e+00,4.932373678484378576e-01,1.586057437878964826e+01,3.922364754261931097e+00
1.998341966258396774e+00,4.934082271569409928e-01,1.589138740563337393e+01,3.923723476397145138e+00
2.002216704383994905e+00,4.935779995344677928e-01,1.592220043247709782e+01,3.925073554946065801e+00
2.006091442509593481e+00,4.937466913288734438e-01,1.595301345932082349e+01,3.926415040388655520e+00
2.009966180635192057e+00,4.939141345704959885e-01,1.598382648616454738e+01,3.927746596982075289e+00
2.013840918760790188e+00,4.940804381657277755e-01,1.601463951300827304e+01,3.929069090781135198e+00
2.017715656886388764e+00,4.942456681291216292e-01,1.604545253985199693e+01,3.930383046752458309e+00
2.021590395011986896e+00,4.944098290442084376e-01,1.607626556669572082e+01,3.931688501345593778e+00
2.025465133137585472e+00,4.945729246999340245e-01,1.610707859353944826e+01,3.932985484691324363e+00
2.029339871263184047e+00,4.947349590212062886e-01,1.613789162038317215e+01,3.934274028001640389e+00
2.033214609388782179e+00,4.948959359926104473e-01,1.616870464722689604e+01,3.935554162963105007e+00
2.037089347514380311e+00,4.950558596700489478e-01,1.619951767407061993e+01,3.936825921829415265e+00
2.040964085639979331e+00,4.952147341330992991e-01,1.623033070091434737e+01,3.938089337042538940e+00
2.044838823765577462e+00,4.953725640461305035e-01,1.626114372775807126e+01,3.939344445694874963e+00
2.048713561891175594e+00,4.955293443898526884e-01,1.629195675460179515e+01,3.940591207871591894e+00
2.052588300016774170e+00,4.956848865289320005e-01,1.632276978144551904e+01,3.941828123490513036e+00
2.056463038142372302e+00,4.958393813929269922e-01,1.635358280828924293e+01,3.943056710878146909e+00
2.060337776267970877e+00,4.959928480627325276e-01,1.638439583513297038e+01,3.944277121771232686e+00
2.064212514393569453e+00,4.961452908167481302e-01,1.641520886197669427e+01,3.945489390192828072e+00
2.068087252519167585e+00,4.962967139936974581e-01,1.644602188882041816e+01,3.946693550645705262e+00
2.071961990644765716e+00,4.964471218079135051e-01,1.647683491566414204e+01,3.947889636643447275e+00
2.075836728770364736e+00,4.965965183119516735e-01,1.650764794250786949e+01,3.949077680413134672e+00
2.079711466895962868e+00,4.967449073505543211e-01,1.653846096935159338e+01,3.950257712529258836e+00
2.083586205021561000e+00,4.968922925050182071e-01,1.656927399619531727e+01,3.951429761471317637e+00
2.087460943147159576e+00,4.970386769716496067e-01,1.660008702303904116e+01,3.952593852657253493e+00
2.091335681272758151e+00,4.971839555035831859e-01,1.663090004988276860e+01,3.953749149133862328e+00
2.095210419398356283e+00,4.973281275604495844e-01,1.666171307672649249e+01,3.954895646603972637e+00
2.099085157523954859e+00,4.974713062425346055e-01,1.669252610357021638e+01,3.956034244473435990e+00
2.102959895649552990e+00,4.976134933002427374e-01,1.672333913041394027e+01,3.957164956661970212e+00
2.106834633775151566e+00,4.977546906994809728e-01,1.675415215725766771e+01,3.958287798803029389e+00
2.110709371900750142e+00,4.978949004526853073e-01,1.678496518410139160e+01,3.959402786900081850e+00
2.114584110026348274e+00,4.980341247969931606e-01,1.681577821094511549e+01,3.960509938743484337e+00
2.118458848151946405e+00,4.981723663354833409e-01,1.684659123778883938e+01,3.961609275033664890e+00
2.122333586277545425e+00,4.983096281492147561e-01,1.687740426463256682e+01,3.962700820272085700e+00
2.126208324403143557e+00,4.984459143377690249e-01,1.690821729147629071e+01,3.963784607059793519e+00
2.130083062528741689e+00,4.985811707594387521e-01,1.693903031832001460e+01,3.964860204846431202e+00
2.133957800654340264e+00,4.987153017682517953e-01,1.696984334516373849e+01,3.965926853027847088e+00
2.137832538779938396e+00,4.988484765592510195e-01,1.700065637200746238e+01,3.966985897091459545e+00
2.141707276905536972e+00,4.989806978972697316e-01,1.703146939885118982e+01,3.968037359024013888e+00
2.145582015031135548e+00,4.991119735878215558e-01,1.706228242569491371e+01,3.969081300897189468e+00
2.149456753156733679e+00,4.992423112022953413e-01,1.709309545253863760e+01,3.970117782920837612e+00
2.153331491282331811e+00,4.993717182042439751e-01,1.712390847938236149e+01,3.971146864447268054e+00
2.157206229407930831e+00,4.995002016306239745e-01,1.715472150622608893e+01,3.972168601436373514e+00
2.161080967533528963e+00,4.996277679607099564e-01,1.718553453306981282e+01,3.973183045413200443e+00
2.164955705659127094e+00,4.997544211914490830e-01,1.721634755991353671e+01,3.974190228162616911e+00
2.168830443784725670e+00,4.998800966107174171e-01,1.724716058675726060e+01,3.975189635075287775e+00
2.172705181910324246e+00,5.000047291261475735e-01,1.727797361360098805e+01,3.976180748518072239e+00
2.176579920035922378e+00,5.001284573706469283e-01,1.730878664044471194e+01,3.977164670939538293e+00
2.180454658161520953e+00,5.002512812433993483e-01,1.733959966728843582e+01,3.978141401537966804e+00
2.184329396287119085e+00,5.003731999300049527e-01,1.737041269413215971e+01,3.979110933837017416e+00
2.188204134412717661e+00,5.004942121797398835e-01,1.740122572097588716e+01,3.980073257890575533e+00
2.192078872538316237e+00,5.006143166621230822e-01,1.743203874781961105e+01,3.981028363118275237e+00
2.195953610663914368e+00,5.007335123484947248e-01,1.746285177466333494e+01,3.981976241339918232e+00
2.199828348789512500e+00,5.008517987705571883e-01,1.749366480150705883e+01,3.982916888831468771e+00
2.203703086915111076e+00,5.009691772445353797e-01,1.752447782835078272e+01,3.983850316059923458e+00
2.207577825040709651e+00,5.010855101388816957e-01,1.755529085519451016e+01,3.984775428539814701e+00
2.211452563166307783e+00,5.012008749479325287e-01,1.758610388203823405e+01,3.985692842528290036e+00
2.215327301291906359e+00,5.013153417578660731e-01,1.761691690888195794e+01,3.986603115370704664e+00
2.219202039417504491e+00,5.014289171820447422e-01,1.764772993572568183e+01,3.987506299658407194e+00
2.223076777543103066e+00,5.015416087583973725e-01,1.767854296256940927e+01,3.988402455335167573e+00
2.226951515668701642e+00,5.016534246164925381e-01,1.770935598941313316e+01,3.989291647049642009e+00
2.230826253794299774e+00,5.017643731084170389e-01,1.774016901625685705e+01,3.990173941220016562e+00
2.234700991919897906e+00,5.018744624061308723e-01,1.777098204310058094e+01,3.991049402832054227e+00
2.238575730045496925e+00,5.019837008631067299e-01,1.780179506994430838e+01,3.991918098314964247e+00
2.242450468171095057e+00,5.020920400950118490e-01,1.783260809678803227e+01,3.992779642902678727e+00
2.246325206296693189e+00,5.021993921902911939e-01,1.786342112363175616e+01,3.993633337497345615e+00
2.250199944422291765e+00,5.023059127087683429e-01,1.789423415047548005e+01,3.994480419155215234e+00
2.254074682547890340e+00,5.024116012541182119e-01,1.792504717731920749e+01,3.995320884724598010e+00
2.257949420673488472e+00,5.025164605151620778e-01,1.795586020416293138e+01,3.996154755587769891e+00
2.261824158799087048e+00,5.026204921865988773e-01,1.798667323100665527e+01,3.996982045221462609e+00
2.265698896924685179e+00,5.027236975782676254e-01,1.801748625785037916e+01,3.997802764041889390e+00
2.269573635050283311e+00,5.028260777205756371e-01,1.804829928469410305e+01,3.998616920243146300e+00
2.273448373175882331e+00,5.029276348398256102e-01,1.807911231153783049e+01,3.999424531529427895e+00
2.277323111301480463e+00,5.030283420825872875e-01,1.810992533838155438e+01,4.000225384354570757e+00
2.281197849427078594e+00,5.031280544433556212e-01,1.814073836522527827e+01,4.001018325593284963e+00
2.285072587552677170e+00,5.032269548232833900e-01,1.817155139206900216e+01,4.001804809727899759e+00
2.288947325678275746e+00,5.033250394909112302e-01,1.820236441891272960e+01,4.002584807084780927e+00
2.292822063803873878e+00,5.034223126235760626e-01,1.823317744575645349e+01,4.003358350883308603e+00
2.296696801929472453e+00,5.035187781873916579e-01,1.826399047260017738e+01,4.004125472663154106e+00
2.300571540055070585e+00,5.036144403924139867e-01,1.829480349944390127e+01,4.004886205903888552e+00
2.304446278180669161e+00,5.037093036103704735e-01,1.832561652628762872e+01,4.005640585370739082e+00
2.308321016306267737e+00,5.038033712832542532e-01,1.835642955313135261e+01,4.006388638435421257e+00
2.312195754431865868e+00,5.038965909369590435e-01,1.838724257997507650e+01,4.007129947808819814e+00
2.316070492557464000e+00,5.039888914390188157e-01,1.841805560681880038e+01,4.007863947825199169e+00
2.319945230683063020e+00,5.040804079139559191e-01,1.844886863366252783e+01,4.008591713033446524e+00
2.323819968808661152e+00,5.041711436918490108e-01,1.847968166050625172e+01,4.009313269915300459e+00
2.327694706934259283e+00,5.042611018089877550e-01,1.851049468734997561e+01,4.010028642616204841e+00
2.331569445059857859e+00,5.043502852390437940e-01,1.854130771419369950e+01,4.010737854783648082e+00
2.335444183185456435e+00,5.044386969602209225e-01,1.857212074103742694e+01,4.011440930101159985e+00
2.339318921311054567e+00,5.045263400499369055e-01,1.860293376788115083e+01,4.012137893041248127e+00
2.343193659436653142e+00,5.046132177744619973e-01,1.863374679472487472e+01,4.012828769578226762e+00
2.347068397562251274e+00,5.046991983865556364e-01,1.866455982156859861e+01,4.013512512020323442e+00
2.350943135687849406e+00,5.047843701448392340e-01,1.869537284841232250e+01,4.014189822225361581e+00
2.354817873813448426e+00,5.048687871587740350e-01,1.872618587525604994e+01,4.014861130487268781e+00
2.358692611939046557e+00,5.049524542035603858e-01,1.875699890209977383e+01,4.015526474779804289e+00
2.362567350064644689e+00,5.050353756493174417e-01,1.878781192894349772e+01,4.016185889855407254e+00
2.366442088190243265e+00,5.051175558708337343e-01,1.881862495578722161e+01,4.016839410503648011e+00
2.370316826315841841e+00,5.051989991693680571e-01,1.884943798263094905e+01,4.017487070929368187e+00
2.374191564441439972e+00,5.052797085015990897e-01,1.888025100947467294e+01,4.018128894644923399e+00
2.378066302567038548e+00,5.053596164003070212e-01,1.891106403631839683e+01,4.018764345131666360e+00
2.381941040692636680e+00,5.054386873743451636e-01,1.894187706316212072e+01,4.019393140153837862e+00
2.385815778818235255e+00,5.055170351658270222e-01,1.897269009000584816e+01,4.020016184221288036e+00
2.389690516943833831e+00,5.055946612425140652e-01,1.900350311684957205e+01,4.020633489006075756e+00
2.393565255069431963e+00,5.056715681663399575e-01,1.903431614369329594e+01,4.021245074881431236e+00
2.397439993195030095e+00,5.057477586602049380e-01,1.906512917053701983e+01,4.021850963500635423e+00
2.401314731320629114e+00,5.058232360486060175e-01,1.909594219738074727e+01,4.022451181301041956e+00
2.405189469446227246e+00,5.058980030586637255e-01,1.912675522422447116e+01,4.023045749969492491e+00
2.409064207571825378e+00,5.059720046719367037e-01,1.915756825106819505e+01,4.023634231983591825e+00
2.412938945697423954e+00,5.060451907179678299e-01,1.918838127791191894e+01,4.024216228373501458e+00
2.416813683823022085e+00,5.061176856247758815e-01,1.921919430475564283e+01,4.024792728626448657e+00
2.420688421948620661e+00,5.061894966023746667e-01,1.925000733159937027e+01,4.025363790078525739e+00
2.424563160074219237e+00,5.062606314361570714e-01,1.928082035844309416e+01,4.025929474641408490e+00
2.428437898199817369e+00,5.063310973876632426e-01,1.931163338528681805e+01,4.026489840060940573e+00
2.432312636325415500e+00,5.064009005877055936e-01,1.934244641213054194e+01,4.027044935091097955e+00
2.436187374451014520e+00,5.064700464416236336e-01,1.937325943897426939e+01,4.027594802716689237e+00
2.440062112576612652e+00,5.065384365714905579e-01,1.940407246581799328e+01,4.028138660608274968e+00
2.443936850702210783e+00,5.066060949431079319e-01,1.943488549266171717e+01,4.028676699348770818e+00
2.447811588827809359e+00,5.066730943250958852e-01,1.946569851950544106e+01,4.029209497615076963e+00
2.451686326953407935e+00,5.067394312828554792e-01,1.949651154634916850e+01,4.029737028094277917e+00
2.455561065079006067e+00,5.068051016260399777e-01,1.952732457319289239e+01,4.030259257463538525e+00
2.459435803204604643e+00,5.068701018137536929e-01,1.955813760003661628e+01,4.030776157564641693e+00
2.463310541330202774e+00,5.069344298857726416e-01,1.958895062688034017e+01,4.031287712809325186e+00
2.467185279455801350e+00,5.069980809949951039e-01,1.961976365372406761e+01,4.031793884652048909e+00
2.471060017581399926e+00,5.070609007204086582e-01,1.965057668056779150e+01,4.032293445092713036e+00
2.474934755706998057e+00,5.071230589861344118e-01,1.968138970741151539e+01,4.032787745416575476e+00
2.478809493832596189e+00,5.071845697112279394e-01,1.971220273425523928e+01,4.033276896311951631e+00
2.482684231958194765e+00,5.072454459183918241e-01,1.974301576109896317e+01,4.033761001339099650e+00
2.486558970083793341e+00,5.073057012593503723e-01,1.977382878794269061e+01,4.034240169060439918e+00
2.490433708209391472e+00,5.073653482505483536e-01,1.980464181478641450e+01,4.034714499010324751e+00
2.494308446334990048e+00,5.074243989298331536e-01,1.983545484163013839e+01,4.035184086917162460e+00
2.498183184460588180e+00,5.074827306185212272e-01,1.986626786847386228e+01,4.035647957204940184e+00
2.502057922586186756e+00,5.075404291224010489e-01,1.989708089531758972e+01,4.036106792225853113e+00
2.505932660711785331e+00,5.075975343358021252e-01,1.992789392216131361e+01,4.036560909231030614e+00
2.509807398837383463e+00,5.076540413857543177e-01,1.995870694900503750e+01,4.037010269469218926e+00
2.513682136962981595e+00,5.077099435739692579e-01,1.998951997584876139e+01,4.037454819673711448e+00
2.517556875088580615e+00,5.077652343383020073e-01,2.002033300269248883e+01,4.037894507660452881e+00
2.521431613214178746e+00,5.078199115004848885e-01,2.005114602953621272e+01,4.038329316107235556e+00
2.525306351339776878e+00,5.078738532677545825e-01,2.008195905637993661e+01,4.038758276483138232e+00
2.529181089465375454e+00,5.079271314733720954e-01,2.011277208322366050e+01,4.039181960026815510e+00
2.533055827590974030e+00,5.079798029561800599e-01,2.014358511006738794e+01,4.039600818737018706e+00
2.536930565716572161e+00,5.080318790309730215e-01,2.017439813691111183e+01,4.040014942592231151e+00
2.540805303842170737e+00,5.080833723256192869e-01,2.020521116375483572e+01,4.040424432012876821e+00
2.544680041967768869e+00,5.081342960340058390e-01,2.023602419059855961e+01,4.040829391920523150e+00
2.548554780093367444e+00,5.081846602769610755e-01,2.026683721744228706e+01,4.041229902798895601e+00
2.552429518218966020e+00,5.082343375501910954e-01,2.029765024428601095e+01,4.041624950697344509e+00
2.556304256344564152e+00,5.082834513703993196e-01,2.032846327112973484e+01,4.042015517856058615e+00
2.560178994470162284e+00,5.083320286521022524e-01,2.035927629797345872e+01,4.042401818306975869e+00
2.564053732595760859e+00,5.083800705568967127e-01,2.039008932481718261e+01,4.042783861287449376e+00
2.567928470721359435e+00,5.084275771404095368e-01,2.042090235166091006e+01,4.043161647239837286e+00
2.571803208846957567e+00,5.084745471432428054e-01,2.045171537850463395e+01,4.043535166149047733e+00
2.575677946972556143e+00,5.085209315397322127e-01,2.048252840534835784e+01,4.043904028148963548e+00
2.579552685098154274e+00,5.085666652316875869e-01,2.051334143219208173e+01,4.044267715560139642e+00
2.583427423223752850e+00,5.086118611700962688e-01,2.054415445903580917e+01,4.044627126601163525e+00
2.587302161349351426e+00,5.086565210252899094e-01,2.057496748587953306e+01,4.044982274554989488e+00
2.591176899474949558e+00,5.087006470956267901e-01,2.060578051272325695e+01,4.045333177698821281e+00
2.595051637600547689e+00,5.087442422507347795e-01,2.063659353956698084e+01,4.045679858852762045e+00
2.598926375726146709e+00,5.087873132000590992e-01,2.066740656641070828e+01,4.046022371372239412e+00
2.602801113851744841e+00,5.088297047260018635e-01,2.069821959325443217e+01,4.046359480922480323e+00
2.606675851977342973e+00,5.088715716803094979e-01,2.072903262009815606e+01,4.046692418928902413e+00
2.610550590102941548e+00,5.089129249677378786e-01,2.075984564694187995e+01,4.047021272109247114e+00
2.614425328228540124e+00,5.089537693394218243e-01,2.079065867378560739e+01,4.047346078245898759e+00
2.618300066354138256e+00,5.089941097697191497e-01,2.082147170062933128e+01,4.047666876896374610e+00
2.622174804479736832e+00,5.090339553184951571e-01,2.085228472747305517e+01,4.047983740107317097e+00
2.626049542605334963e+00,5.090731725399668672e-01,2.088309775431677906e+01,4.048295606679657155e+00
2.629924280730933095e+00,5.091118754520763678e-01,2.091391078116050295e+01,4.048603383316710769e+00
2.633799018856532115e+00,5.091500949638799733e-01,2.094472380800423039e+01,4.048907315816142827e+00
2.637673756982130246e+00,5.091878358744884592e-01,2.097553683484795428e+01,4.049207442341856478e+00
2.641548495107728378e+00,5.092251030177320503e-01,2.100634986169167817e+01,4.049503801333853126e+00
2.645423233233326954e+00,5.092619014629329310e-01,2.103716288853540206e+01,4.049796433104834392e+00
2.649297971358925530e+00,5.092980984045094583e-01,2.106797591537912950e+01,4.050084281546794784e+00
2.653172709484523661e+00,5.093338192885559224e-01,2.109878894222285339e+01,4.050368344242989416e+00
2.657047447610122237e+00,5.093690876683196755e-01,2.112960196906657728e+01,4.050648808495584063e+00
2.660922185735720369e+00,5.094039075762895052e-01,2.116041499591030117e+01,4.050925706372083823e+00
2.664796923861318945e+00,5.094382832553979723e-01,2.119122802275402861e+01,4.051199071613503122e+00
2.668671661986917520e+00,5.094721927340724044e-01,2.122204104959775250e+01,4.051468729495605992e+00
2.672546400112515652e+00,5.095055290819445748e-01,2.125285407644147639e+01,4.051733829677491627e+00
2.676421138238113784e+00,5.095384284590467328e-01,2.128366710328520028e+01,4.051995454942717956e+00
2.680295876363712804e+00,5.095708862449345178e-01,2.131448013012892773e+01,4.052253568548186635e+00
2.684170614489310935e+00,5.096029022226897798e-01,2.134529315697265162e+01,4.052508168768905072e+00
2.688045352614909067e+00,5.096344788680963189e-01,2.137610618381637551e+01,4.052759275293012386e+00
2.691920090740507643e+00,5.096655159057812412e-01,2.140691921066009940e+01,4.053006090702037767e+00
2.695794828866105775e+00,5.096960704604858172e-01,2.143773223750382328e+01,4.053249069268276550e+00
2.699669566991704350e+00,5.097262024411536308e-01,2.146854526434755073e+01,4.053488687404800395e+00
2.703544305117302926e+00,5.097559218192680985e-01,2.149935829119127462e+01,4.053725024407698996e+00
2.707419043242901058e+00,5.097852386309359440e-01,2.153017131803499851e+01,4.053958160086965634e+00
2.711293781368499189e+00,5.098141127173266840e-01,2.156098434487872240e+01,4.054187775088085033e+00
2.715168519494098209e+00,5.098424974761752715e-01,2.159179737172244984e+01,4.054413498816503036e+00
2.719043257619696341e+00,5.098704979344652610e-01,2.162261039856617373e+01,4.054636166476861092e+00
2.722917995745294473e+00,5.098981159947714170e-01,2.165342342540989762e+01,4.054855793198977487e+00
2.726792733870893048e+00,5.099253545956919931e-01,2.168423645225362151e+01,4.055072402351427741e+00
2.730667471996491624e+00,5.099521908518775959e-01,2.171504947909734895e+01,4.055285811943361018e+00
2.734542210122089756e+00,5.099785397799726505e-01,2.174586250594107284e+01,4.055495346162804715e+00
2.738416948247688332e+00,5.100045341279145772e-01,2.177667553278479673e+01,4.055702060659360342e+00
2.742291686373286463e+00,5.100301875238734128e-01,2.180748855962852062e+01,4.055906063808138562e+00
2.746166424498885039e+00,5.100555107463298210e-01,2.183830158647224806e+01,4.056107441322702734e+00
2.750041162624483615e+00,5.100804769379632120e-01,2.186911461331597195e+01,4.056305979625950187e+00
2.753915900750081747e+00,5.101049869061485831e-01,2.189992764015969584e+01,4.056500889909730567e+00
2.757790638875679878e+00,5.101291452737232168e-01,2.193074066700341973e+01,4.056693004164796612e+00
2.761665377001278898e+00,5.101529283607703080e-01,2.196155369384714717e+01,4.056882134081672753e+00
2.765540115126877030e+00,5.101763196328941152e-01,2.199236672069087106e+01,4.057068148174108657e+00
2.769414853252475162e+00,5.101992637335920344e-01,2.202317974753459495e+01,4.057250606231348478e+00
2.773289591378073737e+00,5.102217467670089324e-01,2.205399277437831884e+01,4.057429397749573674e+00
2.777164329503671869e+00,5.102438998504686962e-01,2.208480580122204273e+01,4.057605565411281923e+00
2.781039067629270445e+00,5.102657702419246544e-01,2.211561882806577017e+01,4.057779485025245769e+00
2.784913805754869021e+00,5.102874009255250476e-01,2.214643185490949406e+01,4.057951498413718383e+00
2.788788543880467152e+00,5.103086915275839575e-01,2.217724488175321795e+01,4.058120807376413453e+00
2.792663282006065284e+00,5.103297008161264969e-01,2.220805790859694184e+01,4.058287879253491326e+00
2.796538020131664304e+00,5.103504185052372133e-01,2.223887093544066929e+01,4.058452632248407355e+00
2.800412758257262436e+00,5.103707932268516378e-01,2.226968396228439317e+01,4.058614657867607001e+00
2.804287496382860567e+00,5.103907578890924945e-01,2.230049698912811706e+01,4.058773422577276691e+00
2.808162234508459143e+00,5.104102380301573927e-01,2.233131001597184095e+01,4.058928334235844204e+00
2.812036972634057719e+00,5.104293876004701858e-01,2.236212304281556840e+01,4.059080617101154864e+00
2.815911710759655850e+00,5.104482704352401035e-01,2.239293606965929229e+01,4.059230778809066464e+00
2.819786448885254426e+00,5.104669468539773103e-01,2.242374909650301618e+01,4.059379299037592759e+00
2.823661187010852558e+00,5.104853307898956638e-01,2.245456212334674007e+01,4.059525493359011250e+00
2.827535925136451134e+00,5.105035162693299933e-01,2.248537515019046751e+01,4.059670109497654167e+00
2.831410663262049709e+00,5.105214754342553007e-01,2.251618817703419140e+01,4.059812925918531157e+00
2.835285401387647841e+00,5.105391540281680740e-01,2.254700120387791529e+01,4.059953511158393979e+00
2.839160139513245973e+00,5.105564195331040445e-01,2.257781423072163918e+01,4.060090811396453780e+00
2.843034877638844549e+00,5.105733145488520197e-01,2.260862725756536307e+01,4.060225165398425595e+00
2.846909615764443124e+00,5.105899114698724262e-01,2.263944028440909051e+01,4.060357148865784360e+00
2.850784353890041256e+00,5.106062571479195178e-01,2.267025331125281440e+01,4.060487134377093632e+00
2.854659092015639832e+00,5.106223245719989645e-01,2.270106633809653829e+01,4.060614907133192730e+00
2.858533830141237964e+00,5.106381743309138521e-01,2.273187936494026218e+01,4.060740948953589502e+00
2.862408568266836539e+00,5.106538811797749489e-01,2.276269239178398962e+01,4.060865854312325496e+00
2.866283306392435115e+00,5.106694458884263321e-01,2.279350541862771351e+01,4.060989629331421824e+00
2.870158044518033247e+00,5.106847730031879307e-01,2.282431844547143740e+01,4.061111514935888067e+00
2.874032782643631379e+00,5.106998630177275178e-01,2.285513147231516129e+01,4.061231515051511032e+00
2.877907520769230398e+00,5.107147261784513725e-01,2.288594449915888873e+01,4.061349711160646692e+00
2.881782258894828530e+00,5.107293353445245820e-01,2.291675752600261262e+01,4.061465887431607413e+00
2.885656997020426662e+00,5.107435758934416592e-01,2.294757055284633651e+01,4.061579132353412724e+00
2.889531735146025238e+00,5.107575422503823903e-01,2.297838357969006040e+01,4.061690196822126175e+00
2.893406473271623813e+00,5.107713044598484187e-01,2.300919660653378784e+01,4.061799637851676970e+00
2.897281211397221945e+00,5.107849009284275432e-01,2.304000963337751173e+01,4.061907760862246697e+00
2.901155949522820521e+00,5.107982648504827417e-01,2.307082266022123562e+01,4.062014034596284517e+00
2.905030687648418652e+00,5.108115086317388531e-01,2.310163568706495951e+01,4.062119352936292671e+00
2.908905425774016784e+00,5.108246288282709546e-01,2.313244871390868340e+01,4.062223688495196328e+00
2.912780163899615804e+00,5.108375700236881256e-01,2.316326174075241084e+01,4.062326600585989489e+00
2.916654902025213936e+00,5.108502949119591019e-01,2.319407476759613473e+01,4.062427792540430183e+00
2.920529640150812067e+00,5.108628854713839207e-01,2.322488779443985862e+01,4.062527916273430684e+00
2.924404378276410643e+00,5.108753552804402576e-01,2.325570082128358251e+01,4.062627079764932425e+00
2.928279116402009219e+00,5.108876198047699324e-01,2.328651384812730996e+01,4.062724610773518208e+00
2.932153854527607351e+00,5.108997545514643024e-01,2.331732687497103385e+01,4.062821109753195437e+00
2.936028592653205926e+00,5.109117739710363759e-01,2.334813990181475774e+01,4.062916691618579712e+00
2.939903330778804058e+00,5.109236315204789269e-01,2.337895292865848162e+01,4.063010986246353262e+00
2.943778068904402634e+00,5.109352867681935528e-01,2.340976595550220907e+01,4.063103672112871045e+00
2.947652807030001210e+00,5.109468044701014344e-01,2.344057898234593296e+01,4.063195264175757160e+00
2.951527545155599341e+00,5.109581853658905493e-01,2.347139200918965685e+01,4.063285768317220992e+00
2.955402283281197473e+00,5.109693460467749082e-01,2.350220503603338074e+01,4.063374521246719162e+00
2.959277021406796493e+00,5.109803927463961726e-01,2.353301806287710818e+01,4.063462367764581806e+00
2.963151759532394625e+00,5.109913509111398966e-01,2.356383108972083207e+01,4.063549510227752570e+00
2.967026497657992756e+00,5.110021764187436810e-01,2.359464411656455596e+01,4.063635597763369134e+00
2.970901235783591332e+00,5.110129054033479834e-01,2.362545714340827985e+01,4.063720917720461401e+00
2.974775973909189908e+00,5.110235724658255263e-01,2.365627017025200729e+01,4.063805745255073987e+00
2.978650712034788040e+00,5.110341421612876189e-01,2.368708319709573118e+01,4.063889798499305428e+00
2.982525450160386615e+00,5.110445940553884903e-01,2.371789622393945507e+01,4.063972914953387416e+00
2.986400188285984747e+00,5.110549861309199304e-01,2.374870925078317896e+01,4.064055555713080636e+00
2.990274926411582879e+00,5.110653075780920984e-01,2.377952227762690285e+01,4.064137634815841338e+00
2.994149664537181899e+00,5.110755155176225362e-01,2.381033530447063029e+01,4.064218811273340393e+00
2.998024402662780030e+00,5.110856766924911643e-01,2.384114833131435418e+01,4.064299615844860547e+00
3.001899140788378162e+00,5.110957874755701624e-01,2.387196135815807807e+01,4.064380019686442580e+00
3.005773878913976738e+00,5.111057931352157579e-01,2.390277438500180196e+01,4.064459587556387810e+00
3.009648617039575313e+00,5.111157565813783110e-01,2.393358741184552940e+01,4.064538819732630870e+00
3.013523355165173445e+00,5.111256824989568459e-01,2.396440043868925329e+01,4.064617753470829875e+00
3.017398093290772021e+00,5.111355185542756363e-01,2.399521346553297718e+01,4.064695972598613594e+00
3.021272831416370153e+00,5.111453180632354876e-01,2.402602649237670107e+01,4.064773901099288267e+00
3.025147569541968728e+00,5.111550881169475424e-01,2.405683951922042851e+01,4.064851595363400349e+00
3.029022307667567304e+00,5.111647829668427567e-01,2.408765254606415240e+01,4.064928691585230958e+00
3.032897045793165436e+00,5.111744463591318954e-01,2.411846557290787629e+01,4.065005537647172318e+00
3.036771783918763568e+00,5.111840884103516780e-01,2.414927859975160018e+01,4.065082213998820748e+00
3.040646522044362587e+00,5.111936738583081619e-01,2.418009162659532763e+01,4.065158440225114411e+00
3.044521260169960719e+00,5.112032366106404879e-01,2.421090465343905151e+01,4.065234485969307698e+00
3.048395998295558851e+00,5.112127849256657974e-01,2.424171768028277540e+01,4.065310416903902713e+00
3.052270736421157427e+00,5.112222909907181423e-01,2.427253070712649929e+01,4.065386011854617010e+00
3.056145474546755558e+00,5.112317801852456212e-01,2.430334373397022318e+01,4.065461472646088481e+00
3.060020212672354134e+00,5.112412591786263949e-01,2.433415676081395063e+01,4.065536852315120520e+00
3.063894950797952710e+00,5.112507079073401739e-01,2.436496978765767452e+01,4.065611991310856155e+00
3.067769688923550842e+00,5.112601456810345057e-01,2.439578281450139841e+01,4.065687043189140759e+00
3.071644427049148973e+00,5.112695769682626956e-01,2.442659584134512230e+01,4.065762043485189992e+00
3.075519165174747993e+00,5.112789876556479429e-01,2.445740886818884974e+01,4.065836879965391226e+00
3.079393903300346125e+00,5.112883917903542352e-01,2.448822189503257363e+01,4.065911664336812947e+00
3.083268641425944256e+00,5.112977918306057523e-01,2.451903492187629752e+01,4.065986416147958415e+00
3.087143379551542832e+00,5.113071790420108398e-01,2.454984794872002141e+01,4.066061065940443697e+00
3.091018117677141408e+00,5.113165628772426974e-01,2.458066097556374885e+01,4.066135688884633836e+00
3.094892855802739540e+00,5.113259445944304815e-01,2.461147400240747274e+01,4.066210294985530993e+00
