x_m,r_m,x_over_rt,r_over_rt
# M5 isobutane nozzle [euler] inviscid design wall (AxisMachCFDWall)
# R=3, L_U=9, L_c=14 (r_t units), M_d=5; r_t=0.080505 m
# throat x=0.000000 m r=0.080505 m; exit x=3.600812 m r=0.499520 m
-7.647974999999999079e-01,5.000004539999999276e-01,-9.500000000000000000e+00,6.210799999999999876e+00
-7.634094827586206389e-01,5.000004539999999276e-01,-9.482758620689654805e+00,6.210799999999999876e+00
-7.620214655172412588e-01,5.000004539999999276e-01,-9.465517241379309610e+00,6.210799999999999876e+00
-7.606334482758621007e-01,5.000004539999999276e-01,-9.448275862068966191e+00,6.210799999999999876e+00
-7.592454310344827206e-01,5.000004539999999276e-01,-9.431034482758620996e+00,6.210799999999999876e+00
-7.578574137931033405e-01,5.000004539999999276e-01,-9.413793103448275801e+00,6.210799999999999876e+00
-7.564693965517240715e-01,5.000004539999999276e-01,-9.396551724137930606e+00,6.210799999999999876e+00
-7.550813793103446914e-01,5.000004539999999276e-01,-9.379310344827585411e+00,6.210799999999999876e+00
-7.536933620689655333e-01,5.000004539999999276e-01,-9.362068965517241992e+00,6.210799999999999876e+00
-7.523053448275861532e-01,5.000004539999999276e-01,-9.344827586206896797e+00,6.210799999999999876e+00
-7.509173275862067731e-01,5.000004539999999276e-01,-9.327586206896551602e+00,6.210799999999999876e+00
-7.495293103448275041e-01,5.000004539999999276e-01,-9.310344827586206407e+00,6.210799999999999876e+00
-7.481412931034481240e-01,5.000004539999999276e-01,-9.293103448275861211e+00,6.210799999999999876e+00
-7.467532758620689659e-01,5.000004539999999276e-01,-9.275862068965517793e+00,6.210799999999999876e+00
-7.453652586206895858e-01,5.000004539999999276e-01,-9.258620689655172598e+00,6.210799999999999876e+00
-7.439772413793103167e-01,5.000004539999999276e-01,-9.241379310344827402e+00,6.210799999999999876e+00
-7.425892241379309366e-01,5.000004539999999276e-01,-9.224137931034482207e+00,6.210799999999999876e+00
-7.412012068965517786e-01,5.000004539999999276e-01,-9.206896551724138789e+00,6.210799999999999876e+00
-7.398131896551723985e-01,5.000004539999999276e-01,-9.189655172413793593e+00,6.210799999999999876e+00
-7.384251724137930184e-01,5.000004539999999276e-01,-9.172413793103448398e+00,6.210799999999999876e+00
-7.370371551724137493e-01,5.000004539999999276e-01,-9.155172413793103203e+00,6.210799999999999876e+00
-7.356491379310343692e-01,5.000004539999999276e-01,-9.137931034482758008e+00,6.210799999999999876e+00
-7.342611206896552112e-01,5.000004539999999276e-01,-9.120689655172414589e+00,6.210799999999999876e+00
-7.328731034482758311e-01,5.000004539999999276e-01,-9.103448275862069394e+00,6.210799999999999876e+00
-7.314850862068964510e-01,5.000004539999999276e-01,-9.086206896551724199e+00,6.210799999999999876e+00
-7.300970689655171819e-01,5.000004539999999276e-01,-9.068965517241379004e+00,6.210799999999999876e+00
-7.287090517241378018e-01,5.000004539999999276e-01,-9.051724137931033809e+00,6.210799999999999876e+00
-7.273210344827586438e-01,5.000004539999999276e-01,-9.034482758620690390e+00,6.210799999999999876e+00
-7.259330172413792637e-01,5.000004539999999276e-01,-9.017241379310345195e+00,6.210799999999999876e+00
-7.245449999999999946e-01,5.000004539999999276e-01,-9.000000000000000000e+00,6.210799999999999876e+00
-7.209040703517588522e-01,5.000000622181464127e-01,-8.954773869346734472e+00,6.210795133446946892e+00
-7.172631407035174878e-01,4.999973406462525083e-01,-8.909547738693467167e+00,6.210761327200205351e+00
-7.136222110552763453e-01,4.999900167247842697e-01,-8.864321608040201639e+00,6.210670352459900734e+00
-7.099812814070350919e-01,4.999758798275623639e-01,-8.819095477386934334e+00,6.210494749736816367e+00
-7.063403517587939495e-01,4.999527807118409606e-01,-8.773869346733668806e+00,6.210207822021502011e+00
-7.026994221105526961e-01,4.999186309683895657e-01,-8.728643216080401501e+00,6.209783627953414431e+00
-6.990584924623115537e-01,4.998714024715731341e-01,-8.683417085427135973e+00,6.209196974990040196e+00
-6.954175628140701892e-01,4.998091268294325151e-01,-8.638190954773868668e+00,6.208423412576021150e+00
-6.917766331658290468e-01,4.997298948337656199e-01,-8.592964824120603140e+00,6.207439225312286979e+00
-6.881357035175877934e-01,4.996318559102071455e-01,-8.547738693467335835e+00,6.206221426125174467e+00
-6.844947738693466510e-01,4.995132175683101305e-01,-8.502512562814070307e+00,6.204747749435565396e+00
-6.808538442211055086e-01,4.993722448516260126e-01,-8.457286432160804779e+00,6.202996644328004905e+00
-6.772129145728642552e-01,4.992072597877851292e-01,-8.412060301507537474e+00,6.200947267719833178e+00
-6.735719849246231128e-01,4.990166408385777741e-01,-8.366834170854271946e+00,6.198579477530312687e+00
-6.699310552763818594e-01,4.987988223500345319e-01,-8.321608040201004641e+00,6.195873825849755434e+00
-6.662901256281407170e-01,4.985522940025066130e-01,-8.276381909547739113e+00,6.192811552108647533e+00
-6.626491959798993525e-01,4.982756002607469648e-01,-8.231155778894471808e+00,6.189374576246780002e+00
-6.590082663316582101e-01,4.979673398239904958e-01,-8.185929648241206280e+00,6.185545491882374236e+00
-6.553673366834169567e-01,4.976261650760351318e-01,-8.140703517587938975e+00,6.181307559481214575e+00
-6.517264070351758143e-01,4.972507815353216509e-01,-8.095477386934673447e+00,6.176644699525764892e+00
-6.480854773869345609e-01,4.968399473050151838e-01,-8.050251256281406143e+00,6.171541485684308270e+00
-6.444445477386934185e-01,4.963924725230847712e-01,-8.005025125628140614e+00,6.165983137980060924e+00
-6.408036180904521650e-01,4.959072188123851976e-01,-7.959798994974874198e+00,6.159955515960316319e+00
-6.371626884422110226e-01,4.953830987307366596e-01,-7.914572864321607781e+00,6.153445111865557315e+00
-6.335217587939697692e-01,4.948190752210054888e-01,-7.869346733668341365e+00,6.146439043798590518e+00
-6.298808291457285158e-01,4.942141610611852087e-01,-7.824120603015074948e+00,6.138925048893674408e+00
-6.262398994974873734e-01,4.935674183144766469e-01,-7.778894472361809420e+00,6.130891476485643032e+00
-6.225989698492461200e-01,4.928779577793689359e-01,-7.733668341708542115e+00,6.122327281279038580e+00
-6.189580402010049776e-01,4.921449384397197369e-01,-7.688442211055276587e+00,6.113222016517232404e+00
-6.153171105527637241e-01,4.913675669148360181e-01,-7.643216080402010171e+00,6.103565827151556711e+00
-6.116761809045225817e-01,4.905450969095547786e-01,-7.597989949748743754e+00,6.093349443010431798e+00
-6.080352512562813283e-01,4.896768286643232715e-01,-7.552763819095477338e+00,6.082564171968490641e+00
-6.043943216080401859e-01,4.887621084052803933e-01,-7.507537688442210921e+00,6.071201893115712345e+00
-6.007533919597989325e-01,4.878003277943360194e-01,-7.462311557788944505e+00,6.059255049926539627e+00
-5.971124623115576791e-01,4.867909233792527268e-01,-7.417085427135678088e+00,6.046716643429014049e+00
-5.934715326633165366e-01,4.857333760437261283e-01,-7.371859296482412560e+00,6.033580225373904149e+00
-5.898306030150752832e-01,4.846272104574649853e-01,-7.326633165829145256e+00,6.019839891403826471e+00
-5.861896733668341408e-01,4.834719945262724861e-01,-7.281407035175879727e+00,6.005490274222378133e+00
-5.825487437185928874e-01,4.822673388421264140e-01,-7.236180904522613311e+00,5.990526536763262300e+00
-5.789078140703517450e-01,4.810128961332596487e-01,-7.190954773869346894e+00,5.974944365359414533e+00
-5.752668844221104916e-01,4.797083607142412220e-01,-7.145728643216080478e+00,5.958739962912132704e+00
-5.716259547738693492e-01,4.783534679360567088e-01,-7.100502512562814061e+00,5.941910042060204233e+00
-5.679850251256280957e-01,4.769479936361885053e-01,-7.055276381909547645e+00,5.924451818349028898e+00
-5.643440954773868423e-01,4.754917535886969970e-01,-7.010050251256281229e+00,5.906363003399752287e+00
-5.607031658291456999e-01,4.739846029543008377e-01,-6.964824120603014812e+00,5.887641798078391275e+00
-5.570622361809044465e-01,4.724264357304573947e-01,-6.919597989949748396e+00,5.868286885664957708e+00
-5.534213065326633041e-01,4.708171842014438058e-01,-6.874371859296482867e+00,5.848297425022592755e+00
-5.497803768844220507e-01,4.691568183884368692e-01,-6.829145728643215563e+00,5.827673043766684380e+00
-5.461394472361809083e-01,4.674453454995948221e-01,-6.783919597989950034e+00,5.806413831434008799e+00
-5.424985175879395438e-01,4.656828093801363977e-01,-6.738693467336682730e+00,5.784520332651840846e+00
-5.388575879396984014e-01,4.638692899624228261e-01,-6.693467336683417201e+00,5.761993540307097206e+00
-5.352166582914572590e-01,4.620049027160376687e-01,-6.648241206030150785e+00,5.738834888715454774e+00
-5.315757286432160056e-01,4.600897980978675417e-01,-6.603015075376884369e+00,5.715046246790479678e+00
-5.279347989949748632e-01,4.581241610021824506e-01,-6.557788944723617952e+00,5.690629911212750969e+00
-5.242938693467336098e-01,4.561082102107175684e-01,-6.512562814070351536e+00,5.665588599599001185e+00
-5.206529396984923563e-01,4.540421978427520155e-01,-6.467336683417085119e+00,5.639925443671225835e+00
-5.170120100502512139e-01,4.519264088051913597e-01,-6.422110552763818703e+00,5.613643982425829293e+00
-5.133710804020100715e-01,4.497611602426462851e-01,-6.376884422110553174e+00,5.586748155302730723e+00
-5.097301507537687071e-01,4.475468009875148145e-01,-6.331658291457285870e+00,5.559242295354509977e+00
-5.060892211055275647e-01,4.452837110100621443e-01,-6.286432160804020342e+00,5.531131122415529511e+00
-5.024482914572863113e-01,4.429723008685014229e-01,-6.241206030150753037e+00,5.502419736271057182e+00
-4.988073618090451689e-01,4.406130111590744747e-01,-6.195979899497487509e+00,5.473113609826402381e+00
-4.951664321608039709e-01,4.382063119661315231e-01,-6.150753768844221092e+00,5.443218582276027284e+00
-4.915255025125627730e-01,4.357527023122134691e-01,-6.105527638190954676e+00,5.412740852272697190e+00
-4.878845728643215751e-01,4.332527096081306706e-01,-6.060301507537688259e+00,5.381686971096586447e+00
-4.842436432160803217e-01,4.307068891030450541e-01,-6.015075376884421843e+00,5.350063835824421687e+00
-4.806027135678391793e-01,4.281158233345496167e-01,-5.969849246231156314e+00,5.317878682498598408e+00
-4.769617839195979259e-01,4.254801215787495927e-01,-5.924623115577889010e+00,5.285139079296312659e+00
-4.733208542713567835e-01,4.228004193003430666e-01,-5.879396984924623482e+00,5.251852919698690947e+00
-4.696799246231154745e-01,4.200773776027012518e-01,-5.834170854271356177e+00,5.218028415659913044e+00
-4.660389949748743321e-01,4.173116826779494359e-01,-5.788944723618090649e+00,5.183674090776342780e+00
-4.623980653266331342e-01,4.145040452570472045e-01,-5.743718592964824232e+00,5.148798773455651734e+00
-4.587571356783919363e-01,4.116552000598694416e-01,-5.698492462311557816e+00,5.113411590085950920e+00
-4.551162060301507384e-01,4.087659052452866093e-01,-5.653266331658291399e+00,5.077521958204914476e+00
-4.514752763819094850e-01,4.058369418612454704e-01,-5.608040201005024983e+00,5.041139579668908688e+00
-4.478343467336682870e-01,4.028691132948500897e-01,-5.562814070351758566e+00,5.004274433822124557e+00
-4.441934170854270891e-01,3.998632447224413911e-01,-5.517587939698492150e+00,4.966936770665690837e+00
-4.405524874371859467e-01,3.968201825596789356e-01,-5.472361809045226622e+00,4.929137104026818150e+00
-4.369115577889446378e-01,3.937407939116205902e-01,-5.427135678391959317e+00,4.890886204727912911e+00
-4.332706281407034954e-01,3.906259660228040831e-01,-5.381909547738693789e+00,4.852195093755718780e+00
-4.296296984924622420e-01,3.874766057273264508e-01,-5.336683417085426484e+00,4.813075035430426141e+00
-4.259887688442210996e-01,3.842936388989254826e-01,-5.291457286432160956e+00,4.773537530574815335e+00
-4.223478391959798461e-01,3.810780099010603328e-01,-5.246231155778894539e+00,4.733594309683378576e+00
-4.187069095477386482e-01,3.778306810369915780e-01,-5.201005025125628123e+00,4.693257326091442749e+00
-4.150659798994974503e-01,3.745526319998619402e-01,-5.155778894472361706e+00,4.652538749144301100e+00
-4.114250502512562524e-01,3.712448593227775095e-01,-5.110552763819095290e+00,4.611450957366344028e+00
-4.077841206030149990e-01,3.679083758288876349e-01,-5.065326633165828873e+00,4.570006531630180113e+00
-4.041431909547738011e-01,3.645442100814657582e-01,-5.020100502512562457e+00,4.528218248325766027e+00
-4.005022613065326031e-01,3.611534058339900821e-01,-4.974874371859296041e+00,4.486099072529533771e+00
-3.968613316582914052e-01,3.577370214802241821e-01,-4.929648241206029624e+00,4.443662151173519703e+00
-3.932204020100502628e-01,3.542961295042975634e-01,-4.884422110552764096e+00,4.400920806214490888e+00
-3.895794723618090094e-01,3.508318159307858841e-01,-4.839195979899497679e+00,4.357888527803067014e+00
-3.859385427135678115e-01,3.473451797747925673e-01,-4.793969849246231263e+00,4.314578967452860958e+00
-3.822976130653266136e-01,3.438373324920280250e-01,-4.748743718592964846e+00,4.271005931209590045e+00
-3.786566834170854157e-01,3.403093974288916024e-01,-4.703517587939698430e+00,4.227183372820217500e+00
-3.750157537688441622e-01,3.367625092725511360e-01,-4.658291457286432014e+00,4.183125386902069920e+00
-3.713748241206029643e-01,3.331978135010243980e-01,-4.613065326633165597e+00,4.138846202111973405e+00
-3.677338944723617664e-01,3.296164658332587094e-01,-4.567839195979899181e+00,4.094360174315368361e+00
-3.640929648241205130e-01,3.260196316792125515e-01,-4.522613065326632764e+00,4.049681779755450961e+00
-3.604520351758793151e-01,3.224084855899356228e-01,-4.477386934673366348e+00,4.004825608222292388e+00
-3.568111055276381172e-01,3.187842107076494513e-01,-4.432160804020099931e+00,3.959806356221966972e+00
-3.531701758793969748e-01,3.151479982158282289e-01,-4.386934673366834403e+00,3.914638820145683429e+00
-3.495292462311557768e-01,3.115010467892789237e-01,-4.341708542713567986e+00,3.869337889438904110e+00
-3.458883165829145234e-01,3.078445620442227804e-01,-4.296482412060301570e+00,3.823918539770483793e+00
-3.422473869346733255e-01,3.041797559883748225e-01,-4.251256281407035154e+00,3.778395826201787155e+00
-3.386064572864321276e-01,3.005078464710252417e-01,-4.206030150753768737e+00,3.732784876355820014e+00
-3.349655276381909297e-01,2.968300566331198431e-01,-4.160804020100502321e+00,3.687100883586359679e+00
-3.313245979899496763e-01,2.931476143573401583e-01,-4.115577889447235904e+00,3.641359100147074201e+00
-3.276836683417084783e-01,2.894617517181848343e-01,-4.070351758793969488e+00,3.595574830360659391e+00
-3.240427386934672804e-01,2.857737044320497466e-01,-4.025125628140703071e+00,3.549763423787960726e+00
-3.204018090452260825e-01,2.820847113073084445e-01,-3.979899497487436655e+00,3.503940268397099267e+00
-3.167608793969848291e-01,2.783960136943934294e-01,-3.934673366834170238e+00,3.458120783732606007e+00
-3.131199497487436867e-01,2.747088549358761567e-01,-3.889447236180904710e+00,3.412320414084543341e+00
-3.094790201005024888e-01,2.710244798165472591e-01,-3.844221105527638294e+00,3.366554621657627422e+00
-3.058380904522612909e-01,2.673441340134986577e-01,-3.798994974874371877e+00,3.320838879740372285e+00
-3.021971608040200930e-01,2.636690635462021759e-01,-3.753768844221105461e+00,3.275188665874196658e+00
-2.985562311557788395e-01,2.600005142265919833e-01,-3.708542713567839044e+00,3.229619455022570307e+00
-2.949153015075376416e-01,2.563397311091440423e-01,-3.663316582914572628e+00,3.184146712740128837e+00
-2.912743718592964437e-01,2.526879579409569421e-01,-3.618090452261306211e+00,3.138785888341804498e+00
-2.876334422110552458e-01,2.490464366118325668e-01,-3.572864321608039795e+00,3.093552408071952975e+00
-2.839925125628139924e-01,2.454164066043572623e-01,-3.527638190954773378e+00,3.048461668273489522e+00
-2.803515829145727944e-01,2.417991044439809500e-01,-3.482412060301506962e+00,3.003529028556996217e+00
-2.767106532663316520e-01,2.381957631490995431e-01,-3.437185929648241434e+00,2.958769804969872297e+00
-2.730697236180904541e-01,2.346076116811341983e-01,-3.391959798994975017e+00,2.914199263165445863e+00
-2.694287939698492007e-01,2.310358743946126225e-01,-3.346733668341708601e+00,2.869832611572109116e+00
-2.657878643216080028e-01,2.274817704872488799e-01,-3.301507537688442184e+00,2.825684994562435826e+00
-2.621469346733668049e-01,2.239465134500256138e-01,-3.256281407035175768e+00,2.781771485622329454e+00
-2.585060050251256070e-01,2.204313105172725218e-01,-3.211055276381909351e+00,2.738107080520123304e+00
-2.548650753768843535e-01,2.169373621167489108e-01,-3.165829145728642935e+00,2.694706690475733524e+00
-2.512241457286431556e-01,2.134658613197224775e-01,-3.120603015075376518e+00,2.651585135329761922e+00
-2.475832160804019577e-01,2.100179932910516412e-01,-3.075376884422110102e+00,2.608757136712647196e+00
-2.439422864321607320e-01,2.065949347392649904e-01,-3.030150753768843686e+00,2.566237311213775740e+00
-2.403013567839195341e-01,2.031978533666421727e-01,-2.984924623115577269e+00,2.524040163550614224e+00
-2.366604271356783917e-01,1.998279073192950339e-01,-2.939698492462311741e+00,2.482180079737843048e+00
-2.330194974874371661e-01,1.964862446372471205e-01,-2.894472361809045324e+00,2.440671320256470267e+00
-2.293785678391959681e-01,1.931740027045150132e-01,-2.849246231155778908e+00,2.399528013222967715e+00
-2.257376381909547425e-01,1.898923076991891612e-01,-2.804020100502512491e+00,2.358764147558402247e+00
-2.220967085427135446e-01,1.866422740435138283e-01,-2.758793969849246075e+00,2.318393566157553654e+00
-2.184557788944723189e-01,1.834250038539677607e-01,-2.713567839195979658e+00,2.278429959058043242e+00
-2.148148492462311210e-01,1.802415863913461591e-01,-2.668341708542713242e+00,2.238886856609479725e+00
-2.111739195979898953e-01,1.770930975108388761e-01,-2.623115577889446826e+00,2.199777622642554942e+00
-2.075329899497486974e-01,1.739805991121126660e-01,-2.577889447236180409e+00,2.161115447638192411e+00
-2.038920603015074717e-01,1.709051385893916308e-01,-2.532663316582913993e+00,2.122913341896672801e+00
-2.002511306532663293e-01,1.678677482815376931e-01,-2.487437185929648464e+00,2.085184128706759843e+00
-1.966102010050251314e-01,1.648694449221303204e-01,-2.442211055276382048e+00,2.047940437514816914e+00
-1.929692713567839057e-01,1.619112290895491357e-01,-2.396984924623115631e+00,2.011194697093958705e+00
-1.893283417085427078e-01,1.589940846570522259e-01,-2.351758793969849215e+00,1.974959128713151379e+00
-1.856874120603014822e-01,1.561189782428582806e-01,-2.306532663316582799e+00,1.939245739306357130e+00
-1.820464824120602565e-01,1.532868586602259275e-01,-2.261306532663316382e+00,1.904066314641648994e+00
-1.784055527638190586e-01,1.504986563675368982e-01,-2.216080402010049966e+00,1.869432412490366069e+00
-1.747646231155778329e-01,1.477552829183733929e-01,-2.170854271356783549e+00,1.835355355796203902e+00
-1.711236934673366350e-01,1.450576304116004966e-01,-2.125628140703517133e+00,1.801846225844363936e+00
-1.674827638190954093e-01,1.424065709414460701e-01,-2.080402010050250716e+00,1.768915855430670092e+00
-1.638418341708542114e-01,1.398029560475821109e-01,-2.035175879396984300e+00,1.736574822030707566e+00
-1.602009045226130690e-01,1.372476161652053939e-01,-1.989949748743718771e+00,1.704833440968950953e+00
-1.565599748743718433e-01,1.347413600751165563e-01,-1.944723618090452355e+00,1.673701758587871069e+00
-1.529190452261306454e-01,1.322849743538026535e-01,-1.899497487437185939e+00,1.643189545417087949e+00
-1.492781155778894198e-01,1.298792228235162993e-01,-1.854271356783919522e+00,1.613306289342479438e+00
-1.456371859296482218e-01,1.275248460023571118e-01,-1.809045226130653106e+00,1.584061188775319984e+00
-1.419962562814069962e-01,1.252225605543517140e-01,-1.763819095477386689e+00,1.555463145821398996e+00
-1.383553266331657983e-01,1.229730587395358038e-01,-1.718592964824120273e+00,1.527520759450168519e+00
-1.347143969849245726e-01,1.207770078640315881e-01,-1.673366834170853856e+00,1.500242318663829622e+00
-1.310734673366833747e-01,1.186350497301326135e-01,-1.628140703517587440e+00,1.473635795666512927e+00
-1.274325376884421490e-01,1.165478000863797575e-01,-1.582914572864321023e+00,1.447708839033349015e+00
-1.237916080402009372e-01,1.145158480776466287e-01,-1.537688442211054607e+00,1.422468766879655178e+00
-1.201506783919597948e-01,1.125397556952163203e-01,-1.492462311557789079e+00,1.397922560030014694e+00
-1.165097487437185830e-01,1.106200572268641741e-01,-1.447236180904522662e+00,1.374076855187431612e+00
-1.128688190954773712e-01,1.087572587069360885e-01,-1.402010050251256246e+00,1.350937938102429570e+00
-1.092278894472361594e-01,1.069518373664336136e-01,-1.356783919597989829e+00,1.328511736742234994e+00
-1.055869597989949477e-01,1.052042410830880126e-01,-1.311557788944723413e+00,1.306803814459822632e+00
-1.019460301507537359e-01,1.035148878314478965e-01,-1.266331658291456996e+00,1.285819363163131612e+00
-9.830510050251252407e-02,1.018841651329540632e-01,-1.221105527638190580e+00,1.265563196484119857e+00
-9.466417085427131228e-02,1.003124295060232735e-01,-1.175879396984924163e+00,1.246039742947932183e+00
-9.102324120603010049e-02,9.880000591612862759e-02,-1.130653266331657747e+00,1.227253039142023994e+00
-8.738231155778888870e-02,9.734718722587878958e-02,-1.085427135678391330e+00,1.209206722885271645e+00
-8.374138190954767691e-02,9.595423364509829411e-02,-1.040201005025124914e+00,1.191904026397097027e+00
-8.010045226130653451e-02,9.462137218091185020e-02,-9.949748743718593857e-01,1.175347769466640102e+00
-7.645952261306525333e-02,9.334879608782015170e-02,-9.497487437185920811e-01,1.159540352621826642e+00
-7.281859296482411092e-02,9.213666431778287647e-02,-9.045226130653265528e-01,1.144483750298526559e+00
-6.917766331658282974e-02,9.098510097030029775e-02,-8.592964824120592482e-01,1.130179504009692693e+00
-6.553673366834168734e-02,8.989419474249106534e-02,-8.140703517587937199e-01,1.116628715514453418e+00
-6.189580402010054494e-02,8.886399837917624556e-02,-7.688442211055281916e-01,1.103832039987283409e+00
-5.825487437185925682e-02,8.789452812295546480e-02,-7.236180904522608870e-01,1.091789679187074924e+00
-5.461394472361811442e-02,8.698576316429225408e-02,-6.783919597989953587e-01,1.080501374626324562e+00
-5.097301507537683324e-02,8.613764509159144156e-02,-6.331658291457280541e-01,1.069966400740220536e+00
-4.733208542713569084e-02,8.535007734128097212e-02,-5.879396984924625258e-01,1.060183558055785014e+00
-4.369115577889440966e-02,8.462292464789177016e-02,-5.427135678391952212e-01,1.051151166360993372e+00
-4.005022613065326725e-02,8.395601249414107181e-02,-4.974874371859296929e-01,1.042867057873934300e+00
-3.640929648241197913e-02,8.334912656100862405e-02,-4.522613065326623882e-01,1.035328570411882865e+00
-3.276836683417084367e-02,8.280201217781915646e-02,-4.070351758793968600e-01,1.028532540560451736e+00
-2.912743718592955902e-02,8.231437377232539432e-02,-3.618090452261295553e-01,1.022475296842747738e+00
-2.548650753768841662e-02,8.188587432078510420e-02,-3.165829145728640270e-01,1.017152652888455577e+00
-2.184557788944727422e-02,8.151613479804362128e-02,-2.713567839195984988e-01,1.012559900602989060e+00
-1.820464824120598957e-02,8.120473362761537750e-02,-2.261306532663311941e-01,1.008691803336629889e+00
-1.456371859296485063e-02,8.095120613175840751e-02,-1.809045226130656658e-01,1.005542589053579405e+00
-1.092278894472356598e-02,8.075504398156642394e-02,-1.356783919597983612e-01,1.003105943501228836e+00
-7.281859296482425317e-03,8.061569464703779997e-02,-9.045226130653283292e-02,1.001375003379141759e+00
-3.640929648241141101e-03,8.053256084716235719e-02,-4.522613065326552828e-02,1.000342349508258621e+00
0.000000000000000000e+00,8.050499999999997935e-02,0.000000000000000000e+00,9.999999999999998890e-01
4.506648843788992054e-03,8.054878012634480999e-02,5.597973844840684055e-02,1.000543818723617306e+00
9.013297687577984107e-03,8.067503038062319443e-02,1.119594768968136811e-01,1.002112047458210142e+00
1.351994653136697616e-02,8.088179356110067331e-02,1.679392153452205216e-01,1.004680374648788010e+00
1.802659537515596821e-02,8.116592892502974554e-02,2.239189537936273622e-01,1.008209787280662795e+00
2.253324421894496374e-02,8.152622316112277667e-02,2.798986922420342305e-01,1.012685214100028430e+00
2.703989306273395232e-02,8.195911970785212108e-02,3.358784306904410433e-01,1.018062476962326990e+00
3.154654190652294438e-02,8.246185768599029187e-02,3.918581691388478561e-01,1.024307281361285682e+00
3.605319075031193643e-02,8.303211327585892365e-02,4.478379075872547244e-01,1.031390761764597652e+00
4.055983959410093542e-02,8.366753159517521798e-02,5.038176460356615927e-01,1.039283666793059169e+00
4.506648843788992748e-02,8.436637392429732762e-02,5.597973844840684610e-01,1.047964398786377593e+00
4.957313728167891259e-02,8.512733383182195801e-02,6.157771229324752182e-01,1.057416729790969123e+00
5.407978612546790464e-02,8.595009038996655193e-02,6.717568613808820865e-01,1.067636673373909106e+00
5.858643496925690364e-02,8.683559915517086170e-02,7.277365998292889548e-01,1.078636099064292475e+00
6.309308381304588875e-02,8.778587878626292751e-02,7.837163382776957121e-01,1.090440081811849371e+00
6.759973265683488775e-02,8.880447421348482140e-02,8.396960767261025804e-01,1.103092655282092105e+00
7.210638150062387286e-02,8.989796011083614480e-02,8.956758151745094487e-01,1.116675487371419750e+00
7.661303034441287185e-02,9.107435549294762289e-02,9.516555536229163170e-01,1.131288186981524557e+00
8.111967918820187085e-02,9.234576488017906537e-02,1.007635292071323185e+00,1.147081111485983129e+00
8.562632803199085596e-02,9.372821580364028293e-02,1.063615030519730054e+00,1.164253348284457923e+00
9.013297687577985495e-02,9.523485747358367837e-02,1.119594768968136922e+00,1.182968231458712882e+00
9.463962571956882619e-02,9.685614313745037618e-02,1.175574507416543568e+00,1.203107175174838561e+00
9.914627456335782518e-02,9.856155180883897915e-02,1.231554245864950436e+00,1.224291060292391542e+00
1.036529234071468242e-01,1.003244685811832682e-01,1.287533984313357305e+00,1.246189287388153266e+00
1.081595722509358093e-01,1.021281199437291398e-01,1.343513722761764173e+00,1.268593502810125395e+00
1.126662210947248083e-01,1.039616111471112353e-01,1.399493461210171041e+00,1.291368376462471268e+00
1.171728699385138073e-01,1.058176588639198612e-01,1.455473199658577910e+00,1.314423437847585419e+00
1.216795187823027924e-01,1.076908537303185448e-01,1.511452938106984778e+00,1.337691494072648313e+00
1.261861676260917775e-01,1.095770675997335963e-01,1.567432676555391424e+00,1.361121266998740476e+00
1.306928164698807626e-01,1.114730844164767559e-01,1.623412415003798293e+00,1.384672808104798092e+00
1.351994653136697755e-01,1.133762535602074045e-01,1.679392153452205161e+00,1.408313192475093567e+00
1.397061141574587606e-01,1.152843923708816443e-01,1.735371891900612029e+00,1.432015308004243925e+00
1.442127630012477457e-01,1.171957002710887069e-01,1.791351630349018897e+00,1.455756788660191425e+00
1.487194118450367586e-01,1.191086425156786394e-01,1.847331368797425766e+00,1.479518570469891880e+00
1.532260606888257437e-01,1.210219036512770185e-01,1.903311107245832634e+00,1.503284313412546203e+00
1.577327095326147288e-01,1.229343694191982056e-01,1.959290845694239502e+00,1.527040176625032109e+00
1.622393583764037417e-01,1.248450913530190776e-01,2.015270584142646371e+00,1.550774378647526097e+00
1.667460072201926990e-01,1.267532432667299591e-01,2.071250322591053017e+00,1.574476656937208396e+00
1.712526560639817119e-01,1.286580769321694073e-01,2.127230061039460107e+00,1.598137717311588268e+00
1.757593049077706970e-01,1.305589103821659103e-01,2.183209799487866754e+00,1.621749088654939719e+00
1.802659537515597099e-01,1.324551671662171914e-01,2.239189537936273844e+00,1.645303610536205330e+00
1.847726025953486950e-01,1.343463900759863938e-01,2.295169276384680490e+00,1.668795603701464403e+00
1.892792514391376524e-01,1.362321827636813476e-01,2.351149014833087136e+00,1.692220144881452892e+00
1.937859002829266653e-01,1.381121529746752175e-01,2.407128753281494227e+00,1.715572361650521405e+00
1.982925491267156504e-01,1.399859213745406061e-01,2.463108491729900873e+00,1.738847542072425423e+00
2.027991979705046632e-01,1.418531550846306721e-01,2.519088230178307963e+00,1.762041551265519868e+00
2.073058468142936484e-01,1.437135746809121706e-01,2.575067968626714610e+00,1.785150918339384774e+00
2.118124956580826612e-01,1.455669377100227146e-01,2.631047707075121700e+00,1.808172631638068628e+00
2.163191445018716186e-01,1.474130256670747041e-01,2.687027445523528346e+00,1.831103976983724069e+00
2.208257933456606037e-01,1.492516440715284387e-01,2.743007183971934992e+00,1.853942538619072877e+00
2.253324421894496166e-01,1.510826260493458584e-01,2.798986922420342083e+00,1.876686243703445500e+00
2.298390910332386017e-01,1.529058299304019153e-01,2.854966660868748729e+00,1.899333332468814639e+00
2.343457398770276146e-01,1.547211302120728438e-01,2.910946399317155819e+00,1.921882245973204784e+00
2.388523887208165997e-01,1.565284089464422101e-01,2.966926137765562466e+00,1.944331519116107243e+00
2.433590375646055848e-01,1.583275546753582230e-01,3.022905876213969556e+00,1.966679767410201229e+00
2.478656864083945699e-01,1.601184671386123581e-01,3.078885614662376202e+00,1.988925745464410477e+00
2.523723352521835550e-01,1.619010618333931173e-01,3.134865353110782848e+00,2.011068403619565625e+00
2.568789840959725401e-01,1.636752709324095223e-01,3.190845091559189939e+00,2.033106899352953523e+00
2.613856329397615252e-01,1.654410414925139017e-01,3.246824830007596585e+00,2.055040575026568561e+00
2.658922817835505659e-01,1.671983333271387373e-01,3.302804568456003675e+00,2.076868931459396883e+00
2.703989306273395510e-01,1.689471163336185300e-01,3.358784306904410322e+00,2.098591594728508092e+00
2.749055794711285361e-01,1.706873672620563276e-01,3.414764045352817412e+00,2.120208276033244577e+00
2.794122283149175212e-01,1.724190664857856159e-01,3.470743783801224058e+00,2.141718731579226542e+00
2.839188771587065063e-01,1.741421963389005734e-01,3.526723522249631149e+00,2.163122741927837822e+00
2.884255260024954914e-01,1.758567426955386370e-01,3.582703260698037795e+00,2.184420131613423521e+00
2.929321748462844766e-01,1.775626975836637200e-01,3.638682999146444441e+00,2.205610801610629501e+00
2.974388236900735172e-01,1.792600614211050936e-01,3.694662737594851531e+00,2.226694757109559664e+00
3.019454725338624468e-01,1.809488424298240916e-01,3.750642476043258178e+00,2.247672100240035942e+00
3.064521213776514874e-01,1.826290532753201412e-01,3.806622214491665268e+00,2.268542988327683307e+00
3.109587702214404725e-01,1.843007073326881906e-01,3.862601952940071914e+00,2.289307587512430242e+00
3.154654190652294576e-01,1.859638157995146812e-01,3.918581691388479005e+00,2.309966036886090368e+00
3.199720679090184428e-01,1.876183889249094239e-01,3.974561429836885651e+00,2.330518463758890046e+00
3.244787167528074834e-01,1.892644402209139043e-01,4.030541168285292741e+00,2.350965035971851691e+00
3.289853655965964130e-01,1.909019909456243780e-01,4.086520906733698943e+00,2.371306017584303927e+00
3.334920144403853981e-01,1.925310737024689967e-01,4.142500645182106034e+00,2.391541813582622300e+00
3.379986632841744387e-01,1.941517308913308093e-01,4.198480383630513124e+00,2.411672950640715740e+00
3.425053121279634238e-01,1.957640087921157235e-01,4.254460122078920215e+00,2.431700003628541662e+00
3.470119609717524090e-01,1.973679511476798265e-01,4.310439860527326417e+00,2.451623515901867556e+00
3.515186098155413941e-01,1.989635930611621806e-01,4.366419598975733507e+00,2.471443923497449902e+00
3.560252586593304347e-01,2.005509591446683892e-01,4.422399337424140597e+00,2.491161532136741741e+00
3.605319075031194198e-01,2.021300686073655428e-01,4.478379075872547688e+00,2.510776580428117022e+00
3.650385563469083494e-01,2.037009420675540416e-01,4.534358814320953890e+00,2.530289324483622870e+00
3.695452051906973900e-01,2.052636083859467053e-01,4.590338552769360980e+00,2.549700122799164248e+00
3.740518540344863752e-01,2.068181104051602659e-01,4.646318291217768071e+00,2.569009507548106086e+00
3.785585028782753048e-01,2.083645043033604538e-01,4.702298029666174273e+00,2.588218176552518290e+00
3.830651517220643454e-01,2.099028535183387612e-01,4.758277768114581363e+00,2.607326917810555589e+00
3.875718005658533305e-01,2.114332220473525148e-01,4.814257506562988453e+00,2.626336526269828386e+00
3.920784494096423711e-01,2.129556677557399025e-01,4.870237245011395544e+00,2.645247720709768657e+00
3.965850982534313007e-01,2.144702367749414251e-01,4.926216983459801746e+00,2.664061074156157449e+00
4.010917470972203414e-01,2.159769636723294362e-01,4.982196721908208836e+00,2.682777015990676972e+00
4.055983959410093265e-01,2.174758761369475768e-01,5.038176460356615927e+00,2.701395890155239954e+00
4.101050447847982561e-01,2.189670001314880932e-01,5.094156198805022129e+00,2.719918019147731236e+00
4.146116936285872967e-01,2.204503650445507890e-01,5.150135937253429219e+00,2.738343768021251012e+00
4.191183424723762818e-01,2.219260085246186343e-01,5.206115675701836309e+00,2.756673604429770386e+00
4.236249913161653224e-01,2.233939780908330563e-01,5.262095414150243400e+00,2.774908118636520538e+00
4.281316401599542520e-01,2.248543284821900023e-01,5.318075152598649602e+00,2.793047990586796203e+00
4.326382890037432372e-01,2.263071181703808499e-01,5.374054891047056692e+00,2.811093946591899595e+00
4.371449378475322778e-01,2.277524058641251792e-01,5.430034629495463783e+00,2.829046715907399534e+00
4.416515866913212074e-01,2.291902470218096510e-01,5.486014367943869985e+00,2.846906987414566270e+00
4.461582355351102480e-01,2.306206909941640459e-01,5.541994106392277075e+00,2.864675374127868768e+00
4.506648843788992331e-01,2.320437810266876566e-01,5.597973844840684166e+00,2.882352413225112375e+00
4.551715332226882738e-01,2.334595562151393910e-01,5.653953583289091256e+00,2.899938590337735711e+00
4.596781820664772034e-01,2.348680536292868104e-01,5.709933321737497458e+00,2.917434365931145024e+00
4.641848309102661885e-01,2.362693104367568353e-01,5.765913060185904548e+00,2.934840201686315986e+00
4.686914797540552291e-01,2.376633660224153621e-01,5.821892798634311639e+00,2.952156586825854134e+00
4.731981285978441587e-01,2.390502637380214068e-01,5.877872537082717841e+00,2.969384059847480550e+00
4.777047774416331993e-01,2.404300509057553659e-01,5.933852275531124931e+00,2.986523208567857690e+00
4.822114262854221844e-01,2.418027775863846596e-01,5.989832013979532022e+00,3.003574654821249190e+00
4.867180751292111696e-01,2.431684952358119933e-01,6.045811752427939112e+00,3.020539037771716284e+00
4.912247239730001547e-01,2.445272553615381317e-01,6.101791490876345314e+00,3.037416997224248849e+00
4.957313728167891398e-01,2.458791081791477651e-01,6.157771229324752404e+00,3.054209156936187775e+00
5.002380216605781804e-01,2.472241013241997243e-01,6.213750967773159495e+00,3.070916108616852824e+00
5.047446705043671100e-01,2.485622792548487225e-01,6.269730706221565697e+00,3.087538404507157885e+00
5.092513193481561506e-01,2.498936837202360428e-01,6.325710444669972787e+00,3.104076563197764926e+00
5.137579681919450802e-01,2.512183544777680799e-01,6.381690183118379878e+00,3.120531078538824943e+00
5.182646170357341209e-01,2.525363300141087453e-01,6.437669921566786968e+00,3.136902428595848225e+00
5.227712658795230505e-01,2.538476482661708999e-01,6.493649660015193170e+00,3.153191084605563965e+00
5.272779147233120911e-01,2.551523473420168608e-01,6.549629398463600261e+00,3.169397519930648777e+00
5.317845635671011317e-01,2.564504661968007859e-01,6.605609136912007351e+00,3.185522218456006360e+00
5.362912124108901724e-01,2.577420449126618940e-01,6.661588875360414441e+00,3.201565678065485532e+00
5.407978612546791020e-01,2.590271245081640084e-01,6.717568613808820643e+00,3.217528408274815899e+00
5.453045100984680316e-01,2.603057466662062613e-01,6.773548352257227734e+00,3.233410926851826517e+00
5.498111589422570722e-01,2.615779534613215662e-01,6.829528090705634824e+00,3.249213756429061739e+00
5.543178077860460018e-01,2.628437870869752002e-01,6.885507829154041026e+00,3.264937421116393068e+00
5.588244566298350424e-01,2.641032895828632210e-01,6.941487567602448117e+00,3.280582443113635449e+00
5.633311054736240830e-01,2.653565025652842024e-01,6.997467306050855207e+00,3.296149339361334363e+00
5.678377543174130127e-01,2.666034670193524470e-01,7.053447044499262297e+00,3.311638618959722891e+00
5.723444031612020533e-01,2.678442232243187227e-01,7.109426782947668499e+00,3.327050782241087745e+00
5.768510520049909829e-01,2.690788107232358617e-01,7.165406521396075590e+00,3.342386320392968013e+00
5.813577008487800235e-01,2.703072682939188232e-01,7.221386259844482680e+00,3.357645715097433037e+00
5.858643496925689531e-01,2.715296339199030351e-01,7.277365998292888882e+00,3.372829438170338090e+00
5.903709985363579937e-01,2.727459447614034027e-01,7.333345736741295973e+00,3.387937951200589382e+00
5.948776473801470344e-01,2.739562371262751483e-01,7.389325475189703063e+00,3.402971705189431262e+00
5.993842962239359640e-01,2.751605464469685236e-01,7.445305213638110153e+00,3.417931140264189427e+00
6.038909450677248936e-01,2.763589073353810432e-01,7.501284952086516356e+00,3.432816686359618341e+00
6.083975939115139342e-01,2.775513537615912907e-01,7.557264690534923446e+00,3.447628765438063514e+00
6.129042427553029748e-01,2.787379192625025759e-01,7.613244428983330536e+00,3.462367794081145256e+00
6.174108915990919044e-01,2.799186371509631566e-01,7.669224167431736738e+00,3.477034186087363032e+00
6.219175404428809451e-01,2.810935407248874585e-01,7.725203905880143829e+00,3.491628355069715806e+00
6.264241892866699857e-01,2.822626634763768516e-01,7.781183644328550919e+00,3.506150717053311716e+00
6.309308381304589153e-01,2.834260393008352086e-01,7.837163382776958009e+00,3.520601693072917815e+00
6.354374869742478449e-01,2.845837026939470604e-01,7.893143121225364212e+00,3.534981711619739286e+00
6.399441358180368855e-01,2.857356888000898709e-01,7.949122859673771302e+00,3.549291209242778855e+00
6.444507846618259261e-01,2.868820332345660695e-01,8.005102598122178392e+00,3.563530628340675577e+00
6.489574335056149668e-01,2.880227718537922144e-01,8.061082336570585483e+00,3.577700414307089627e+00
6.534640823494038964e-01,2.891579405247360346e-01,8.117062075018992573e+00,3.591801012666741677e+00
6.579707311931928260e-01,2.902875748943521961e-01,8.173041813467397887e+00,3.605832866211442944e+00
6.624773800369818666e-01,2.914117101590207315e-01,8.229021551915804977e+00,3.619796412136149666e+00
6.669840288807707962e-01,2.925303808339823619e-01,8.285001290364212068e+00,3.633692079174987821e+00
6.714906777245598368e-01,2.936436205292986545e-01,8.340981028812619158e+00,3.647520284818317915e+00
6.759973265683488775e-01,2.947514618334864944e-01,8.396960767261026248e+00,3.661281433867293877e+00
6.805039754121379181e-01,2.958539363998878291e-01,8.452940505709433339e+00,3.674975919506711985e+00
6.850106242559268477e-01,2.969510750917666586e-01,8.508920244157840429e+00,3.688604125107343368e+00
6.895172730997157773e-01,2.980429081287401805e-01,8.564899982606245743e+00,3.702166426044844361e+00
6.940239219435048179e-01,2.991294652332105453e-01,8.620879721054652833e+00,3.715663191518670416e+00
6.985305707872937475e-01,3.002107757767963903e-01,8.676859459503059924e+00,3.729094786370988235e+00
7.030372196310827881e-01,3.012868689267644839e-01,8.732839197951467014e+00,3.742461572905590117e+00
7.075438684748718288e-01,3.023577737914258101e-01,8.788818936399874104e+00,3.755763912693942608e+00
7.120505173186608694e-01,3.034235195290013176e-01,8.844798674848281195e+00,3.769002167927474556e+00
7.165571661624497990e-01,3.044841353450387089e-01,8.900778413296688285e+00,3.782176701385488560e+00
7.210638150062388396e-01,3.055396504372278610e-01,8.956758151745095375e+00,3.795287875749679074e+00
7.255704638500276582e-01,3.065900939375398870e-01,9.012737890193500689e+00,3.808336052885409995e+00
7.300771126938166988e-01,3.076354948543658652e-01,9.068717628641907780e+00,3.821321593122984694e+00
7.345837615376057395e-01,3.086758820146550675e-01,9.124697367090314870e+00,3.834244854538912062e+00
7.390904103813947801e-01,3.097112840060545769e-01,9.180677105538721960e+00,3.847106192237185418e+00
7.435970592251837097e-01,3.107417291190728292e-01,9.236656843987129051e+00,3.859905957630866080e+00
7.481037080689727503e-01,3.117672452947289896e-01,9.292636582435536141e+00,3.872644497791802198e+00
7.526103569127617909e-01,3.127878601098819100e-01,9.348616320883943231e+00,3.885322155268392752e+00
7.571170057565506095e-01,3.138036007992545118e-01,9.404596059332348545e+00,3.897939268359164711e+00
7.616236546003396501e-01,3.148144942824616099e-01,9.460575797780755636e+00,3.910496171448501812e+00
7.661303034441286908e-01,3.158205671910566670e-01,9.516555536229162726e+00,3.922993195342608708e+00
7.706369522879177314e-01,3.168218458955797123e-01,9.572535274677569817e+00,3.935430667605487098e+00
7.751436011317066610e-01,3.178183565326032634e-01,9.628515013125976907e+00,3.947808912894891886e+00
7.796502499754957016e-01,3.188101250317802449e-01,9.684494751574383997e+00,3.960128253298307754e+00
7.841568988192847423e-01,3.197971771426192933e-01,9.740474490022791088e+00,3.972389008665540011e+00
7.886635476630735608e-01,3.207795384538443817e-01,9.796454228471196402e+00,3.984591496849194225e+00
7.931701965068626015e-01,3.217572343933615686e-01,9.852433966919603492e+00,3.996736033704261892e+00
7.976768453506516421e-01,3.227302902203516011e-01,9.908413705368010582e+00,4.008822932989896337e+00
8.021834941944406827e-01,3.236987310170468812e-01,9.964393443816417673e+00,4.020852506267273974e+00
8.066901430382296123e-01,3.246625816805071563e-01,1.002037318226482476e+01,4.032825062797431137e+00
8.111967918820186529e-01,3.256218669143967070e-01,1.007635292071323185e+01,4.044740909439124898e+00
8.157034407258076936e-01,3.265766112207592609e-01,1.013233265916163894e+01,4.056600350546665013e+00
8.202100895695965121e-01,3.275268388917956242e-01,1.018831239761004426e+01,4.068403687867780505e+00
8.247167384133855528e-01,3.284725740021193219e-01,1.024429213605845135e+01,4.080151220447417515e+00
8.292233872571745934e-01,3.294138404062714187e-01,1.030027187450685844e+01,4.091843244596875095e+00
8.337300361009636340e-01,3.303506617436234305e-01,1.035625161295526553e+01,4.103480053954704054e+00
8.382366849447525636e-01,3.312830614448341038e-01,1.041223135140367262e+01,4.115061939566910354e+00
8.427433337885416043e-01,3.322110627383240700e-01,1.046821108985207971e+01,4.126589189967382332e+00
8.472499826323306449e-01,3.331346886567495003e-01,1.052419082830048680e+01,4.138062091258301045e+00
8.517566314761194635e-01,3.340539620434788137e-01,1.058017056674889211e+01,4.149480927190595025e+00
8.562632803199085041e-01,3.349689055590652220e-01,1.063615030519729920e+01,4.160845979244335524e+00
8.607699291636975447e-01,3.358795416877222162e-01,1.069213004364570629e+01,4.172157526709176167e+00
8.652765780074864743e-01,3.367858927435382066e-01,1.074810978209411338e+01,4.183415846761545431e+00
8.697832268512755149e-01,3.376879808748866618e-01,1.080408952054252048e+01,4.194621214519429486e+00
8.742898756950645556e-01,3.385858280670528964e-01,1.086006925899092757e+01,4.205773903075000320e+00
8.787965245388535962e-01,3.394794561446110026e-01,1.091604899743933466e+01,4.216874183524141451e+00
8.833031733826424148e-01,3.403688867738003943e-01,1.097202873588773997e+01,4.227922324995968317e+00
8.878098222264314554e-01,3.412541414649026827e-01,1.102800847433614706e+01,4.238918594682351326e+00
8.923164710702204960e-01,3.421352415746180542e-01,1.108398821278455415e+01,4.249863257867438016e+00
8.968231199140094256e-01,3.430122083084424234e-01,1.113996795123296124e+01,4.260756577957176106e+00
9.013297687577984663e-01,3.438850627230401469e-01,1.119594768968136833e+01,4.271598816508790364e+00
9.058364176015875069e-01,3.447538257280240437e-01,1.125192742812977542e+01,4.282390233252892031e+00
9.103430664453765475e-01,3.456185180840533611e-01,1.130790716657818251e+01,4.293131086069851499e+00
9.148497152891653661e-01,3.464791603976302703e-01,1.136388690502658783e+01,4.303821630925163788e+00
9.193563641329544067e-01,3.473357731154895767e-01,1.141986664347499492e+01,4.314462121799759409e+00
9.238630129767434473e-01,3.481883765189877078e-01,1.147584638192340201e+01,4.325052810620306332e+00
9.283696618205323770e-01,3.490369907184923681e-01,1.153182612037180910e+01,4.335593947189520847e+00
9.328763106643214176e-01,3.498816356477713607e-01,1.158780585882021619e+01,4.346085779116469539e+00
9.373829595081104582e-01,3.507223310583821307e-01,1.164378559726862328e+01,4.356528551746874811e+00
9.418896083518994988e-01,3.515590965140658053e-01,1.169976533571703037e+01,4.366922508093482591e+00
9.463962571956883174e-01,3.523919513867542208e-01,1.175574507416543568e+01,4.377267888786463779e+00
9.509029060394773580e-01,3.532209148645867880e-01,1.181172481261384277e+01,4.387564932172993259e+00
9.554095548832663987e-01,3.540460059724285236e-01,1.186770455106224986e+01,4.397813874572120696e+00
9.599162037270553283e-01,3.548672435942396564e-01,1.192368428951065695e+01,4.408014950552632705e+00
9.644228525708443689e-01,3.556846464954507847e-01,1.197966402795906404e+01,4.418168393210990530e+00
9.689295014146334095e-01,3.564982333453417529e-01,1.203564376640747113e+01,4.428274434449311237e+00
9.734361502584223391e-01,3.573080227394176966e-01,1.209162350485587822e+01,4.438333305253309824e+00
9.779427991022112687e-01,3.581140332217865874e-01,1.214760324330428354e+01,4.448345235970270650e+00
9.824494479460003094e-01,3.589162833075357217e-01,1.220358298175269063e+01,4.458310456586991322e+00
9.869560967897892390e-01,3.597147915031937981e-01,1.225956272020109772e+01,4.468229196983961593e+00
9.914627456335782796e-01,3.605095763034522061e-01,1.231554245864950481e+01,4.478101686894630618e+00
9.959693944773673202e-01,3.613006561513854020e-01,1.237152219709791190e+01,4.487928155411283981e+00
1.000476043321156361e+00,3.620880493901819652e-01,1.242750193554631899e+01,4.497708830385466428e+00
1.004982692164945401e+00,3.628717742147511416e-01,1.248348167399472608e+01,4.507443937826857372e+00
1.009489341008734220e+00,3.636518486233271119e-01,1.253946141244313139e+01,4.517133701302119775e+00
1.013995989852523261e+00,3.644282903690753139e-01,1.259544115089153848e+01,4.526778341333772104e+00
1.018502638696312301e+00,3.652011169116975986e-01,1.265142088933994557e+01,4.536378074799051419e+00
1.023009287540101342e+00,3.659703453690380526e-01,1.270740062778835266e+01,4.545933114328775559e+00
1.027515936383890160e+00,3.667359924694401641e-01,1.276338036623675976e+01,4.555443667715548095e+00
1.032022585227679201e+00,3.674980745285132966e-01,1.281936010468516685e+01,4.564909937625158065e+00
1.036529234071468242e+00,3.682566074968012804e-01,1.287533984313357394e+01,4.574332122188700112e+00
1.041035882915257282e+00,3.690116070393634762e-01,1.293131958158198103e+01,4.583710415991100184e+00
1.045542531759046101e+00,3.697630886168670750e-01,1.298729932003038634e+01,4.593045011078406681e+00
1.050049180602835142e+00,3.705110675666774545e-01,1.304327905847879343e+01,4.602336097965063821e+00
1.054555829446624182e+00,3.712555591839514224e-01,1.309925879692720052e+01,4.611583866641220553e+00
1.059062478290413223e+00,3.719965788027276288e-01,1.315523853537560761e+01,4.620788507579996818e+00
1.063569127134202263e+00,3.727341418770193648e-01,1.321121827382401470e+01,4.629950212744790683e+00
1.068075775977991304e+00,3.734682640618736116e-01,1.326719801227242179e+01,4.639069176596157362e+00
1.072582424821780345e+00,3.741989612857815062e-01,1.332317775072082888e+01,4.648145596991262174e+00
1.077089073665569163e+00,3.749262497589370136e-01,1.337915748916923420e+01,4.657179675286466924e+00
1.081595722509358204e+00,3.756501459150130007e-01,1.343513722761764129e+01,4.666171615614098656e+00
1.086102371353147023e+00,3.763706663431521937e-01,1.349111696606604838e+01,4.675121624037664958e+00
1.090609020196936063e+00,3.770878277199121165e-01,1.354709670451445547e+01,4.684029907706504403e+00
1.095115669040725104e+00,3.778016467412070312e-01,1.360307644296286256e+01,4.692896674010397895e+00
1.099622317884514144e+00,3.785121400542543757e-01,1.365905618141126965e+01,4.701722129734232425e+00
1.104128966728303185e+00,3.792193241895167599e-01,1.371503591985967674e+01,4.710506480212617753e+00
1.108635615572092004e+00,3.799232154926466820e-01,1.377101565830808205e+01,4.719249928484525292e+00
1.113142264415881044e+00,3.806238300568529076e-01,1.382699539675648914e+01,4.727952674453176130e+00
1.117648913259670085e+00,3.813211836690938994e-01,1.388297513520489623e+01,4.736614914217675221e+00
1.122155562103459125e+00,3.820152917966712081e-01,1.393895487365330332e+01,4.745236839906480597e+00
1.126662210947248166e+00,3.827061695921047946e-01,1.399493461210171041e+01,4.753818639737964702e+00
1.131168859791037207e+00,3.833938318988805993e-01,1.405091435055011750e+01,4.762360498091803507e+00
1.135675508634826025e+00,3.840782932571989994e-01,1.410689408899852459e+01,4.770862595580386945e+00
1.140182157478615066e+00,3.847595679097222665e-01,1.416287382744692991e+01,4.779325109120207138e+00
1.144688806322404107e+00,3.854376698073244123e-01,1.421885356589533700e+01,4.787748212003284820e+00
1.149195455166192925e+00,3.861126126148368143e-01,1.427483330434374409e+01,4.796132073968534471e+00
1.153702104009981966e+00,3.867844097167989492e-01,1.433081304279215118e+01,4.804476861273200505e+00
1.158208752853771006e+00,3.874530742249879256e-01,1.438679278124055827e+01,4.812782736786385129e+00
1.162715401697560047e+00,3.881186190071746478e-01,1.444277251968896536e+01,4.821049860346247939e+00
1.167222050541349088e+00,3.887810567475881718e-01,1.449875225813737245e+01,4.829278389511063807e+00
1.171728699385137906e+00,3.894404000145175182e-01,1.455473199658577776e+01,4.837468480398951165e+00
1.176235348228926947e+00,3.900966613280149042e-01,1.461071173503418485e+01,4.845620288528848185e+00
1.180741997072715987e+00,3.907498532275966996e-01,1.466669147348259195e+01,4.853733969661471193e+00
1.185248645916505028e+00,3.913999883399459367e-01,1.472267121193099904e+01,4.861809680640282849e+00
1.189755294760294069e+00,3.920470794466148767e-01,1.477865095037940613e+01,4.869847580232469220e+00
1.194261943604083109e+00,3.926911395517258541e-01,1.483463068882781322e+01,4.877847829969888416e+00
1.198768592447871928e+00,3.933321819496017335e-01,1.489061042727622031e+01,4.885810594989153266e+00
1.203275241291660969e+00,3.939702202801945163e-01,1.494659016572462562e+01,4.893736044720135681e+00
1.207781890135449787e+00,3.946052685078406674e-01,1.500256990417303271e+01,4.901624352622081737e+00
1.212288538979238828e+00,3.952373408306454894e-01,1.505854964262143980e+01,4.909475695058015177e+00
1.216795187823027868e+00,3.958664515812401197e-01,1.511452938106984689e+01,4.917290250061985724e+00
1.221301836666816909e+00,3.964926151275126043e-01,1.517050911951825398e+01,4.925068196105988783e+00
1.225808485510605950e+00,3.971158457733388603e-01,1.522648885796666107e+01,4.932809710866888686e+00
1.230315134354394990e+00,3.977361576593154147e-01,1.528246859641506816e+01,4.940514969993359706e+00
1.234821783198183809e+00,3.983535646634896454e-01,1.533844833486347348e+01,4.948184145872798645e+00
1.239328432041972849e+00,3.989680803020921318e-01,1.539442807331188057e+01,4.955817406398263181e+00
1.243835080885761890e+00,3.995797176306558063e-01,1.545040781176028766e+01,4.963414913740212597e+00
1.248341729729550931e+00,4.001884891688327617e-01,1.550638755020869475e+01,4.970976823412617485e+00
1.252848378573339971e+00,4.007944069221728300e-01,1.556236728865710184e+01,4.978503284543480234e+00
1.257355027417128790e+00,4.013974824641969308e-01,1.561834702710550893e+01,4.985994440894316426e+00
1.261861676260917831e+00,4.019977270230414845e-01,1.567432676555391602e+01,4.993450431936420131e+00
1.266368325104706871e+00,4.025951515681019388e-01,1.573030650400232133e+01,5.000871393927109665e+00
1.270874973948495690e+00,4.031897668966771264e-01,1.578628624245072842e+01,5.008257460985990228e+00
1.275381622792284730e+00,4.037815837206139014e-01,1.584226598089913551e+01,5.015608766171218313e+00
1.279888271636073771e+00,4.043706127529512750e-01,1.589824571934754260e+01,5.022925442555758124e+00
1.284394920479862812e+00,4.049568647945647193e-01,1.595422545779594969e+01,5.030207624303642433e+00
1.288901569323651852e+00,4.055403508201449458e-01,1.601020519624435678e+01,5.037455447737966274e+00
1.293408218167440893e+00,4.061210820405630750e-01,1.606618493469276387e+01,5.044669052115559715e+00
1.297914867011229934e+00,4.066990698929395243e-01,1.612216467314117097e+01,5.051848579503627867e+00
1.302421515855018974e+00,4.072743259964773377e-01,1.617814441158957806e+01,5.058994174231132845e+00
1.306928164698807793e+00,4.078468621065440836e-01,1.623412415003798515e+01,5.066105982318416245e+00
1.311434813542596833e+00,4.084166900687554724e-01,1.629010388848639224e+01,5.073184150906844714e+00
1.315941462386385652e+00,4.089838217730559777e-01,1.634608362693479577e+01,5.080228827688417326e+00
1.320448111230174693e+00,4.095482691078021209e-01,1.640206336538320286e+01,5.087240160335409378e+00
1.324954760073963733e+00,4.101100439138447018e-01,1.645804310383160995e+01,5.094218295930001084e+00
1.329461408917752552e+00,4.106691579386105850e-01,1.651402284228001704e+01,5.101163380393896496e+00
1.333968057761541592e+00,4.112256227906815886e-01,1.657000258072842414e+01,5.108075557924124155e+00
1.338474706605330633e+00,4.117794499071490977e-01,1.662598231917683123e+01,5.114954970587530347e+00
1.342981355449119674e+00,4.123306505532290944e-01,1.668196205762523832e+01,5.121801758315994491e+00
1.347488004292908714e+00,4.128792358345131364e-01,1.673794179607364541e+01,5.128616059058606957e+00
1.351994653136697755e+00,4.134252167097015040e-01,1.679392153452205250e+01,5.135398008939836778e+00
1.356501301980486796e+00,4.139686040033374037e-01,1.684990127297045959e+01,5.142147742417706446e+00
1.361007950824275836e+00,4.145094084185396155e-01,1.690588101141886668e+01,5.148865392441956068e+00
1.365514599668064655e+00,4.150476405497360854e-01,1.696186074986727377e+01,5.155551090612211951e+00
1.370021248511853695e+00,4.155833108953976285e-01,1.701784048831568086e+01,5.162204967336161410e+00
1.374527897355642736e+00,4.161164298707705211e-01,1.707382022676408795e+01,5.168827151987709811e+00
1.379034546199431555e+00,4.166470078204639327e-01,1.712979996521249149e+01,5.175417773063337279e+00
1.383541195043220595e+00,4.171750550279089143e-01,1.718577970366089858e+01,5.181976958299595815e+00
1.388047843887009636e+00,4.177005817178540137e-01,1.724175944210930567e+01,5.188504834704105839e+00
1.392554492730798454e+00,4.182235980564542044e-01,1.729773918055771276e+01,5.195001528556663750e+00
1.397061141574587495e+00,4.187441141512856513e-01,1.735371891900611985e+01,5.201467165409423998e+00
1.401567790418376536e+00,4.192621400513615870e-01,1.740969865745452694e+01,5.207901870087095375e+00
1.406074439262165576e+00,4.197776857471453016e-01,1.746567839590293403e+01,5.214305766687104438e+00
1.410581088105954617e+00,4.202907611705672397e-01,1.752165813435134112e+01,5.220678978579806007e+00
1.415087736949743658e+00,4.208013761950377685e-01,1.757763787279974821e+01,5.227021628408643039e+00
1.419594385793532698e+00,4.213095406354641637e-01,1.763361761124815530e+01,5.233333838090357126e+00
1.424101034637321739e+00,4.218152642483241066e-01,1.768959734969656239e+01,5.239615728815901541e+00
1.428607683481110557e+00,4.223185567328844869e-01,1.774557708814496948e+01,5.245867421065580238e+00
1.433114332324899598e+00,4.228194277347637198e-01,1.780155682659337657e+01,5.252089034653297794e+00
1.437620981168688639e+00,4.233178868502376901e-01,1.785753656504178366e+01,5.258280688780047285e+00
1.442127630012477679e+00,4.238139436305684016e-01,1.791351630349019075e+01,5.264442502087677056e+00
1.446634278856266498e+00,4.243076075863295160e-01,1.796949604193859429e+01,5.270574592712621076e+00
1.451140927700055316e+00,4.247988881917350579e-01,1.802547578038700138e+01,5.276677078339669258e+00
1.455647576543844357e+00,4.252877948889645654e-01,1.808145551883540847e+01,5.282750076255693372e+00
1.460154225387633398e+00,4.257743370924917947e-01,1.813743525728381556e+01,5.288793703403413815e+00
1.464660874231422438e+00,4.262585241934107594e-01,1.819341499573222265e+01,5.294808076435137956e+00
1.469167523075211479e+00,4.267403655635267357e-01,1.824939473418062974e+01,5.300793311763577265e+00
1.473674171919000520e+00,4.272198705553878484e-01,1.830537447262903683e+01,5.306749525562237224e+00
1.478180820762789560e+00,4.276970484944722095e-01,1.836135421107744392e+01,5.312676833668371401e+00
1.482687469606578601e+00,4.281719086690392029e-01,1.841733394952585101e+01,5.318575351456918732e+00
1.487194118450367419e+00,4.286444603199247583e-01,1.847331368797425810e+01,5.324445193713741808e+00
1.491700767294156460e+00,4.291147126303355153e-01,1.852929342642266519e+01,5.330286474508857175e+00
1.496207416137945501e+00,4.295826747156460401e-01,1.858527316487107228e+01,5.336099307069698483e+00
1.500714064981734541e+00,4.300483556131914353e-01,1.864125290331947937e+01,5.341883803654325469e+00
1.505220713825523582e+00,4.305117642720648896e-01,1.869723264176788646e+01,5.347640075424693329e+00
1.509727362669312400e+00,4.309729095429111201e-01,1.875321238021629000e+01,5.353368232319870579e+00
1.514234011513101219e+00,4.314318001684144255e-01,1.880919211866469709e+01,5.359068382937885566e+00
1.518740660356890260e+00,4.318884447846056962e-01,1.886517185711310418e+01,5.364740634551962373e+00
1.523247309200679300e+00,4.323428519418085481e-01,1.892115159556151127e+01,5.370385093370704688e+00
1.527753958044468341e+00,4.327950301310534154e-01,1.897713133400991836e+01,5.376001864866200464e+00
1.532260606888257382e+00,4.332449878106079399e-01,1.903311107245832545e+01,5.381591054103570748e+00
1.536767255732046422e+00,4.336927334325069161e-01,1.908909081090673254e+01,5.387152766070516741e+00
1.541273904575835463e+00,4.341382754690818468e-01,1.914507054935513963e+01,5.392687106006855302e+00
1.545780553419624503e+00,4.345816224394921101e-01,1.920105028780354672e+01,5.398194179734080222e+00
1.550287202263413322e+00,4.350227829362537935e-01,1.925703002625195381e+01,5.403674093984893290e+00
1.554793851107202363e+00,4.354617656517703050e-01,1.931300976470036090e+01,5.409126956732754010e+00
1.559300499950991403e+00,4.358985794028772953e-01,1.936898950314876799e+01,5.414552877496768168e+00
1.563807148794780444e+00,4.363332331279206611e-01,1.942496924159717508e+01,5.419951967305393303e+00
1.568313797638569485e+00,4.367657358381185073e-01,1.948094898004558218e+01,5.425324338092273990e+00
1.572820446482358081e+00,4.371960965573276070e-01,1.953692871849398571e+01,5.430670101948048334e+00
1.577327095326147122e+00,4.376243242616044693e-01,1.959290845694239280e+01,5.435989370369598284e+00
1.581833744169936162e+00,4.380504278187652978e-01,1.964888819539079989e+01,5.441282253509289291e+00
1.586340393013725203e+00,4.384744159279463926e-01,1.970486793383920698e+01,5.446548859424215294e+00
1.590847041857514244e+00,4.388962970591658297e-01,1.976084767228761407e+01,5.451789293325456143e+00
1.595353690701303284e+00,4.393160793928826413e-01,1.981682741073602116e+01,5.457003656827311033e+00
1.599860339545092325e+00,4.397337707595624923e-01,1.987280714918442825e+01,5.462192047196603006e+00
1.604366988388881365e+00,4.401493785841972817e-01,1.992878688763283535e+01,5.467354556663527987e+00
1.608873637232670184e+00,4.405629098882108408e-01,1.998476662608124244e+01,5.472491272445324739e+00
1.613380286076459225e+00,4.409743713751915206e-01,2.004074636452964953e+01,5.477602277811211451e+00
1.617886934920248265e+00,4.413837695350507628e-01,2.009672610297805662e+01,5.482687653376197900e+00
1.622393583764037306e+00,4.417911107484215893e-01,2.015270584142646371e+01,5.487747478397883683e+00
1.626900232607826347e+00,4.421964013910577029e-01,2.020868557987487080e+01,5.492781832073259096e+00
1.631406881451615387e+00,4.425996479382316440e-01,2.026466531832327789e+01,5.497790794835497152e+00
1.635913530295403984e+00,4.430008570691355008e-01,2.032064505677168142e+01,5.502774449650774002e+00
1.640420179139193024e+00,4.434000357712777896e-01,2.037662479522008852e+01,5.507732883315046735e+00
1.644926827982982065e+00,4.437971914448638477e-01,2.043260453366849561e+01,5.512666187750622449e+00
1.649433476826771106e+00,4.441923319967508443e-01,2.048858427211690270e+01,5.517574461173230027e+00
1.653940125670560146e+00,4.445854658409286175e-01,2.054456401056530979e+01,5.522457808097989584e+00
1.658446774514349187e+00,4.449766017864217882e-01,2.060054374901371688e+01,5.527316337946982294e+00
1.662953423358138227e+00,4.453657489053635676e-01,2.065652348746212397e+01,5.532150163410515908e+00
1.667460072201927268e+00,4.457529164009126355e-01,2.071250322591053106e+01,5.536959398806442501e+00
1.671966721045716087e+00,4.461381134751720157e-01,2.076848296435893815e+01,5.541744158439501078e+00
1.676473369889505127e+00,4.465213491971071202e-01,2.082446270280734524e+01,5.546504554960650424e+00
1.680980018733294168e+00,4.469026323704626824e-01,2.088044244125575233e+01,5.551240697726385953e+00
1.685486667577083209e+00,4.472819714016818549e-01,2.093642217970415942e+01,5.555952691158088541e+00
1.689993316420872249e+00,4.476593741679341099e-01,2.099240191815256651e+01,5.560640633102716279e+00
1.694499965264661290e+00,4.480348479041970089e-01,2.104838165660097360e+01,5.565304613430185121e+00
1.699006614108449886e+00,4.484083992116004169e-01,2.110436139504937714e+01,5.569944714137015751e+00
1.703513262952238927e+00,4.487800341766247092e-01,2.116034113349778423e+01,5.574561010826964313e+00
1.708019911796027968e+00,4.491497585042727447e-01,2.121632087194619132e+01,5.579153574365228963e+00
1.712526560639817008e+00,4.495175776512805310e-01,2.127230061039459841e+01,5.583722472533141357e+00
1.717033209483606049e+00,4.498834969593293320e-01,2.132828034884300550e+01,5.588267771682868812e+00
1.721539858327395089e+00,4.502475217882581648e-01,2.138426008729141259e+01,5.592789538392127113e+00
1.726046507171184130e+00,4.506096576492751304e-01,2.144023982573981968e+01,5.597287841118876450e+00
1.730553156014972949e+00,4.509699103381696328e-01,2.149621956418822677e+01,5.601762751856029787e+00
1.735059804858761989e+00,4.513282860680349895e-01,2.155219930263663386e+01,5.606214347780076324e+00
1.739566453702551030e+00,4.516847915717261963e-01,2.160817904108504095e+01,5.610642712523771891e+00
1.744073102546340071e+00,4.520394340796278221e-01,2.166415877953344804e+01,5.615047935899979414e+00
1.748579751390129111e+00,4.523922212193986492e-01,2.172013851798185513e+01,5.619430112656340626e+00
1.753086400233918152e+00,4.527431609097549159e-01,2.177611825643026222e+01,5.623789341155890575e+00
1.757593049077707192e+00,4.530922612542498396e-01,2.183209799487866931e+01,5.628125722057634839e+00
1.762099697921496233e+00,4.534395304350541944e-01,2.188807773332707640e+01,5.632439356997133828e+00
1.766606346765284830e+00,4.537849766067372226e-01,2.194405747177547994e+01,5.636730347267092434e+00
1.771112995609073870e+00,4.541286077900466012e-01,2.200003721022388703e+01,5.640998792497939895e+00
1.775619644452862911e+00,4.544704317656891313e-01,2.205601694867229412e+01,5.645244789338415892e+00
1.780126293296651951e+00,4.548104559697140337e-01,2.211199668712070121e+01,5.649468430156066034e+00
1.784632942140440992e+00,4.551486874273956151e-01,2.216797642556910830e+01,5.653669802215957496e+00
1.789139590984230033e+00,4.554851327800767402e-01,2.222395616401751539e+01,5.657848988014120728e+00
1.793646239828018851e+00,4.558197983468381120e-01,2.227993590246592248e+01,5.662006066043576702e+00
1.798152888671807892e+00,4.561526901874020101e-01,2.233591564091432957e+01,5.666141111575703881e+00
1.802659537515596933e+00,4.564838141650369718e-01,2.239189537936273666e+01,5.670254197441612298e+00
1.807166186359385973e+00,4.568131760094616411e-01,2.244787511781114375e+01,5.674345394813510524e+00
1.811672835203175014e+00,4.571407813797484510e-01,2.250385485625955084e+01,5.678414773986069086e+00
1.816179484046964054e+00,4.574666359272291927e-01,2.255983459470795793e+01,5.682462405157806984e+00
1.820686132890753095e+00,4.577907453583924258e-01,2.261581433315636502e+01,5.686488359212377830e+00
1.825192781734542136e+00,4.581131154943610118e-01,2.267179407160477211e+01,5.690492708457376203e+00
1.829699430578330732e+00,4.584337522976669188e-01,2.272777381005317565e+01,5.694475526956921385e+00
1.834206079422119773e+00,4.587526618576561188e-01,2.278375354850158274e+01,5.698436890350365047e+00
1.838712728265908813e+00,4.590698503681820974e-01,2.283973328694998983e+01,5.702376875575208004e+00
1.843219377109697854e+00,4.593853241052259784e-01,2.289571302539839692e+01,5.706295560589106586e+00
1.847726025953486895e+00,4.596990894045199227e-01,2.295169276384680401e+01,5.710193024091918979e+00
1.852232674797275713e+00,4.600111526391682526e-01,2.300767250229521110e+01,5.714069345247727583e+00
1.856739323641064754e+00,4.603215201972700732e-01,2.306365224074361819e+01,5.717924603406870254e+00
1.861245972484853795e+00,4.606301984595404519e-01,2.311963197919202528e+01,5.721758877827967105e+00
1.865752621328642835e+00,4.609371937769864425e-01,2.317561171764043237e+01,5.725572247400614323e+00
1.870259270172431876e+00,4.612425124512959940e-01,2.323159145608883946e+01,5.729364790401788810e+00
1.874765919016220916e+00,4.615461607254195964e-01,2.328757119453724656e+01,5.733136584378853762e+00
1.879272567860009957e+00,4.618481447800004691e-01,2.334355093298565365e+01,5.736887706105217255e+00
1.883779216703798998e+00,4.621484707302040973e-01,2.339953067143406074e+01,5.740618231540949523e+00
1.888285865547587816e+00,4.624471446225459359e-01,2.345551040988246783e+01,5.744328235793378923e+00
1.892792514391376635e+00,4.627441724317195026e-01,2.351149014833087136e+01,5.748017793077691451e+00
1.897299163235165675e+00,4.630395600574245818e-01,2.356746988677927845e+01,5.751686976677531149e+00
1.901805812078954716e+00,4.633333133211954280e-01,2.362344962522768554e+01,5.755335858905601398e+00
1.906312460922743757e+00,4.636254379632305800e-01,2.367942936367609263e+01,5.758964511064289304e+00
1.910819109766532797e+00,4.639159396404687885e-01,2.373540910212449973e+01,5.762573003421760376e+00
1.915325758610321616e+00,4.642048239381292851e-01,2.379138884057290682e+01,5.766161405355311409e+00
1.919832407454110657e+00,4.644920963999189523e-01,2.384736857902131391e+01,5.769729785726588567e+00
1.924339056297899697e+00,4.647777625621103414e-01,2.390334831746972100e+01,5.773278213304892326e+00
1.928845705141688738e+00,4.650618279876617689e-01,2.395932805591812809e+01,5.776806757191004671e+00
1.933352353985477778e+00,4.653442983003410749e-01,2.401530779436653518e+01,5.780315487241054484e+00
1.937859002829266819e+00,4.656251792188456640e-01,2.407128753281494227e+01,5.783804474490350955e+00
1.942365651673055860e+00,4.659044765909243213e-01,2.412726727126334936e+01,5.787273791577223214e+00
1.946872300516844678e+00,4.661821964274991403e-01,2.418324700971175645e+01,5.790723513166874170e+00
1.951378949360633719e+00,4.664583449360181766e-01,2.423922674816016354e+01,5.794153716365669560e+00
1.955885598204422537e+00,4.667329285298043029e-01,2.429520648660856708e+01,5.797564480837269052e+00
1.960392247048211578e+00,4.670059537692985985e-01,2.435118622505697417e+01,5.800955888072773625e+00
1.964898895892000619e+00,4.672774272733428158e-01,2.440716596350538126e+01,5.804328020288712864e+00
1.969405544735789659e+00,4.675473556290938304e-01,2.446314570195378835e+01,5.807680959308041402e+00
1.973912193579578478e+00,4.678157453019395895e-01,2.451912544040219544e+01,5.811014785441147801e+00
1.978418842423367519e+00,4.680826025454106754e-01,2.457510517885060253e+01,5.814329576366818131e+00
1.982925491267156559e+00,4.683479333110965870e-01,2.463108491729900962e+01,5.817625406013249290e+00
1.987432140110945600e+00,4.686117431585596904e-01,2.468706465574741671e+01,5.820902343439037452e+00
1.991938788954734640e+00,4.688740371655322758e-01,2.474304439419582380e+01,5.824160451717686371e+00
1.996445437798523681e+00,4.691348198637088629e-01,2.479902413264423089e+01,5.827399787140040033e+00
2.000952086642312722e+00,4.693940953002232463e-01,2.485500387109263798e+01,5.830620399977930468e+00
2.005458735486101762e+00,4.696518671911615872e-01,2.491098360954104507e+01,5.833822336391051522e+00
2.009965384329890803e+00,4.699081390837826500e-01,2.496696334798945216e+01,5.837005640441993215e+00
2.014472033173679844e+00,4.701629145187474768e-01,2.502294308643785925e+01,5.840170356111390682e+00
2.018978682017468440e+00,4.704161971923482843e-01,2.507892282488626279e+01,5.843316529313065111e+00
2.023485330861257481e+00,4.706679911187364174e-01,2.513490256333466988e+01,5.846444209909154033e+00
2.027991979705046521e+00,4.709183007921519670e-01,2.519088230178307697e+01,5.849553453725259367e+00
2.032498628548835562e+00,4.711671313490429225e-01,2.524686204023148406e+01,5.852644324564225009e+00
2.037005277392624603e+00,4.714144887058115962e-01,2.530284177867989115e+01,5.855716895917168152e+00
2.041511926236413643e+00,4.716603795277294897e-01,2.535882151712829824e+01,5.858771250577349932e+00
2.046018575080202684e+00,4.719048110323055822e-01,2.541480125557670533e+01,5.861807478197697208e+00
2.050525223923991724e+00,4.721477907698886645e-01,2.547078099402511242e+01,5.864825672565538994e+00
2.055031872767780321e+00,4.723893264041792994e-01,2.552676073247351951e+01,5.867825928876210462e+00
2.059538521611569362e+00,4.726294254927444483e-01,2.558274047092192660e+01,5.870808341006701347e+00
2.064045170455358402e+00,4.728680952675278215e-01,2.563872020937033369e+01,5.873772998789241306e+00
2.068551819299147443e+00,4.731053424153638942e-01,2.569469994781874078e+01,5.876719985284937664e+00
2.073058468142936484e+00,4.733411728585796840e-01,2.575067968626714787e+01,5.879649374058502076e+00
2.077565116986725524e+00,4.735755915612889222e-01,2.580665942471555496e+01,5.882561226772113017e+00
2.082071765830514565e+00,4.738086025300201620e-01,2.586263916316396205e+01,5.885455593193220203e+00
2.086578414674303161e+00,4.740402090189467788e-01,2.591861890161236559e+01,5.888332513743827157e+00
2.091085063518092202e+00,4.742704137658158015e-01,2.597459864006077268e+01,5.891192022431101627e+00
2.095591712361881243e+00,4.744992192280340082e-01,2.603057837850917977e+01,5.894034149779940002e+00
2.100098361205670283e+00,4.747266278187520228e-01,2.608655811695758686e+01,5.896858925765505965e+00
2.104605010049459324e+00,4.749526421429501322e-01,2.614253785540599395e+01,5.899666382745794024e+00
2.109111658893248364e+00,4.751772652335229941e-01,2.619851759385440104e+01,5.902456558394174380e+00
2.113618307737037405e+00,4.754005007871685562e-01,2.625449733230280813e+01,5.905229498629508633e+00
2.118124956580826446e+00,4.756223533682245042e-01,2.631047707075121522e+01,5.907985260148121753e+00
2.122631605424615486e+00,4.758428284126866581e-01,2.636645680919962231e+01,5.910723910473718590e+00
2.127138254268404527e+00,4.760619320526849885e-01,2.642243654764802940e+01,5.913445525777095035e+00
2.131644903112193568e+00,4.762796709188137911e-01,2.647841628609643649e+01,5.916150188420767009e+00
2.136151551955982608e+00,4.764960519424046859e-01,2.653439602454484358e+01,5.918837984502884453e+00
2.140658200799771649e+00,4.767110821577967283e-01,2.659037576299325067e+01,5.921509001401115135e+00
2.145164849643560689e+00,4.769247685046085761e-01,2.664635550144165776e+01,5.924163325316547102e+00
2.149671498487349286e+00,4.771371176300086558e-01,2.670233523989006130e+01,5.926801038817572476e+00
2.154178147331138327e+00,4.773481356917543827e-01,2.675831497833846839e+01,5.929422218393322730e+00
2.158684796174927367e+00,4.775578282047975853e-01,2.681429471678687548e+01,5.932026932548259524e+00
2.163191445018716408e+00,4.777662000597510672e-01,2.687027445523528257e+01,5.934615242031564541e+00
2.167698093862505448e+00,4.779732556447157110e-01,2.692625419368368966e+01,5.937187201350422328e+00
2.172204742706294045e+00,4.781789989745793834e-01,2.698223393213209675e+01,5.939742860376118649e+00
2.176711391550083086e+00,4.783834338203190595e-01,2.703821367058050384e+01,5.942282265950177944e+00
2.181218040393872126e+00,4.785865638383020038e-01,2.709419340902891093e+01,5.944805463490491881e+00
2.185724689237661167e+00,4.787883926995863404e-01,2.715017314747731803e+01,5.947312498597433716e+00
2.190231338081450208e+00,4.789889242192237884e-01,2.720615288592572512e+01,5.949803418660006393e+00
2.194737986925239248e+00,4.791881624823263741e-01,2.726213262437413221e+01,5.952278274421792581e+00
2.199244635769028289e+00,4.793861119124824821e-01,2.731811236282253930e+01,5.954737120830786878e+00
2.203751284612817329e+00,4.795827772257490462e-01,2.737409210127094639e+01,5.957180016467909844e+00
2.208257933456606370e+00,4.797781633496052689e-01,2.743007183971935348e+01,5.959607022540280852e+00
2.212764582300394967e+00,4.799722753410254339e-01,2.748605157816775701e+01,5.962018201863554800e+00
2.217271231144184007e+00,4.801651183045524407e-01,2.754203131661616410e+01,5.964413617844264159e+00
2.221777879987973048e+00,4.803566973103705062e-01,2.759801105506457120e+01,5.966793333462152127e+00
2.226284528831762088e+00,4.805470173123788657e-01,2.765399079351297829e+01,5.969157410252517337e+00
2.230791177675551129e+00,4.807360830664010320e-01,2.770997053196138538e+01,5.971505907290243442e+00
2.235297826519340170e+00,4.809238990640886113e-01,2.776595027040979247e+01,5.973838880368780302e+00
2.239804475363129210e+00,4.811104695520362351e-01,2.782193000885819956e+01,5.976156382237578946e+00
2.244311124206918251e+00,4.812957986189970172e-01,2.787790974730660665e+01,5.978458463685448976e+00
2.248817773050707292e+00,4.814798902903270061e-01,2.793388948575501374e+01,5.980745174713708145e+00
2.253324421894496332e+00,4.816627486224387411e-01,2.798986922420342083e+01,5.983016565709443846e+00
2.257831070738285373e+00,4.818443777972581943e-01,2.804584896265182792e+01,5.985272688618821668e+00
2.262337719582074413e+00,4.820247822166782159e-01,2.810182870110023501e+01,5.987513598120343339e+00
2.266844368425863454e+00,4.822039665970128675e-01,2.815780843954864210e+01,5.989739352798123306e+00
2.271351017269652051e+00,4.823819360561582004e-01,2.821378817799704919e+01,5.991950016224560471e+00
2.275857666113441091e+00,4.825586961086201221e-01,2.826976791644545273e+01,5.994145656898579588e+00
2.280364314957230132e+00,4.827342525169308063e-01,2.832574765489385982e+01,5.996326346399985852e+00
2.284870963801019172e+00,4.829086111091530631e-01,2.838172739334226691e+01,5.998492157122577773e+00
2.289377612644808213e+00,4.830817775958702320e-01,2.843770713179067400e+01,6.000643160000873166e+00
2.293884261488596810e+00,4.832537573871715786e-01,2.849368687023908109e+01,6.002779422236775630e+00
2.298390910332385850e+00,4.834245554096420205e-01,2.854966660868748818e+01,6.004901005026296978e+00
2.302897559176174891e+00,4.835941759233479686e-01,2.860564634713589527e+01,6.007007961286230824e+00
2.307404208019963932e+00,4.837626223440784079e-01,2.866162608558430236e+01,6.009100333446101949e+00
2.311910856863752972e+00,4.839298971859843368e-01,2.871760582403270945e+01,6.011178152735660696e+00
2.316417505707542013e+00,4.840960022863540213e-01,2.877358556248111654e+01,6.013241441976946433e+00
2.320924154551331053e+00,4.842609391329364410e-01,2.882956530092952363e+01,6.015290219650164083e+00
2.325430803395120094e+00,4.844247091947191941e-01,2.888554503937793072e+01,6.017324504002474761e+00
2.329937452238909135e+00,4.845873142527113986e-01,2.894152477782633781e+01,6.019344317156840596e+00
2.334444101082698175e+00,4.847487567307224854e-01,2.899750451627474490e+01,6.021349689220825141e+00
2.338950749926487216e+00,4.849090400261432676e-01,2.905348425472315199e+01,6.023340662395420431e+00
2.343457398770275812e+00,4.850681688349087195e-01,2.910946399317155553e+01,6.025317295011598517e+00
2.347964047614064853e+00,4.852261493124495062e-01,2.916544373161996262e+01,6.027279663529588660e+00
2.352470696457853894e+00,4.853829887969945411e-01,2.922142347006836971e+01,6.029227859101851550e+00
2.356977345301642934e+00,4.855386953516770965e-01,2.927740320851677680e+01,6.031161981885313494e+00
2.361483994145431975e+00,4.856932772990977254e-01,2.933338294696518389e+01,6.033082135259894230e+00
2.365990642989221016e+00,4.858467427558915697e-01,2.938936268541359098e+01,6.034988420047097790e+00
2.370497291833010056e+00,4.859990991672906158e-01,2.944534242386199807e+01,6.036880928728534101e+00
2.375003940676799097e+00,4.861503528416899478e-01,2.950132216231040516e+01,6.038759739664492976e+00
2.379510589520588137e+00,4.863005084960054791e-01,2.955730190075881225e+01,6.040624911446562884e+00
2.384017238364377178e+00,4.864495690365342462e-01,2.961328163920721934e+01,6.042476480175570153e+00
2.388523887208166219e+00,4.865975358743649948e-01,2.966926137765562643e+01,6.044314463379479641e+00
2.393030536051954815e+00,4.867444094288626011e-01,2.972524111610403352e+01,6.046138866267469325e+00
2.397537184895743856e+00,4.868901896371652938e-01,2.978122085455244061e+01,6.047949688058696260e+00
2.402043833739532896e+00,4.870348764636825978e-01,2.983720059300084770e+01,6.049746928311069638e+00
2.406550482583321937e+00,4.871784704095897811e-01,2.989318033144925124e+01,6.051530593249982104e+00
2.411057131427110978e+00,4.873209730223089786e-01,2.994916006989765833e+01,6.053300702096875874e+00
2.415563780270899574e+00,4.874623873764776238e-01,3.000513980834606542e+01,6.055057293043632605e+00
2.420070429114688615e+00,4.876027182269909721e-01,3.006111954679447251e+01,6.056800425153605616e+00
2.424577077958477656e+00,4.877419716850949771e-01,3.011709928524287960e+01,6.058530174338177865e+00
2.429083726802266696e+00,4.878801547901900904e-01,3.017307902369128669e+01,6.060246628037887717e+00
2.433590375646055737e+00,4.880172750802821424e-01,3.022905876213969378e+01,6.061949879886742387e+00
2.438097024489844777e+00,4.881533401624342794e-01,3.028503850058810087e+01,6.063640024376551807e+00
2.442603673333633818e+00,4.882883572832166785e-01,3.034101823903650796e+01,6.065317151521231409e+00
2.447110322177422859e+00,4.884223329000606517e-01,3.039699797748491505e+01,6.066981341532335925e+00
2.451616971021211899e+00,4.885552723271037179e-01,3.045297771593332214e+01,6.068632660419896574e+00
2.456123619865000940e+00,4.886871797324736644e-01,3.050895745438172924e+01,6.070271159958681828e+00
2.460630268708789981e+00,4.888180583839855098e-01,3.056493719283013633e+01,6.071896880740147218e+00
2.465136917552579021e+00,4.889479109172575888e-01,3.062091693127854342e+01,6.073509855502858379e+00
2.469643566396367618e+00,4.890767396038430692e-01,3.067689666972694695e+01,6.075110112463115719e+00
2.474150215240156658e+00,4.892045466193610803e-01,3.073287640817535404e+01,6.076697678645563983e+00
2.478656864083945699e+00,4.893313343116268421e-01,3.078885614662376113e+01,6.078272583213799152e+00
2.483163512927734740e+00,4.894571054591800863e-01,3.084483588507216822e+01,6.079834860681698316e+00
2.487670161771523780e+00,4.895818634017525262e-01,3.090081562352057531e+01,6.081384552534036203e+00
2.492176810615312821e+00,4.897056119632285931e-01,3.095679536196898241e+01,6.082921706269531548e+00
2.496683459459101861e+00,4.898283553234664134e-01,3.101277510041738950e+01,6.084446373808663822e+00
2.501190108302890902e+00,4.899500978892682435e-01,3.106875483886579659e+01,6.085958609890917081e+00
2.505696757146679943e+00,4.900708441653504055e-01,3.112473457731420368e+01,6.087458470472025596e+00
2.510203405990468983e+00,4.901905986253120018e-01,3.118071431576261077e+01,6.088946011121198154e+00
2.514710054834257580e+00,4.903093655838553500e-01,3.123669405421101786e+01,6.090421285433890830e+00
2.519216703678046620e+00,4.904271491078775469e-01,3.129267379265942495e+01,6.091884343927428169e+00
2.523723352521835661e+00,4.905439530376921042e-01,3.134865353110783204e+01,6.093335234304603887e+00
2.528230001365624702e+00,4.906597810566165618e-01,3.140463326955623913e+01,6.094774002318074757e+00
2.532736650209413742e+00,4.907746367627640049e-01,3.146061300800464267e+01,6.096200692662121057e+00
2.537243299053202339e+00,4.908885237408365243e-01,3.151659274645304976e+01,6.097615349864438095e+00
2.541749947896991380e+00,4.910014456339176769e-01,3.157257248490145685e+01,6.099018019177910865e+00
2.546256596740780420e+00,4.911134062148843071e-01,3.162855222334986394e+01,6.100408747467664483e+00
2.550763245584569461e+00,4.912244094385493920e-01,3.168453196179827103e+01,6.101787583858759412e+00
2.555269894428358501e+00,4.913344594221962791e-01,3.174051170024667812e+01,6.103154579494395549e+00
2.559776543272147542e+00,4.914435603853558598e-01,3.179649143869508521e+01,6.104509786787850167e+00
2.564283192115936583e+00,4.915517165868577010e-01,3.185247117714349230e+01,6.105853258640553172e+00
2.568789840959725623e+00,4.916589322618801772e-01,3.190845091559189939e+01,6.107185047660148136e+00
2.573296489803514664e+00,4.917652115590029904e-01,3.196443065404030648e+01,6.108505205378585323e+00
2.577803138647303705e+00,4.918705584778054196e-01,3.202041039248871357e+01,6.109813781476995054e+00
2.582309787491092745e+00,4.919749768322840278e-01,3.207639013093712066e+01,6.111110823331272535e+00
2.586816436334881786e+00,4.920784703065255172e-01,3.213236986938552775e+01,6.112396376703627787e+00
2.591323085178670826e+00,4.921810425610071982e-01,3.218834960783393484e+01,6.113670487063004977e+00
2.595829734022459867e+00,4.922826973421098318e-01,3.224432934628234193e+01,6.114933200945405822e+00
2.600336382866248908e+00,4.923834385916331935e-01,3.230030908473074902e+01,6.116184567314244092e+00
2.604843031710037948e+00,4.924832705563086943e-01,3.235628882317915611e+01,6.117424638920672564e+00
2.609349680553826545e+00,4.925821978939206591e-01,3.241226856162756320e+01,6.118653473621771255e+00
2.613856329397615585e+00,4.926802256915794875e-01,3.246824830007597029e+01,6.119871134607533847e+00
2.618362978241404626e+00,4.927773592616150333e-01,3.252422803852437738e+01,6.121077687865537520e+00
2.622869627085193667e+00,4.928736038501064787e-01,3.258020777697278447e+01,6.122273198560418628e+00
2.627376275928982707e+00,4.929689643420671619e-01,3.263618751542119156e+01,6.123457727371805603e+00
2.631882924772771304e+00,4.930634449666291830e-01,3.269216725386959155e+01,6.124631326832236766e+00
2.636389573616560345e+00,4.931570490022584852e-01,3.274814699231799864e+01,6.125794037665468039e+00
2.640896222460349385e+00,4.932497785132107793e-01,3.280412673076640573e+01,6.126945885512835588e+00
2.645402871304138426e+00,4.933416344134878284e-01,3.286010646921481282e+01,6.128086881727692337e+00
2.649909520147927466e+00,4.934326169752668023e-01,3.291608620766321991e+01,6.129217029690911644e+00
2.654416168991716507e+00,4.935227264272050163e-01,3.297206594611162700e+01,6.130336332242780628e+00
2.658922817835505104e+00,4.936119635537255523e-01,3.302804568456003409e+01,6.131444799127080181e+00
2.663429466679294144e+00,4.937003302942998273e-01,3.308402542300844118e+01,6.132542454435126800e+00
2.667936115523083185e+00,4.937878303383235745e-01,3.314000516145684827e+01,6.133629343995075978e+00
2.672442764366872225e+00,4.938744695094356429e-01,3.319598489990525536e+01,6.134705540145775515e+00
2.676949413210661266e+00,4.939602553904929860e-01,3.325196463835366245e+01,6.135771137078355864e+00
2.681456062054450307e+00,4.940451965283132463e-01,3.330794437680206954e+01,6.136826240957869771e+00
2.685962710898239347e+00,4.941293016114116643e-01,3.336392411525047663e+01,6.137870959709480267e+00
2.690469359742028388e+00,4.942125786477372662e-01,3.341990385369888372e+01,6.138905392804637096e+00
2.694976008585817429e+00,4.942950341426858851e-01,3.347588359214729081e+01,6.139929621050691289e+00
2.699482657429606469e+00,4.943766723643987504e-01,3.353186333059569790e+01,6.140943697464738449e+00
2.703989306273395510e+00,4.944574952842521465e-01,3.358784306904410499e+01,6.141947646534403837e+00
2.708495955117184550e+00,4.945375032411744587e-01,3.364382280749251208e+01,6.142941472469716224e+00
2.713002603960973591e+00,4.946166957169669809e-01,3.369980254594091917e+01,6.143925168833824557e+00
2.717509252804762632e+00,4.946950721122241879e-01,3.375578228438932626e+01,6.144898728181159342e+00
2.722015901648551672e+00,4.947726325222424060e-01,3.381176202283773335e+01,6.145862151695452802e+00
2.726522550492340713e+00,4.948493784804121609e-01,3.386774176128614045e+01,6.146815458423851908e+00
2.731029199336129309e+00,4.949253132873283056e-01,3.392372149973454754e+01,6.147758689364987816e+00
2.735535848179918350e+00,4.950004416905150473e-01,3.397970123818295463e+01,6.148691903490654198e+00
2.740042497023707391e+00,4.950747694098305840e-01,3.403568097663136172e+01,6.149615171850576267e+00
2.744549145867496431e+00,4.951483026604886484e-01,3.409166071507976881e+01,6.150528571647583043e+00
2.749055794711285472e+00,4.952210476760795510e-01,3.414764045352817590e+01,6.151432180312770726e+00
2.753562443555074513e+00,4.952930102446905236e-01,3.420362019197658299e+01,6.152326069743376813e+00
2.758069092398863109e+00,4.953641954377423495e-01,3.425959993042498297e+01,6.153210302934505549e+00
2.762575741242652150e+00,4.954346076736886317e-01,3.431557966887339006e+01,6.154084934770370552e+00
2.767082390086441190e+00,4.955042508707407922e-01,3.437155940732179715e+01,6.154950013921381746e+00
2.771589038930230231e+00,4.955731286013150827e-01,3.442753914577020424e+01,6.155805584762624960e+00
2.776095687774019272e+00,4.956412442464772639e-01,3.448351888421861133e+01,6.156651689292308660e+00
2.780602336617807868e+00,4.957086011451746210e-01,3.453949862266701842e+01,6.157488368985462479e+00
2.785108985461596909e+00,4.957752026832290548e-01,3.459547836111542551e+01,6.158315665899373847e+00
2.789615634305385949e+00,4.958410522943796916e-01,3.465145809956383260e+01,6.159133622686537635e+00
2.794122283149174990e+00,4.959061534420132755e-01,3.470743783801223969e+01,6.159942282367720345e+00
2.798628931992964031e+00,4.959705096006430391e-01,3.476341757646064679e+01,6.160741688101895264e+00
2.803135580836753071e+00,4.960341242374086135e-01,3.481939731490905388e+01,6.161531882956445827e+00
2.807642229680542112e+00,4.960970007980503582e-01,3.487537705335746097e+01,6.162312909732940547e+00
2.812148878524331153e+00,4.961591427222449280e-01,3.493135679180586806e+01,6.163084811157629517e+00
2.816655527368120193e+00,4.962205534864937984e-01,3.498733653025427515e+01,6.163847630414183598e+00
2.821162176211909234e+00,4.962812366506015316e-01,3.504331626870268224e+01,6.164601411721030821e+00
2.825668825055698274e+00,4.963411959041627575e-01,3.509929600715108933e+01,6.165346200908798480e+00
2.830175473899487315e+00,4.964004351121398817e-01,3.515527574559949642e+01,6.166082045986459370e+00
2.834682122743276356e+00,4.964589583298315012e-01,3.521125548404790351e+01,6.166808997327265729e+00
2.839188771587065396e+00,4.965167697271937741e-01,3.526723522249631060e+01,6.167527106728697639e+00
2.843695420430854437e+00,4.965738734715914315e-01,3.532321496094471769e+01,6.168236425956045821e+00
2.848202069274643478e+00,4.966302736085228542e-01,3.537919469939312478e+01,6.168937005260827000e+00
2.852708718118432074e+00,4.966859739424093756e-01,3.543517443784153187e+01,6.169628891899998635e+00
2.857215366962221115e+00,4.967409779392575886e-01,3.549115417628993896e+01,6.170312128926869200e+00
2.861722015806010155e+00,4.967952888037968084e-01,3.554713391473834605e+01,6.170986756149268615e+00
2.866228664649799196e+00,4.968489097482637895e-01,3.560311365318675314e+01,6.171652813468279319e+00
2.870735313493588237e+00,4.969018442914553413e-01,3.565909339163516023e+01,6.172310344592949249e+00
2.875241962337377277e+00,4.969540965579553049e-01,3.571507313008356732e+01,6.172959400757162207e+00
2.879748611181166318e+00,4.970056715628635713e-01,3.577105286853197441e+01,6.173600044256426500e+00
2.884255260024955358e+00,4.970565752290466710e-01,3.582703260698038150e+01,6.174232348662154202e+00
2.888761908868743955e+00,4.971068138612342313e-01,3.588301234542878149e+01,6.174856392289103546e+00
2.893268557712532996e+00,4.971563934497597592e-01,3.593899208387718858e+01,6.175472249546733572e+00
2.897775206556322036e+00,4.972053189698324438e-01,3.599497182232559567e+01,6.176079982235047616e+00
2.902281855400110633e+00,4.972535936905529974e-01,3.605095156077400276e+01,6.176679630961468881e+00
2.906788504243899673e+00,4.973012188076873508e-01,3.610693129922240985e+01,6.177271210579310612e+00
2.911295153087688714e+00,4.973481940300472637e-01,3.616291103767081694e+01,6.177854717471552348e+00
2.915801801931477755e+00,4.973945186008876251e-01,3.621889077611922403e+01,6.178430142238217293e+00
2.920308450775266795e+00,4.974401923403245496e-01,3.627487051456763112e+01,6.178997482644861705e+00
2.924815099619055836e+00,4.974852166806010834e-01,3.633085025301603821e+01,6.179556756482219804e+00
2.929321748462844877e+00,4.975295954099345774e-01,3.638682999146444530e+01,6.180108010805970054e+00
2.933828397306633917e+00,4.975733344522904056e-01,3.644280972991285239e+01,6.180651319201173166e+00
2.938335046150422958e+00,4.976164411553718470e-01,3.649878946836125948e+01,6.181186772937977914e+00
2.942841694994211998e+00,4.976589235505206044e-01,3.655476920680966657e+01,6.181714471778406939e+00
2.947348343838001039e+00,4.977007896158374689e-01,3.661074894525807366e+01,6.182234514823147897e+00
2.951854992681790080e+00,4.977420466413736699e-01,3.666672868370648075e+01,6.182746992626218407e+00
2.956361641525579120e+00,4.977827008867964365e-01,3.672270842215488784e+01,6.183251982942630676e+00
2.960868290369368161e+00,4.978227573689366081e-01,3.677868816060329493e+01,6.183749548089394033e+00
2.965374939213157202e+00,4.978622196553617041e-01,3.683466789905170202e+01,6.184239732381364263e+00
2.969881588056946242e+00,4.979010896753682247e-01,3.689064763750010911e+01,6.184722559783470075e+00
2.974388236900734839e+00,4.979393678325924055e-01,3.694662737594851620e+01,6.185198035309514175e+00
2.978894885744523879e+00,4.979770537044065915e-01,3.700260711439692329e+01,6.185666153709790116e+00
2.983401534588312920e+00,4.980141469172725821e-01,3.705858685284533038e+01,6.186126910344358798e+00
2.987908183432101961e+00,4.980506480261455149e-01,3.711456659129373747e+01,6.186580312106646495e+00
2.992414832275891001e+00,4.980865593327136187e-01,3.717054632974214456e+01,6.187026387587276410e+00
2.996921481119680042e+00,4.981218852378059281e-01,3.722652606819055165e+01,6.187465191451536839e+00
3.001428129963469082e+00,4.981566321006309916e-01,3.728250580663895875e+01,6.187896802690901588e+00
3.005934778807258123e+00,4.981908080235212255e-01,3.733848554508736584e+01,6.188321321949211473e+00
3.010441427651047164e+00,4.982244226270657883e-01,3.739446528353577293e+01,6.188738868729467768e+00
3.014948076494835760e+00,4.982574865168217237e-01,3.745044502198417291e+01,6.189149574769539086e+00
3.019454725338624801e+00,4.982900098384105414e-01,3.750642476043258000e+01,6.189553566094162740e+00
3.023961374182413397e+00,4.983220004153406935e-01,3.756240449888098709e+01,6.189950939883742898e+00
3.028468023026202438e+00,4.983534618679850148e-01,3.761838423732939418e+01,6.190341741109062212e+00
3.032974671869991479e+00,4.983843920842550013e-01,3.767436397577780127e+01,6.190725943534626019e+00
3.037481320713780519e+00,4.984147842175081777e-01,3.773034371422620836e+01,6.191103462114256217e+00
3.041987969557569560e+00,4.984446302373900517e-01,3.778632345267461545e+01,6.191474197098194132e+00
3.046494618401358601e+00,4.984739248448685767e-01,3.784230319112302254e+01,6.191838082664040677e+00
3.051001267245147641e+00,4.985026692341128496e-01,3.789828292957142963e+01,6.192195133645275185e+00
3.055507916088936682e+00,4.985308724818258153e-01,3.795426266801983672e+01,6.192545462788968003e+00
3.060014564932725722e+00,4.985585486935203980e-01,3.801024240646824381e+01,6.192889245307998891e+00
3.064521213776514763e+00,4.985857129862283910e-01,3.806622214491665090e+01,6.193226668979919580e+00
3.069027862620303804e+00,4.986123774991362279e-01,3.812220188336505799e+01,6.193557884592712171e+00
3.073534511464092844e+00,4.986385487938314043e-01,3.817818162181346509e+01,6.193882973651716917e+00
3.078041160307881885e+00,4.986642288513624677e-01,3.823416136026187218e+01,6.194201960764703863e+00
3.082547809151670926e+00,4.986894175140376695e-01,3.829014109871027927e+01,6.194514843972892315e+00
3.087054457995459966e+00,4.987141149663279482e-01,3.834612083715868636e+01,6.194821625567703549e+00
3.091561106839249007e+00,4.987383235750901256e-01,3.840210057560709345e+01,6.195122334949259901e+00
3.096067755683037603e+00,4.987620477789121987e-01,3.845808031405550054e+01,6.195417027251875375e+00
3.100574404526826644e+00,4.987852930583548949e-01,3.851406005250390763e+01,6.195705770552821789e+00
3.105081053370615685e+00,4.988080648682431950e-01,3.857003979095231472e+01,6.195988632609691571e+00
3.109587702214404725e+00,4.988303678516526340e-01,3.862601952940072181e+01,6.196265671096859329e+00
3.114094351058193766e+00,4.988522058714832119e-01,3.868199926784912890e+01,6.196536933997680130e+00
3.118600999901982807e+00,4.988735824096852678e-01,3.873797900629753599e+01,6.196802464563509361e+00
3.123107648745771847e+00,4.988945009794270025e-01,3.879395874474594308e+01,6.197062306433476664e+00
3.127614297589560888e+00,4.989149654408940315e-01,3.884993848319435017e+01,6.197316507557220966e+00
3.132120946433349928e+00,4.989349800991944583e-01,3.890591822164275726e+01,6.197565121411024336e+00
3.136627595277138969e+00,4.989545497258925932e-01,3.896189796009116435e+01,6.197808207265295799e+00
3.141134244120927566e+00,4.989736795621207421e-01,3.901787769853956434e+01,6.198045830223225749e+00
3.145640892964716162e+00,4.989923751359338633e-01,3.907385743698797143e+01,6.198278058952038982e+00
3.150147541808505203e+00,4.990106418075998529e-01,3.912983717543637852e+01,6.198504960034779465e+00
3.154654190652294243e+00,4.990284842564967627e-01,3.918581691388478561e+01,6.198726591596755320e+00
3.159160839496083284e+00,4.990459061457346857e-01,3.924179665233319270e+01,6.198942999139615218e+00
3.163667488339872325e+00,4.990629107545236365e-01,3.929777639078159979e+01,6.199154223396356578e+00
3.168174137183661365e+00,4.990795023828740740e-01,3.935375612923000688e+01,6.199360317779940566e+00
3.172680786027450406e+00,4.990956877834951122e-01,3.940973586767841397e+01,6.199561366169742627e+00
3.177187434871239446e+00,4.991114763709096347e-01,3.946571560612682106e+01,6.199757485509095112e+00
3.181694083715028487e+00,4.991268776081336789e-01,3.952169534457522815e+01,6.199948793343689424e+00
3.186200732558817528e+00,4.991418973878450904e-01,3.957767508302363524e+01,6.200135362869947819e+00
3.190707381402606568e+00,4.991565350766615228e-01,3.963365482147204233e+01,6.200317186220254406e+00
3.195214030246395609e+00,4.991707847993072655e-01,3.968963455992044942e+01,6.200494190414350903e+00
3.199720679090184650e+00,4.991846404579663998e-01,3.974561429836885651e+01,6.200666299707675577e+00
3.204227327933973690e+00,4.991981010341920988e-01,3.980159403681726360e+01,6.200833501449501739e+00
3.208733976777762731e+00,4.992111732911079791e-01,3.985757377526567069e+01,6.200995879648568909e+00
3.213240625621551771e+00,4.992238697679963200e-01,3.991355351371407778e+01,6.201153590062683740e+00
3.217747274465340368e+00,4.992362054753324840e-01,3.996953325216248487e+01,6.201306819145798954e+00
3.222253923309129409e+00,4.992481948813933257e-01,4.002551299061089196e+01,6.201455746616898246e+00
3.226760572152918449e+00,4.992598499328206318e-01,4.008149272905929905e+01,6.201600520872251998e+00
3.231267220996707490e+00,4.992711785950122438e-01,4.013747246750770614e+01,6.201741240854757642e+00
3.235773869840496531e+00,4.992821836805800273e-01,4.019345220595611323e+01,6.201877941501522606e+00
3.240280518684285571e+00,4.992928629931411844e-01,4.024943194440452032e+01,6.202010595529982240e+00
3.244787167528074612e+00,4.993032104642261548e-01,4.030541168285292741e+01,6.202139127560104548e+00
3.249293816371863652e+00,4.993132179008888949e-01,4.036139142130133450e+01,6.202263435822482407e+00
3.253800465215652693e+00,4.993228802558886681e-01,4.041737115974974159e+01,6.202383457622367757e+00
3.258307114059441734e+00,4.993322043184453829e-01,4.047335089819814868e+01,6.202499277292657709e+00
3.262813762903230774e+00,4.993412159315347987e-01,4.052933063664655577e+01,6.202611215844169301e+00
3.267320411747019815e+00,4.993499519114370511e-01,4.058531037509496286e+01,6.202719730593591940e+00
3.271827060590807967e+00,4.993584353256124708e-01,4.064129011354336285e+01,6.202825108075430194e+00
3.276333709434597008e+00,4.993666522466543300e-01,4.069726985199176994e+01,6.202927175289167039e+00
3.280840358278386049e+00,4.993745596665508657e-01,4.075324959044017703e+01,6.203025398006967173e+00
3.285347007122175089e+00,4.993821264720200159e-01,4.080922932888858412e+01,6.203119389752438373e+00
3.289853655965964130e+00,4.993893719247866625e-01,4.086520906733699121e+01,6.203209389786804806e+00
3.294360304809753170e+00,4.993963567253921210e-01,4.092118880578539830e+01,6.203296152107225403e+00
3.298866953653542211e+00,4.994031311597664224e-01,4.097716854423380539e+01,6.203380301344841641e+00
3.303373602497331252e+00,4.994096904890433786e-01,4.103314828268221248e+01,6.203461778635406709e+00
3.307880251341120292e+00,4.994159876485477767e-01,4.108912802113061957e+01,6.203539999360882184e+00
3.312386900184909333e+00,4.994219845768104737e-01,4.114510775957902666e+01,6.203614490737352050e+00
3.316893549028698374e+00,4.994276898688740363e-01,4.120108749802743375e+01,6.203685359528900101e+00
3.321400197872487414e+00,4.994331467403407832e-01,4.125706723647584084e+01,6.203753142541963861e+00
3.325906846716276455e+00,4.994383993516028353e-01,4.131304697492424793e+01,6.203818388318773636e+00
3.330413495560065495e+00,4.994434693878122555e-01,4.136902671337265502e+01,6.203881366223368943e+00
3.334920144403854536e+00,4.994483518456356852e-01,4.142500645182106211e+01,6.203942014106400116e+00
3.339426793247643133e+00,4.994530180229678207e-01,4.148098619026946920e+01,6.203999975442119563e+00
3.343933442091432173e+00,4.994574325076709398e-01,4.153696592871787630e+01,6.204054810355517979e+00
3.348440090935221214e+00,4.994615822132796867e-01,4.159294566716628339e+01,6.204106356291903879e+00
3.352946739779010255e+00,4.994654944073630976e-01,4.164892540561469048e+01,6.204154951957805864e+00
3.357453388622799295e+00,4.994692205557828557e-01,4.170490514406309757e+01,6.204201236640989769e+00
3.361960037466588336e+00,4.994728067341237532e-01,4.176088488251150466e+01,6.204245782673421417e+00
3.366466686310377376e+00,4.994762720924373900e-01,4.181686462095991175e+01,6.204288827929165251e+00
3.370973335154166417e+00,4.994795977220909400e-01,4.187284435940831884e+01,6.204330137532960698e+00
3.375479983997955458e+00,4.994827302009586800e-01,4.192882409785672593e+01,6.204369047897133171e+00
3.379986632841744498e+00,4.994856225635228020e-01,4.198480383630513302e+01,6.204404975635337216e+00
3.384493281685533539e+00,4.994882841477986113e-01,4.204078357475354011e+01,6.204438036740558715e+00
3.388999930529322580e+00,4.994907753389011273e-01,4.209676331320194720e+01,6.204468981291859642e+00
3.393506579373111620e+00,4.994931477589503732e-01,4.215274305165035429e+01,6.204498450517985653e+00
3.398013228216899773e+00,4.994954067551638510e-01,4.220872279009875427e+01,6.204526510839872167e+00
3.402519877060688813e+00,4.994975362379200368e-01,4.226470252854716136e+01,6.204552962398858007e+00
3.407026525904477854e+00,4.994995346286665305e-01,4.232068226699556845e+01,6.204577785586815608e+00
3.411533174748266894e+00,4.995014154678762974e-01,4.237666200544397554e+01,6.204601148597929772e+00
3.416039823592055935e+00,4.995031875931664200e-01,4.243264174389238264e+01,6.204623161209446458e+00
3.420546472435844976e+00,4.995048465776914526e-01,4.248862148234078973e+01,6.204643768432910989e+00
3.425053121279634016e+00,4.995063801455386643e-01,4.254460122078919682e+01,6.204662817781985140e+00
3.429559770123423057e+00,4.995077775793188013e-01,4.260058095923760391e+01,6.204680176129667046e+00
3.434066418967212098e+00,4.995090420893404382e-01,4.265656069768601100e+01,6.204695883353089414e+00
3.438573067811001138e+00,4.995101958095002348e-01,4.271254043613441809e+01,6.204710214390414258e+00
3.443079716654790179e+00,4.995112630463979797e-01,4.276852017458282518e+01,6.204723471168225757e+00
3.447586365498579219e+00,4.995122510256132520e-01,4.282449991303123227e+01,6.204735743439703022e+00
3.452093014342368260e+00,4.995131553377239464e-01,4.288047965147963936e+01,6.204746976432817362e+00
3.456599663186157301e+00,4.995139771348951485e-01,4.293645938992804645e+01,6.204757184459290364e+00
3.461106312029945897e+00,4.995147253857284975e-01,4.299243912837645354e+01,6.204766478923402495e+00
3.465612960873734938e+00,4.995154076839891100e-01,4.304841886682486063e+01,6.204774954151781152e+00
3.470119609717523979e+00,4.995160272443308624e-01,4.310439860527326772e+01,6.204782650075534534e+00
3.474626258561313019e+00,4.995165869036690687e-01,4.316037834372167481e+01,6.204789601933657472e+00
3.479132907405102060e+00,4.995170910486699256e-01,4.321635808217008190e+01,6.204795864215514101e+00
3.483639556248891100e+00,4.995175440440153825e-01,4.327233782061848899e+01,6.204801491137388325e+00
3.488146205092680141e+00,4.995179492974933244e-01,4.332831755906689608e+01,6.204806525029418651e+00
3.492652853936469182e+00,4.995183099477915611e-01,4.338429729751530317e+01,6.204811004879095648e+00
3.497159502780258222e+00,4.995186293501601149e-01,4.344027703596371026e+01,6.204814972363954517e+00
3.501666151624047263e+00,4.995189108106489750e-01,4.349625677441211735e+01,6.204818468550388211e+00
3.506172800467836304e+00,4.995191573759978354e-01,4.355223651286052444e+01,6.204821531283744918e+00
3.510679449311625344e+00,4.995193719522363907e-01,4.360821625130893153e+01,6.204824196661529179e+00
3.515186098155414385e+00,4.995195574000855232e-01,4.366419598975733862e+01,6.204826500218440621e+00
3.519692746999203425e+00,4.995197164817111735e-01,4.372017572820574571e+01,6.204828476264967918e+00
3.524199395842992466e+00,4.995198518155359313e-01,4.377615546665415280e+01,6.204830157326078677e+00
3.528706044686780618e+00,4.995199658931112618e-01,4.383213520510255279e+01,6.204831574350802015e+00
3.533212693530569659e+00,4.995200610904337313e-01,4.388811494355095988e+01,6.204832756852789011e+00
3.537719342374358700e+00,4.995201396524702742e-01,4.394409468199936697e+01,6.204833732718095796e+00
3.542225991218147740e+00,4.995202036819038627e-01,4.400007442044777406e+01,6.204834528065386046e+00
3.546732640061936781e+00,4.995202551403180036e-01,4.405605415889618115e+01,6.204835167260642770e+00
3.551239288905725822e+00,4.995202958468699106e-01,4.411203389734458824e+01,6.204835672900689048e+00
3.555745937749514862e+00,4.995203274718358899e-01,4.416801363579299533e+01,6.204836065733009498e+00
3.560252586593303903e+00,4.995203515344745493e-01,4.422399337424140242e+01,6.204836364629210621e+00
3.564759235437092943e+00,4.995203694054619614e-01,4.427997311268980951e+01,6.204836586615265936e+00
3.569265884280881984e+00,4.995203823043602998e-01,4.433595285113821660e+01,6.204836746840076245e+00
3.573772533124671025e+00,4.995203912952217995e-01,4.439193258958662369e+01,6.204836858520859977e+00
3.578279181968460065e+00,4.995203972992357522e-01,4.444791232803503078e+01,6.204836933100252416e+00
3.582785830812248662e+00,4.995204011121221477e-01,4.450389206648343787e+01,6.204836980462358653e+00
3.587292479656037703e+00,4.995204033833416379e-01,4.455987180493184496e+01,6.204837008674513044e+00
3.591799128499826743e+00,4.995204045953088867e-01,4.461585154338025205e+01,6.204837023729071532e+00
3.596305777343615784e+00,4.995204051370153997e-01,4.467183128182865914e+01,6.204837030457927227e+00
3.600812426187404824e+00,4.995204053990969228e-01,4.472781102027706623e+01,6.204837033713396011e+00
