x_m,r_m,x_over_rt,r_over_rt
# M5 isobutane nozzle [ns] physical wall = inviscid + delta* normal offset (PhysicalNozzleWall)
# R=3, L_U=9, L_c=14 (r_t units), M_d=5; r_t=0.080505 m
# throat x=-0.000808 m r=0.081656 m; exit x=3.600812 m r=0.520862 m
-7.647974999999999079e-01,5.000004539999999276e-01,-9.500000000000000000e+00,6.210799999999999876e+00
-7.634094827586206389e-01,5.000004539999999276e-01,-9.482758620689654805e+00,6.210799999999999876e+00
-7.620214655172412588e-01,5.000004539999999276e-01,-9.465517241379309610e+00,6.210799999999999876e+00
-7.606334482758621007e-01,5.000004539999999276e-01,-9.448275862068966191e+00,6.210799999999999876e+00
-7.592454310344827206e-01,5.000004539999999276e-01,-9.431034482758620996e+00,6.210799999999999876e+00
-7.578574137931033405e-01,5.000004539999999276e-01,-9.413793103448275801e+00,6.210799999999999876e+00
-7.564693965517240715e-01,5.000004539999999276e-01,-9.396551724137930606e+00,6.210799999999999876e+00
-7.550813793103446914e-01,5.000004539999999276e-01,-9.379310344827585411e+00,6.210799999999999876e+00
-7.536933620689655333e-01,5.000004539999999276e-01,-9.362068965517241992e+00,6.210799999999999876e+00
-7.523053448275861532e-01,5.000004539999999276e-01,-9.344827586206896797e+00,6.210799999999999876e+00
-7.509173275862067731e-01,5.000004539999999276e-01,-9.327586206896551602e+00,6.210799999999999876e+00
-7.495293103448275041e-01,5.000004539999999276e-01,-9.310344827586206407e+00,6.210799999999999876e+00
-7.481412931034481240e-01,5.000004539999999276e-01,-9.293103448275861211e+00,6.210799999999999876e+00
-7.467532758620689659e-01,5.000004539999999276e-01,-9.275862068965517793e+00,6.210799999999999876e+00
-7.453652586206895858e-01,5.000004539999999276e-01,-9.258620689655172598e+00,6.210799999999999876e+00
-7.439772413793103167e-01,5.000004539999999276e-01,-9.241379310344827402e+00,6.210799999999999876e+00
-7.425892241379309366e-01,5.000004539999999276e-01,-9.224137931034482207e+00,6.210799999999999876e+00
-7.412012068965517786e-01,5.000004539999999276e-01,-9.206896551724138789e+00,6.210799999999999876e+00
-7.398131896551723985e-01,5.000004539999999276e-01,-9.189655172413793593e+00,6.210799999999999876e+00
-7.384251724137930184e-01,5.000004539999999276e-01,-9.172413793103448398e+00,6.210799999999999876e+00
-7.370371551724137493e-01,5.000004539999999276e-01,-9.155172413793103203e+00,6.210799999999999876e+00
-7.356491379310343692e-01,5.000004539999999276e-01,-9.137931034482758008e+00,6.210799999999999876e+00
-7.342611206896552112e-01,5.000004539999999276e-01,-9.120689655172414589e+00,6.210799999999999876e+00
-7.328731034482758311e-01,5.000004539999999276e-01,-9.103448275862069394e+00,6.210799999999999876e+00
-7.314850862068964510e-01,5.000004539999999276e-01,-9.086206896551724199e+00,6.210799999999999876e+00
-7.300970689655171819e-01,5.000004539999999276e-01,-9.068965517241379004e+00,6.210799999999999876e+00
-7.287090517241378018e-01,5.000004539999999276e-01,-9.051724137931033809e+00,6.210799999999999876e+00
-7.273210344827586438e-01,5.000004539999999276e-01,-9.034482758620690390e+00,6.210799999999999876e+00
-7.259330172413792637e-01,5.000004539999999276e-01,-9.017241379310345195e+00,6.210799999999999876e+00
-7.245449999999999946e-01,5.000004539999999276e-01,-9.000000000000000000e+00,6.210799999999999876e+00
-7.209081312715902579e-01,5.000000721903227197e-01,-8.954824312422710264e+00,6.210795257317219153e+00
-7.172712625431805211e-01,4.999974196491535072e-01,-8.909648624845420528e+00,6.210762308541749377e+00
-7.136343938147710064e-01,4.999902807585427378e-01,-8.864472937268132569e+00,6.210673632178656867e+00
-7.099975250863612697e-01,4.999764995506086884e-01,-8.819297249690842833e+00,6.210502447681618854e+00
-7.063606563579515329e-01,4.999539791863608640e-01,-8.774121562113553097e+00,6.210222708979080686e+00
-7.027237876295417962e-01,4.999206814345239502e-01,-8.728945874536263361e+00,6.209809098000421912e+00
-6.990869189011322815e-01,4.998746261503611565e-01,-8.683770186958975401e+00,6.209237018202114378e+00
-6.954500501727225448e-01,4.998138907544980580e-01,-8.638594499381685665e+00,6.208482588093883869e+00
-6.918131814443128080e-01,4.997366097117460493e-01,-8.593418811804395929e+00,6.207522634764872649e+00
-6.881763127159030713e-01,4.996409740099261310e-01,-8.548243124227106193e+00,6.206334687409802875e+00
-6.845394439874935566e-01,4.995252306386924190e-01,-8.503067436649818234e+00,6.204896970855132921e+00
-6.809025752590838199e-01,4.993876820683559314e-01,-8.457891749072528498e+00,6.203188399085224347e+00
-6.772657065306741941e-01,4.992266857287080417e-01,-8.412716061495238762e+00,6.201188568768499998e+00
-6.736288378022644574e-01,4.990406534878442102e-01,-8.367540373917949026e+00,6.198877752783606532e+00
-6.699919690738547207e-01,4.988280511309874932e-01,-8.322364686340659290e+00,6.196236893745575181e+00
-6.663551003454452060e-01,4.985873978393124961e-01,-8.277188998763371330e+00,6.193247597531986059e+00
-6.627182316170354692e-01,4.983172656687685498e-01,-8.232013311186081594e+00,6.189892126809124484e+00
-6.590813628886257325e-01,4.980162790289037189e-01,-8.186837623608791858e+00,6.186153394558148833e+00
-6.554444941602159957e-01,4.976831141616882004e-01,-8.141661936031502123e+00,6.182014957601245086e+00
-6.518076254318064811e-01,4.973164986203381654e-01,-8.096486248454214163e+00,6.177461010127795582e+00
-6.481707567033967443e-01,4.969152107481389913e-01,-8.051310560876924427e+00,6.172476377220533550e+00
-6.445338879749870076e-01,4.964780791572695473e-01,-8.006134873299634691e+00,6.167046508381710090e+00
-6.408970192465773819e-01,4.960039822076251492e-01,-7.960959185722344955e+00,6.161157471059253155e+00
-6.372601505181676451e-01,4.954918474856415678e-01,-7.915783498145056107e+00,6.154795944172928301e+00
-6.336232817897580194e-01,4.949406512831186489e-01,-7.870607810567767260e+00,6.147949211640503009e+00
-6.299864130613483937e-01,4.943494180760438228e-01,-7.825432122990477524e+00,6.140605155903904766e+00
-6.263495443329386569e-01,4.937172200034156688e-01,-7.780256435413187788e+00,6.132752251455384496e+00
-6.227126756045290312e-01,4.930431763460678685e-01,-7.735080747835898940e+00,6.124379558363678200e+00
-6.190758068761192945e-01,4.923264530054925481e-01,-7.689905060258609204e+00,6.115476715800168606e+00
-6.154389381477096688e-01,4.915662619826638990e-01,-7.644729372681320356e+00,6.106033935565045034e+00
-6.118020694192999320e-01,4.907618608568620200e-01,-7.599553685104030620e+00,6.096041995613465936e+00
-6.081652006908903063e-01,4.899125522644963704e-01,-7.554377997526741773e+00,6.085492233581720534e+00
-6.045283319624805696e-01,4.890176833779294463e-01,-7.509202309949452037e+00,6.074376540313390471e+00
-6.008914632340709439e-01,4.880766453843005115e-01,-7.464026622372163189e+00,6.062687353385510569e+00
-5.972545945056612071e-01,4.870888729643489956e-01,-7.418850934794873453e+00,6.050417650634731359e+00
-5.936177257772515814e-01,4.860538437712384474e-01,-7.373675247217583717e+00,6.037560943683478953e+00
-5.899808570488418447e-01,4.849710779093798774e-01,-7.328499559640294869e+00,6.024111271466119355e+00
-5.863439883204322189e-01,4.838401374132555444e-01,-7.283323872063006021e+00,6.010063193755115662e+00
-5.827071195920225932e-01,4.826606257262424093e-01,-7.238148184485716286e+00,5.995411784687192380e+00
-5.790702508636128565e-01,4.814321871794360885e-01,-7.192972496908426550e+00,5.980152626289498841e+00
-5.754333821352032308e-01,4.801545064704741961e-01,-7.147796809331137702e+00,5.964281802005766409e+00
-5.717965134067934940e-01,4.788273081423600752e-01,-7.102621121753847966e+00,5.947795890222471904e+00
-5.681596446783838683e-01,4.774503560622864184e-01,-7.057445434176559118e+00,5.930691957795000135e+00
-5.645227759499741316e-01,4.760234529004590542e-01,-7.012269746599269382e+00,5.912967553573803769e+00
-5.608859072215643948e-01,4.745464396089202341e-01,-6.967094059021979646e+00,5.894620701930566753e+00
-5.572490384931547691e-01,4.730191949003724750e-01,-6.921918371444690798e+00,5.875649896284361517e+00
-5.536121697647451434e-01,4.714416347270023455e-01,-6.876742683867401951e+00,5.856054092627816843e+00
-5.499753010363354067e-01,4.698137117593037537e-01,-6.831566996290112215e+00,5.835832703053273285e+00
-5.463384323079257809e-01,4.681354148649017888e-01,-6.786391308712822479e+00,5.814985589278949263e+00
-5.427015635795160442e-01,4.664067685873763414e-01,-6.741215621135533631e+00,5.793513056175099152e+00
-5.390646948511064185e-01,4.646278326250857793e-01,-6.696039933558244783e+00,5.771415845290178481e+00
-5.354278261226967928e-01,4.627987013099903457e-01,-6.650864245980955047e+00,5.748695128377000252e+00
-5.317909573942870560e-01,4.609195030864761677e-01,-6.605688558403665311e+00,5.725352500918901910e+00
-5.281540886658774303e-01,4.589903999901783771e-01,-6.560512870826376464e+00,5.701389975655902553e+00
-5.245172199374678046e-01,4.570115871268053409e-01,-6.515337183249087616e+00,5.676809976110867240e+00
-5.208803512090580679e-01,4.549832921509616712e-01,-6.470161495671797880e+00,5.651615330115665969e+00
-5.172434824806483311e-01,4.529057747449724558e-01,-6.424985808094508144e+00,5.625809263337338884e+00
-5.136066137522385944e-01,4.507793260977063787e-01,-6.379810120517218408e+00,5.599395392804253468e+00
-5.099697450238289687e-01,4.486042683833998956e-01,-6.334634432939929560e+00,5.572377720432270642e+00
-5.063328762954193429e-01,4.463809542404802433e-01,-6.289458745362640713e+00,5.544760626550901073e+00
-5.026960075670096062e-01,4.441097662503893373e-01,-6.244283057785350977e+00,5.516548863429468597e+00
-4.990591388385999250e-01,4.417911164164075588e-01,-6.199107370208061241e+00,5.487747548803274533e+00
-4.954222701101902993e-01,4.394254456424775412e-01,-6.153931682630772393e+00,5.458362159399758440e+00
-4.917854013817806735e-01,4.370132232120269578e-01,-6.108755995053483545e+00,5.428398524464654429e+00
-4.881485326533709368e-01,4.345549462667931406e-01,-6.063580307476193809e+00,5.397862819288158143e+00
-4.845116639249612556e-01,4.320511392856460908e-01,-6.018404619898904073e+00,5.366761558731086623e+00
-4.808747951965515743e-01,4.295023535634124312e-01,-5.973228932321615225e+00,5.335101590751039957e+00
-4.772379264681419486e-01,4.269091666896989157e-01,-5.928053244744326378e+00,5.302890089928562922e+00
-4.736010577397322674e-01,4.242721820277158273e-01,-5.882877557167036642e+00,5.270134550993303080e+00
-4.699641890113225307e-01,4.215920281931011537e-01,-5.837701869589746906e+00,5.236842782350179526e+00
-4.663273202829128494e-01,4.188693585327437630e-01,-5.792526182012457170e+00,5.203022899605537432e+00
-4.626904515545031682e-01,4.161048506036071348e-01,-5.747350494435168322e+00,5.168683319093313244e+00
-4.590535828260935425e-01,4.132992056515530366e-01,-5.702174806857879474e+00,5.133832751401193661e+00
-4.554167140976838613e-01,4.104531480901653095e-01,-5.656999119280589738e+00,5.098480194896780837e+00
-4.517798453692741245e-01,4.075674249795731008e-01,-5.611823431703300002e+00,5.062634929253749583e+00
-4.481429766408644988e-01,4.046428055052749273e-01,-5.566647744126011155e+00,5.026306508978013454e+00
-4.445061079124548731e-01,4.016800804569620742e-01,-5.521472056548722307e+00,4.989504756933881069e+00
-4.408692391840451363e-01,3.986800617073419928e-01,-5.476296368971432571e+00,4.952239757870219528e+00
-4.372323704556354551e-01,3.956435816909626979e-01,-5.431120681394142835e+00,4.914521851946621389e+00
-4.335955017272257739e-01,3.925714928830355555e-01,-5.385944993816853987e+00,4.876361628259556547e+00
-4.299586329988161482e-01,3.894646672782594576e-01,-5.340769306239565140e+00,4.837769918368541866e+00
-4.263217642704064669e-01,3.863239958696438880e-01,-5.295593618662275404e+00,4.798757789822295727e+00
-4.226848955419967302e-01,3.831503881273333745e-01,-5.250417931084985668e+00,4.759336539684906775e+00
-4.190480268135870490e-01,3.799447714774304430e-01,-5.205242243507695932e+00,4.719517688061989347e+00
-4.154111580851773677e-01,3.767080907808196266e-01,-5.160066555930407084e+00,4.679312971626851336e+00
-4.117742893567677420e-01,3.734413078119906415e-01,-5.114890868353118236e+00,4.638734337146645181e+00
-4.081374206283580608e-01,3.701454007378625621e-01,-5.069715180775828500e+00,4.597793935008541055e+00
-4.045005518999483241e-01,3.668213635966070529e-01,-5.024539493198538764e+00,4.556504112745880519e+00
-4.008636831715386983e-01,3.634702057764725991e-01,-4.979363805621249917e+00,4.514877408564345274e+00
-3.972268144431289616e-01,3.600929514946068499e-01,-4.934188118043960181e+00,4.472926544868106369e+00
-3.935899457147193359e-01,3.566906392758820710e-01,-4.889012430466671333e+00,4.430664421786001839e+00
-3.899530769863096547e-01,3.532643214317169877e-01,-4.843836742889381597e+00,4.388104110697683247e+00
-3.863162082578999734e-01,3.498150635389016272e-01,-4.798661055312092749e+00,4.345258847759787102e+00
-3.826793395294902922e-01,3.463439439184205493e-01,-4.753485367734803013e+00,4.302142027432092064e+00
-3.790424708010806665e-01,3.428520531142763561e-01,-4.708309680157514165e+00,4.258767196003681477e+00
-3.754056020726709297e-01,3.393404933723135342e-01,-4.663133992580224430e+00,4.215148045119105014e+00
-3.717687333442613040e-01,3.358103781190419079e-01,-4.617958305002935582e+00,4.171298405304539436e+00
-3.681318646158515673e-01,3.322628314404603711e-01,-4.572782617425645846e+00,4.127232239493949351e+00
-3.644949958874419416e-01,3.286989875608805622e-01,-4.527606929848356998e+00,4.082963636555252407e+00
-3.608581271590322603e-01,3.251199903217504295e-01,-4.482431242271067262e+00,4.038506804816476503e+00
-3.572212584306225791e-01,3.215269926604777395e-01,-4.437255554693778414e+00,3.993876065591923208e+00
-3.535843897022128979e-01,3.179211560892540867e-01,-4.392079867116488678e+00,3.949085846708330294e+00
-3.499475209738031611e-01,3.143036501738780131e-01,-4.346904179539198942e+00,3.904150676031029388e+00
-3.463106522453935354e-01,3.106756520125790733e-01,-4.301728491961910095e+00,3.859085174990113387e+00
-3.426737835169838542e-01,3.070383457148411765e-01,-4.256552804384620359e+00,3.813904052106592335e+00
-3.390369147885741730e-01,3.033929218802265959e-01,-4.211377116807331511e+00,3.768622096518559061e+00
-3.354000460601644917e-01,2.997405770771988109e-01,-4.166201429230041775e+00,3.723254171507345056e+00
-3.317631773317548660e-01,2.960825133219471272e-01,-4.121025741652752927e+00,3.677815208023690108e+00
-3.281263086033451293e-01,2.924199375572097970e-01,-4.075850054075463191e+00,3.632320198213897733e+00
-3.244894398749355036e-01,2.887540611310975835e-01,-4.030674366498174344e+00,3.586784188945998597e+00
-3.208525711465257668e-01,2.850860992759172707e-01,-3.985498678920884608e+00,3.541222275335908165e+00
-3.172157024181161411e-01,2.814172705869960600e-01,-3.940322991343595760e+00,3.495649594273599003e+00
-3.135788336897064599e-01,2.777487965015043581e-01,-3.895147303766306024e+00,3.450081317949249993e+00
-3.099419649612967786e-01,2.740819007772797300e-01,-3.849971616189017176e+00,3.404532647379414634e+00
-3.063050962328870974e-01,2.704178089716504085e-01,-3.804795928611727440e+00,3.359018805933177365e+00
-3.026682275044773607e-01,2.667577479202593027e-01,-3.759620241034437704e+00,3.313555032858323646e+00
-2.990313587760677350e-01,2.631029452158873960e-01,-3.714444553457148857e+00,3.268156576807495384e+00
-2.953944900476580537e-01,2.594546286872768670e-01,-3.669268865879859121e+00,3.222838689364348586e+00
-2.917576213192483725e-01,2.558140258779556531e-01,-3.624093178302570273e+00,3.177616618569724771e+00
-2.881207525908386913e-01,2.521823635250605156e-01,-3.578917490725280537e+00,3.132505602447804627e+00
-2.844838838624290656e-01,2.485608670381606600e-01,-3.533741803147991689e+00,3.087520862532273647e+00
-2.808470151340193288e-01,2.449507599780816058e-01,-3.488566115570701953e+00,3.042677597392480227e+00
-2.772101464056097031e-01,2.413532635357286404e-01,-3.443390427993413105e+00,2.997990976159600862e+00
-2.735732776771999664e-01,2.377695960109105777e-01,-3.398214740416123369e+00,2.953476132052799130e+00
-2.699364089487903406e-01,2.342009722911634062e-01,-3.353039052838834522e+00,2.909148155905389999e+00
-2.662995402203806594e-01,2.306486033305732708e-01,-3.307863365261544786e+00,2.865022089690991702e+00
-2.626626714919709782e-01,2.271136956286016750e-01,-3.262687677684255938e+00,2.821112920049707373e+00
-2.590258027635612970e-01,2.235974507089072139e-01,-3.217511990106966202e+00,2.777435571814262705e+00
-2.553889340351515602e-01,2.201010645981701652e-01,-3.172336302529676466e+00,2.734004901536180032e+00
-2.517520653067419345e-01,2.166257273049167764e-01,-3.127160614952387618e+00,2.690835691011947084e+00
-2.481151965783322255e-01,2.131726222983413022e-01,-3.081984927375097882e+00,2.647942640809158643e+00
-2.444783278499225998e-01,2.097429259871311236e-01,-3.036809239797809035e+00,2.605340363792697733e+00
-2.408414591215128908e-01,2.063378071982893691e-01,-2.991633552220519299e+00,2.563043378650883497e+00
-2.372045903931032373e-01,2.029584266559591454e-01,-2.946457864643230451e+00,2.521066103421640392e+00
-2.335677216646935284e-01,1.996059364602466302e-01,-2.901282177065940715e+00,2.479422849018652730e+00
-2.299308529362839026e-01,1.962814795660457190e-01,-2.856106489488651867e+00,2.438127812757539647e+00
-2.262939842078741937e-01,1.929861892618602304e-01,-2.810930801911362131e+00,2.397195071881998096e+00
-2.226571154794645402e-01,1.897211886486286359e-01,-2.765755114334073284e+00,2.356638577089977815e+00
-2.190202467510548312e-01,1.864875901185470974e-01,-2.720579426756783548e+00,2.316472146059836312e+00
-2.153833780226452055e-01,1.832864948338938371e-01,-2.675403739179494700e+00,2.276709456976508950e+00
-2.117465092942354965e-01,1.801189922058513693e-01,-2.630228051602204964e+00,2.237364042057653268e+00
-2.081096405658257875e-01,1.769861593733322580e-01,-2.585052364024915228e+00,2.198449281079836837e+00
-2.044727718374161340e-01,1.738890606818001838e-01,-2.539876676447626380e+00,2.159978394904666921e+00
-2.008359031090064251e-01,1.708287471620959785e-01,-2.494700988870336644e+00,2.121964439004980996e+00
-1.971990343805967993e-01,1.678062560092594135e-01,-2.449525301293047796e+00,2.084420296990987076e+00
-1.935621656521870904e-01,1.648226100613540968e-01,-2.404349613715758061e+00,2.047358674136440015e+00
-1.899252969237774369e-01,1.618788172782903712e-01,-2.359173926138469213e+00,2.010792090904793383e+00
-1.862884281953677279e-01,1.589758702206490737e-01,-2.313998238561179477e+00,1.974732876475362886e+00
-1.826515594669581022e-01,1.561147455285056829e-01,-2.268822550983890629e+00,1.939193162269495119e+00
-1.790146907385483932e-01,1.532964034002528564e-01,-2.223646863406600893e+00,1.904184875476714112e+00
-1.753778220101387397e-01,1.505217870714256057e-01,-2.178471175829312045e+00,1.869719732580903404e+00
-1.717409532817290307e-01,1.477918222935236392e-01,-2.133295488252022309e+00,1.835809232886449927e+00
-1.681040845533194050e-01,1.451074168128347330e-01,-2.088119800674733462e+00,1.802464652044403870e+00
-1.644672158249096960e-01,1.424694598492602937e-01,-2.042944113097443726e+00,1.769697035578663424e+00
-1.608303470964999871e-01,1.398788215751370356e-01,-1.997768425520153990e+00,1.737517192412111555e+00
-1.571934783680903336e-01,1.373363525940614061e-01,-1.952592737942865142e+00,1.705935688392788308e+00
-1.535566096396806246e-01,1.348428834197130388e-01,-1.907417050365575406e+00,1.674962839820048899e+00
-1.499197409112709989e-01,1.323992239546787353e-01,-1.862241362788286558e+00,1.644608706970731582e+00
-1.462828721828612899e-01,1.300061629692754739e-01,-1.817065675210996822e+00,1.614883087625308633e+00
-1.426460034544516364e-01,1.276644675803748352e-01,-1.771889987633707975e+00,1.585795510594060431e+00
-1.390091347260419274e-01,1.253748827302260116e-01,-1.726714300056418239e+00,1.557355229243227335e+00
-1.353722659976323017e-01,1.231381306652791080e-01,-1.681538612479129391e+00,1.529571215021167774e+00
-1.317353972692225927e-01,1.209549104150104137e-01,-1.636362924901839655e+00,1.502452150984540324e+00
-1.280985285408129393e-01,1.188258972707435662e-01,-1.591187237324550807e+00,1.476006425324434268e+00
-1.244616598124032442e-01,1.167517422644759328e-01,-1.546011549747261071e+00,1.450242124892564988e+00
-1.208247910839936046e-01,1.147330716476998302e-01,-1.500835862169972224e+00,1.425167028727406304e+00
-1.171879223555838956e-01,1.127704863702271021e-01,-1.455660174592682488e+00,1.400788601580362780e+00
-1.135510536271741866e-01,1.108645615590135303e-01,-1.410484487015392752e+00,1.377113987441942022e+00
-1.099141848987645470e-01,1.090158459969813726e-01,-1.365308799438103904e+00,1.354150003067901231e+00
-1.062773161703548380e-01,1.072248616018433576e-01,-1.320133111860814168e+00,1.331903131505414173e+00
-1.026404474419451984e-01,1.054921029049257636e-01,-1.274957424283525320e+00,1.310379515619225721e+00
-9.900357871353548944e-02,1.038180365299939262e-01,-1.229781736706235584e+00,1.289584951617836595e+00
-9.536670998512584985e-02,1.022031006720730689e-01,-1.184606049128946736e+00,1.269524882579629477e+00
-9.172984125671614086e-02,1.006477045762749351e-01,-1.139430361551657001e+00,1.250204391979068852e+00
-8.809297252830650127e-02,9.915222801661864593e-02,-1.094254673974368153e+00,1.231628197212827125e+00
-8.445610379989679228e-02,9.771702077485551474e-02,-1.049078986397078417e+00,1.213800643125961365e+00
-8.081923507148715269e-02,9.634240211929406827e-02,-1.003903298819789569e+00,1.196725695538091827e+00
-7.718236634307744370e-02,9.502866028362091932e-02,-9.587276112424998331e-01,1.180406934769528959e+00
-7.354549761466773472e-02,9.377605194572735670e-02,-9.135519236652100972e-01,1.164847549167472351e+00
-6.990862888625802574e-02,9.258480170652952368e-02,-8.683762360879203612e-01,1.150050328632128860e+00
-6.627176015784845553e-02,9.145510156879552155e-02,-8.232005485106324016e-01,1.136017658142916886e+00
-6.263489142943874655e-02,9.038711041596711460e-02,-7.780248609333426657e-01,1.122751511284604931e+00
-5.899802270102903756e-02,8.938095349098310050e-02,-7.328491733560529298e-01,1.110253443773468796e+00
-5.536115397261932858e-02,8.843672187510460969e-02,-6.876734857787631938e-01,1.098524586983474549e+00
-5.172428524420975837e-02,8.755447196673685206e-02,-6.424977982014752342e-01,1.087565641472416189e+00
-4.808741651580004939e-02,8.673422496025383344e-02,-5.973221106241854983e-01,1.077376870508090612e+00
-4.445054778739034040e-02,8.597596632482215617e-02,-5.521464230468957624e-01,1.067958093594461921e+00
-4.081367905898063142e-02,8.527964528322423687e-02,-5.069707354696060264e-01,1.059308679997816860e+00
-3.717681033057106121e-02,8.464517429068114940e-02,-4.617950478923180668e-01,1.051427542272916682e+00
-3.353994160216135223e-02,8.407242851367836833e-02,-4.166193603150283309e-01,1.044313129789185446e+00
-2.990307287375164325e-02,8.356124530878615564e-02,-3.714436727377385949e-01,1.037963422256830803e+00
-2.626620414534193426e-02,8.311142370148699721e-02,-3.262679851604488590e-01,1.032375923253052719e+00
-2.262933541693222181e-02,8.272272386499689156e-02,-2.810922975831591231e-01,1.027547653748175804e+00
-1.899246668852265507e-02,8.239486659908901167e-02,-2.359166100058711635e-01,1.023475145631811856e+00
-1.535559796011294609e-02,8.212753280891720020e-02,-1.907409224285814275e-01,1.020154435239018831e+00
-1.171872923170323710e-02,8.192036298384225423e-02,-1.455652348512916916e-01,1.017581056876495360e+00
-8.081860503293526385e-03,8.177295667625178455e-02,-1.003895472740019557e-01,1.015750036348696206e+00
-4.444991774883959648e-03,8.168487198038541786e-02,-5.521385969671399607e-02,1.014655884484012560e+00
-8.081230464742017667e-04,8.165562501115934679e-02,-1.003817211942366165e-02,1.014292590660944793e+00
3.699537213886278618e-03,8.170655954482826389e-02,4.595412972966000931e-02,1.014925278489885896e+00
8.207197474246759328e-03,8.183054177899370951e-02,1.019464315787436820e-01,1.016465334811424315e+00
1.271485773460724264e-02,8.203619578933814271e-02,1.579387334278273824e-01,1.019019884346787697e+00
1.722251799496772248e-02,8.232128175266584247e-02,2.139310352769110413e-01,1.022561104933430887e+00
2.173017825532820232e-02,8.268380118389703770e-02,2.699233371259947001e-01,1.027064172211627158e+00
2.623783851568868564e-02,8.312049131294502180e-02,3.259156389750784144e-01,1.032488557393267836e+00
3.074549877604916548e-02,8.362843489048434054e-02,3.819079408241620732e-01,1.038798023607034882e+00
3.525315903640964532e-02,8.420525544272644547e-02,4.379002426732457320e-01,1.045963051272920330e+00
3.976081929677012516e-02,8.484858189602489942e-02,4.938925445223293909e-01,1.053954187889260430e+00
4.426847955713059807e-02,8.555659612868370123e-02,5.498848463714129942e-01,1.062748849496102155e+00
4.877613981749107791e-02,8.632812095826901400e-02,6.058771482204966530e-01,1.072332413617402835e+00
5.328380007785156469e-02,8.716255077750605096e-02,6.618694500695804228e-01,1.082697357648668479e+00
5.779146033821204453e-02,8.806138067469934660e-02,7.178617519186640816e-01,1.093862252961919745e+00
6.229912059857252438e-02,8.902632605175736513e-02,7.738540537677477404e-01,1.105848407574155257e+00
6.680678085893300422e-02,9.006162333252298868e-02,8.298463556168313993e-01,1.118708444599999963e+00
7.131444111929348406e-02,9.117373175080904779e-02,8.858386574659150581e-01,1.132522597985330837e+00
7.582210137965396390e-02,9.237178527782999304e-02,9.418309593149987169e-01,1.147404326163965038e+00
8.032976164001444375e-02,9.366883248397230022e-02,9.978232611640823757e-01,1.163515713110642835e+00
8.483742190037493747e-02,9.508220465554843848e-02,1.053815563013166257e+00,1.181072040935947420e+00
8.934508216073541731e-02,9.662503364249595827e-02,1.109807864862249804e+00,1.200236428078951256e+00
9.385274242109589715e-02,9.828270579162066978e-02,1.165800166711333574e+00,1.220827349749961765e+00
9.836040268145637699e-02,1.000222077109756275e-01,1.221792468560417122e+00,1.242434727171922715e+00
1.028680629418168568e-01,1.018170847169464349e-01,1.277784770409500892e+00,1.264729951145226350e+00
1.073757232021773506e-01,1.036515115828369610e-01,1.333777072258584662e+00,1.287516447212433635e+00
1.118833834625378165e-01,1.055148080376879099e-01,1.389769374107668209e+00,1.310661549440257367e+00
1.163910437228983102e-01,1.073996218296303234e-01,1.445761675956751979e+00,1.334073931179806660e+00
1.208987039832587762e-01,1.093012312233699324e-01,1.501753977805835527e+00,1.357694940977205666e+00
1.254063642436192560e-01,1.112157118075091655e-01,1.557746279654919297e+00,1.381475831408101040e+00
1.299140245039797359e-01,1.131394542827117433e-01,1.613738581504002845e+00,1.405371769240565838e+00
1.344216847643402157e-01,1.150702186495605739e-01,1.669730883353086615e+00,1.429354930123105216e+00
1.389293450247006956e-01,1.170059229393923400e-01,1.725723185202170162e+00,1.453399452697252903e+00
1.434370052850611754e-01,1.189443439266284902e-01,1.781715487051253932e+00,1.477477720969238018e+00
1.479446655454216830e-01,1.208845777440497454e-01,1.837707788900337702e+00,1.501578507472203672e+00
1.524523258057821351e-01,1.228246821374216619e-01,1.893700090749421250e+00,1.525677686322857829e+00
1.569599860661426427e-01,1.247641726412484775e-01,1.949692392598505020e+00,1.549769239690062639e+00
1.614676463265030948e-01,1.267015717456727031e-01,2.005684694447588345e+00,1.573834814554036621e+00
1.659753065868635746e-01,1.286365516614800530e-01,2.061676996296672115e+00,1.597870339251972638e+00
1.704829668472240545e-01,1.305679111582996044e-01,2.117669298145755885e+00,1.621860892594243930e+00
1.749906271075845066e-01,1.324954730812427373e-01,2.173661599994839211e+00,1.645804274035684189e+00
1.794982873679450142e-01,1.344180627178996335e-01,2.229653901843922981e+00,1.669685891781872433e+00
1.840059476283054940e-01,1.363359057707458633e-01,2.285646203693006751e+00,1.693508549416133935e+00
1.885136078886659738e-01,1.382479078888951829e-01,2.341638505542090520e+00,1.717258653361843246e+00
1.930212681490264814e-01,1.401542980205140454e-01,2.397630807391174290e+00,1.740939047518962335e+00
1.975289284093869335e-01,1.420542924417221575e-01,2.453623109240257616e+00,1.764539996791778975e+00
2.020365886697474134e-01,1.439477135174412337e-01,2.509615411089341386e+00,1.788059294670408583e+00
2.065442489301078932e-01,1.458344783266965761e-01,2.565607712938425156e+00,1.811495911144606952e+00
2.110519091904684008e-01,1.477137718693054269e-01,2.621600014787508925e+00,1.834839722617296331e+00
2.155595694508288807e-01,1.495860290084038424e-01,2.677592316636592695e+00,1.858096130779502531e+00
2.200672297111893327e-01,1.514506923008036854e-01,2.733584618485676021e+00,1.881258211301207517e+00
2.245748899715498126e-01,1.533075590868026306e-01,2.789576920334759791e+00,1.904323446826937882e+00
2.290825502319103202e-01,1.551568852618615546e-01,2.845569222183843561e+00,1.927295015984864968e+00
2.335902104922708000e-01,1.569980074195760633e-01,2.901561524032927331e+00,1.950164678213478497e+00
2.380978707526312521e-01,1.588310891564293226e-01,2.957553825882010656e+00,1.972934465641007939e+00
2.426055310129917320e-01,1.606562595184312103e-01,3.013546127731094426e+00,1.995605981223914416e+00
2.471131912733522118e-01,1.624728772601946869e-01,3.069538429580178196e+00,2.018171259675730855e+00
2.516208515337127194e-01,1.642811598219485469e-01,3.125530731429261966e+00,2.040633001949550440e+00
2.561285117940731992e-01,1.660812611327491528e-01,3.181523033278345736e+00,2.062993120088803867e+00
2.606361720544336791e-01,1.678727350948926167e-01,3.237515335127429061e+00,2.085246072851284271e+00
2.651438323147941589e-01,1.696555680991130299e-01,3.293507636976512831e+00,2.107391691188286842e+00
2.696514925751546388e-01,1.714300896226052806e-01,3.349499938825596601e+00,2.129434067730020530e+00
2.741591528355151186e-01,1.731961803715135473e-01,3.405492240674680371e+00,2.151371720657270448e+00
2.786668130958755984e-01,1.749532302057454913e-01,3.461484542523763697e+00,2.173197071060747998e+00
2.831744733562360783e-01,1.767019187433855332e-01,3.517476844372847467e+00,2.194918560876784497e+00
2.876821336165965581e-01,1.784422002835130139e-01,3.573469146221931236e+00,2.216535622427340257e+00
2.921897938769570380e-01,1.801736707246807956e-01,3.629461448071015006e+00,2.238043236130436764e+00
2.966974541373175178e-01,1.818963927544652581e-01,3.685453749920098776e+00,2.259442180665365729e+00
3.012051143976779977e-01,1.836107053136407097e-01,3.741446051769182102e+00,2.280736666215026798e+00
3.057127746580384775e-01,1.853166281942817684e-01,3.797438353618265872e+00,2.301926938628430452e+00
3.102204349183989573e-01,1.870136223967456823e-01,3.853430655467349641e+00,2.323006302673693568e+00
3.147280951787594372e-01,1.887020302739174649e-01,3.909422957316433411e+00,2.343979010917551342e+00
3.192357554391199170e-01,1.903820733155861811e-01,3.965415259165516737e+00,2.364847814615069765e+00
3.237434156994803969e-01,1.920537690253450169e-01,4.021407561014600951e+00,2.385612931188684449e+00
3.282510759598409322e-01,1.937166354458680351e-01,4.077399862863685165e+00,2.406268373962710871e+00
3.327587362202014121e-01,1.953709379094498710e-01,4.133392164712768491e+00,2.426817438785788372e+00
3.372663964805618364e-01,1.970169731319678375e-01,4.189384466561851816e+00,2.447263811340511186e+00
3.417740567409223718e-01,1.986547947777040357e-01,4.245376768410936030e+00,2.467608158222521109e+00
3.462817170012828516e-01,2.002842209257512385e-01,4.301369070260019356e+00,2.487848219685128370e+00
3.507893772616432759e-01,2.019049690572350952e-01,4.357361372109102682e+00,2.507980486395069875e+00
3.552970375220038113e-01,2.035175947800053342e-01,4.413353673958186896e+00,2.528011859884545576e+00
3.598046977823642356e-01,2.051221167914427657e-01,4.469345975807270221e+00,2.547942572404729766e+00
3.643123580427247710e-01,2.067185643888629354e-01,4.525338277656354435e+00,2.567772987874826995e+00
3.688200183030852508e-01,2.083064517137694915e-01,4.581330579505437761e+00,2.587497071160418827e+00
3.733276785634456751e-01,2.098860694775210312e-01,4.637322881354521087e+00,2.607118433358437848e+00
3.778353388238062105e-01,2.114577253275505830e-01,4.693315183203605301e+00,2.626640895938769038e+00
3.823429990841666903e-01,2.130214861458792908e-01,4.749307485052688627e+00,2.646065289682371535e+00
3.868506593445271702e-01,2.145774157414047922e-01,4.805299786901772841e+00,2.665392407197128222e+00
3.913583196048876500e-01,2.161250424096402001e-01,4.861292088750856166e+00,2.684616389163905659e+00
3.958659798652480744e-01,2.176647088725925383e-01,4.917284390599939492e+00,2.703741492734520246e+00
4.003736401256086097e-01,2.191966719168958189e-01,4.973276692449023706e+00,2.722770907606929303e+00
4.048813003859690896e-01,2.207209607273510898e-01,5.029268994298107032e+00,2.741704996302727793e+00
4.093889606463295694e-01,2.222375963593863357e-01,5.085261296147191246e+00,2.760544020363782991e+00
4.138966209066900492e-01,2.237463025034846509e-01,5.141253597996274571e+00,2.779284547586915899e+00
4.184042811670505291e-01,2.252469890444712131e-01,5.197245899845357897e+00,2.797925458598487403e+00
4.229119414274110089e-01,2.267401308167791008e-01,5.253238201694442111e+00,2.816472651596535925e+00
4.274196016877714888e-01,2.282257895806655557e-01,5.309230503543525437e+00,2.834926893741576137e+00
4.319272619481320241e-01,2.297040242620078387e-01,5.365222805392609651e+00,2.853288916986620016e+00
4.364349222084924484e-01,2.311748965853295534e-01,5.421215107241692976e+00,2.871559488048314623e+00
4.409425824688529283e-01,2.326378615107620451e-01,5.477207409090776302e+00,2.889731836665574427e+00
4.454502427292134081e-01,2.340933963556010577e-01,5.533199710939860516e+00,2.907811891877536414e+00
4.499579029895738880e-01,2.355417057111541257e-01,5.589192012788943842e+00,2.925802195033279318e+00
4.544655632499343123e-01,2.369828289422535594e-01,5.645184314638027168e+00,2.943703235106559735e+00
4.589732235102948477e-01,2.384168028369834380e-01,5.701176616487111382e+00,2.961515469063827677e+00
4.634808837706553275e-01,2.398436830570613021e-01,5.757168918336194707e+00,2.979239588312046827e+00
4.679885440310158629e-01,2.412628783352640249e-01,5.813161220185278921e+00,2.996868248372946297e+00
4.724962042913762872e-01,2.426748778926247074e-01,5.869153522034362247e+00,3.014407526148993544e+00
4.770038645517367670e-01,2.440798911433468277e-01,5.925145823883445573e+00,3.031860022897296503e+00
4.815115248120972469e-01,2.454779682506684768e-01,5.981138125732529787e+00,3.049226361724967305e+00
4.860191850724577267e-01,2.468691615540910544e-01,6.037130427581613112e+00,3.066507192771766643e+00
4.905268453328182621e-01,2.482535217308564912e-01,6.093122729430697326e+00,3.083703145529550937e+00
4.950345055931786864e-01,2.496308347570201092e-01,6.149115031279780652e+00,3.100811561480903311e+00
4.995421658535391662e-01,2.510009215313143693e-01,6.205107333128863978e+00,3.117830215903538704e+00
5.040498261138997016e-01,2.523643063444549473e-01,6.261099634977948192e+00,3.134765621321097928e+00
5.085574863742601259e-01,2.537210362500831318e-01,6.317091936827031518e+00,3.151618362214560154e+00
5.130651466346206613e-01,2.550711510329352061e-01,6.373084238676115731e+00,3.168388932773557265e+00
5.175728068949810856e-01,2.564146902417030471e-01,6.429076540525199057e+00,3.185077824255674539e+00
5.220804671553415099e-01,2.577516881275312421e-01,6.485068842374282383e+00,3.201685462114542968e+00
5.265881274157020453e-01,2.590818158108257330e-01,6.541061144223366597e+00,3.218207761143106360e+00
5.310957876760625807e-01,2.604050895408880351e-01,6.597053446072449923e+00,3.234644923183505050e+00
5.356034479364230050e-01,2.617219362667432825e-01,6.653045747921533248e+00,3.251002251620934036e+00
5.401111081967835403e-01,2.630323973288880568e-01,6.709038049770617462e+00,3.267280259970040124e+00
5.446187684571439647e-01,2.643365151233509347e-01,6.765030351619700788e+00,3.283479474856852764e+00
5.491264287175045000e-01,2.656343321262217283e-01,6.821022653468785002e+00,3.299600423901891233e+00
5.536340889778649244e-01,2.669258952785647510e-01,6.877014955317868328e+00,3.315643690187749737e+00
5.581417492382253487e-01,2.682111177510218547e-01,6.933007257166951653e+00,3.331608195155852492e+00
5.626494094985858840e-01,2.694895103507854994e-01,6.988999559016035867e+00,3.347487862254338253e+00
5.671570697589464194e-01,2.707617831119767948e-01,7.044991860865119193e+00,3.363291511235039000e+00
5.716647300193068437e-01,2.720279551324999989e-01,7.100984162714203407e+00,3.379019379324265770e+00
5.761723902796673791e-01,2.732880677701260974e-01,7.156976464563286733e+00,3.394671980251240395e+00
5.806800505400278034e-01,2.745421602377604575e-01,7.212968766412370059e+00,3.410249801102545941e+00
5.851877108003883388e-01,2.757902711762213466e-01,7.268961068261454272e+00,3.425753321858535205e+00
5.896953710607487631e-01,2.770324349591857249e-01,7.324953370110537598e+00,3.441182969494885224e+00
5.942030313211092984e-01,2.782684369462752882e-01,7.380945671959621812e+00,3.456536077837094822e+00
5.987106915814697228e-01,2.794980688843100580e-01,7.436937973808705138e+00,3.471810060049811852e+00
6.032183518418302581e-01,2.807218559725273010e-01,7.492930275657788464e+00,3.487011439941957835e+00
6.077260121021906825e-01,2.819398327918512526e-01,7.548922577506872678e+00,3.502140647063552326e+00
6.122336723625512178e-01,2.831520333054470262e-01,7.604914879355956003e+00,3.517198103291063305e+00
6.167413326229117532e-01,2.843584913672773107e-01,7.660907181205040217e+00,3.532184229144492260e+00
6.212489928832721775e-01,2.855592407051206205e-01,7.716899483054123543e+00,3.547099443576431810e+00
6.257566531436326018e-01,2.867543151529322598e-01,7.772891784903206869e+00,3.561944166858360461e+00
6.302643134039931372e-01,2.879434763540214548e-01,7.828884086752291083e+00,3.576715438221495180e+00
6.347719736643535615e-01,2.891265844132682727e-01,7.884876388601374408e+00,3.591411519946193565e+00
6.392796339247140969e-01,2.903041101908476751e-01,7.940868690450457734e+00,3.606038260863893008e+00
6.437872941850745212e-01,2.914760955380821805e-01,7.996860992299541060e+00,3.620596180834509958e+00
6.482949544454349455e-01,2.926425761790522606e-01,8.052853294148624386e+00,3.635085723607878627e+00
6.528026147057954809e-01,2.938035885443448514e-01,8.108845595997708600e+00,3.649507341709768315e+00
6.573102749661560162e-01,2.949591684630951671e-01,8.164837897846792814e+00,3.663861480194959164e+00
6.618179352265163295e-01,2.961093542925922195e-01,8.220830199695875251e+00,3.678148615521921183e+00
6.663255954868768649e-01,2.972539933549182001e-01,8.276822501544959465e+00,3.692366851188351617e+00
6.708332557472374003e-01,2.983927871281462640e-01,8.332814803394043679e+00,3.706512479077650912e+00
6.753409160075978246e-01,2.995262811631490552e-01,8.388807105243126117e+00,3.720592275798386250e+00
6.798485762679583599e-01,3.006545052294739562e-01,8.444799407092210330e+00,3.734606611135630860e+00
6.843562365283188953e-01,3.017774904973372085e-01,8.500791708941294544e+00,3.748555872272992140e+00
6.888638967886792086e-01,3.028952675911051329e-01,8.556784010790376982e+00,3.762440439613752741e+00
6.933715570490397440e-01,3.040078666017955178e-01,8.612776312639461196e+00,3.776260686936160127e+00
6.978792173094002793e-01,3.051153176687567692e-01,8.668768614488545410e+00,3.790016988618803762e+00
7.023868775697607036e-01,3.062176126864845638e-01,8.724760916337627847e+00,3.803709243978443233e+00
7.068945378301212390e-01,3.073142101214778599e-01,8.780753218186712061e+00,3.817330726308650224e+00
7.114021980904817744e-01,3.084057131235349858e-01,8.836745520035796275e+00,3.830888927688155920e+00
7.159098583508421987e-01,3.094921802723861748e-01,8.892737821884880489e+00,3.844384575770277923e+00
7.204175186112026230e-01,3.105736403207229879e-01,8.948730123733962927e+00,3.857818027709123854e+00
7.249251788715631584e-01,3.116501228326095663e-01,9.004722425583047141e+00,3.871189650737340227e+00
7.294328391319236937e-01,3.127216572172664133e-01,9.060714727432131355e+00,3.884499810164169453e+00
7.339404993922840070e-01,3.137882725351973101e-01,9.116707029281213792e+00,3.897748866967235770e+00
7.384481596526445424e-01,3.148500006199336787e-01,9.172699331130298006e+00,3.910937216569576158e+00
7.429558199130050777e-01,3.159064509574501800e-01,9.228691632979382220e+00,3.924060008166575741e+00
7.474634801733655021e-01,3.169578292149047849e-01,9.284683934828464658e+00,3.937119796471086453e+00
7.519711404337260374e-01,3.180043927032516482e-01,9.340676236677548872e+00,3.950119777693952727e+00
7.564788006940865728e-01,3.190461725929513159e-01,9.396668538526633085e+00,3.963060339021816869e+00
7.609864609544471081e-01,3.200831959130941984e-01,9.452660840375717299e+00,3.975941816198921952e+00
7.654941212148074214e-01,3.211154896525508229e-01,9.508653142224799737e+00,3.988764544469919127e+00
7.700017814751679568e-01,3.221430804525923786e-01,9.564645444073883951e+00,4.001528854761721377e+00
7.745094417355284921e-01,3.231659965496926912e-01,9.620637745922968165e+00,4.014235097816194475e+00
7.790171019958889165e-01,3.241842113586240748e-01,9.676630047772050602e+00,4.026882943402572579e+00
7.835247622562493408e-01,3.251972007468010295e-01,9.732622349621134816e+00,4.039465880961444100e+00
7.880324225166098762e-01,3.262056037738623737e-01,9.788614651470219030e+00,4.051991848628810899e+00
7.925400827769703005e-01,3.272094271875582994e-01,9.844606953319301468e+00,4.064460930222449697e+00
7.970477430373308358e-01,3.282086980702086376e-01,9.900599255168385682e+00,4.076873462147799998e+00
8.015554032976913712e-01,3.292034417163661741e-01,9.956591557017469896e+00,4.089229758603393883e+00
8.060630635580516845e-01,3.301936833588636211e-01,1.001258385886655233e+01,4.101530133021100255e+00
8.105707238184122199e-01,3.311794480146543762e-01,1.006857616071563655e+01,4.113774896151225491e+00
8.150783840787727552e-01,3.321607596723377132e-01,1.012456846256472076e+01,4.125964345970284164e+00
8.195860443391332906e-01,3.331373743514157160e-01,1.018056076441380497e+01,4.138095451852875861e+00
8.240937045994937149e-01,3.341092399830280502e-01,1.023655306626288741e+01,4.150167567021030735e+00
8.286013648598542503e-01,3.350767160553915214e-01,1.029254536811197163e+01,4.162185156889528947e+00
8.331090251202147856e-01,3.360398319739795192e-01,1.034853766996105584e+01,4.174148586721067922e+00
8.376166853805750989e-01,3.369986109436663435e-01,1.040452997181013828e+01,4.186058144757050847e+00
8.421243456409356343e-01,3.379530765336258846e-01,1.046052227365922249e+01,4.197914123764062921e+00
8.466320059012961696e-01,3.389032520322193820e-01,1.051651457550830671e+01,4.209716813020550674e+00
8.511396661616565940e-01,3.398491608810559894e-01,1.057250687735738914e+01,4.221466503708540152e+00
8.556473264220170183e-01,3.407908246803109664e-01,1.062849917920647336e+01,4.233163464136525889e+00
8.601549866823775536e-01,3.417278912637372046e-01,1.068449148105555757e+01,4.244803319840223743e+00
8.646626469427380890e-01,3.426605276690488644e-01,1.074048378290464179e+01,4.256388145693421166e+00
8.691703072030985133e-01,3.435889833483471434e-01,1.079647608475372422e+01,4.267921040287524725e+00
8.736779674634590487e-01,3.445132797889415843e-01,1.085246838660280844e+01,4.279402270529055308e+00
8.781856277238195840e-01,3.454334392011041421e-01,1.090846068845189265e+01,4.290832112304877377e+00
8.826932879841798973e-01,3.463494835151413320e-01,1.096445299030097509e+01,4.302210838024238981e+00
8.872009482445404327e-01,3.472614344938241282e-01,1.102044529215005930e+01,4.313538718015330176e+00
8.917086085049009681e-01,3.481693140200145531e-01,1.107643759399914352e+01,4.324816024098063316e+00
8.962162687652613924e-01,3.490731414925755116e-01,1.113242989584822595e+01,4.336042997237134600e+00
9.007239290256219277e-01,3.499725392075592745e-01,1.118842219769731017e+01,4.347214945749447779e+00
9.052315892859823521e-01,3.508677363211679112e-01,1.124441449954639438e+01,4.358334716119097507e+00
9.097392495463427764e-01,3.517589412318778974e-01,1.130040680139547682e+01,4.369404896986248232e+00
9.142469098067033118e-01,3.526461753143744215e-01,1.135639910324456103e+01,4.380425753858449234e+00
9.187545700670638471e-01,3.535294593183672673e-01,1.141239140509364525e+01,4.391397544480060589e+00
9.232622303274243825e-01,3.544088137673849781e-01,1.146838370694272946e+01,4.402320523785913764e+00
9.277698905877846958e-01,3.552842589808980489e-01,1.152437600879181190e+01,4.413194944176114021e+00
9.322775508481452311e-01,3.561558156671933983e-01,1.158036831064089611e+01,4.424021062880484578e+00
9.367852111085057665e-01,3.570234976868760235e-01,1.163636061248998033e+01,4.434799052069759995e+00
9.412928713688661908e-01,3.578869883666194185e-01,1.169235291433906276e+01,4.445524978158119644e+00
9.458005316292267262e-01,3.587464144281882206e-01,1.174834521618814698e+01,4.456200415231205803e+00
9.503081918895872615e-01,3.596020228577230804e-01,1.180433751803723119e+01,4.466828431249277642e+00
9.548158521499475748e-01,3.604538357522436565e-01,1.186032981988631363e+01,4.477409300692425376e+00
9.593235124103081102e-01,3.613018721336598849e-01,1.191632212173539784e+01,4.487943259842990251e+00
9.638311726706686455e-01,3.621461510030357656e-01,1.197231442358448206e+01,4.498430544724374869e+00
9.683388329310290699e-01,3.629866912566562243e-01,1.202830672543356449e+01,4.508871390058459383e+00
9.728464931913896052e-01,3.638235119291883257e-01,1.208429902728264871e+01,4.519266032286048507e+00
9.773541534517500295e-01,3.646566291230434742e-01,1.214029132913173292e+01,4.529614671424675443e+00
9.818618137121105649e-01,3.654858482463147484e-01,1.219628363098081714e+01,4.539914890333703212e+00
9.863694739724709892e-01,3.663110444062903648e-01,1.225227593282989957e+01,4.550165137647232072e+00
9.908771342328315246e-01,3.671325944758912496e-01,1.230826823467898379e+01,4.560370094725684886e+00
9.953847944931920599e-01,3.679505138406048426e-01,1.236426053652806800e+01,4.570529952681260610e+00
9.998924547535523732e-01,3.687648212205034137e-01,1.242025283837715044e+01,4.580644944046996514e+00
1.004400115013913020e+00,3.695755350124227956e-01,1.247624514022623465e+01,4.590715297340821621e+00
1.008907775274273444e+00,3.703826734222219197e-01,1.253223744207531887e+01,4.600741238708427439e+00
1.013415435534633868e+00,3.711862543071365872e-01,1.258822974392440130e+01,4.610722989965053031e+00
1.017923095794994293e+00,3.719862967242587026e-01,1.264422204577348552e+01,4.620660787830057181e+00
1.022430756055354939e+00,3.727827675913820138e-01,1.270021434762256973e+01,4.630554221369878043e+00
1.026938416315715363e+00,3.735752312720852508e-01,1.275620664947165395e+01,4.640397879288060246e+00
1.031446076576075788e+00,3.743641857803902684e-01,1.281219895132073638e+01,4.650197947709959756e+00
1.035953736836436212e+00,3.751496632597642322e-01,1.286819125316982060e+01,4.659954825908505960e+00
1.040461397096796858e+00,3.759316793143333002e-01,1.292418355501890481e+01,4.669668707711736033e+00
1.044969057357157283e+00,3.767102496113781118e-01,1.298017585686798725e+01,4.679339787732167188e+00
1.049476717617517707e+00,3.774853896905924211e-01,1.303616815871707146e+01,4.688968258997483929e+00
1.053984377877878353e+00,3.782571150665446913e-01,1.309216046056615568e+01,4.698554314223274631e+00
1.058492038138238556e+00,3.790254411995677142e-01,1.314815276241523812e+01,4.708098145451434569e+00
1.062999698398599202e+00,3.797903857584749021e-01,1.320414506426432233e+01,4.717599972156697241e+00
1.067507358658959626e+00,3.805516193764977850e-01,1.326013736611340654e+01,4.727055703080527138e+00
1.072015018919320051e+00,3.813092869762178538e-01,1.331612966796248898e+01,4.736467138391626364e+00
1.076522679179680697e+00,3.820636123659215122e-01,1.337212196981157319e+01,4.745837058144481979e+00
1.081030339440041121e+00,3.828146156176446824e-01,1.342811427166065741e+01,4.755165711665669370e+00
1.085537999700401768e+00,3.835623133028889797e-01,1.348410657350974162e+01,4.764453304799565636e+00
1.090045659960761970e+00,3.843067223189288173e-01,1.354009887535882406e+01,4.773700047437163363e+00
1.094553320221122616e+00,3.850478595596418807e-01,1.359609117720790827e+01,4.782906149427263998e+00
1.099060980481483041e+00,3.857857417973543646e-01,1.365208347905699249e+01,4.792071819108805641e+00
1.103568640741843465e+00,3.865203870380672924e-01,1.370807578090607493e+01,4.801197280144926971e+00
1.108076301002203889e+00,3.872517719578447148e-01,1.376406808275515914e+01,4.810282242815287823e+00
1.112583961262564536e+00,3.879794464094852291e-01,1.382006038460424335e+01,4.819321115576489234e+00
1.117091621522924960e+00,3.887039211861644805e-01,1.387605268645332579e+01,4.828320243291280178e+00
1.121599281783285385e+00,3.894252177033227236e-01,1.393204498830241000e+01,4.837279891973452095e+00
1.126106942043646031e+00,3.901433517246638560e-01,1.398803729015149422e+01,4.846200257433251224e+00
1.130614602304006455e+00,3.908583382027246977e-01,1.404402959200057843e+01,4.855081525404940201e+00
1.135122262564366880e+00,3.915701918226562883e-01,1.410002189384966087e+01,4.863923878301426029e+00
1.139629922824727304e+00,3.922789269694224035e-01,1.415601419569874508e+01,4.872727494806812665e+00
1.144137583085087950e+00,3.929845578700399966e-01,1.421200649754782930e+01,4.881492551643252575e+00
1.148645243345448375e+00,3.936870951619006465e-01,1.426799879939691174e+01,4.890219180944049171e+00
1.153152903605808799e+00,3.943863364146753536e-01,1.432399110124599595e+01,4.898904868202911267e+00
1.157660563866169223e+00,3.950821981312448994e-01,1.437998340309508016e+01,4.907548576252964700e+00
1.162168224126529648e+00,3.957750000427329717e-01,1.443597570494416260e+01,4.916154276662728861e+00
1.166675884386890294e+00,3.964647607396067364e-01,1.449196800679324681e+01,4.924722200355341251e+00
1.171183544647250718e+00,3.971514924731190943e-01,1.454796030864233103e+01,4.933252499510826894e+00
1.175691204907611143e+00,3.978352079674844499e-01,1.460395261049141347e+01,4.941745332184143358e+00
1.180198865167971567e+00,3.985159199391423157e-01,1.465994491234049768e+01,4.950200856333673016e+00
1.184706525428332213e+00,3.991936411979915555e-01,1.471593721418958189e+01,4.958619231078710499e+00
1.189214185688692638e+00,3.998683845707958207e-01,1.477192951603866611e+01,4.967000615748038861e+00
1.193721845949053062e+00,4.005401682060754642e-01,1.482792181788774855e+01,4.975345235775113117e+00
1.198229506209413708e+00,4.012086302466433274e-01,1.488391411973683276e+01,4.983648596318779767e+00
1.202737166469774133e+00,4.018739844228043645e-01,1.493990642158591697e+01,4.991913352248983138e+00
1.207244826730134557e+00,4.025364131648410115e-01,1.499589872343499941e+01,5.000141769639662392e+00
1.211752486990494981e+00,4.031959296331203979e-01,1.505189102528408363e+01,5.008334011963485821e+00
1.216260147250855628e+00,4.038525484362088802e-01,1.510788332713316784e+01,5.016490260682055613e+00
1.220767807511216052e+00,4.045062840899201206e-01,1.516387562898225028e+01,5.024610696104840457e+00
1.225275467771576476e+00,4.051571510396561049e-01,1.521986793083133449e+01,5.032695497666680673e+00
1.229783128031936901e+00,4.058051635637954790e-01,1.527586023268041870e+01,5.040744842727725050e+00
1.234290788292297547e+00,4.064503357040998299e-01,1.533185253452950292e+01,5.048758905708960576e+00
1.238798448552657971e+00,4.070926759165089392e-01,1.538784483637858536e+01,5.056737791646592761e+00
1.243306108813018396e+00,4.077317490665524624e-01,1.544383713822766957e+01,5.064676095479193840e+00
1.247813769073379042e+00,4.083679504181138009e-01,1.549982944007675378e+01,5.072578727012158950e+00
1.252321429333739244e+00,4.090013600887102418e-01,1.555582174192583622e+01,5.080446681432336575e+00
1.256829089594099891e+00,4.096319889668381120e-01,1.561181404377492044e+01,5.088280093992151087e+00
1.261336749854460315e+00,4.102598484577921756e-01,1.566780634562400465e+01,5.096079106363482936e+00
1.265844410114820739e+00,4.108849496438147231e-01,1.572379864747308709e+01,5.103843856205387830e+00
1.270352070375181386e+00,4.115073034460717816e-01,1.577979094932217130e+01,5.111574479176098862e+00
1.274859730635541810e+00,4.121269207660997469e-01,1.583578325117125551e+01,5.119271110690016613e+00
1.279367390895902235e+00,4.127438123709735729e-01,1.589177555302033795e+01,5.126933884491318594e+00
1.283875051156262659e+00,4.133579800630162171e-01,1.594776785486942217e+01,5.134562822967719598e+00
1.288382711416623305e+00,4.139689298609684487e-01,1.600376015671850638e+01,5.142151790087180707e+00
1.292890371676983730e+00,4.145771909216192097e-01,1.605975245856759059e+01,5.149707358817703806e+00
1.297398031937344376e+00,4.151827672841021388e-01,1.611574476041667481e+01,5.157229579331745306e+00
1.301905692197704800e+00,4.157856716991564228e-01,1.617173706226575902e+01,5.164718610013744104e+00
1.306413352458065447e+00,4.163859159783417363e-01,1.622772936411484324e+01,5.172174597582035460e+00
1.310921012718425871e+00,4.169835121204658601e-01,1.628372166596392745e+01,5.179597691080875421e+00
1.315428672978786295e+00,4.175784721545839351e-01,1.633971396781301166e+01,5.186988039930239935e+00
1.319936333239146720e+00,4.181708080942748151e-01,1.639570626966209232e+01,5.194345793357864061e+00
1.324443993499507144e+00,4.187605319483426181e-01,1.645169857151117654e+01,5.201671100532173853e+00
1.328951653759867790e+00,4.193475936240176338e-01,1.650769087336026075e+01,5.208963339221385880e+00
1.333459314020228215e+00,4.199316159042372210e-01,1.656368317520934497e+01,5.216217823790289643e+00
1.337966974280588639e+00,4.205130609950297194e-01,1.661967547705842918e+01,5.223440295572073566e+00
1.342474634540949285e+00,4.210919369594369188e-01,1.667566777890751339e+01,5.230630854722526202e+00
1.346982294801309488e+00,4.216682554480667977e-01,1.673166008075659406e+01,5.237789645960708285e+00
1.351489955061669912e+00,4.222420274804754015e-01,1.678765238260567827e+01,5.244916806167013945e+00
1.355997615322030558e+00,4.228132639944339188e-01,1.684364468445476248e+01,5.252012471205937061e+00
1.360505275582390983e+00,4.233819758109610421e-01,1.689963698630384670e+01,5.259076775491721811e+00
1.365012935842751629e+00,4.239481735673539808e-01,1.695562928815293091e+01,5.266109851156500099e+00
1.369520596103112053e+00,4.245118684056231606e-01,1.701162159000201513e+01,5.273111836601741764e+00
1.374028256363472700e+00,4.250729746516948571e-01,1.706761389185109934e+01,5.280081667619339392e+00
1.378535916623832902e+00,4.256311910542052157e-01,1.712360619370018000e+01,5.287015602188748886e+00
1.383043576884193326e+00,4.261869328009325608e-01,1.717959849554926421e+01,5.293918797601795845e+00
1.387551237144553973e+00,4.267402098109557285e-01,1.723559079739834843e+01,5.300791377069197452e+00
1.392058897404914397e+00,4.272910324711491903e-01,1.729158309924743264e+01,5.307633469612436983e+00
1.396566557665275043e+00,4.278394109854034566e-01,1.734757540109651686e+01,5.314445201980044331e+00
1.401074217925635468e+00,4.283853555129671364e-01,1.740356770294560107e+01,5.321226700366029405e+00
1.405581878185995670e+00,4.289288761658387461e-01,1.745956000479468173e+01,5.327978090377476938e+00
1.410089538446356316e+00,4.294699828580494372e-01,1.751555230664376595e+01,5.334699495162405825e+00
1.414597198706716741e+00,4.300086867141312830e-01,1.757154460849285016e+01,5.341391052905177794e+00
1.419104858967077387e+00,4.305448808750421685e-01,1.762753691034193437e+01,5.348051436246720414e+00
1.423612519227437812e+00,4.310783110746021496e-01,1.768352921219101859e+01,5.354677486797120523e+00
1.428120179487798458e+00,4.316093641067778597e-01,1.773952151404010280e+01,5.361274009151951958e+00
1.432627839748158882e+00,4.321380497981350266e-01,1.779551381588918701e+01,5.367841125372772915e+00
1.437135500008519085e+00,4.326643778156225584e-01,1.785150611773826768e+01,5.374378955538445801e+00
1.441643160268879731e+00,4.331883578196196738e-01,1.790749841958735189e+01,5.380887619646229858e+00
1.446150820529240155e+00,4.337099994233226674e-01,1.796349072143643610e+01,5.387367237107294038e+00
1.450658480789600802e+00,4.342293122215842849e-01,1.801948302328552032e+01,5.393817927104954002e+00
1.455166141049961226e+00,4.347463055816407906e-01,1.807547532513460453e+01,5.400239805995165732e+00
1.459673801310321650e+00,4.352609908241056313e-01,1.813146762698368875e+01,5.406633014397933756e+00
1.464181461570682075e+00,4.357732472519172395e-01,1.818745992883276941e+01,5.412996053063999113e+00
1.468689121831042499e+00,4.362828517741083600e-01,1.824345223068185362e+01,5.419326150849119728e+00
1.473196782091402923e+00,4.367901735253826856e-01,1.829944453253093783e+01,5.425627892992767265e+00
1.477704442351763570e+00,4.372952206839859080e-01,1.835543683438002205e+01,5.431901381081745583e+00
1.482212102612123994e+00,4.377980025867057035e-01,1.841142913622910626e+01,5.438146731093792319e+00
1.486719762872484640e+00,4.382985285835879763e-01,1.846742143807819048e+01,5.444364059171331149e+00
1.491227423132845065e+00,4.387968079484588779e-01,1.852341373992727469e+01,5.450553480510016868e+00
1.495735083393205267e+00,4.392928499047732416e-01,1.857940604177635535e+01,5.456715109679811881e+00
1.500242743653565913e+00,4.397866633893247612e-01,1.863539834362543957e+01,5.462849057689892263e+00
1.504750403913926338e+00,4.402782595077035510e-01,1.869139064547452378e+01,5.468955462489330621e+00
1.509258064174286984e+00,4.407675054265475234e-01,1.874738294732360799e+01,5.475032674076735439e+00
1.513765724434647408e+00,4.412542055129086704e-01,1.880337524917269221e+01,5.481078262380084887e+00
1.518273384695008055e+00,4.417387138447845252e-01,1.885936755102177642e+01,5.487096625610639933e+00
1.522781044955368479e+00,4.422210353813376682e-01,1.891535985287086064e+01,5.493087825369078914e+00
1.527288705215728681e+00,4.427011787433852152e-01,1.897135215471994130e+01,5.499051968739646412e+00
1.531796365476089328e+00,4.431791524950946526e-01,1.902734445656902551e+01,5.504989162102909006e+00
1.536304025736449752e+00,4.436549651820257401e-01,1.908333675841810972e+01,5.510899511608294610e+00
1.540811685996810398e+00,4.441286253804656581e-01,1.913932906026719394e+01,5.516783123786916043e+00
1.545319346257170823e+00,4.446001416556429331e-01,1.919532136211627815e+01,5.522640105032519564e+00
1.549827006517531469e+00,4.450695233413474727e-01,1.925131366396536237e+01,5.528470571285603263e+00
1.554334666777891671e+00,4.455366225960524229e-01,1.930730596581444303e+01,5.534272686119526163e+00
1.558842327038252096e+00,4.460012852140648465e-01,1.936329826766352724e+01,5.540044534054591630e+00
1.563349987298612742e+00,4.464638406312826935e-01,1.941929056951261146e+01,5.545790207208033173e+00
1.567857647558973166e+00,4.469242941347317810e-01,1.947528287136169567e+01,5.551509771253112291e+00
1.572365307819333813e+00,4.473826549463656432e-01,1.953127517321077988e+01,5.557203340741142306e+00
1.576872968079694237e+00,4.478389321237097875e-01,1.958726747505986410e+01,5.562871028180980559e+00
1.581380628340054662e+00,4.482931346041606480e-01,1.964325977690894831e+01,5.568512944589288693e+00
1.585888288600415086e+00,4.487452711394258609e-01,1.969925207875802897e+01,5.574129198676180508e+00
1.590395948860775510e+00,4.491953503874687170e-01,1.975524438060711319e+01,5.579719897987314603e+00
1.594903609121135935e+00,4.496433789166596751e-01,1.981123668245619740e+01,5.585285124112287392e+00
1.599411269381496581e+00,4.500891837690345620e-01,1.986722898430528161e+01,5.590822728638402239e+00
1.603918929641857005e+00,4.505326731509786131e-01,1.992322128615436583e+01,5.596331571343129418e+00
1.608426589902217652e+00,4.509741355680069730e-01,1.997921358800345004e+01,5.601815235923321978e+00
1.612934250162577854e+00,4.514135754616872553e-01,2.003520588985253070e+01,5.607273777550305205e+00
1.617441910422938278e+00,4.518509994754850712e-01,2.009119819170161492e+01,5.612707278746476902e+00
1.621949570683298925e+00,4.522864140651587372e-01,2.014719049355069913e+01,5.618115819702611979e+00
1.626457230943659349e+00,4.527198256972849721e-01,2.020318279539978334e+01,5.623499480743866741e+00
1.630964891204019995e+00,4.531512409220141979e-01,2.025917509724886756e+01,5.628858343233516415e+00
1.635472551464380420e+00,4.535806669186340234e-01,2.031516739909795177e+01,5.634192496349718304e+00
1.639980211724741066e+00,4.540081058140233994e-01,2.037115970094703599e+01,5.639501966511687669e+00
1.644487871985101268e+00,4.544333462354374631e-01,2.042715200279611665e+01,5.644784128134122447e+00
1.648995532245461693e+00,4.548563938588526812e-01,2.048314430464520086e+01,5.650039051721665651e+00
1.653503192505822339e+00,4.552774791987522773e-01,2.053913660649428508e+01,5.655269600630424165e+00
1.658010852766182763e+00,4.556966129287599587e-01,2.059512890834336929e+01,5.660475907443760946e+00
1.662518513026543410e+00,4.561138041304207413e-01,2.065112121019245350e+01,5.665658084968893782e+00
1.667026173286903834e+00,4.565290620928653675e-01,2.070711351204153772e+01,5.670816248591583175e+00
1.671533833547264036e+00,4.569423960847535660e-01,2.076310581389061838e+01,5.675950513443309475e+00
1.676041493807624683e+00,4.573538152314268190e-01,2.081909811573970259e+01,5.681060992875310411e+00
1.680549154067985107e+00,4.577633282869963960e-01,2.087509041758878681e+01,5.686147795627556789e+00
1.685056814328345753e+00,4.581709453161160184e-01,2.093108271943787102e+01,5.691211046719036659e+00
1.689564474588706178e+00,4.585763755733974767e-01,2.098707502128695523e+01,5.696247134630116449e+00
1.694072134849066824e+00,4.589797729278594640e-01,2.104306732313603945e+01,5.701257970658462071e+00
1.698579795109427248e+00,4.593812902413652588e-01,2.109905962498512366e+01,5.706245453591271222e+00
1.703087455369787451e+00,4.597809356999187358e-01,2.115505192683420432e+01,5.711209685111716894e+00
1.707595115630148097e+00,4.601787149288872891e-01,2.121104422868328854e+01,5.716150735095799185e+00
1.712102775890508521e+00,4.605746334413364784e-01,2.126703653053237275e+01,5.721068672024551383e+00
1.716610436150868946e+00,4.609686966430335819e-01,2.132302883238145697e+01,5.725963563046191140e+00
1.721118096411229592e+00,4.613609100328130985e-01,2.137902113423054118e+01,5.730835476464979372e+00
1.725625756671590016e+00,4.617512783564397538e-01,2.143501343607962539e+01,5.735684471230852566e+00
1.730133416931950663e+00,4.621398197068414260e-01,2.149100573792870961e+01,5.740510772086721225e+00
1.734641077192310865e+00,4.625261342933875142e-01,2.154699803977779027e+01,5.745309412997795739e+00
1.739148737452671289e+00,4.629105663805722637e-01,2.160299034162687448e+01,5.750084670276036647e+00
1.743656397713031936e+00,4.632931804009575716e-01,2.165898264347595870e+01,5.754837344276226396e+00
1.748164057973392360e+00,4.636739821576935650e-01,2.171497494532504291e+01,5.759567507082710591e+00
1.752671718233753007e+00,4.640529797792544153e-01,2.177096724717412712e+01,5.764275259664051632e+00
1.757179378494113431e+00,4.644301814440343068e-01,2.182695954902321134e+01,5.768960703608898122e+00
1.761687038754473633e+00,4.648055954081875552e-01,2.188295185087229200e+01,5.773623941471804244e+00
1.766194699014834280e+00,4.651792297747979199e-01,2.193894415272137621e+01,5.778265073905942906e+00
1.770702359275194704e+00,4.655510943809941793e-01,2.199493645457046043e+01,5.782884223104082899e+00
1.775210019535555350e+00,4.659211438938659633e-01,2.205092875641954464e+01,5.787480825959455899e+00
1.779717679795915775e+00,4.662890498829680430e-01,2.210692105826862885e+01,5.792050802844147306e+00
1.784225340056276421e+00,4.666552119306398017e-01,2.216291336011771307e+01,5.796599117205637697e+00
1.788733000316636845e+00,4.670196288611485613e-01,2.221890566196679728e+01,5.801125754439458326e+00
1.793240660576997048e+00,4.673823077068421372e-01,2.227489796381587794e+01,5.805630801898542970e+00
1.797748320837357694e+00,4.677432545202020453e-01,2.233089026566496216e+01,5.810114334764326038e+00
1.802255981097718118e+00,4.681024752111098697e-01,2.238688256751404637e+01,5.814576426446927293e+00
1.806763641358078765e+00,4.684599755514866626e-01,2.244287486936313059e+01,5.819017148642775972e+00
1.811271301618439189e+00,4.688157614641387250e-01,2.249886717121221480e+01,5.823436574922536302e+00
1.815778961878799835e+00,4.691698349907751364e-01,2.255485947306129901e+01,5.827834730647477812e+00
1.820286622139160038e+00,4.695220092096134001e-01,2.261085177491037967e+01,5.832209293952095308e+00
1.824794282399520462e+00,4.698722673541391726e-01,2.266684407675946389e+01,5.836560056569644495e+00
1.829301942659881108e+00,4.702208270937816015e-01,2.272283637860854810e+01,5.840889722300250497e+00
1.833809602920241533e+00,4.705677002615843985e-01,2.277882868045763232e+01,5.845198438129115104e+00
1.838317263180601957e+00,4.709128927029739287e-01,2.283482098230671653e+01,5.849486276665722073e+00
1.842824923440962603e+00,4.712564107882449282e-01,2.289081328415580074e+01,5.853753317039251947e+00
1.847332583701323028e+00,4.715982609146914251e-01,2.294680558600488496e+01,5.857999638714259660e+00
1.851840243961683452e+00,4.719384495122919132e-01,2.300279788785396562e+01,5.862225321561293612e+00
1.856347904222043876e+00,4.722769831505483906e-01,2.305879018970304983e+01,5.866430447184006525e+00
1.860855564482404301e+00,4.726138618833584104e-01,2.311478249155213405e+01,5.870615016251890417e+00
1.865363224742764947e+00,4.729487404926230876e-01,2.317077479340121826e+01,5.874774740607702661e+00
1.869870885003125371e+00,4.732819303062870131e-01,2.322676709525030248e+01,5.878913487439128893e+00
1.874378545263486018e+00,4.736134896665792349e-01,2.328275939709938669e+01,5.883031981449342140e+00
1.878886205523846220e+00,4.739434237311005438e-01,2.333875169894846735e+01,5.887130286703938786e+00
1.883393865784206644e+00,4.742717387453821432e-01,2.339474400079755156e+01,5.891208480782339052e+00
1.887901526044567291e+00,4.745984407958988016e-01,2.345073630264663578e+01,5.895266639288228916e+00
1.892409186304927715e+00,4.749235359081903085e-01,2.350672860449571999e+01,5.899304837068385154e+00
1.896916846565288362e+00,4.752470300423573546e-01,2.356272090634480421e+01,5.903323148156728095e+00
1.901424506825648786e+00,4.755689279135565384e-01,2.361871320819388842e+01,5.907321631122993466e+00
1.905932167086009432e+00,4.758890676009528975e-01,2.367470551004297263e+01,5.911298274653163709e+00
1.910439827346369634e+00,4.762073902311859119e-01,2.373069781189205329e+01,5.915252347446568137e+00
1.914947487606730059e+00,4.765241290019608389e-01,2.378669011374113751e+01,5.919186746189192050e+00
1.919455147867090705e+00,4.768392939549497278e-01,2.384268241559022172e+01,5.923101595614554959e+00
1.923962808127451130e+00,4.771528902738267353e-01,2.389867471743930594e+01,5.926996960112126622e+00
1.928470468387811776e+00,4.774649236110796169e-01,2.395466701928839015e+01,5.930872909894785217e+00
1.932978128648172200e+00,4.777753996423775851e-01,2.401065932113747436e+01,5.934729515463358140e+00
1.937485788908532403e+00,4.780843241899757623e-01,2.406665162298655503e+01,5.938566849139504278e+00
1.941993449168893049e+00,4.783917030218612365e-01,2.412264392483563924e+01,5.942384982570787955e+00
1.946501109429253473e+00,4.786975349312742045e-01,2.417863622668472345e+01,5.946183900767334052e+00
1.951008769689614120e+00,4.790014371419538675e-01,2.423462852853380767e+01,5.949958849039859388e+00
1.955516429949974544e+00,4.793038165402047635e-01,2.429062083038289188e+01,5.953714881562695460e+00
1.960024090210334968e+00,4.796046734337772177e-01,2.434661313223197610e+01,5.957452002158589721e+00
1.964531750470695615e+00,4.799040152129406267e-01,2.440260543408106031e+01,5.961170302626428885e+00
1.969039410731055817e+00,4.802018484300518142e-01,2.445859773593014097e+01,5.964869864356895590e+00
1.973547070991416463e+00,4.804981795859401550e-01,2.451459003777922518e+01,5.968550768100617354e+00
1.978054731251776888e+00,4.807930149540607934e-01,2.457058233962830940e+01,5.972213091783874717e+00
1.982562391512137312e+00,4.810863604924819348e-01,2.462657464147739361e+01,5.975856909415340645e+00
1.987070051772497958e+00,4.813782220296558001e-01,2.468256694332647783e+01,5.979482293393650671e+00
1.991577712032858383e+00,4.816683092971482116e-01,2.473855924517556204e+01,5.983085638123696981e+00
1.996085372293219029e+00,4.819568244332348428e-01,2.479455154702464625e+01,5.986669454484006003e+00
2.000593032553579231e+00,4.822438675490425819e-01,2.485054384887372692e+01,5.990234986013820873e+00
2.005100692813939656e+00,4.825294421010695167e-01,2.490653615072281113e+01,5.993782275648339208e+00
2.009608353074300080e+00,4.828135517335507831e-01,2.496252845257189534e+01,5.997311368654751895e+00
2.014116013334660948e+00,4.830962000367020615e-01,2.501852075442097956e+01,6.000822309629241680e+00
2.018623673595021373e+00,4.833773907460651165e-01,2.507451305627006377e+01,6.004315144973171314e+00
2.023131333855381797e+00,4.836571283386609243e-01,2.513050535811914799e+01,6.007789930298254255e+00
2.027638994115742221e+00,4.839354133571787120e-01,2.518649765996822865e+01,6.011246672345553321e+00
2.032146654376102646e+00,4.842120336930080815e-01,2.524248996181731286e+01,6.014682736389144857e+00
2.036654314636463070e+00,4.844870576968322573e-01,2.529848226366639707e+01,6.018098971453105683e+00
2.041161974896823494e+00,4.847606483945423594e-01,2.535447456551548129e+01,6.021497402578006586e+00
2.045669635157184363e+00,4.850328140289351109e-01,2.541046686736456550e+01,6.024878132152476695e+00
2.050177295417544787e+00,4.853035622075855260e-01,2.546645916921364972e+01,6.028241254674685301e+00
2.054684955677905212e+00,4.855729006304301820e-01,2.552245147106273393e+01,6.031586865790077745e+00
2.059192615938265636e+00,4.858408368452608039e-01,2.557844377291181459e+01,6.034915059254218228e+00
2.063700276198626060e+00,4.861073784709208367e-01,2.563443607476089880e+01,6.038225929705246742e+00
2.068207936458986484e+00,4.863725271763594815e-01,2.569042837660998302e+01,6.041519497874163314e+00
2.072715596719346909e+00,4.866360932275098916e-01,2.574642067845906723e+01,6.044793406962424065e+00
2.077223256979707777e+00,4.868981121064935857e-01,2.580241298030815145e+01,6.048048097714348259e+00
2.081730917240068202e+00,4.871587535156516324e-01,2.585840528215723566e+01,6.051285678102622967e+00
2.086238577500428182e+00,4.874180232399771828e-01,2.591439758400631632e+01,6.054506219986053317e+00
2.090746237760789050e+00,4.876759238978510824e-01,2.597038988585540054e+01,6.057709755889089109e+00
2.095253898021149475e+00,4.879324579765445535e-01,2.602638218770448475e+01,6.060896316707590437e+00
2.099761558281509899e+00,4.881876279430256149e-01,2.608237448955356896e+01,6.064065933085220017e+00
2.104269218541870323e+00,4.884414363953259453e-01,2.613836679140265318e+01,6.067218637293658290e+00
2.108776878802230748e+00,4.886938879372784705e-01,2.619435909325173739e+01,6.070354486519825343e+00
2.113284539062591616e+00,4.889447479823947895e-01,2.625035139510082161e+01,6.073470566826840944e+00
2.117792199322951596e+00,4.891941267232668422e-01,2.630634369694990227e+01,6.076568246981763899e+00
2.122299859583312021e+00,4.894421578477304857e-01,2.636233599879898648e+01,6.079649187599907023e+00
2.126807519843672889e+00,4.896888496001920998e-01,2.641832830064807069e+01,6.082713491089896785e+00
2.131315180104033313e+00,4.899342085555654647e-01,2.647432060249715491e+01,6.085761239122607691e+00
2.135822840364393738e+00,4.901782417042747642e-01,2.653031290434623912e+01,6.088792518530213194e+00
2.140330500624754162e+00,4.904209561231481773e-01,2.658630520619532334e+01,6.091807417218163323e+00
2.144838160885114586e+00,4.906623585820099609e-01,2.664229750804440400e+01,6.094806019278429687e+00
2.149345821145475011e+00,4.909024569985561692e-01,2.669828980989348821e+01,6.097788423061377472e+00
2.153853481405835435e+00,4.911409504565880102e-01,2.675428211174257243e+01,6.100750890709745633e+00
2.158361141666196303e+00,4.913780920810248420e-01,2.681027441359165664e+01,6.103696566437176507e+00
2.162868801926556728e+00,4.916139451629074064e-01,2.686626671544074085e+01,6.106626236418948750e+00
2.167376462186917152e+00,4.918485125054567475e-01,2.692225901728982507e+01,6.109539935475520878e+00
2.171884122447277576e+00,4.920817982474010033e-01,2.697825131913890928e+01,6.112437715016471707e+00
2.176391782707638001e+00,4.923138061724968706e-01,2.703424362098798994e+01,6.115319622042070691e+00
2.180899442967998425e+00,4.925445399670389524e-01,2.709023592283707416e+01,6.118185702341953913e+00
2.185407103228358849e+00,4.927740032058066655e-01,2.714622822468615837e+01,6.121036000320560611e+00
2.189914763488719718e+00,4.930021341962803616e-01,2.720222052653524258e+01,6.123869749658783945e+00
2.194422423749080142e+00,4.932287110606773939e-01,2.725821282838432680e+01,6.126684194282062457e+00
2.198930084009440566e+00,4.934540327675111526e-01,2.731420513023341101e+01,6.129483047854309419e+00
2.203437744269800991e+00,4.936780996789770226e-01,2.737019743208249523e+01,6.132266314874567747e+00
2.207945404530161415e+00,4.939009171166214851e-01,2.742618973393157589e+01,6.135034061444898157e+00
2.212453064790521839e+00,4.941224901483708964e-01,2.748218203578066010e+01,6.137786350516997835e+00
2.216960725050882264e+00,4.943428238933661456e-01,2.753817433762974431e+01,6.140523245678730646e+00
2.221468385311242688e+00,4.945619236245754058e-01,2.759416663947882853e+01,6.143244812428736878e+00
2.225976045571603557e+00,4.947797933044570384e-01,2.765015894132791274e+01,6.145951099987045474e+00
2.230483705831963981e+00,4.949962026080789723e-01,2.770615124317699696e+01,6.148639247352077675e+00
2.234991366092324405e+00,4.952112811359560274e-01,2.776214354502607762e+01,6.151310864368126907e+00
2.239499026352684830e+00,4.954251431699402408e-01,2.781813584687516183e+01,6.153967370597357878e+00
2.244006686613045254e+00,4.956377922817520321e-01,2.787412814872424605e+01,6.156608810406211774e+00
2.248514346873405678e+00,4.958492326177204035e-01,2.793012045057333026e+01,6.159235235298682554e+00
2.253022007133766103e+00,4.960594682661163546e-01,2.798611275242241447e+01,6.161846696057591721e+00
2.257529667394126971e+00,4.962685033912189181e-01,2.804210505427149869e+01,6.164443244409899769e+00
2.262037327654487395e+00,4.964763431772358238e-01,2.809809735612058290e+01,6.167024944751703153e+00
2.266544987914847376e+00,4.966828851597169803e-01,2.815408965796966356e+01,6.169590524311744595e+00
2.271052648175208244e+00,4.968880041023671645e-01,2.821008195981874778e+01,6.172138427456272503e+00
2.275560308435568668e+00,4.970919445136823267e-01,2.826607426166783199e+01,6.174671691369261417e+00
2.280067968695929093e+00,4.972947089022513034e-01,2.832206656351691620e+01,6.177190347211370280e+00
2.284575628956289517e+00,4.974963032307538890e-01,2.837805886536600042e+01,6.179694469048555128e+00
2.289083289216650385e+00,4.976967332257178356e-01,2.843405116721508463e+01,6.182184128013388680e+00
2.293590949477010366e+00,4.978960042149604970e-01,2.849004346906416529e+01,6.184659390285827563e+00
2.298098609737370790e+00,4.980941222620152709e-01,2.854603577091324951e+01,6.187120331184588373e+00
2.302606269997731658e+00,4.982910524165546917e-01,2.860202807276233372e+01,6.189566516571079369e+00
2.307113930258092083e+00,4.984865437924438925e-01,2.865802037461141794e+01,6.191994830040916220e+00
2.311621590518452507e+00,4.986808870360946444e-01,2.871401267646050215e+01,6.194408881884289286e+00
2.316129250778812931e+00,4.988740868992824207e-01,2.877000497830958636e+01,6.196808731125798886e+00
2.320636911039173800e+00,4.990661449780260384e-01,2.882599728015867058e+01,6.199194397590535921e+00
2.325144571299533780e+00,4.992570627771759084e-01,2.888198958200775124e+01,6.201565899971131834e+00
2.329652231559894204e+00,4.994468421186494811e-01,2.893798188385683545e+01,6.203923260898696057e+00
2.334159891820255073e+00,4.996354861093368349e-01,2.899397418570591967e+01,6.206266518965739998e+00
2.338667552080615497e+00,4.998229794827077632e-01,2.904996648755500388e+01,6.208595484537703157e+00
2.343175212340975921e+00,5.000090453555123826e-01,2.910595878940408809e+01,6.210906718284732619e+00
2.347682872601336346e+00,5.001939812047807576e-01,2.916195109125317231e+01,6.213203915344149841e+00
2.352190532861696770e+00,5.003778018725757448e-01,2.921794339310225297e+01,6.215487260077955156e+00
2.356698193122057194e+00,5.005605156703868408e-01,2.927393569495133718e+01,6.217756855728053367e+00
2.361205853382417619e+00,5.007421309275995602e-01,2.932992799680042140e+01,6.220012805758643459e+00
2.365713513642778043e+00,5.009226557545939373e-01,2.938592029864950561e+01,6.222255210913532508e+00
2.370221173903138911e+00,5.011020975345591433e-01,2.944191260049858982e+01,6.224484162903659801e+00
2.374728834163499336e+00,5.012804298210578047e-01,2.949790490234767404e+01,6.226699333222257771e+00
2.379236494423859760e+00,5.014574003577147998e-01,2.955389720419675825e+01,6.228897588444380240e+00
2.383744154684220184e+00,5.016333032639692657e-01,2.960988950604583891e+01,6.231082582000736281e+00
2.388251814944580609e+00,5.018081367200356580e-01,2.966588180789492313e+01,6.233254291286698390e+00
2.392759475204941033e+00,5.019819014840447569e-01,2.972187410974400734e+01,6.235412725719455374e+00
2.397267135465301457e+00,5.021545974710671656e-01,2.977786641159309156e+01,6.237557884244049333e+00
2.401774795725662326e+00,5.023262246620706639e-01,2.983385871344217577e+01,6.239689766624069378e+00
2.406282455986022750e+00,5.024967840177689826e-01,2.988985101529125998e+01,6.241808384793106512e+00
2.410790116246382730e+00,5.026661710049006304e-01,2.994584331714034064e+01,6.243912440281978782e+00
2.415297776506743599e+00,5.028342854457947819e-01,3.000183561898942486e+01,6.246000688724859806e+00
2.419805436767104023e+00,5.030013426356026995e-01,3.005782792083850907e+01,6.248075804429572777e+00
2.424313097027464448e+00,5.031673465023041025e-01,3.011382022268759329e+01,6.250137836187866114e+00
2.428820757287824872e+00,5.033323042086853549e-01,3.016981252453667750e+01,6.252186872972925968e+00
2.433328417548185740e+00,5.034962233546366184e-01,3.022580482638576171e+01,6.254223009187462878e+00
2.437836077808546165e+00,5.036591112042109186e-01,3.028179712823484593e+01,6.256246335062554564e+00
2.442343738068906145e+00,5.038209806245599331e-01,3.033778943008392659e+01,6.258257010428668110e+00
2.446851398329267013e+00,5.039815981240218790e-01,3.039378173193301080e+01,6.260252134948411928e+00
2.451359058589627438e+00,5.041411260815787942e-01,3.044977403378209502e+01,6.262233725626716208e+00
2.455866718849987862e+00,5.042996449777146228e-01,3.050576633563117923e+01,6.264202782159054905e+00
2.460374379110348286e+00,5.044571581549349704e-01,3.056175863748026345e+01,6.266159346064654301e+00
2.464882039370708711e+00,5.046136682342038382e-01,3.061775093932934766e+01,6.268103449900054081e+00
2.469389699631069579e+00,5.047691775090351607e-01,3.067374324117843187e+01,6.270035122154340890e+00
2.473897359891429559e+00,5.049236876103864180e-01,3.072973554302751253e+01,6.271954383086597140e+00
2.478405020151790428e+00,5.050771198845893650e-01,3.078572784487659675e+01,6.273860255693303856e+00
2.482912680412150852e+00,5.052293389149257186e-01,3.084172014672568096e+01,6.275751057883681483e+00
2.487420340672511276e+00,5.053805684113132912e-01,3.089771244857476518e+01,6.277629568490321610e+00
2.491928000932871701e+00,5.055308107132193696e-01,3.095370475042384939e+01,6.279495816573125389e+00
2.496435661193232125e+00,5.056800701277318622e-01,3.100969705227293360e+01,6.281349855632965884e+00
2.500943321453592549e+00,5.058283511324264126e-01,3.106568935412201427e+01,6.283191741288447929e+00
2.505450981713952974e+00,5.059756577568099711e-01,3.112168165597109848e+01,6.285021523592448034e+00
2.509958641974313398e+00,5.061219966117445068e-01,3.117767395782018269e+01,6.286839284662375960e+00
2.514466302234674266e+00,5.062670789393104442e-01,3.123366625966926691e+01,6.288641437666113276e+00
2.518973962495034691e+00,5.064111950719198951e-01,3.128965856151835112e+01,6.290431588993477874e+00
2.523481622755395115e+00,5.065543529861726846e-01,3.134565086336743533e+01,6.292209837726510102e+00
2.527989283015755539e+00,5.066965564731708005e-01,3.140164316521651955e+01,6.293976230956721096e+00
2.532496943276115964e+00,5.068378091598214619e-01,3.145763546706560021e+01,6.295730813736060583e+00
2.537004603536476388e+00,5.069781140278410980e-01,3.151362776891468442e+01,6.297473623102181506e+00
2.541512263796836812e+00,5.071174840644226967e-01,3.156962007076376864e+01,6.299204820376655967e+00
2.546019924057197681e+00,5.072556562942072134e-01,3.162561237261285285e+01,6.300921138987730430e+00
2.550527584317558105e+00,5.073928524420294739e-01,3.168160467446193707e+01,6.302625333110111860e+00
2.555035244577918530e+00,5.075291168995111901e-01,3.173759697631102128e+01,6.304317954158266346e+00
2.559542904838278954e+00,5.076644530020222312e-01,3.179358927816010194e+01,6.305999043562788842e+00
2.564050565098639378e+00,5.077988650752919275e-01,3.184958158000918615e+01,6.307668655056107632e+00
2.568558225358999803e+00,5.079323573794737312e-01,3.190557388185827037e+01,6.309326841556099907e+00
2.573065885619360227e+00,5.080649321042411959e-01,3.196156618370735458e+01,6.310973630261987211e+00
2.577573545879720651e+00,5.081963568133123221e-01,3.201755848555643524e+01,6.312606133945871001e+00
2.582081206140081520e+00,5.083268295914178392e-01,3.207355078740552301e+01,6.314226813134809824e+00
2.586588866400441500e+00,5.084563982248839764e-01,3.212954308925460367e+01,6.315836261410893826e+00
2.591096526660802368e+00,5.085850654937940085e-01,3.218553539110369144e+01,6.317434513307174093e+00
2.595604186921162793e+00,5.087128352592199532e-01,3.224152769295277210e+01,6.319021616784299411e+00
2.600111847181523661e+00,5.088397112983437109e-01,3.229751999480185987e+01,6.320597618760869452e+00
2.604619507441883641e+00,5.089656857450158833e-01,3.235351229665094053e+01,6.322162421526810405e+00
2.609127167702244066e+00,5.090905138147361342e-01,3.240950459850002119e+01,6.323712984469736398e+00
2.613634827962604934e+00,5.092144579843277397e-01,3.246549690034910896e+01,6.325252567968794537e+00
2.618142488222964914e+00,5.093375271552647021e-01,3.252148920219818962e+01,6.326781282594431843e+00
2.622650148483325783e+00,5.094597266148278569e-01,3.257748150404727738e+01,6.328299194023077945e+00
2.627157808743686207e+00,5.095810613011537704e-01,3.263347380589635804e+01,6.329806363594233432e+00
2.631665469004047075e+00,5.097015341497763696e-01,3.268946610774544581e+01,6.331302827771895458e+00
2.636173129264407056e+00,5.098210547868806675e-01,3.274545840959452647e+01,6.332787463969699715e+00
2.640680789524767480e+00,5.099395415961502920e-01,3.280145071144360713e+01,6.334259258383334590e+00
2.645188449785128348e+00,5.100571748368351033e-01,3.285744301329269490e+01,6.335720450119062264e+00
2.649696110045488329e+00,5.101739529316591248e-01,3.291343531514177556e+01,6.337171019584611820e+00
2.654203770305849197e+00,5.102898762444815217e-01,3.296942761699086333e+01,6.338610971299690533e+00
2.658711430566209621e+00,5.104049456216173120e-01,3.302541991883994399e+01,6.340040315776874991e+00
2.663219090826569602e+00,5.105191616253600406e-01,3.308141222068902465e+01,6.341459060000746994e+00
2.667726751086930470e+00,5.106323064624217478e-01,3.313740452253811242e+01,6.342864498632653891e+00
2.672234411347290894e+00,5.107445650337517629e-01,3.319339682438719308e+01,6.344258928436143918e+00
2.676742071607651763e+00,5.108559888334014421e-01,3.324938912623628084e+01,6.345642989049145477e+00
2.681249731868011743e+00,5.109665858316156939e-01,3.330538142808536151e+01,6.347016779474762949e+00
2.685757392128372611e+00,5.110763649354208571e-01,3.336137372993444927e+01,6.348380410352411296e+00
2.690265052388733036e+00,5.111853320923286370e-01,3.341736603178352993e+01,6.349733955559638154e+00
2.694772712649093016e+00,5.112933713496499166e-01,3.347335833363261060e+01,6.351075974779826439e+00
2.699280372909453884e+00,5.114004738693784802e-01,3.352935063548169836e+01,6.352406358230899386e+00
2.703788033169814309e+00,5.115067780564053201e-01,3.358534293733077902e+01,6.353726825121487565e+00
2.708295693430174733e+00,5.116122841880529348e-01,3.364133523917986679e+01,6.355037378896378542e+00
2.712803353690535157e+00,5.117169917681687608e-01,3.369732754102894745e+01,6.356338013392569763e+00
2.717311013950896026e+00,5.118208996772366515e-01,3.375331984287803522e+01,6.357628714703890793e+00
2.721818674211256450e+00,5.119239407055454771e-01,3.380931214472711588e+01,6.358908647978951834e+00
2.726326334471616430e+00,5.120259922589981416e-01,3.386530444657619654e+01,6.360176290404300659e+00
2.730833994731977299e+00,5.121272518795495499e-01,3.392129674842528431e+01,6.361434095764853858e+00
2.735341654992337723e+00,5.122277214139577817e-01,3.397728905027436497e+01,6.362682087000282927e+00
2.739849315252698148e+00,5.123274067496986772e-01,3.403328135212345273e+01,6.363920337242391589e+00
2.744356975513058572e+00,5.124263147517827965e-01,3.408927365397253340e+01,6.365148931765514995e+00
2.748864635773419440e+00,5.125243944260174933e-01,3.414526595582162116e+01,6.366367237140768687e+00
2.753372296033779421e+00,5.126215107138845095e-01,3.420125825767070182e+01,6.367573575726781954e+00
2.757879956294139845e+00,5.127178653638287953e-01,3.425725055951978248e+01,6.368770453559764455e+00
2.762387616554500713e+00,5.128134628526950234e-01,3.431324286136887025e+01,6.369957926249240288e+00
2.766895276814860694e+00,5.129083071242726000e-01,3.436923516321795091e+01,6.371136042783337672e+00
2.771402937075221562e+00,5.130024010967080272e-01,3.442522746506703868e+01,6.372304839410074528e+00
2.775910597335581986e+00,5.130956747723989242e-01,3.448121976691611934e+01,6.373463446648021780e+00
2.780418257595942855e+00,5.131880275351505816e-01,3.453721206876520711e+01,6.374610614684188548e+00
2.784925917856302835e+00,5.132796428771316810e-01,3.459320437061428777e+01,6.375748622782829500e+00
2.789433578116663259e+00,5.133705212500772053e-01,3.464919667246336843e+01,6.376877476555210755e+00
2.793941238377024128e+00,5.134606663779130997e-01,3.470518897431245620e+01,6.377997222258407817e+00
2.798448898637384108e+00,5.135500814476674503e-01,3.476118127616153686e+01,6.379107899480373156e+00
2.802956558897744976e+00,5.136386357320396057e-01,3.481717357801062462e+01,6.380207884380344474e+00
2.807464219158105401e+00,5.137263565485770123e-01,3.487316587985970529e+01,6.381297516285659555e+00
2.811971879418465381e+00,5.138133571162394331e-01,3.492915818170878595e+01,6.382378201555672703e+00
2.816479539678826249e+00,5.138996410764269385e-01,3.498515048355787371e+01,6.383449985422358530e+00
2.820987199939186674e+00,5.139852118821607307e-01,3.504114278540695437e+01,6.384512910777725203e+00
2.825494860199547542e+00,5.140700697899385219e-01,3.509713508725604214e+01,6.385566980807882764e+00
2.830002520459907522e+00,5.141540044906467433e-01,3.515312738910512280e+01,6.386609583139517099e+00
2.834510180720268391e+00,5.142372162539667890e-01,3.520911969095421057e+01,6.387643205440244110e+00
2.839017840980628815e+00,5.143197307947391383e-01,3.526511199280329123e+01,6.388668167129235798e+00
2.843525501240988795e+00,5.144015515979590836e-01,3.532110429465237189e+01,6.389684511495673291e+00
2.848033161501349664e+00,5.144826827554477289e-01,3.537709659650145966e+01,6.390692289366470824e+00
2.852540821761710088e+00,5.145630179771902846e-01,3.543308889835054032e+01,6.391690180450783743e+00
2.857048482022070957e+00,5.146425437480650622e-01,3.548908120019962809e+01,6.392678016869325575e+00
2.861556142282430937e+00,5.147213887832969847e-01,3.554507350204870875e+01,6.393657397469684867e+00
2.866063802542791805e+00,5.147995572835357692e-01,3.560106580389779651e+01,6.394628374430604723e+00
2.870571462803152230e+00,5.148770536204742010e-01,3.565705810574687717e+01,6.395591002055453167e+00
2.875079123063512210e+00,5.149538495392984583e-01,3.571305040759595784e+01,6.396544929374554656e+00
2.879586783323873078e+00,5.150297783460144885e-01,3.576904270944504560e+01,6.397488085783671785e+00
2.884094443584233503e+00,5.151050486664349171e-01,3.582503501129412626e+01,6.398423062746847911e+00
2.888602103844594371e+00,5.151796666952100923e-01,3.588102731314321403e+01,6.399349937211479045e+00
2.893109764104954351e+00,5.152536384661052793e-01,3.593701961499229469e+01,6.400268784126518007e+00
2.897617424365315220e+00,5.153269673171436693e-01,3.599301191684138246e+01,6.401179644955514725e+00
2.902125084625675644e+00,5.153994463933970760e-01,3.604900421869046312e+01,6.402079950231627237e+00
2.906632744886035624e+00,5.154712704890473951e-01,3.610499652053954378e+01,6.402972119608067558e+00
2.911140405146396493e+00,5.155424567768774891e-01,3.616098882238863155e+01,6.403856366398081867e+00
2.915648065406756917e+00,5.156130041233369932e-01,3.621698112423771221e+01,6.404732676521173396e+00
2.920155725667117785e+00,5.156829176932928860e-01,3.627297342608679998e+01,6.405601114133196106e+00
2.924663385927477766e+00,5.157519881859065070e-01,3.632896572793588064e+01,6.406459079385212085e+00
2.929171046187838190e+00,5.158203980540130296e-01,3.638495802978496130e+01,6.407308838631303516e+00
2.933678706448199058e+00,5.158881808993668328e-01,3.644095033163404906e+01,6.408150809258641445e+00
2.938186366708559039e+00,5.159553429985987982e-01,3.649694263348312973e+01,6.408985069232952192e+00
2.942694026968919907e+00,5.160218923760706566e-01,3.655293493533221749e+01,6.409811718229559752e+00
2.947201687229280331e+00,5.160876259596636206e-01,3.660892723718129815e+01,6.410628233770122364e+00
2.951709347489640756e+00,5.161527485453385466e-01,3.666491953903038592e+01,6.411437159745837278e+00
2.956217007750001180e+00,5.162172793822412675e-01,3.672091184087946658e+01,6.412238735261676759e+00
2.960724668010361604e+00,5.162812245731814853e-01,3.677690414272854724e+01,6.413033036124234698e+00
2.965232328270722473e+00,5.163445574913844149e-01,3.683289644457763501e+01,6.413819731586665185e+00
2.969739988531082453e+00,5.164071100713450990e-01,3.688888874642671567e+01,6.414596734008386036e+00
2.974247648791443321e+00,5.164690865228540595e-01,3.694488104827580344e+01,6.415366579999430385e+00
2.978755309051803746e+00,5.165304808687528615e-01,3.700087335012488410e+01,6.416129195313992284e+00
2.983262969312164170e+00,5.165912926654889770e-01,3.705686565197397186e+01,6.416884574442445199e+00
2.987770629572524594e+00,5.166514208909640526e-01,3.711285795382305253e+01,6.417631462529831410e+00
2.992278289832885019e+00,5.167108536650507622e-01,3.716885025567213319e+01,6.418369712006096073e+00
2.996785950093245443e+00,5.167697112659972447e-01,3.722484255752122095e+01,6.419100816918170693e+00
3.001293610353605867e+00,5.168280001476881491e-01,3.728083485937030161e+01,6.419824857433553689e+00
3.005801270613966736e+00,5.168857233455805833e-01,3.733682716121938938e+01,6.420541871257444910e+00
3.010308930874326716e+00,5.169427047743210268e-01,3.739281946306847004e+01,6.421249671130005332e+00
3.014816591134687584e+00,5.169991228325488963e-01,3.744881176491755781e+01,6.421950473045760610e+00
3.019324251395048009e+00,5.170550106647822108e-01,3.750480406676663847e+01,6.422644688712281891e+00
3.023831911655408433e+00,5.171103738914190062e-01,3.756079636861571913e+01,6.423332387943842647e+00
3.028339571915768857e+00,5.171651142892480513e-01,3.761678867046480690e+01,6.424012350652109404e+00
3.032847232176129282e+00,5.172192232281197510e-01,3.767278097231388756e+01,6.424684469636914308e+00
3.037354892436490150e+00,5.172728029384895398e-01,3.772877327416297533e+01,6.425350014762928552e+00
3.041862552696850130e+00,5.173258453688484027e-01,3.778476557601205599e+01,6.426008886017619659e+00
3.046370212957210999e+00,5.173783089347604447e-01,3.784075787786114375e+01,6.426660566856225998e+00
3.050877873217571423e+00,5.174300531670452674e-01,3.789675017971022442e+01,6.427303312428362503e+00
3.055385533477931403e+00,5.174812679416879169e-01,3.795274248155930508e+01,6.427939481295422475e+00
3.059893193738292272e+00,5.175319644520316453e-01,3.800873478340839284e+01,6.428569212496512364e+00
3.064400853998652696e+00,5.175821484356424307e-01,3.806472708525747350e+01,6.429192577301316547e+00
3.068908514259013565e+00,5.176316524197213109e-01,3.812071938710656127e+01,6.429807495431604458e+00
3.073416174519373545e+00,5.176806589900692090e-01,3.817671168895564193e+01,6.430416234893103322e+00
3.077923834779733969e+00,5.177291826063664670e-01,3.823270399080472259e+01,6.431018975298012030e+00
3.082431495040094838e+00,5.177772239042905955e-01,3.828869629265381036e+01,6.431615724542458779e+00
3.086939155300454818e+00,5.178245923469977363e-01,3.834468859450289102e+01,6.432204115856130500e+00
3.091446815560815686e+00,5.178714603776709557e-01,3.840068089635197879e+01,6.432786291257325040e+00
3.095954475821176111e+00,5.179178518204904380e-01,3.845667319820105945e+01,6.433362546680212013e+00
3.100462136081536979e+00,5.179637670317068787e-01,3.851266550005014722e+01,6.433932886549989405e+00
3.104969796341896959e+00,5.180090353912766288e-01,3.856865780189922788e+01,6.434495191494648658e+00
3.109477456602257384e+00,5.180538216058399037e-01,3.862465010374830854e+01,6.435051507432332230e+00
3.113985116862618252e+00,5.180981507755451076e-01,3.868064240559739630e+01,6.435602146146762514e+00
3.118492777122978232e+00,5.181420083653972553e-01,3.873663470744647697e+01,6.436146927090209857e+00
3.123000437383339101e+00,5.181852333816597822e-01,3.879262700929556473e+01,6.436683850464689272e+00
3.127508097643699525e+00,5.182280054446096740e-01,3.884861931114464539e+01,6.437215147439410146e+00
3.132015757904060393e+00,5.182703346629645713e-01,3.890461161299373316e+01,6.437740943580704922e+00
3.136523418164420374e+00,5.183121673072139668e-01,3.896060391484281382e+01,6.438260571482690153e+00
3.141031078424780798e+00,5.183534227148235418e-01,3.901659621669189448e+01,6.438773029188541663e+00
3.145538738685141666e+00,5.183942499582857577e-01,3.907258851854098225e+01,6.439280168415450589e+00
3.150046398945501647e+00,5.184346557339337691e-01,3.912858082039006291e+01,6.439782072342509878e+00
3.154554059205862515e+00,5.184745166644346703e-01,3.918457312223915068e+01,6.440277208427236388e+00
3.159061719466222939e+00,5.185138888922931066e-01,3.924056542408823134e+01,6.440766274048731255e+00
3.163569379726583808e+00,5.185528488507010758e-01,3.929655772593731911e+01,6.441250218628669977e+00
3.168077039986943788e+00,5.185913878359647011e-01,3.935255002778639977e+01,6.441728934053347899e+00
3.172584700247304212e+00,5.186293459756893265e-01,3.940854232963548043e+01,6.442200434453628333e+00
3.177092360507665081e+00,5.186669075576882948e-01,3.946453463148456819e+01,6.442667008976936671e+00
3.181600020768025061e+00,5.187040877664897964e-01,3.952052693333364886e+01,6.443128846239237539e+00
3.186107681028385930e+00,5.187407795614370487e-01,3.957651923518273662e+01,6.443584616625514627e+00
3.190615341288746354e+00,5.187770084024744266e-01,3.963251153703181728e+01,6.444034636388726867e+00
3.195123001549106334e+00,5.188128544987544721e-01,3.968850383888089794e+01,6.444479901853978454e+00
3.199630661809467203e+00,5.188482820144577623e-01,3.974449614072998571e+01,6.444919967883458334e+00
3.204138322069827627e+00,5.188831479971182103e-01,3.980048844257906637e+01,6.445353058780426636e+00
3.208645982330188495e+00,5.189176357393019412e-01,3.985648074442815414e+01,6.445781451329755996e+00
3.213153642590548476e+00,5.189517570672482760e-01,3.991247304627723480e+01,6.446205292432126477e+00
3.217661302850909344e+00,5.189853444388183856e-01,3.996846534812632257e+01,6.446622500947995604e+00
3.222168963111269768e+00,5.190185679686201148e-01,4.002445764997540323e+01,6.447035189971059843e+00
3.226676623371629749e+00,5.190514617783192897e-01,4.008044995182448389e+01,6.447443783346615831e+00
3.231184283631990617e+00,5.190839081523153098e-01,4.013644225367357166e+01,6.447846818859888529e+00
3.235691943892351041e+00,5.191159661062544339e-01,4.019243455552265232e+01,6.448245029578963283e+00
3.240199604152711466e+00,5.191477017652814663e-01,4.024842685737174008e+01,6.448639236883193071e+00
3.244707264413071890e+00,5.191790121867932983e-01,4.030441915922082075e+01,6.449028162061900993e+00
3.249214924673432758e+00,5.192098950572848759e-01,4.036041146106990851e+01,6.449411776377677263e+00
3.253722584933792739e+00,5.192404330229510867e-01,4.041640376291898917e+01,6.449791106427564813e+00
3.258230245194153163e+00,5.192705541192308427e-01,4.047239606476806983e+01,6.450165258297383630e+00
3.262737905454514031e+00,5.193002592487666602e-01,4.052838836661715760e+01,6.450534243199387063e+00
3.267245565714874456e+00,5.193296920850989373e-01,4.058438066846623826e+01,6.450899845787206210e+00
3.271753225975234880e+00,5.193587903014350582e-01,4.064037297031532603e+01,6.451261291863053415e+00
3.276260886235595304e+00,5.193875229203003263e-01,4.069636527216440669e+01,6.451618196637480374e+00
3.280768546495956173e+00,5.194159486441939366e-01,4.075235757401349446e+01,6.451971289288789713e+00
3.285276206756316153e+00,5.194439333874339981e-01,4.080834987586257512e+01,6.452318904259785270e+00
3.289783867016676577e+00,5.194715164332062152e-01,4.086434217771165578e+01,6.452661529510046456e+00
3.294291527277037446e+00,5.194988435841505492e-01,4.092033447956074355e+01,6.453000976139998457e+00
3.298799187537397426e+00,5.195258299965519466e-01,4.097632678140982421e+01,6.453336190255909877e+00
3.303306847797758294e+00,5.195525500345228309e-01,4.103231908325891197e+01,6.453668095578198205e+00
3.307814508058118719e+00,5.195790140708210769e-01,4.108831138510799263e+01,6.453996820952998092e+00
3.312322168318479587e+00,5.196050041404732811e-01,4.114430368695708040e+01,6.454319658909053459e+00
3.316829828578839567e+00,5.196306939197308239e-01,4.120029598880616106e+01,6.454638766781329196e+00
3.321337488839199992e+00,5.196561008624881461e-01,4.125628829065524172e+01,6.454954361374922733e+00
3.325845149099560860e+00,5.196811621280953419e-01,4.131228059250432949e+01,6.455265662109128222e+00
3.330352809359920840e+00,5.197060428038884350e-01,4.136827289435341015e+01,6.455574719630935654e+00
3.334860469620281709e+00,5.197306389517385439e-01,4.142426519620249792e+01,6.455880242863655916e+00
3.339368129880642133e+00,5.197549428822167972e-01,4.148025749805157858e+01,6.456182136292365037e+00
3.343875790141002113e+00,5.197789895510314118e-01,4.153624979990065924e+01,6.456480834122494628e+00
3.348383450401362982e+00,5.198026177828849459e-01,4.159224210174974701e+01,6.456774334300788176e+00
3.352891110661723406e+00,5.198259953534274391e-01,4.164823440359882767e+01,6.457064720867368379e+00
3.357398770922084275e+00,5.198491195146430766e-01,4.170422670544791544e+01,6.457351959687511744e+00
3.361906431182444255e+00,5.198720025528763555e-01,4.176021900729699610e+01,6.457636203377136397e+00
3.366414091442805123e+00,5.198947663507859085e-01,4.181621130914608386e+01,6.457918965912501363e+00
3.370921751703165548e+00,5.199172351107473888e-01,4.187220361099516452e+01,6.458198063607818895e+00
3.375429411963525528e+00,5.199394980811878897e-01,4.192819591284424519e+01,6.458474605070342989e+00
3.379937072223886396e+00,5.199614409504172974e-01,4.198418821469333295e+01,6.458747170367272972e+00
3.384444732484246821e+00,5.199830736308921342e-01,4.204018051654241361e+01,6.459015882627069161e+00
3.388952392744607689e+00,5.200045185366620748e-01,4.209617281839150138e+01,6.459282262426707888e+00
3.393460053004967669e+00,5.200257017078612209e-01,4.215216512024058204e+01,6.459545391067154974e+00
3.397967713265328538e+00,5.200467734477715043e-01,4.220815742208966981e+01,6.459807135553959689e+00
3.402475373525688962e+00,5.200675943257141443e-01,4.226414972393875047e+01,6.460065763936577277e+00
3.406983033786048942e+00,5.200882477744752652e-01,4.232014202578783113e+01,6.460322312582762905e+00
3.411490694046409811e+00,5.201087158481717543e-01,4.237613432763691890e+01,6.460576558576136108e+00
3.415998354306770235e+00,5.201289923755693101e-01,4.243212662948599956e+01,6.460828425260162433e+00
3.420506014567131103e+00,5.201491281785700638e-01,4.248811893133508732e+01,6.461078543923608031e+00
3.425013674827491084e+00,5.201690193627959147e-01,4.254411123318416799e+01,6.461325624033239734e+00
3.429521335087851952e+00,5.201887690161809408e-01,4.260010353503325575e+01,6.461570946104974844e+00
3.434028995348212376e+00,5.202082609773475141e-01,4.265609583688233641e+01,6.461813067229955188e+00
3.438536655608572357e+00,5.202276345156787718e-01,4.271208813873141708e+01,6.462053717355180638e+00
3.443044315868933225e+00,5.202468128490153054e-01,4.276808044058050484e+01,6.462291942724244898e+00
3.447551976129293649e+00,5.202658830937377799e-01,4.282407274242958550e+01,6.462528825460999826e+00
3.452059636389654518e+00,5.202847905472385293e-01,4.288006504427867327e+01,6.462763686072151792e+00
3.456567296650014498e+00,5.203035668672600922e-01,4.293605734612775393e+01,6.462996917797157792e+00
3.461074956910375366e+00,5.203222081731061488e-01,4.299204964797684170e+01,6.463228472431602256e+00
3.465582617170735791e+00,5.203407222052179870e-01,4.304804194982592236e+01,6.463458446124067613e+00
3.470090277431095771e+00,5.203591256945040433e-01,4.310403425167500302e+01,6.463687046699013727e+00
3.474597937691456639e+00,5.203774022022007451e-01,4.316002655352409079e+01,6.463914069960882358e+00
3.479105597951817064e+00,5.203955859555262631e-01,4.321601885537317145e+01,6.464139941066099126e+00
3.483613258212177488e+00,5.204136464765362069e-01,4.327201115722225921e+01,6.464364281430175829e+00
3.488120918472537912e+00,5.204316303699647595e-01,4.332800345907133988e+01,6.464587669957950311e+00
3.492628578732898337e+00,5.204494968135248145e-01,4.338399576092042054e+01,6.464809599571764487e+00
3.497136238993258761e+00,5.204672975316109174e-01,4.343998806276950830e+01,6.465030712770770904e+00
3.501643899253619185e+00,5.204849914574652958e-01,4.349598036461858896e+01,6.465250499440597487e+00
3.506151559513980054e+00,5.205026273825856808e-01,4.355197266646767673e+01,6.465469565649160977e+00
3.510659219774340478e+00,5.205201697761813184e-01,4.360796496831675739e+01,6.465687470047591923e+00
3.515166880034700903e+00,5.205376602834973498e-01,4.366395727016584516e+01,6.465904729935997075e+00
3.519674540295061327e+00,5.205550695122527216e-01,4.371994957201492582e+01,6.466120980215548819e+00
3.524182200555421751e+00,5.205724330344608797e-01,4.377594187386400648e+01,6.466336662747170116e+00
3.528689860815782176e+00,5.205897274914115247e-01,4.383193417571309425e+01,6.466551487378566776e+00
3.533197521076142600e+00,5.206069815114281463e-01,4.388792647756217491e+01,6.466765809719000835e+00
3.537705181336503468e+00,5.206241790890385746e-01,4.394391877941126268e+01,6.466979430955078989e+00
3.542212841596863449e+00,5.206413405473933054e-01,4.399991108126034334e+01,6.467192603532617490e+00
3.546720501857224317e+00,5.206584578661577201e-01,4.405590338310943110e+01,6.467405227826318992e+00
3.551228162117584741e+00,5.206755429537177626e-01,4.411189568495851177e+01,6.467617451757255331e+00
3.555735822377944721e+00,5.206925951475960268e-01,4.416788798680759243e+01,6.467829267096405488e+00
3.560243482638305590e+00,5.207096190632884980e-01,4.422388028865668019e+01,6.468040731175561220e+00
3.564751142898666014e+00,5.207266197270062902e-01,4.427987259050576085e+01,6.468251906428250209e+00
3.569258803159026883e+00,5.207435963243035593e-01,4.433586489235484862e+01,6.468462782737763206e+00
3.573766463419386863e+00,5.207605573748664840e-01,4.439185719420392928e+01,6.468673465932135436e+00
3.578274123679747731e+00,5.207774988942791561e-01,4.444784949605301705e+01,6.468883906518591687e+00
3.582781783940108156e+00,5.207944305640777038e-01,4.450384179790209771e+01,6.469094224757192535e+00
3.587289444200468136e+00,5.208113475218397737e-01,4.455983409975117837e+01,6.469304360248926855e+00
3.591797104460829004e+00,5.208282582970698016e-01,4.461582640160026614e+01,6.469514418943790979e+00
3.596304764721189429e+00,5.208451590827448685e-01,4.467181870344934680e+01,6.469724353552511076e+00
3.600812424981550297e+00,5.208620557685380570e-01,4.472781100529843457e+01,6.469934237234185481e+00
