x_m,r_m,x_over_rt,r_over_rt
# M4.2 isobutane nozzle [euler] inviscid design wall (AxisMachCFDWall)
# R=2, L_U=6, L_c=8 (r_t units), M_d=4.2; r_t=0.12575 m
# throat x=0.000000 m r=0.125750 m; exit x=3.094893 m r=0.499027 m
-8.173749999999999627e-01,4.999819999999999820e-01,-6.500000000000000000e+00,3.975999999999999979e+00
-8.152068965517240695e-01,4.999819999999999820e-01,-6.482758620689654805e+00,3.975999999999999979e+00
-8.130387931034482873e-01,4.999819999999999820e-01,-6.465517241379310498e+00,3.975999999999999979e+00
-8.108706896551723942e-01,4.999819999999999820e-01,-6.448275862068965303e+00,3.975999999999999979e+00
-8.087025862068966120e-01,4.999819999999999820e-01,-6.431034482758620996e+00,3.975999999999999979e+00
-8.065344827586207188e-01,4.999819999999999820e-01,-6.413793103448275801e+00,3.975999999999999979e+00
-8.043663793103448256e-01,4.999819999999999820e-01,-6.396551724137930606e+00,3.975999999999999979e+00
-8.021982758620689324e-01,4.999819999999999820e-01,-6.379310344827586299e+00,3.975999999999999979e+00
-8.000301724137930393e-01,4.999819999999999820e-01,-6.362068965517241104e+00,3.975999999999999979e+00
-7.978620689655172571e-01,4.999819999999999820e-01,-6.344827586206896797e+00,3.975999999999999979e+00
-7.956939655172413639e-01,4.999819999999999820e-01,-6.327586206896551602e+00,3.975999999999999979e+00
-7.935258620689655817e-01,4.999819999999999820e-01,-6.310344827586207295e+00,3.975999999999999979e+00
-7.913577586206896886e-01,4.999819999999999820e-01,-6.293103448275862100e+00,3.975999999999999979e+00
-7.891896551724137954e-01,4.999819999999999820e-01,-6.275862068965516904e+00,3.975999999999999979e+00
-7.870215517241380132e-01,4.999819999999999820e-01,-6.258620689655172598e+00,3.975999999999999979e+00
-7.848534482758620090e-01,4.999819999999999820e-01,-6.241379310344827402e+00,3.975999999999999979e+00
-7.826853448275862268e-01,4.999819999999999820e-01,-6.224137931034483096e+00,3.975999999999999979e+00
-7.805172413793103336e-01,4.999819999999999820e-01,-6.206896551724137900e+00,3.975999999999999979e+00
-7.783491379310344405e-01,4.999819999999999820e-01,-6.189655172413792705e+00,3.975999999999999979e+00
-7.761810344827586583e-01,4.999819999999999820e-01,-6.172413793103448398e+00,3.975999999999999979e+00
-7.740129310344827651e-01,4.999819999999999820e-01,-6.155172413793103203e+00,3.975999999999999979e+00
-7.718448275862069830e-01,4.999819999999999820e-01,-6.137931034482758896e+00,3.975999999999999979e+00
-7.696767241379309787e-01,4.999819999999999820e-01,-6.120689655172413701e+00,3.975999999999999979e+00
-7.675086206896551966e-01,4.999819999999999820e-01,-6.103448275862069394e+00,3.975999999999999979e+00
-7.653405172413793034e-01,4.999819999999999820e-01,-6.086206896551724199e+00,3.975999999999999979e+00
-7.631724137931034102e-01,4.999819999999999820e-01,-6.068965517241379004e+00,3.975999999999999979e+00
-7.610043103448276280e-01,4.999819999999999820e-01,-6.051724137931034697e+00,3.975999999999999979e+00
-7.588362068965517349e-01,4.999819999999999820e-01,-6.034482758620689502e+00,3.975999999999999979e+00
-7.566681034482759527e-01,4.999819999999999820e-01,-6.017241379310345195e+00,3.975999999999999979e+00
-7.544999999999999485e-01,4.999819999999999820e-01,-6.000000000000000000e+00,3.975999999999999979e+00
-7.507085427135677946e-01,4.999816708671445675e-01,-5.969849246231155426e+00,3.975997382641308864e+00
-7.469170854271357518e-01,4.999793839406415641e-01,-5.939698492462311741e+00,3.975979196347050326e+00
-7.431256281407034869e-01,4.999732279937297852e-01,-5.909547738693467167e+00,3.975930242494869038e+00
-7.393341708542714441e-01,4.999613422106022331e-01,-5.879396984924623482e+00,3.975835723344749439e+00
-7.355427135678391792e-01,4.999419157581913020e-01,-5.849246231155778908e+00,3.975681238633728132e+00
-7.317512562814070254e-01,4.999131873579540364e-01,-5.819095477386934334e+00,3.975452782170608490e+00
-7.279597989949748715e-01,4.998734448576577227e-01,-5.788944723618090649e+00,3.975136738430677497e+00
-7.241683417085427177e-01,4.998210248031650926e-01,-5.758793969849246075e+00,3.974719879150418134e+00
-7.203768844221105638e-01,4.997543120102201919e-01,-5.728643216080402389e+00,3.974189359922227993e+00
-7.165854271356784100e-01,4.996717391362330840e-01,-5.698492462311557816e+00,3.973532716789129893e+00
-7.127939698492461451e-01,4.995717862520658858e-01,-5.668341708542713242e+00,3.972737862839490042e+00
-7.090025125628141023e-01,4.994529804138177487e-01,-5.638190954773869557e+00,3.971793084801731766e+00
-7.052110552763819484e-01,4.993138952346108939e-01,-5.608040201005024983e+00,3.970687039639052784e+00
-7.014195979899497946e-01,4.991531504563747612e-01,-5.577889447236181297e+00,3.969408751144133163e+00
-6.976281407035176407e-01,4.989694115216328218e-01,-5.547738693467336724e+00,3.967947606533859251e+00
-6.938366834170853759e-01,4.987613891452872816e-01,-5.517587939698492150e+00,3.966293353044033854e+00
-6.900452261306533330e-01,4.985278388864043952e-01,-5.487437185929648464e+00,3.964436094524090404e+00
-6.862537688442210682e-01,4.982675607200000578e-01,-5.457286432160803891e+00,3.962366288031809791e+00
-6.824623115577890253e-01,4.979793986088255076e-01,-5.427135678391960205e+00,3.960074740428035867e+00
-6.786708542713567605e-01,4.976622400751521402e-01,-5.396984924623115631e+00,3.957552604971388721e+00
-6.748793969849246066e-01,4.973150157725571008e-01,-5.366834170854271058e+00,3.954791377912978856e+00
-6.710879396984924528e-01,4.969366990577092635e-01,-5.336683417085427372e+00,3.951782895091127124e+00
-6.672964824120602989e-01,4.965263055621536026e-01,-5.306532663316582799e+00,3.948519328526072236e+00
-6.635050251256281451e-01,4.960828927640975050e-01,-5.276381909547739113e+00,3.944993183014692040e+00
-6.597135678391959912e-01,4.956055595601957520e-01,-5.246231155778894539e+00,3.941197292725214574e+00
-6.559221105527638374e-01,4.950934458373359437e-01,-5.216080402010049966e+00,3.937124817791935794e+00
-6.521306532663316835e-01,4.945457320444240357e-01,-5.185929648241206280e+00,3.932769240909932851e+00
-6.483391959798995297e-01,4.939616387641696527e-01,-5.155778894472361706e+00,3.928124363929778706e+00
-6.445477386934672648e-01,4.933404262848714583e-01,-5.125628140703517133e+00,3.923184304452258075e+00
-6.407562814070352220e-01,4.926813941722025803e-01,-5.095477386934673447e+00,3.917943492423082041e+00
-6.369648241206029571e-01,4.919838808409960906e-01,-5.065326633165828873e+00,3.912396666727603112e+00
-6.331733668341709143e-01,4.912472631270304868e-01,-5.035175879396985188e+00,3.906538871785530720e+00
-6.293819095477386494e-01,4.904709558588147278e-01,-5.005025125628140614e+00,3.900365454145644062e+00
-6.255904522613066066e-01,4.896544114293741035e-01,-4.974874371859296929e+00,3.893872059080509818e+00
-6.217989949748743417e-01,4.887971193680352711e-01,-4.944723618090452355e+00,3.887054627181194988e+00
-6.180075376884421878e-01,4.878986059122118468e-01,-4.914572864321607781e+00,3.879909390951982839e+00
-6.142160804020100340e-01,4.869584335791899421e-01,-4.884422110552764096e+00,3.872432871405088850e+00
-6.104246231155778801e-01,4.859762007379130888e-01,-4.854271356783919522e+00,3.864621874655372658e+00
-6.066331658291457263e-01,4.849515411807681642e-01,-4.824120603015074948e+00,3.856473488515054893e+00
-6.028417085427135724e-01,4.838841236953706493e-01,-4.793969849246231263e+00,3.847985079088434457e+00
-5.990502512562814186e-01,4.827736516363496655e-01,-4.763819095477386689e+00,3.839154287366597806e+00
-5.952587939698492647e-01,4.816198624971340658e-01,-4.733668341708543004e+00,3.829979025822139782e+00
-5.914673366834171109e-01,4.804225274817371938e-01,-4.703517587939698430e+00,3.820457475003874226e+00
-5.876758793969849570e-01,4.791814510765426416e-01,-4.673366834170854744e+00,3.810588080131551703e+00
-5.838844221105528032e-01,4.778964706220895087e-01,-4.643216080402010171e+00,3.800369547690572780e+00
-5.800929648241205383e-01,4.765674558848581044e-01,-4.613065326633165597e+00,3.789800842026704419e+00
-5.763015075376884955e-01,4.751943086290547069e-01,-4.582914572864321912e+00,3.778881181940792811e+00
-5.725100502512562306e-01,4.737769621883977100e-01,-4.552763819095477338e+00,3.767610037283480651e+00
-5.687185929648240768e-01,4.723153810379024375e-01,-4.522613065326632764e+00,3.755987125549919980e+00
-5.649271356783920339e-01,4.708095603656672901e-01,-4.492462311557789079e+00,3.744012408474491238e+00
-5.611356783919597691e-01,4.692595256446578933e-01,-4.462311557788944505e+00,3.731686088625509878e+00
-5.573442211055277262e-01,4.676653322044939110e-01,-4.432160804020100819e+00,3.719008605999951644e+00
-5.535527638190954614e-01,4.660270648032335816e-01,-4.402010050251256246e+00,3.705980634618159630e+00
-5.497613065326634185e-01,4.643448371991594215e-01,-4.371859296482412560e+00,3.692603079118563780e+00
-5.459698492462311536e-01,4.626187917225633162e-01,-4.341708542713567986e+00,3.678877071352391948e+00
-5.421783919597989998e-01,4.608490988475323902e-01,-4.311557788944723413e+00,3.664803966978388949e+00
-5.383869346733668459e-01,4.590359567637343763e-01,-4.281407035175879727e+00,3.650385342057529847e+00
-5.345954773869346921e-01,4.571795909482024300e-01,-4.251256281407035154e+00,3.635622989647733228e+00
-5.308040201005024272e-01,4.552802537371211655e-01,-4.221105527638190580e+00,3.620518916398578035e+00
-5.270125628140703844e-01,4.533382238976118583e-01,-4.190954773869346894e+00,3.605075339146018631e+00
-5.232211055276381195e-01,4.513538061995176487e-01,-4.160804020100502321e+00,3.589294681507098517e+00
-5.194296482412060767e-01,4.493273309871893550e-01,-4.130653266331658635e+00,3.573179570474666722e+00
-5.156381909547739228e-01,4.472591537512703996e-01,-4.100502512562814061e+00,3.556732833012090644e+00
-5.118467336683417690e-01,4.451496547004826776e-01,-4.070351758793970376e+00,3.539957492647973769e+00
-5.080552763819096151e-01,4.429992383334117600e-01,-4.040201005025125802e+00,3.522856766070868950e+00
-5.042638190954773503e-01,4.408083330102919306e-01,-4.010050251256281229e+00,3.505434059723991691e+00
-5.004723618090451964e-01,4.385773905247924986e-01,-3.979899497487437099e+00,3.487692966399940531e+00
-4.966809045226130426e-01,4.363068856758021696e-01,-3.949748743718592969e+00,3.469637261835404995e+00
-4.928894472361809442e-01,4.339973158392152475e-01,-3.919597989949748840e+00,3.451270901305886429e+00
-4.890979899497487904e-01,4.316492005397163934e-01,-3.889447236180904710e+00,3.432598016220408610e+00
-4.853065326633166365e-01,4.292630810225667726e-01,-3.859296482412060580e+00,3.413622910716236802e+00
-4.815150753768844272e-01,4.268395198253887024e-01,-3.829145728643216007e+00,3.394350058253587932e+00
-4.777236180904522733e-01,4.243791003499515768e-01,-3.798994974874371877e+00,3.374784098210350525e+00
-4.739321608040201195e-01,4.218824264339570695e-01,-3.768844221105527748e+00,3.354929832476795770e+00
-4.701407035175879656e-01,4.193501219228243926e-01,-3.738693467336683618e+00,3.334792222050293464e+00
-4.663492462311558118e-01,4.167828302414762209e-01,-3.708542713567839488e+00,3.314376383630029732e+00
-4.625577889447236024e-01,4.141812139661235070e-01,-3.678391959798994915e+00,3.293687586211717644e+00
-4.587663316582914486e-01,4.115459543960511279e-01,-3.648241206030150785e+00,3.272731247682314937e+00
-4.549748743718592947e-01,4.088777511254032548e-01,-3.618090452261306655e+00,3.251512931414737739e+00
-4.511834170854271409e-01,4.061773216149691113e-01,-3.587939698492462526e+00,3.230038342862577405e+00
-4.473919597989950425e-01,4.034454007639676765e-01,-3.557788944723618396e+00,3.208313326154812462e+00
-4.436005025125628332e-01,4.006827404818335547e-01,-3.527638190954773822e+00,3.186343860690525442e+00
-4.398090452261306793e-01,3.978901092600024003e-01,-3.497487437185929693e+00,3.164136057733617502e+00
-4.360175879396985255e-01,3.950682917436962871e-01,-3.467336683417085563e+00,3.141696157007525247e+00
-4.322261306532663716e-01,3.922180883037090782e-01,-3.437185929648241434e+00,3.119030523289933132e+00
-4.284346733668342178e-01,3.893403146081913513e-01,-3.407035175879397304e+00,3.096145643007485848e+00
-4.246432160804020084e-01,3.864358011944366567e-01,-3.376884422110552730e+00,3.073048120830510044e+00
-4.208517587939698545e-01,3.835053930406665534e-01,-3.346733668341708601e+00,3.049744676267726273e+00
-4.170603015075377007e-01,3.805499491378157573e-01,-3.316582914572864471e+00,3.026242140260960500e+00
-4.132688442211055468e-01,3.775703420613180095e-01,-3.286432160804020342e+00,3.002547451779864929e+00
-4.094773869346733930e-01,3.745674575428909470e-01,-3.256281407035176212e+00,2.978667654416627730e+00
-4.056859296482411836e-01,3.715421940423220271e-01,-3.226130653266331638e+00,2.954609892980692099e+00
-4.018944723618090298e-01,3.684954623192535639e-01,-3.195979899497487509e+00,2.930381410093467753e+00
-3.981030150753769314e-01,3.654281850049683755e-01,-3.165829145728643379e+00,2.905989542783048662e+00
-3.943115577889447776e-01,3.623412961741751537e-01,-3.135678391959799249e+00,2.881441719078927655e+00
-3.905201005025125682e-01,3.592357409167935001e-01,-3.105527638190954676e+00,2.856745454606707924e+00
-3.867286432160804144e-01,3.561124749097401287e-01,-3.075376884422110546e+00,2.831908349182823859e+00
-3.829371859296482605e-01,3.529724639887131810e-01,-3.045226130653266416e+00,2.806938083409249884e+00
-3.791457286432161067e-01,3.498166837199785384e-01,-3.015075376884422287e+00,2.781842415268219071e+00
-3.753542713567839528e-01,3.466461189721552483e-01,-2.984924623115578157e+00,2.756629176716940410e+00
-3.715628140703517435e-01,3.434617634879997827e-01,-2.954773869346733584e+00,2.731306270282304549e+00
-3.677713567839195896e-01,3.402646194561929627e-01,-2.924623115577889454e+00,2.705881665655609947e+00
-3.639798994974874358e-01,3.370556970831244392e-01,-2.894472361809045324e+00,2.680363396287271716e+00
-3.601884422110552819e-01,3.338360141646782298e-01,-2.864321608040201195e+00,2.654759555981536678e+00
-3.563969849246231281e-01,3.306065956580182541e-01,-2.834170854271357065e+00,2.629078295491198869e+00
-3.526055276381909742e-01,3.273684732533737041e-01,-2.804020100502512491e+00,2.603327819112315922e+00
-3.488140703517588204e-01,3.241226849458245240e-01,-2.773869346733668362e+00,2.577516381278922797e+00
-3.450226130653266665e-01,3.208702746070863920e-01,-2.743718592964824232e+00,2.551652283157744616e+00
-3.412311557788945127e-01,3.176122915572970329e-01,-2.713567839195980103e+00,2.525743869242918827e+00
-3.374396984924623588e-01,3.143497901368004777e-01,-2.683417085427135973e+00,2.499799523950699598e+00
-3.336482412060301495e-01,3.110838292779334324e-01,-2.653266331658291399e+00,2.473827668214182207e+00
-3.298567839195979956e-01,3.078154720768099262e-01,-2.623115577889447270e+00,2.447836756078011433e+00
-3.260653266331658418e-01,3.045457853651077351e-01,-2.592964824120603140e+00,2.421835271293103276e+00
-3.222738693467336879e-01,3.012758392818523090e-01,-2.562814070351759010e+00,2.395831723911350242e+00
-3.184824120603015341e-01,2.980067068452035839e-01,-2.532663316582914881e+00,2.369834646880346618e+00
-3.146909547738693247e-01,2.947394635242405192e-01,-2.502512562814070307e+00,2.343852592638095533e+00
-3.108994974874371708e-01,2.914751868107469113e-01,-2.472361809045226178e+00,2.317894129707728901e+00
-3.071080402010050170e-01,2.882149557909968185e-01,-2.442211055276382048e+00,2.291967839292221143e+00
-3.033165829145729187e-01,2.849598507175394868e-01,-2.412060301507537918e+00,2.266082311869101140e+00
-2.995251256281407648e-01,2.817109525809851633e-01,-2.381909547738693789e+00,2.240246143785170396e+00
-2.957336683417085554e-01,2.784693426817908546e-01,-2.351758793969849215e+00,2.214467933851219428e+00
-2.919422110552764016e-01,2.752361022020445858e-01,-2.321608040201005085e+00,2.188756279936736160e+00
-2.881507537688442477e-01,2.720123117772523247e-01,-2.291457286432160956e+00,2.163119775564630753e+00
-2.843592964824120939e-01,2.687990510681219636e-01,-2.261306532663316826e+00,2.137567006505940004e+00
-2.805678391959799400e-01,2.655973983323496324e-01,-2.231155778894472697e+00,2.112106547374549947e+00
-2.767763819095477307e-01,2.624084299964043465e-01,-2.201005025125628123e+00,2.086746958221903370e+00
-2.729849246231155768e-01,2.592332202273148756e-01,-2.170854271356783993e+00,2.061496781131728628e+00
-2.691934673366834230e-01,2.560728405044531142e-01,-2.140703517587939864e+00,2.036364536814736503e+00
-2.654020100502512691e-01,2.529283591913212836e-01,-2.110552763819095734e+00,2.011358721203350353e+00
-2.616105527638191153e-01,2.498008411073362744e-01,-2.080402010050251604e+00,1.986487802046411622e+00
-2.578190954773869614e-01,2.466913470996151547e-01,-2.050251256281407031e+00,1.961760215503897786e+00
-2.540276381909548076e-01,2.436009336147610116e-01,-2.020100502512562901e+00,1.937184362741638299e+00
-2.502361809045226537e-01,2.405306522706481820e-01,-1.989949748743718771e+00,1.912768606526029203e+00
-2.464447236180904444e-01,2.374815494282075667e-01,-1.959798994974874198e+00,1.888521267818747962e+00
-2.426532663316583460e-01,2.344546657632119169e-01,-1.929648241206030512e+00,1.864450622371466526e+00
-2.388618090452261367e-01,2.314510358380616473e-01,-1.899497487437185939e+00,1.840564897320569715e+00
-2.350703517587940383e-01,2.284716876735696234e-01,-1.869346733668342253e+00,1.816872267781865835e+00
-2.312788944723618290e-01,2.255176423207470582e-01,-1.839195979899497679e+00,1.793380853445304624e+00
-2.274874371859296196e-01,2.225899134325889095e-01,-1.809045226130653106e+00,1.770098715169693193e+00
-2.236959798994975490e-01,2.196895068358594438e-01,-1.778894472361809420e+00,1.747033851577411090e+00
-2.199045226130653397e-01,2.168174201028765236e-01,-1.748743718592964846e+00,1.724194195649117578e+00
-2.161130653266332413e-01,2.139746421232990026e-01,-1.718592964824121161e+00,1.701587611318481130e+00
-2.123216080402010320e-01,2.111621526759092093e-01,-1.688442211055276587e+00,1.679221890066872502e+00
-2.085301507537688226e-01,2.083809220004023133e-01,-1.658291457286432014e+00,1.657104747518109766e+00
-2.047386934673367243e-01,2.056319103691679473e-01,-1.628140703517588328e+00,1.635243820033144724e+00
-2.009472361809045149e-01,2.029160676590778256e-01,-1.597989949748743754e+00,1.613646661304793728e+00
-1.971557788944724443e-01,2.002343329232703917e-01,-1.567839195979900069e+00,1.592320738952448522e+00
-1.933643216080402349e-01,1.975876339629361045e-01,-1.537688442211055495e+00,1.571273431116788188e+00
-1.895728643216080256e-01,1.949768868991031412e-01,-1.507537688442210921e+00,1.550512023054498201e+00
-1.857814070351759272e-01,1.924029957444239047e-01,-1.477386934673367236e+00,1.530043703732993254e+00
-1.819899497487437179e-01,1.898668519749574235e-01,-1.447236180904522662e+00,1.509875562425108786e+00
-1.781984924623116195e-01,1.873693341019579406e-01,-1.417085427135678977e+00,1.490014585303840455e+00
-1.744070351758794379e-01,1.849113072436579519e-01,-1.386934673366834403e+00,1.470467652037041439e+00
-1.706155778894472286e-01,1.824936226970560738e-01,-1.356783919597989829e+00,1.451241532382155697e+00
-1.668241206030151302e-01,1.801171175096996369e-01,-1.326633165829146144e+00,1.432342882780911708e+00
-1.630326633165829209e-01,1.777826140514723874e-01,-1.296482412060301570e+00,1.413778242954054853e+00
-1.592412060301508225e-01,1.754909195863781912e-01,-1.266331658291457885e+00,1.395554032496049146e+00
-1.554497487437186132e-01,1.732428258443279023e-01,-1.236180904522613311e+00,1.377676547469804280e+00
-1.516582914572864316e-01,1.710391085929238719e-01,-1.206030150753768737e+00,1.360151957001382694e+00
-1.478668341708543332e-01,1.688805272092454846e-01,-1.175879396984925052e+00,1.342986299874715517e+00
-1.440753768844221239e-01,1.667678242516346665e-01,-1.145728643216080478e+00,1.326185481126319399e+00
-1.402839195979900255e-01,1.647017250314814496e-01,-1.115577889447236792e+00,1.309755268640011572e+00
-1.364924623115578162e-01,1.626829371850089523e-01,-1.085427135678392219e+00,1.293701289741621796e+00
-1.327010050251256068e-01,1.607121502450589434e-01,-1.055276381909547645e+00,1.278029027793709194e+00
-1.289095477386935362e-01,1.587900352128777670e-01,-1.025125628140703959e+00,1.262743818790280415e+00
-1.251180904522613269e-01,1.569172441299011567e-01,-9.949748743718593857e-01,1.247850847951500253e+00
-1.213266331658292285e-01,1.550944096495402713e-01,-9.648241206030157002e-01,1.233355146318411588e+00
-1.175351758793970192e-01,1.533221446089648166e-01,-9.346733668341711265e-01,1.219261587347632680e+00
-1.137437185929648098e-01,1.516010416008926054e-01,-9.045226130653265528e-01,1.205574883506104200e+00
-1.099522613065327253e-01,1.499316725453710419e-01,-8.743718592964828673e-01,1.192299582865773644e+00
-1.061608040201005160e-01,1.483145882615646560e-01,-8.442211055276382936e-01,1.179440065698327267e+00
-1.023693467336684176e-01,1.467503180395402507e-01,-8.140703517587946081e-01,1.167000541069902475e+00
-9.857788944723622215e-02,1.452393692120519386e-01,-7.839195979899500344e-01,1.154985043435800662e+00
-9.478643216080401279e-02,1.437822267263250131e-01,-7.537688442211054607e-01,1.143397429235188945e+00
-9.099497487437191445e-02,1.423793527158456196e-01,-7.236180904522617752e-01,1.132241373485849856e+00
-8.720351758793971897e-02,1.410311860721424337e-01,-6.934673366834172015e-01,1.121520366378866207e+00
-8.341206030150762063e-02,1.397381420165716981e-01,-6.633165829145735159e-01,1.111237709873333479e+00
-7.962060301507541127e-02,1.385006116721061165e-01,-6.331658291457289423e-01,1.101396514291102413e+00
-7.582914572864321578e-02,1.373189616351168096e-01,-6.030150753768843686e-01,1.091999694911465646e+00
-7.203768844221111745e-02,1.361935335471611830e-01,-5.728643216080406830e-01,1.083049968565894083e+00
-6.824623115577890808e-02,1.351246436667665474e-01,-5.427135678391961093e-01,1.074549850232735970e+00
-6.445477386934682362e-02,1.341125824412169043e-01,-5.125628140703524238e-01,1.066501649631943494e+00
-6.066331658291461426e-02,1.331576140783364282e-01,-4.824120603015078501e-01,1.058907467819772741e+00
-5.687185929648240490e-02,1.322599761182774170e-01,-4.522613065326632764e-01,1.051769193783518297e+00
-5.308040201005031350e-02,1.314198790053035804e-01,-4.221105527638195909e-01,1.045088501036211426e+00
-4.928894472361811108e-02,1.306375056595774076e-01,-3.919597989949750172e-01,1.038866844211351115e+00
-4.549748743718601274e-02,1.299130110489424839e-01,-3.618090452261313317e-01,1.033105455657594263e+00
-4.170603015075381031e-02,1.292465217607128569e-01,-3.316582914572867580e-01,1.027805342033501823e+00
-3.791457286432160789e-02,1.286381355734555199e-01,-3.015075376884421843e-01,1.022967280902230769e+00
-3.412311557788950955e-02,1.280879210287765024e-01,-2.713567839195984988e-01,1.018591817326254478e+00
-3.033165829145730713e-02,1.275959170031071843e-01,-2.412060301507539251e-01,1.014679260462084898e+00
-2.654020100502510124e-02,1.271621322794881381e-01,-2.110552763819093514e-01,1.011229680154975163e+00
-2.274874371859300637e-02,1.267865451193568027e-01,-1.809045226130656658e-01,1.008242903533652424e+00
-1.895728643216080395e-02,1.264691028343302159e-01,-1.507537688442210921e-01,1.005718511605011578e+00
-1.516582914572870908e-02,1.262097213579915223e-01,-1.206030150753774066e-01,1.003655835848839217e+00
-1.137437185929650318e-02,1.260082848176771464e-01,-9.045226130653283292e-02,1.002053954812542003e+00
-7.582914572864299027e-03,1.258646451062588600e-01,-6.030150753768825922e-02,1.000911690705835966e+00
-3.791457286432205025e-03,1.257786214539320935e-01,-3.015075376884457370e-02,1.000227605995483771e+00
0.000000000000000000e+00,1.257500000000000007e-01,0.000000000000000000e+00,1.000000000000000000e+00
3.873457896235045234e-03,1.257895888740663826e-01,3.080284609332043996e-02,1.000314822060170084e+00
7.746915792470090469e-03,1.258828878702469012e-01,6.160569218664087993e-02,1.001056762387649401e+00
1.162037368870513614e-02,1.260345822548857575e-01,9.240853827996131642e-02,1.002263079561715786e+00
1.549383158494018094e-02,1.262420810833841112e-01,1.232113843732817599e-01,1.003913169649177872e+00
1.936728948117522747e-02,1.265070863657337952e-01,1.540142304666022033e-01,1.006020567520745868e+00
2.324074737741027227e-02,1.268313658626362694e-01,1.848170765599226328e-01,1.008599330915596504e+00
2.711420527364531707e-02,1.272158093072386920e-01,2.156199226532430901e-01,1.011656535246430844e+00
3.098766316988036187e-02,1.276620008522321992e-01,2.464227687465635197e-01,1.015204778148963705e+00
3.486112106611540667e-02,1.281730909143472541e-01,2.772256148398839493e-01,1.019269112638944375e+00
3.873457896235045494e-02,1.287515177222066098e-01,3.080284609332044066e-01,1.023868928208402362e+00
4.260803685858550321e-02,1.294017013413658046e-01,3.388313070265248639e-01,1.029039374484022273e+00
4.648149475482054455e-02,1.301285714718491693e-01,3.696341531198452657e-01,1.034819653851683174e+00
5.035495265105559282e-02,1.309381678926455628e-01,4.004369992131657230e-01,1.041257796362986543e+00
5.422841054729063415e-02,1.318378651678676072e-01,4.312398453064861803e-01,1.048412446662963182e+00
5.810186844352567548e-02,1.328327922219919854e-01,4.620426913998065821e-01,1.056324391427371667e+00
6.197532633976072375e-02,1.339204145610408403e-01,4.928455374931270394e-01,1.064973475634519495e+00
6.584878423599577202e-02,1.350882368610759887e-01,5.236483835864474967e-01,1.074260332891260328e+00
6.972224213223081335e-02,1.363193448072043679e-01,5.544512296797678985e-01,1.084050455723295059e+00
7.359570002846586856e-02,1.375992716979329011e-01,5.852540757730884113e-01,1.094228800778790367e+00
7.746915792470090989e-02,1.389177590093266246e-01,6.160569218664088131e-01,1.104713789338581442e+00
8.134261582093595122e-02,1.402673648343424895e-01,6.468597679597292149e-01,1.115446241227375568e+00
8.521607371717100643e-02,1.416424272350489122e-01,6.776626140530497278e-01,1.126381131093828314e+00
8.908953161340604776e-02,1.430387226415168467e-01,7.084654601463701296e-01,1.137484871900730443e+00
9.296298950964108909e-02,1.444530431647505775e-01,7.392683062396905314e-01,1.148731953596425992e+00
9.683644740587614430e-02,1.458826961666617739e-01,7.700711523330110442e-01,1.160100963551982334e+00
1.007099053021111856e-01,1.473254369123640495e-01,8.008739984263314460e-01,1.171574050992954641e+00
1.045833631983462270e-01,1.487794127436945502e-01,8.316768445196518478e-01,1.183136483051248966e+00
1.084568210945812683e-01,1.502430122023526160e-01,8.624796906129723606e-01,1.194775444949126131e+00
1.123302789908163096e-01,1.517148438481062400e-01,8.932825367062927624e-01,1.206479871555516725e+00
1.162037368870513510e-01,1.531937199287389528e-01,9.240853827996131642e-01,1.218240317524763139e+00
1.200771947832864062e-01,1.546785491481582619e-01,9.548882288929336770e-01,1.230048104557918576e+00
1.239506526795214475e-01,1.561683352756248755e-01,9.856910749862540788e-01,1.241895310342941317e+00
1.278241105757564888e-01,1.576622746840697920e-01,1.016493921079574481e+00,1.253775544207314407e+00
1.316975684719915440e-01,1.591596627059350122e-01,1.047296767172894993e+00,1.265683202432882792e+00
1.355710263682265992e-01,1.606597154844878750e-01,1.078099613266215506e+00,1.277612051566503926e+00
1.394444842644616267e-01,1.621617048067933164e-01,1.108902459359535797e+00,1.289556300650443799e+00
1.433179421606966819e-01,1.636651991191370170e-01,1.139705305452856310e+00,1.301512517846020067e+00
1.471914000569317371e-01,1.651698751909543295e-01,1.170508151546176823e+00,1.313478132731247250e+00
1.510648579531667646e-01,1.666751482322021971e-01,1.201310997639497113e+00,1.325448494888287865e+00
1.549383158494018198e-01,1.681803015501472376e-01,1.232113843732817626e+00,1.337417904971349714e+00
1.588117737456368750e-01,1.696849452826467985e-01,1.262916689826138139e+00,1.349383262685063922e+00
1.626852316418719024e-01,1.711890338313289406e-01,1.293719535919458430e+00,1.361344205418122844e+00
1.665586895381069577e-01,1.726923932419750785e-01,1.324522382012778943e+00,1.373299349836780037e+00
1.704321474343420129e-01,1.741944790851218394e-01,1.355325228106099456e+00,1.385244366482082157e+00
1.743056053305770403e-01,1.756946982777078115e-01,1.386128074199419746e+00,1.397174538987736137e+00
1.781790632268120955e-01,1.771927847304944348e-01,1.416930920292740259e+00,1.409087751335939886e+00
1.820525211230471507e-01,1.786887425648117367e-01,1.447733766386060772e+00,1.420984036300689812e+00
1.859259790192821782e-01,1.801825292658998379e-01,1.478536612479381063e+00,1.432863055792443996e+00
1.897994369155172334e-01,1.816738855057892232e-01,1.509339458572701576e+00,1.444722747560948095e+00
1.936728948117522886e-01,1.831624460588457126e-01,1.540142304666022088e+00,1.456560207227401316e+00
1.975463527079873161e-01,1.846479053842122464e-01,1.570945150759342379e+00,1.468373005043437374e+00
2.014198106042223713e-01,1.861300729322419301e-01,1.601747996852662892e+00,1.480159625703713067e+00
2.052932685004574265e-01,1.876088260251498885e-01,1.632550842945983405e+00,1.491919093639362925e+00
2.091667263966924539e-01,1.890840571192267394e-01,1.663353689039303696e+00,1.503650553632021714e+00
2.130401842929275091e-01,1.905556530718811037e-01,1.694156535132624208e+00,1.515353105939412304e+00
2.169136421891625366e-01,1.920234954096253222e-01,1.724959381225944721e+00,1.527025808426443865e+00
2.207871000853975640e-01,1.934874620900483844e-01,1.755762227319265012e+00,1.538667690576925429e+00
2.246605579816326193e-01,1.949474283756209847e-01,1.786565073412585525e+00,1.550277760442313912e+00
2.285340158778676745e-01,1.964032671647618633e-01,1.817367919505906038e+00,1.561855007274448148e+00
2.324074737741027019e-01,1.978548504653514506e-01,1.848170765599226328e+00,1.573398413243351390e+00
2.362809316703377571e-01,1.993020573520633831e-01,1.878973611692546841e+00,1.584907016716209815e+00
2.401543895665728123e-01,2.007447871414067830e-01,1.909776457785867354e+00,1.596380017029079834e+00
2.440278474628078398e-01,2.021829720644701678e-01,1.940579303879187645e+00,1.607816875264176382e+00
2.479013053590428950e-01,2.036165777573198388e-01,1.971382149972508158e+00,1.619217318149660745e+00
2.517747632552779780e-01,2.050455860571496203e-01,2.002184996065828670e+00,1.630581201249698742e+00
2.556482211515129777e-01,2.064699740116938687e-01,2.032987842159148961e+00,1.641908342041303204e+00
2.595216790477480884e-01,2.078896971857795706e-01,2.063790688252469696e+00,1.653198387163256955e+00
2.633951369439830881e-01,2.093046901785622360e-01,2.094593534345789987e+00,1.664450816529321919e+00
2.672685948402181433e-01,2.107148775257373374e-01,2.125396380439110278e+00,1.675665030025744295e+00
2.711420527364531985e-01,2.121201850295720837e-01,2.156199226532431013e+00,1.686840437610911181e+00
2.750155106326882537e-01,2.135205469163134750e-01,2.187002072625751303e+00,1.697976516233109079e+00
2.788889685289232534e-01,2.149159064395545493e-01,2.217804918719071594e+00,1.709072814628664450e+00
2.827624264251583641e-01,2.163062149226663011e-01,2.248607764812392329e+00,1.720128945707087853e+00
2.866358843213933638e-01,2.176914307769820534e-01,2.279410610905712620e+00,1.731144578743396112e+00
2.905093422176283635e-01,2.190715185199811621e-01,2.310213456999032910e+00,1.742119431570426702e+00
2.943828001138634742e-01,2.204464477934733324e-01,2.341016303092353645e+00,1.753053262771159693e+00
2.982562580100984739e-01,2.218161923817824066e-01,2.371819149185673936e+00,1.763945863871033026e+00
3.021297159063335291e-01,2.231807292299304024e-01,2.402621995278994227e+00,1.774797051530261571e+00
3.060031738025685843e-01,2.245400374619734851e-01,2.433424841372314962e+00,1.785606659737363655e+00
3.098766316988036396e-01,2.258940974605790353e-01,2.464227687465635253e+00,1.796374532489694031e+00
3.137500895950386393e-01,2.272428904573868258e-01,2.495030533558955543e+00,1.807100520535879218e+00
3.176235474912737500e-01,2.285863987046698187e-01,2.525833379652276278e+00,1.817784482740913088e+00
3.214970053875087497e-01,2.299246057427554724e-01,2.556636225745596569e+00,1.828426288212767092e+00
3.253704632837438049e-01,2.312574966680777389e-01,2.587439071838916860e+00,1.839025818434017800e+00
3.292439211799788601e-01,2.325850584012283950e-01,2.618241917932237595e+00,1.849582969393466447e+00
3.331173790762139153e-01,2.339072799550087067e-01,2.649044764025557885e+00,1.860097653717763144e+00
3.369908369724489150e-01,2.352241527024810097e-01,2.679847610118878176e+00,1.870569802803029980e+00
3.408642948686840257e-01,2.365356706450201518e-01,2.710650456212198911e+00,1.880999368946482342e+00
3.447377527649190254e-01,2.378418306802550786e-01,2.741453302305519202e+00,1.891386327477177609e+00
3.486112106611540806e-01,2.391426328317503291e-01,2.772256148398839493e+00,1.901730678582507661e+00
3.524846685573891358e-01,2.404380801730234274e-01,2.803058994492160227e+00,1.912032446703963551e+00
3.563581264536241910e-01,2.417281784153523516e-01,2.833861840585480518e+00,1.922291677259263309e+00
3.602315843498591907e-01,2.430129354424039878e-01,2.864664686678800809e+00,1.932508432941582477e+00
3.641050422460943015e-01,2.442923608445485006e-01,2.895467532772121544e+00,1.942682790016290184e+00
3.679785001423293012e-01,2.455664654531747593e-01,2.926270378865441835e+00,1.952814834617691897e+00
3.718519580385643564e-01,2.468352608750051802e-01,2.957073224958762125e+00,1.962904659045766831e+00
3.757254159347994116e-01,2.480987590264109866e-01,2.987876071052082860e+00,1.972952358062910472e+00
3.795988738310344668e-01,2.493569716677266623e-01,3.018678917145403151e+00,1.982958025190669327e+00
3.834723317272694665e-01,2.506099099375737604e-01,3.049481763238723442e+00,1.992921749006550947e+00
3.873457896235045772e-01,2.518575839082949908e-01,3.080284609332044177e+00,2.002843609608707887e+00
3.912192475197395769e-01,2.531000024056889730e-01,3.111087455425364467e+00,2.012723677182417070e+00
3.950927054159746321e-01,2.543371732377983641e-01,3.141890301518684758e+00,2.022562013819470206e+00
3.989661633122096873e-01,2.555691035195479799e-01,3.172693147612005493e+00,2.032358676099784933e+00
4.028396212084447425e-01,2.567957999988215723e-01,3.203495993705325784e+00,2.042113717684465701e+00
4.067130791046797422e-01,2.580172693825399377e-01,3.234298839798646075e+00,2.051827191908866421e+00
4.105865370009148529e-01,2.592335186627389709e-01,3.265101685891966810e+00,2.061499154375658005e+00
4.144599948971498526e-01,2.604445554426460530e-01,3.295904531985287100e+00,2.071129665547881249e+00
4.183334527933849079e-01,2.616503882627586597e-01,3.326707378078607391e+00,2.080718793342017037e+00
4.222069106896199631e-01,2.628510269269216382e-01,3.357510224171928126e+00,2.090266615721046772e+00
4.260803685858550183e-01,2.640464828263668351e-01,3.388313070265248417e+00,2.099773223271306666e+00
4.299538264820900180e-01,2.652367691744939582e-01,3.419115916358568708e+00,2.109238721069534250e+00
4.338272843783250732e-01,2.664219009343038458e-01,3.449918762451889442e+00,2.118663228105795771e+00
4.377007422745601284e-01,2.676018945829805040e-01,3.480721608545209733e+00,2.128046875411375716e+00
4.415742001707951281e-01,2.687767678666468929e-01,3.511524454638530024e+00,2.137389804108523972e+00
4.454476580670302388e-01,2.699465395551166047e-01,3.542327300731850759e+00,2.146692163460171887e+00
4.493211159632652385e-01,2.711112291966495946e-01,3.573130146825171050e+00,2.155954108919678536e+00
4.531945738595002937e-01,2.722708568727037481e-01,3.603932992918491340e+00,2.165175800180546783e+00
4.570680317557353489e-01,2.734254429526902785e-01,3.634735839011812075e+00,2.174357399226165111e+00
4.609414896519704041e-01,2.745750078487260160e-01,3.665538685105132366e+00,2.183499068379530783e+00
4.648149475482054038e-01,2.757195717703886384e-01,3.696341531198452657e+00,2.192600968352991231e+00
4.686884054444405145e-01,2.768591544858337583e-01,3.727144377291773392e+00,2.201663256348578734e+00
4.725618633406755142e-01,2.779937751825521941e-01,3.757947223385093682e+00,2.210686084950713060e+00
4.764353212369105695e-01,2.791234525089522633e-01,3.788750069478413973e+00,2.219669602456876945e+00
4.803087791331456247e-01,2.802482046663161697e-01,3.819552915571734708e+00,2.228613953608876042e+00
4.841822370293806799e-01,2.813680495018193173e-01,3.850355761665054999e+00,2.237519280332559202e+00
4.880556949256156796e-01,2.824830046015496809e-01,3.881158607758375290e+00,2.246385722477532099e+00
4.919291528218507903e-01,2.835930873835280641e-01,3.911961453851696024e+00,2.255213418556883287e+00
4.958026107180857900e-01,2.846983151907276355e-01,3.942764299945016315e+00,2.264002506486899602e+00
4.996760686143208452e-01,2.857987053840937430e-01,3.973567146038336606e+00,2.272753124326789109e+00
5.035495265105559559e-01,2.868942754355633951e-01,4.004369992131657341e+00,2.281465411018396949e+00
5.074229844067909001e-01,2.879850430210846857e-01,4.035172838224977632e+00,2.290139507125922069e+00
5.112964423030259553e-01,2.890710261101235856e-01,4.065975684318297922e+00,2.298775555547702520e+00
5.151699001992610105e-01,2.901522430102171923e-01,4.096778530411618213e+00,2.307373701870514271e+00
5.190433580954961768e-01,2.912287123407883427e-01,4.127581376504939392e+00,2.315934094161338663e+00
5.229168159917311209e-01,2.923004529900825044e-01,4.158384222598259683e+00,2.324456882624910570e+00
5.267902738879661761e-01,2.933674840718407117e-01,4.189187068691579974e+00,2.332942219259170447e+00
5.306637317842012314e-01,2.944298248819722241e-01,4.219989914784900265e+00,2.341390257510713280e+00
5.345371896804362866e-01,2.954874948552287384e-01,4.250792760878220555e+00,2.349801151930248189e+00
5.384106475766712308e-01,2.965405135218762145e-01,4.281595606971540846e+00,2.358175057828041599e+00
5.422841054729063970e-01,2.975889004643689773e-01,4.312398453064862025e+00,2.366512130929375513e+00
5.461575633691414522e-01,2.986326752740218193e-01,4.343201299158182316e+00,2.374812527029994680e+00
5.500310212653765074e-01,2.996718575076838254e-01,4.374004145251502607e+00,2.383076401651561316e+00
5.539044791616114516e-01,3.007064666450352530e-01,4.404806991344822897e+00,2.391303909702069408e+00
5.577779370578465068e-01,3.017365220589686703e-01,4.435609837438143188e+00,2.399495205240307349e+00
5.616513949540815620e-01,3.027620430149248199e-01,4.466412683531463479e+00,2.407650441470575053e+00
5.655248528503167282e-01,3.037830486801497143e-01,4.497215529624784658e+00,2.415769770816299733e+00
5.693983107465516724e-01,3.047995581332569315e-01,4.528018375718104949e+00,2.423853344996079073e+00
5.732717686427867276e-01,3.058115903737894659e-01,4.558821221811425239e+00,2.431901315099717298e+00
5.771452265390217828e-01,3.068191643317803030e-01,4.589624067904745530e+00,2.439913831664256794e+00
5.810186844352567270e-01,3.078222988773161028e-01,4.620426913998065821e+00,2.447891044750028833e+00
5.848921423314917822e-01,3.088210128300969415e-01,4.651229760091386112e+00,2.455833104016675428e+00
5.887656002277269485e-01,3.098153249689991617e-01,4.682032606184707291e+00,2.463740158799198277e+00
5.926390581239620037e-01,3.108052540416366138e-01,4.712835452278027581e+00,2.471612358183989056e+00
5.965125160201969479e-01,3.117908187739105719e-01,4.743638298371347872e+00,2.479449851084775780e+00
6.003859739164320031e-01,3.127720378782815613e-01,4.774441144464668163e+00,2.487252786308402186e+00
6.042594318126670583e-01,3.137489300552826488e-01,4.805243990557988454e+00,2.495021312566859883e+00
6.081328897089021135e-01,3.147215139897568958e-01,4.836046836651308745e+00,2.502755578447370954e+00
6.120063476051371687e-01,3.156898083465500271e-01,4.866849682744629924e+00,2.510455732378131355e+00
6.158798055013722239e-01,3.166538317662023205e-01,4.897652528837950214e+00,2.518121922594054318e+00
6.197532633976072791e-01,3.176136028606421080e-01,4.928455374931270505e+00,2.525754297102521750e+00
6.236267212938423343e-01,3.185691402088769997e-01,4.959258221024590796e+00,2.533353003649121415e+00
6.275001791900772785e-01,3.195204623526865517e-01,4.990061067117911087e+00,2.540918189683392114e+00
6.313736370863123337e-01,3.204675877923148786e-01,5.020863913211231377e+00,2.548450002324571528e+00
6.352470949825475000e-01,3.214105349821627655e-01,5.051666759304552556e+00,2.555948588327338289e+00
6.391205528787825552e-01,3.223493223264798369e-01,5.082469605397872847e+00,2.563414094047553160e+00
6.429940107750174993e-01,3.232839681750435679e-01,5.113272451491193138e+00,2.570846665407901188e+00
6.468674686712525546e-01,3.242144908184216301e-01,5.144075297584513429e+00,2.578246447860211621e+00
6.507409265674876098e-01,3.251409084820676698e-01,5.174878143677833719e+00,2.585613586338510128e+00
6.546143844637226650e-01,3.260632393199122125e-01,5.205680989771154010e+00,2.592948225208049351e+00
6.584878423599577202e-01,3.269815014079292537e-01,5.236483835864475189e+00,2.600250508214148937e+00
6.623613002561927754e-01,3.278957127377035152e-01,5.267286681957795480e+00,2.607520578431041791e+00
6.662347581524278306e-01,3.288058912099978692e-01,5.298089528051115771e+00,2.614758578210718554e+00
6.701082160486628858e-01,3.297120546283204834e-01,5.328892374144436062e+00,2.621964649131773406e+00
6.739816739448978300e-01,3.306142206924925220e-01,5.359695220237756352e+00,2.629138931948250768e+00
6.778551318411328852e-01,3.315124069922146255e-01,5.390498066331076643e+00,2.636281566538486221e+00
6.817285897373680514e-01,3.324066310006347780e-01,5.421300912424397822e+00,2.643392691853954535e+00
6.856020476336031066e-01,3.332969100679151753e-01,5.452103758517718113e+00,2.650472445868112814e+00
6.894755055298380508e-01,3.341832614150134773e-01,5.482906604611038404e+00,2.657520965526946277e+00
6.933489634260731060e-01,3.350657021326248763e-01,5.513709450704358694e+00,2.664538386740555875e+00
6.972224213223081613e-01,3.359442491926242780e-01,5.544512296797678985e+00,2.671524844474149507e+00
7.010958792185432165e-01,3.368189194642051687e-01,5.575315142890999276e+00,2.678480472876382912e+00
7.049693371147782717e-01,3.376897297301860168e-01,5.606117988984320455e+00,2.685405405409033719e+00
7.088427950110133269e-01,3.385566967033166175e-01,5.636920835077640746e+00,2.692299774976672833e+00
7.127162529072483821e-01,3.394198370425861588e-01,5.667723681170961036e+00,2.699163714056351360e+00
7.165897108034833263e-01,3.402791673695279018e-01,5.698526527264281327e+00,2.705997354827259560e+00
7.204631686997183815e-01,3.411347042845269129e-01,5.729329373357601618e+00,2.712800829300412886e+00
7.243366265959534367e-01,3.419864643831257989e-01,5.760132219450921909e+00,2.719574269448316262e+00
7.282100844921886029e-01,3.428344642723323288e-01,5.790935065544243088e+00,2.726317807334650567e+00
7.320835423884235471e-01,3.436787205869250017e-01,5.821737911637563379e+00,2.733031575243936473e+00
7.359570002846586023e-01,3.445192500055332951e-01,5.852540757730883669e+00,2.739715705809409929e+00
7.398304581808936575e-01,3.453560692577846147e-01,5.883343603824203960e+00,2.746370332069857589e+00
7.437039160771287127e-01,3.461891951024422820e-01,5.914146449917524251e+00,2.752995587295763880e+00
7.475773739733636569e-01,3.470186442910048741e-01,5.944949296010844542e+00,2.759591604699839884e+00
7.514508318695988232e-01,3.478444335304970991e-01,5.975752142104165721e+00,2.766158517141129813e+00
7.553242897658338784e-01,3.486665794462601164e-01,6.006554988197486011e+00,2.772696456829106371e+00
7.591977476620689336e-01,3.494850985447429670e-01,6.037357834290806302e+00,2.779205555027777219e+00
7.630712055583038778e-01,3.503000071762922274e-01,6.068160680384126593e+00,2.785685941759779016e+00
7.669446634545389330e-01,3.511113214979425523e-01,6.098963526477446884e+00,2.792137745510477664e+00
7.708181213507739882e-01,3.519190574362084378e-01,6.129766372570767174e+00,2.798561092932075223e+00
7.746915792470091544e-01,3.527232306498735981e-01,6.160569218664088353e+00,2.804956108547702609e+00
7.785650371432440986e-01,3.535238564927824512e-01,6.191372064757408644e+00,2.811322914455526512e+00
7.824384950394791538e-01,3.543209499766573622e-01,6.222174910850728935e+00,2.817661630033060582e+00
7.863119529357142090e-01,3.551145257399451194e-01,6.252977756944049226e+00,2.823972371689424499e+00
7.901854108319492642e-01,3.559045980584070179e-01,6.283780603037369517e+00,2.830255252949558820e+00
7.940588687281842084e-01,3.566911808966251041e-01,6.314583449130689807e+00,2.836510384863817791e+00
7.979323266244193746e-01,3.574742879651328087e-01,6.345386295224010986e+00,2.842737876462288593e+00
8.018057845206544298e-01,3.582539327775684512e-01,6.376189141317331277e+00,2.848937835209291780e+00
8.056792424168894851e-01,3.590301287078286885e-01,6.406991987410651568e+00,2.855110367457882159e+00
8.095527003131244292e-01,3.598028890472207419e-01,6.437794833503971859e+00,2.861255578904339902e+00
8.134261582093594845e-01,3.605722270616157910e-01,6.468597679597292149e+00,2.867373575042670097e+00
8.172996161055945397e-01,3.613381560486021438e-01,6.499400525690612440e+00,2.873464461619102739e+00
8.211730740018297059e-01,3.621006893946384642e-01,6.530203371783933619e+00,2.879528345086588281e+00
8.250465318980646501e-01,3.628598406322066094e-01,6.561006217877253910e+00,2.885565333059297188e+00
8.289199897942997053e-01,3.636156234969646350e-01,6.591809063970574201e+00,2.891575534767114597e+00
8.327934476905347605e-01,3.643680519841966392e-01,6.622611910063894491e+00,2.897559061504545674e+00
8.366669055867698157e-01,3.651171403841123597e-01,6.653414756157214782e+00,2.903516026911430181e+00
8.405403634830047599e-01,3.658629032584148066e-01,6.684217602250535073e+00,2.909446546786598642e+00
8.444138213792399261e-01,3.666053553915818441e-01,6.715020448343856252e+00,2.915350738700452027e+00
8.482872792754749813e-01,3.673445117410293337e-01,6.745823294437176543e+00,2.921228721598642775e+00
8.521607371717100365e-01,3.680803873872737220e-01,6.776626140530496833e+00,2.927080615405755371e+00
8.560341950679449807e-01,3.688129974840945180e-01,6.807428986623817124e+00,2.932906540628982039e+00
8.599076529641800359e-01,3.695423572086969366e-01,6.838231832717137415e+00,2.938706617961804657e+00
8.637811108604150911e-01,3.702684817118749860e-01,6.869034678810457706e+00,2.944480967887673994e+00
8.676545687566501464e-01,3.709913860681736120e-01,6.899837524903778885e+00,2.950229710283686746e+00
8.715280266528852016e-01,3.717110852260516185e-01,6.930640370997099176e+00,2.955952964024267438e+00
8.754014845491202568e-01,3.724275939580445893e-01,6.961443217090419466e+00,2.961650846584847674e+00
8.792749424453553120e-01,3.731409268109274757e-01,6.992246063183739757e+00,2.967323473645546716e+00
8.831484003415902562e-01,3.738510980573905296e-01,7.023048909277060048e+00,2.972970958706882882e+00
8.870218582378253114e-01,3.745581216688051440e-01,7.053851755370380339e+00,2.978593412873201896e+00
8.908953161340604776e-01,3.752620113232719157e-01,7.084654601463701518e+00,2.984190944916675470e+00
8.947687740302955328e-01,3.759627804226690073e-01,7.115457447557021808e+00,2.989763661412874640e+00
8.986422319265304770e-01,3.766604421098613265e-01,7.146260293650342099e+00,2.995311666877624734e+00
9.025156898227655322e-01,3.773550092859104810e-01,7.177063139743662390e+00,3.000835063903860789e+00
9.063891477190005874e-01,3.780464946272834026e-01,7.207865985836982681e+00,3.006333953298476303e+00
9.102626056152356426e-01,3.787349106030621915e-01,7.238668831930302972e+00,3.011808434219182207e+00
9.141360635114706978e-01,3.794202694921535723e-01,7.269471678023624150e+00,3.017258604311360504e+00
9.180095214077057530e-01,3.801025834004978510e-01,7.300274524116944441e+00,3.022684559844913466e+00
9.218829793039408083e-01,3.807818642782785368e-01,7.331077370210264732e+00,3.028086395851121715e+00
9.257564372001758635e-01,3.814581239371323540e-01,7.361880216303585023e+00,3.033464206259501861e+00
9.296298950964108077e-01,3.821313740673568105e-01,7.392683062396905314e+00,3.038818084034646372e+00
9.335033529926458629e-01,3.828016262549976956e-01,7.423485908490225604e+00,3.044148121312109101e+00
9.373768108888810291e-01,3.834688919976285693e-01,7.454288754583546783e+00,3.049454409523885356e+00
9.412502687851160843e-01,3.841331827183565584e-01,7.485091600676867074e+00,3.054737039509793473e+00
9.451237266813510285e-01,3.847945097794664981e-01,7.515894446770187365e+00,3.059996101625976017e+00
9.489971845775860837e-01,3.854528844960592449e-01,7.546697292863507656e+00,3.065231685853353927e+00
9.528706424738211389e-01,3.861083181496934857e-01,7.577500138956827946e+00,3.070443881906111283e+00
9.567441003700561941e-01,3.867608220020242737e-01,7.608302985050148237e+00,3.075632779340153444e+00
9.606175582662912493e-01,3.874104073084435607e-01,7.639105831143469416e+00,3.080798467661578943e+00
9.644910161625263045e-01,3.880570853317197866e-01,7.669908677236789707e+00,3.085941036435147389e+00
9.683644740587613597e-01,3.887008673556380800e-01,7.700711523330109998e+00,3.091060575392748255e+00
9.722379319549964150e-01,3.893417646986401248e-01,7.731514369423430288e+00,3.096157174541869672e+00
9.761113898512313591e-01,3.899797887274637498e-01,7.762317215516750579e+00,3.101230924274065437e+00
9.799848477474664143e-01,3.906149508707821294e-01,7.793120061610070870e+00,3.106281915473416699e+00
9.838583056437015806e-01,3.912472626319452029e-01,7.823922907703392049e+00,3.111310239617854467e+00
9.877317635399366358e-01,3.918767355916669137e-01,7.854725753796712340e+00,3.116315988800532288e+00
9.916052214361715800e-01,3.925033813964020069e-01,7.885528599890032631e+00,3.121299255637391745e+00
9.954786793324066352e-01,3.931272117436626634e-01,7.916331445983352921e+00,3.126260133150398968e+00
9.993521372286416904e-01,3.937482383672982755e-01,7.947134292076673212e+00,3.131198714650483161e+00
1.003225595124876746e+00,3.943664730227770532e-01,7.977937138169994391e+00,3.136115093620493344e+00
1.007099053021111912e+00,3.949819274724649665e-01,8.008739984263314682e+00,3.141009363598131099e+00
1.010972510917346634e+00,3.955946134709067974e-01,8.039542830356634084e+00,3.145881618058901097e+00
1.014845968813581800e+00,3.962045427501054706e-01,8.070345676449955263e+00,3.150731950299049622e+00
1.018719426709816966e+00,3.968117270048024947e-01,8.101148522543276442e+00,3.155560453318508873e+00
1.022592884606051911e+00,3.974161778777585141e-01,8.131951368636595845e+00,3.160367219703844821e+00
1.026466342502287077e+00,3.980179069450330842e-01,8.162754214729917024e+00,3.165152341511197509e+00
1.030339800398522021e+00,3.986169257012651124e-01,8.193557060823236426e+00,3.169915910149225358e+00
1.034213258294757187e+00,3.992132455450969619e-01,8.224359906916557605e+00,3.174658016263196547e+00
1.038086716190992354e+00,3.998068777668946638e-01,8.255162753009878784e+00,3.179378749637333357e+00
1.041960174087227076e+00,4.003978335406793709e-01,8.285965599103198187e+00,3.184078199130651043e+00
1.045833631983462242e+00,4.009861239172451408e-01,8.316768445196519366e+00,3.188756452622227844e+00
1.049707089879697186e+00,4.015717598173044744e-01,8.347571291289838769e+00,3.193413596956695688e+00
1.053580547775932352e+00,4.021547520246314122e-01,8.378374137383159947e+00,3.198049717889713150e+00
1.057454005672167296e+00,4.027351111792055738e-01,8.409176983476479350e+00,3.202664900033443729e+00
1.061327463568402463e+00,4.033128477703572523e-01,8.439979829569800529e+00,3.207259226802045671e+00
1.065200921464637629e+00,4.038879721299106218e-01,8.470782675663121708e+00,3.211832780357142259e+00
1.069074379360872573e+00,4.044604944253284984e-01,8.501585521756441111e+00,3.216385641553308083e+00
1.072947837257107517e+00,4.050304246528562691e-01,8.532388367849762290e+00,3.220917889883548657e+00
1.076821295153342462e+00,4.055977726306657094e-01,8.563191213943081692e+00,3.225429603424776914e+00
1.080694753049577628e+00,4.061625479919998005e-01,8.593994060036402871e+00,3.229920858783298598e+00
1.084568210945812794e+00,4.067247601785448086e-01,8.624796906129724050e+00,3.234391731042105977e+00
1.088441668842047738e+00,4.072844184408618839e-01,8.655599752223043453e+00,3.238842293764309321e+00
1.092315126738282904e+00,4.078415318587518823e-01,8.686402598316364632e+00,3.243272619155084691e+00
1.096188584634517849e+00,4.083961093703448175e-01,8.717205444409684034e+00,3.247682778293000450e+00
1.100062042530753015e+00,4.089481598015848873e-01,8.748008290503005213e+00,3.252072841364491929e+00
1.103935500426987737e+00,4.094976918957169421e-01,8.778811136596324616e+00,3.256442877898345412e+00
1.107808958323222903e+00,4.100447143427704000e-01,8.809613982689645795e+00,3.260792957000162140e+00
1.111682416219458069e+00,4.105892358090456051e-01,8.840416828782966974e+00,3.265123147586843633e+00
1.115555874115693014e+00,4.111312649665989638e-01,8.871219674876286376e+00,3.269433518621065460e+00
1.119429332011928180e+00,4.116708105227280812e-01,8.902022520969607555e+00,3.273724139345750128e+00
1.123302789908163124e+00,4.122078812494573974e-01,8.932825367062926958e+00,3.277995079518547961e+00
1.127176247804398290e+00,4.127424860130238793e-01,8.963628213156248137e+00,3.282246409646313090e+00
1.131049705700633456e+00,4.132746338033614908e-01,8.994431059249569316e+00,3.286478201219574569e+00
1.134923163596868179e+00,4.138043337635274876e-01,9.025233905342888718e+00,3.290690526946540739e+00
1.138796621493103345e+00,4.143315952132434199e-01,9.056036751436209897e+00,3.294883460940305486e+00
1.142670079389338289e+00,4.148564276424467900e-01,9.086839597529529300e+00,3.299057078667568810e+00
1.146543537285573455e+00,4.153788406821612433e-01,9.117642443622850479e+00,3.303211456716987904e+00
1.150416995181808399e+00,4.158988440731253844e-01,9.148445289716169881e+00,3.307346672549704714e+00
1.154290453078043566e+00,4.164164476344183741e-01,9.179248135809491060e+00,3.311462804249847736e+00
1.158163910974278732e+00,4.169316612320864701e-01,9.210050981902812239e+00,3.315559930275041367e+00
1.162037368870513454e+00,4.174444947477695123e-01,9.240853827996131642e+00,3.319638129206914812e+00
1.165910826766748620e+00,4.179549580473274628e-01,9.271656674089452821e+00,3.323697479501610097e+00
1.169784284662983564e+00,4.184630609494661146e-01,9.302459520182772224e+00,3.327738059240286983e+00
1.173657742559218731e+00,4.189688131943632432e-01,9.333262366276093402e+00,3.331759945879628315e+00
1.177531200455453897e+00,4.194722244122954802e-01,9.364065212369414581e+00,3.335763216002349818e+00
1.181404658351688841e+00,4.199733040922646321e-01,9.394868058462733984e+00,3.339747945067710777e+00
1.185278116247924007e+00,4.204720615506247205e-01,9.425670904556055163e+00,3.343714207162025609e+00
1.189151574144158952e+00,4.209685059014895980e-01,9.456473750649374566e+00,3.347662074763336548e+00
1.193025032040393896e+00,4.214626460465557556e-01,9.487276596742695745e+00,3.351591618660483274e+00
1.196898489936628840e+00,4.219544906920846272e-01,9.518079442836015147e+00,3.355502908088148217e+00
1.200771947832864006e+00,4.224440483715680705e-01,9.548882288929336326e+00,3.359396010907101715e+00
1.204645405729099172e+00,4.229313274684598500e-01,9.579685135022657505e+00,3.363270993784968965e+00
1.208518863625334117e+00,4.234163362389084528e-01,9.610487981115976908e+00,3.367127922377005422e+00
1.212392321521569283e+00,4.238990828344880168e-01,9.641290827209298087e+00,3.370966861506862866e+00
1.216265779417804227e+00,4.243795753249315905e-01,9.672093673302617489e+00,3.374787875347368349e+00
1.220139237314039393e+00,4.248578217208626162e-01,9.702896519395938668e+00,3.378591027601293373e+00
1.224012695210274337e+00,4.253338299965268021e-01,9.733699365489259847e+00,3.382376381682121735e+00
1.227886153106509282e+00,4.258076081125243828e-01,9.764502211582579250e+00,3.386144000894826256e+00
1.231759611002744448e+00,4.262791640385425462e-01,9.795305057675900429e+00,3.389893948616640618e+00
1.235633068898979392e+00,4.267485057760869172e-01,9.826107903769219831e+00,3.393626288477828545e+00
1.239506526795214558e+00,4.272156413809318209e-01,9.856910749862541010e+00,3.397341084540213441e+00
1.243379984691449502e+00,4.276805789773513999e-01,9.887713595955860413e+00,3.401038401410349188e+00
1.247253442587684669e+00,4.281433267499423767e-01,9.918516442049181592e+00,3.404718304174492172e+00
1.251126900483919835e+00,4.286038929259755048e-01,9.949319288142502771e+00,3.408380858258254431e+00
1.255000358380154557e+00,4.290622857573383464e-01,9.980122134235822173e+00,3.412026129283008746e+00
1.258873816276389723e+00,4.295185135024793266e-01,1.001092498032914335e+01,3.415654182922300830e+00
1.262747274172624667e+00,4.299725844083506221e-01,1.004172782642246275e+01,3.419265084758255302e+00
1.266620732068859834e+00,4.304245066923516605e-01,1.007253067251578393e+01,3.422858900137985216e+00
1.270494189965095000e+00,4.308742885242720089e-01,1.010333351860910511e+01,3.426435694029996260e+00
1.274367647861329944e+00,4.313219380082354282e-01,1.013413636470242452e+01,3.429995530880599830e+00
1.278241105757565110e+00,4.317674631646433170e-01,1.016493921079574569e+01,3.433538474470324786e+00
1.282114563653799832e+00,4.322108719121167120e-01,1.019574205688906510e+01,3.437064587770311874e+00
1.285988021550034999e+00,4.326521720494411749e-01,1.022654490298238628e+01,3.440573932798737022e+00
1.289861479446269943e+00,4.330913712375349944e-01,1.025734774907570568e+01,3.444066570477415379e+00
1.293734937342505109e+00,4.335284769844771624e-01,1.028815059516902686e+01,3.447542560512740994e+00
1.297608395238740275e+00,4.339634966474645306e-01,1.031895344126234804e+01,3.451001961411248597e+00
1.301481853134975220e+00,4.343964374485185798e-01,1.034975628735566744e+01,3.454444830604521677e+00
1.305355311031210386e+00,4.348273064916852726e-01,1.038055913344898862e+01,3.457871224585966186e+00
1.309228768927445330e+00,4.352561107802336848e-01,1.041136197954230802e+01,3.461281199047583801e+00
1.313102226823680274e+00,4.356828572338582450e-01,1.044216482563562920e+01,3.464674809016765167e+00
1.316975684719915440e+00,4.361075527058786983e-01,1.047296767172895038e+01,3.468052108993071148e+00
1.320849142616150385e+00,4.365302040004415685e-01,1.050377051782226978e+01,3.471413153085022518e+00
1.324722600512385551e+00,4.369508178897197892e-01,1.053457336391559096e+01,3.474757995146877221e+00
1.328596058408620495e+00,4.373694011311145546e-01,1.056537621000891036e+01,3.478086688915424052e+00
1.332469516304855661e+00,4.377859604844553387e-01,1.059617905610223154e+01,3.481399288146762139e+00
1.336342974201090605e+00,4.382005027292004140e-01,1.062698190219555094e+01,3.484695846753084858e+00
1.340216432097325772e+00,4.386130346816381476e-01,1.065778474828887212e+01,3.487976418939468193e+00
1.344089889993560716e+00,4.390235632115239706e-01,1.068858759438219330e+01,3.491241059336174679e+00
1.347963347889795660e+00,4.394320952521695856e-01,1.071939044047551270e+01,3.494489823078883450e+00
1.351836805786030826e+00,4.398386378009220277e-01,1.075019328656883388e+01,3.497722765812501411e+00
1.355710263682265770e+00,4.402431979175206456e-01,1.078099613266215329e+01,3.500939943678096355e+00
1.359583721578500937e+00,4.406457827224266044e-01,1.081179897875547447e+01,3.504141413299615149e+00
1.363457179474736103e+00,4.410463993951516115e-01,1.084260182484879564e+01,3.507327231770589471e+00
1.367330637370971047e+00,4.414450551725871974e-01,1.087340467094211505e+01,3.510497456640852665e+00
1.371204095267206213e+00,4.418417573473334414e-01,1.090420751703543623e+01,3.513652145903248147e+00
1.375077553163440935e+00,4.422365132660281972e-01,1.093501036312875563e+01,3.516791357980343591e+00
1.378951011059676102e+00,4.426293303276763735e-01,1.096581320922207681e+01,3.519915151711144219e+00
1.382824468955911046e+00,4.430202159819783825e-01,1.099661605531539621e+01,3.523023586337800328e+00
1.386697926852146212e+00,4.434091777276598645e-01,1.102741890140871739e+01,3.526116721492325023e+00
1.390571384748381378e+00,4.437962231108005251e-01,1.105822174750203857e+01,3.529194617183304405e+00
1.394444842644616323e+00,4.441813597229210542e-01,1.108902459359535797e+01,3.532257333780684405e+00
1.398318300540851489e+00,4.445645951931688211e-01,1.111982743968867915e+01,3.535304931953628937e+00
1.402191758437086433e+00,4.449459371660723916e-01,1.115063028578199855e+01,3.538337472493617408e+00
1.406065216333321377e+00,4.453253932738295839e-01,1.118143313187531973e+01,3.541355016094072106e+00
1.409938674229556543e+00,4.457029711083947965e-01,1.121223597796864091e+01,3.544357623128388202e+00
1.413812132125791488e+00,4.460786781935686673e-01,1.124303882406196031e+01,3.547345353427981518e+00
1.417685590022026654e+00,4.464525219570859571e-01,1.127384167015528149e+01,3.550318266060325634e+00
1.421559047918261598e+00,4.468245097027040980e-01,1.130464451624860089e+01,3.553276419106990769e+00
1.425432505814496764e+00,4.471946485822926864e-01,1.133544736234192207e+01,3.556219869441691106e+00
1.429305963710731708e+00,4.475629455679210333e-01,1.136625020843524148e+01,3.559148672508318345e+00
1.433179421606966653e+00,4.479294074239472678e-01,1.139705305452856265e+01,3.562062882098984140e+00
1.437052879503201819e+00,4.482940406791072752e-01,1.142785590062188383e+01,3.564962550132065644e+00
1.440926337399436763e+00,4.486568515986020800e-01,1.145865874671520324e+01,3.567847726430235067e+00
1.444799795295671929e+00,4.490178461564358070e-01,1.148946159280852441e+01,3.570718458500483639e+00
1.448673253191906873e+00,4.493770300195923384e-01,1.152026443890184382e+01,3.573574791408288931e+00
1.452546711088142040e+00,4.497344085749108156e-01,1.155106728499516500e+01,3.576416767991338563e+00
1.456420168984377206e+00,4.500899869795906283e-01,1.158187013108848618e+01,3.579244429261158267e+00
1.460293626880612150e+00,4.504437702132148558e-01,1.161267297718180558e+01,3.582057814816817842e+00
1.464167084776847094e+00,4.507957631297729861e-01,1.164347582327512676e+01,3.584856963258632234e+00
1.468040542673082038e+00,4.511459705096841910e-01,1.167427866936844616e+01,3.587641912601862160e+00
1.471914000569317205e+00,4.514943971118207111e-01,1.170508151546176734e+01,3.590412700690423176e+00
1.475787458465552149e+00,4.518410477255308533e-01,1.173588436155508674e+01,3.593169365610583199e+00
1.479660916361787315e+00,4.521859272226624871e-01,1.176668720764840792e+01,3.595911946104672019e+00
1.483534374258022481e+00,4.525290406095859863e-01,1.179749005374172910e+01,3.598640481984779260e+00
1.487407832154257425e+00,4.528703930792175592e-01,1.182829289983504850e+01,3.601355014546461675e+00
1.491281290050492592e+00,4.532099900630425227e-01,1.185909574592836968e+01,3.604055586982445547e+00
1.495154747946727314e+00,4.535478372829796490e-01,1.188989859202168908e+01,3.606742244795066554e+00
1.499028205842962480e+00,4.538839407915917779e-01,1.192070143811501026e+01,3.609415036116037978e+00
1.502901663739197646e+00,4.542183069601735124e-01,1.195150428420833144e+01,3.612074011611717594e+00
1.506775121635432590e+00,4.545509424317114577e-01,1.198230713030165084e+01,3.614719224109037565e+00
1.510648579531667757e+00,4.548818540708702840e-01,1.201310997639497202e+01,3.617350728197775478e+00
1.514522037427902701e+00,4.552110489139780114e-01,1.204391282248829143e+01,3.619968579832827160e+00
1.518395495324137867e+00,4.555385341190122395e-01,1.207471566858161260e+01,3.622572835936479052e+00
1.522268953220373033e+00,4.558643169155849328e-01,1.210551851467493378e+01,3.625163554000675248e+00
1.526142411116607756e+00,4.561884045549272626e-01,1.213632136076825319e+01,3.627740791689282318e+00
1.530015869012842922e+00,4.565108042598757798e-01,1.216712420686157436e+01,3.630304606440363901e+00
1.533889326909077866e+00,4.568315231748570904e-01,1.219792705295489377e+01,3.632855055068445971e+00
1.537762784805313032e+00,4.571505683158734734e-01,1.222872989904821495e+01,3.635392193366786984e+00
1.541636242701547976e+00,4.574679465204880557e-01,1.225953274514153435e+01,3.637916075709646702e+00
1.545509700597783143e+00,4.577836643979404374e-01,1.229033559123485553e+01,3.640426754655589736e+00
1.549383158494018309e+00,4.580977282884405866e-01,1.232113843732817671e+01,3.642924280623781819e+00
1.553256616390253253e+00,4.584101442628092382e-01,1.235194128342149611e+01,3.645408701891127201e+00
1.557130074286488197e+00,4.587209181488819953e-01,1.238274412951481729e+01,3.647880064802242472e+00
1.561003532182723141e+00,4.590300555601292687e-01,1.241354697560813669e+01,3.650338413997051834e+00
1.564876990078958308e+00,4.593375619242804908e-01,1.244434982170145787e+01,3.652783792638413463e+00
1.568750447975193474e+00,4.596434425119443890e-01,1.247515266779477905e+01,3.655216242639717006e+00
1.572623905871428418e+00,4.599477024652320334e-01,1.250595551388809845e+01,3.657635804892501064e+00
1.576497363767663584e+00,4.602503468263795527e-01,1.253675835998141963e+01,3.660042519494072000e+00
1.580370821663898528e+00,4.605513805663687399e-01,1.256756120607473903e+01,3.662436425975099219e+00
1.584244279560133473e+00,4.608508086135507109e-01,1.259836405216806021e+01,3.664817563527242417e+00
1.588117737456368417e+00,4.611486358822677323e-01,1.262916689826137961e+01,3.667185971230757513e+00
1.591991195352603583e+00,4.614448673014749369e-01,1.265996974435470079e+01,3.669541688282107028e+00
1.595864653248838749e+00,4.617395078432199318e-01,1.269077259044802197e+01,3.671884754220436697e+00
1.599738111145073693e+00,4.620325625453081675e-01,1.272157543654134138e+01,3.674215209107818403e+00
1.603611569041308860e+00,4.623240365147603392e-01,1.275237828263466255e+01,3.676533093556742404e+00
1.607485026937543804e+00,4.626139349214780094e-01,1.278318112872798196e+01,3.678838448679745632e+00
1.611358484833778970e+00,4.629022629913544518e-01,1.281398397482130314e+01,3.681131316034627954e+00
1.615231942730013914e+00,4.631890259993829417e-01,1.284478682091462431e+01,3.683411737569645794e+00
1.619105400626248858e+00,4.634742292627658244e-01,1.287558966700794372e+01,3.685679755568714189e+00
1.622978858522484025e+00,4.637578781340245260e-01,1.290639251310126490e+01,3.687935412596616391e+00
1.626852316418718969e+00,4.640399779941077330e-01,1.293719535919458430e+01,3.690178751444196603e+00
1.630725774314954135e+00,4.643205342455014595e-01,1.296799820528790548e+01,3.692409815073570023e+00
1.634599232211189079e+00,4.645995523053377263e-01,1.299880105138122488e+01,3.694628646563321794e+00
1.638472690107424246e+00,4.648770375985037950e-01,1.302960389747454606e+01,3.696835289053708173e+00
1.642346148003659412e+00,4.651529955507517355e-01,1.306040674356786724e+01,3.699029785691862582e+00
1.646219605899894134e+00,4.654274315818121011e-01,1.309120958966118664e+01,3.701212179577034522e+00
1.650093063796129300e+00,4.657003510985955330e-01,1.312201243575450782e+01,3.703382513706525270e+00
1.653966521692364244e+00,4.659717594885547931e-01,1.315281528184782722e+01,3.705540830922900764e+00
1.657839979588599411e+00,4.662416621130947014e-01,1.318361812794114840e+01,3.707687173861588192e+00
1.661713437484834577e+00,4.665100643009834624e-01,1.321442097403446958e+01,3.709821584898477020e+00
1.665586895381069521e+00,4.667769713417638244e-01,1.324522382012778898e+01,3.711944106097525342e+00
1.669460353277304687e+00,4.670423884791632951e-01,1.327602666622111016e+01,3.714054779158356023e+00
1.673333811173539631e+00,4.673063209045055788e-01,1.330682951231442956e+01,3.716153645363861280e+00
1.677207269069774576e+00,4.675687737501212915e-01,1.333763235840775074e+01,3.718240745527803703e+00
1.681080726966009520e+00,4.678297520827592870e-01,1.336843520450107015e+01,3.720316119942419952e+00
1.684954184862244686e+00,4.680892608969974833e-01,1.339923805059439132e+01,3.722379808326023554e+00
1.688827642758479852e+00,4.683473051086532446e-01,1.343004089668771250e+01,3.724431849770602376e+00
1.692701100654714796e+00,4.686038895482204647e-01,1.346084374278103191e+01,3.726472282689626159e+00
1.696574558550949963e+00,4.688590189572608424e-01,1.349164658887435309e+01,3.728501144789350796e+00
1.700448016447184907e+00,4.691126980009805991e-01,1.352244943496767249e+01,3.730518473168831672e+00
1.704321474343420073e+00,4.693649312938388274e-01,1.355325228106099367e+01,3.732524304523569203e+00
1.708194932239655017e+00,4.696157234265509461e-01,1.358405512715431485e+01,3.734518675360245954e+00
1.712068390135889961e+00,4.698650789930942651e-01,1.361485797324763425e+01,3.736501622211485074e+00
1.715941848032125128e+00,4.701130026177154364e-01,1.364566081934095543e+01,3.738473181850619831e+00
1.719815305928360072e+00,4.703594989819355199e-01,1.367646366543427483e+01,3.740433391506445382e+00
1.723688763824595238e+00,4.706045728515566573e-01,1.370726651152759601e+01,3.742382289077985202e+00
1.727562221720830182e+00,4.708482291036674150e-01,1.373806935762091541e+01,3.744319913349243745e+00
1.731435679617065349e+00,4.710904727536507908e-01,1.376887220371423659e+01,3.746246304203982191e+00
1.735309137513300293e+00,4.713313089821876689e-01,1.379967504980755777e+01,3.748161502840458681e+00
1.739182595409535237e+00,4.715707431622647161e-01,1.383047789590087717e+01,3.750065551986200507e+00
1.743056053305770403e+00,4.718087808836550767e-01,1.386128074199419835e+01,3.751958496092684392e+00
1.746929511202005347e+00,4.720454279458942692e-01,1.389208358808751775e+01,3.753840381279477167e+00
1.750802969098240514e+00,4.722806903025752456e-01,1.392288643418083893e+01,3.755711254891254569e+00
1.754676426994475680e+00,4.725145739942568368e-01,1.395368928027416011e+01,3.757571164964268906e+00
1.758549884890710624e+00,4.727470850812027225e-01,1.398449212636747951e+01,3.759420159691472918e+00
1.762423342786945790e+00,4.729782295761205124e-01,1.401529497246080069e+01,3.761258286887638302e+00
1.766296800683180512e+00,4.732080133768996610e-01,1.404609781855412010e+01,3.763085593454470246e+00
1.770170258579415679e+00,4.734364421993504379e-01,1.407690066464744127e+01,3.764902124845729059e+00
1.774043716475650623e+00,4.736635215099431750e-01,1.410770351074076068e+01,3.766707924532351370e+00
1.777917174371885789e+00,4.738892564585465150e-01,1.413850635683408186e+01,3.768503033467566876e+00
1.781790632268120955e+00,4.741136518111657705e-01,1.416930920292740304e+01,3.770287489552014204e+00
1.785664090164355899e+00,4.743367118826826156e-01,1.420011204902072244e+01,3.772061327098867878e+00
1.789537548060591066e+00,4.745584404721462923e-01,1.423091489511404362e+01,3.773824576319254831e+00
1.793411005956826010e+00,4.747788408465553056e-01,1.426171774120736302e+01,3.775577263193282906e+00
1.797284463853060954e+00,4.749979158250309252e-01,1.429252058730068420e+01,3.777319410139410749e+00
1.801157921749296120e+00,4.752156678951237057e-01,1.432332343339400538e+01,3.779051036939353292e+00
1.805031379645531064e+00,4.754320993299926967e-01,1.435412627948732478e+01,3.780772161669922138e+00
1.808904837541766231e+00,4.756472123055855983e-01,1.438492912558064596e+01,3.782482801634875713e+00
1.812778295438001175e+00,4.758610090178178598e-01,1.441573197167396536e+01,3.784182974296762314e+00
1.816651753334236341e+00,4.760734917997508919e-01,1.444653481776728654e+01,3.785872698208754716e+00
1.820525211230471285e+00,4.762846632387743306e-01,1.447733766386060594e+01,3.787551993946515427e+00
1.824398669126706451e+00,4.764945262937829162e-01,1.450814050995392712e+01,3.789220885040023301e+00
1.828272127022941396e+00,4.767030844123574251e-01,1.453894335604724830e+01,3.790879398905426800e+00
1.832145584919176340e+00,4.769103416479432145e-01,1.456974620214056770e+01,3.792527567776884379e+00
1.836019042815411506e+00,4.771163027724089067e-01,1.460054904823388888e+01,3.794165429601661366e+00
1.839892500711646450e+00,4.773209733131834054e-01,1.463135189432720829e+01,3.795793028335454622e+00
1.843765958607881617e+00,4.775243594495175992e-01,1.466215474042052946e+01,3.797410413117435990e+00
1.847639416504116783e+00,4.777264678682778265e-01,1.469295758651385064e+01,3.799017637123481617e+00
1.851512874400351727e+00,4.779273056188361180e-01,1.472376043260717005e+01,3.800614756412215467e+00
1.855386332296586671e+00,4.781268799679585513e-01,1.475456327870049122e+01,3.802201828771042180e+00
1.859259790192821615e+00,4.783251982546946057e-01,1.478536612479381063e+01,3.803778912562183923e+00
1.863133248089056782e+00,4.785222677452665163e-01,1.481616897088713181e+01,3.805346065568719904e+00
1.867006705985291726e+00,4.787180954879578509e-01,1.484697181698045121e+01,3.806903343840619236e+00
1.870880163881526892e+00,4.789126881680033643e-01,1.487777466307377239e+01,3.808450800540782222e+00
1.874753621777762058e+00,4.791060519624775749e-01,1.490857750916709357e+01,3.809988484791074104e+00
1.878627079673997002e+00,4.792981923952224221e-01,1.493938035526041297e+01,3.811516440518667448e+00
1.882500537570232169e+00,4.794891142058281264e-01,1.497018320135373415e+01,3.813034705414140024e+00
1.886373995466466891e+00,4.796788213328668782e-01,1.500098604744705355e+01,3.814543310798146347e+00
1.890247453362702057e+00,4.798673170245496555e-01,1.503178889354037473e+01,3.816042282501388883e+00
1.894120911258937223e+00,4.800546039698724288e-01,1.506259173963369591e+01,3.817531641907534024e+00
1.897994369155172167e+00,4.802406844298902078e-01,1.509339458572701531e+01,3.819011406997138813e+00
1.901867827051407334e+00,4.804255603689901455e-01,1.512419743182033649e+01,3.820481593391571895e+00
1.905741284947642278e+00,4.806092335861650300e-01,1.515500027791365589e+01,3.821942215396938458e+00
1.909614742843877444e+00,4.807917058462868876e-01,1.518580312400697707e+01,3.823393287048006961e+00
1.913488200740112388e+00,4.809729790113804193e-01,1.521660597010029647e+01,3.824834823152130525e+00
1.917361658636347332e+00,4.811530551718960491e-01,1.524740881619361765e+01,3.826266840333169217e+00
1.921235116532582499e+00,4.813319367779834712e-01,1.527821166228693883e+01,3.827689358075415438e+00
1.925108574428817443e+00,4.815096267693616539e-01,1.530901450838025823e+01,3.829102399756354913e+00
1.928982032325052609e+00,4.816861286627922567e-01,1.533981735447357941e+01,3.830505993342284476e+00
1.932855490221287553e+00,4.818614465215660392e-01,1.537062020056689882e+01,3.831900171145654177e+00
1.936728948117522719e+00,4.820355848740714433e-01,1.540142304666022000e+01,3.833284969177506607e+00
1.940602406013757886e+00,4.822085486301049828e-01,1.543222589275354117e+01,3.834660426481947937e+00
1.944475863909992830e+00,4.823803429971778578e-01,1.546302873884686058e+01,3.836026584470599410e+00
1.948349321806227774e+00,4.825509733968281201e-01,1.549383158494018176e+01,3.837383486257082588e+00
1.952222779702462718e+00,4.827204453809265661e-01,1.552463443103350116e+01,3.838731175991463740e+00
1.956096237598697885e+00,4.828887645479873481e-01,1.555543727712682234e+01,3.840069698194730208e+00
1.959969695494932829e+00,4.830559364594764760e-01,1.558624012322014174e+01,3.841399097093252113e+00
1.963843153391167995e+00,4.832219665561207633e-01,1.561704296931346292e+01,3.842719415953246731e+00
1.967716611287403161e+00,4.833868600743908006e-01,1.564784581540678410e+01,3.844030696416626647e+00
1.971590069183638105e+00,4.835506219761767088e-01,1.567864866150010350e+01,3.845332977941763097e+00
1.975463527079873272e+00,4.837132569383325031e-01,1.570945150759342468e+01,3.846626297720337817e+00
1.979336984976107994e+00,4.838747693830975360e-01,1.574025435368674408e+01,3.847910690919264631e+00
1.983210442872343160e+00,4.840351635120397344e-01,1.577105719978006526e+01,3.849186190950613984e+00
1.987083900768578326e+00,4.841944433399992254e-01,1.580186004587338644e+01,3.850452829741544569e+00
1.990957358664813270e+00,4.843526127290350702e-01,1.583266289196670584e+01,3.851710638004254950e+00
1.994830816561048437e+00,4.845096754223673918e-01,1.586346573806002702e+01,3.852959645505903641e+00
1.998704274457283381e+00,4.846656350783247746e-01,1.589426858415334642e+01,3.854199881338566946e+00
2.002577732353518325e+00,4.848204953042871135e-01,1.592507143024666760e+01,3.855431374189161708e+00
2.006451190249753491e+00,4.849742596906305159e-01,1.595587427633998878e+01,3.856654152609387598e+00
2.010324648145988657e+00,4.851269318446225220e-01,1.598667712243330818e+01,3.857868245285268394e+00
2.014198106042223824e+00,4.852785154205769280e-01,1.601747996852662936e+01,3.859073681276953494e+00
2.018071563938458546e+00,4.854290141332587294e-01,1.604828281461994877e+01,3.860270490125317977e+00
2.021945021834693268e+00,4.855784317599788902e-01,1.607908566071326817e+01,3.861458701868619503e+00
2.025818479730928878e+00,4.857267721417290463e-01,1.610988850680659112e+01,3.862638347051523091e+00
2.029691937627163600e+00,4.858740391843160422e-01,1.614069135289991053e+01,3.863809456734123682e+00
2.033565395523398767e+00,4.860202368594978006e-01,1.617149419899322993e+01,3.864972062500976691e+00
2.037438853419633933e+00,4.861653692061166931e-01,1.620229704508655288e+01,3.866126196470113019e+00
2.041312311315869099e+00,4.863094403312351877e-01,1.623309989117987229e+01,3.867271891302069164e+00
2.045185769212103821e+00,4.864524544112699966e-01,1.626390273727319169e+01,3.868409180208906673e+00
2.049059227108338987e+00,4.865944156931273912e-01,1.629470558336651109e+01,3.869538096963239582e+00
2.052932685004574154e+00,4.867353284949782477e-01,1.632550842945983405e+01,3.870658675904399715e+00
2.056806142900808876e+00,4.868751971970209924e-01,1.635631127555315345e+01,3.871770951864978105e+00
2.060679600797044042e+00,4.870140262056704694e-01,1.638711412164647285e+01,3.872874959886047463e+00
2.064553058693279208e+00,4.871518199068078925e-01,1.641791696773979581e+01,3.873970734845390673e+00
2.068426516589514375e+00,4.872885826185784919e-01,1.644871981383311521e+01,3.875058311082135276e+00
2.072299974485749097e+00,4.874243185441907711e-01,1.647952265992643461e+01,3.876137722021397725e+00
2.076173432381984707e+00,4.875590317247138761e-01,1.651032550601975757e+01,3.877208999798917421e+00
2.080046890278219429e+00,4.876927259918760749e-01,1.654112835211307697e+01,3.878272174885694312e+00
2.083920348174454151e+00,4.878254049208639032e-01,1.657193119820639637e+01,3.879327275712635359e+00
2.087793806070689318e+00,4.879570717831190896e-01,1.660273404429971578e+01,3.880374328295181474e+00
2.091667263966924484e+00,4.880877294991882720e-01,1.663353689039303873e+01,3.881413355858355896e+00
2.095540721863159650e+00,4.882173806033979768e-01,1.666433973648635813e+01,3.882444378555848896e+00
2.099414179759394372e+00,4.883460272919499245e-01,1.669514258257967754e+01,3.883467413852484285e+00
2.103287637655629982e+00,4.884736715540353713e-01,1.672594542867300049e+01,3.884482477566881808e+00
2.107161095551864705e+00,4.886003153145748179e-01,1.675674827476631989e+01,3.885489585006559388e+00
2.111034553448099871e+00,4.887259605770061244e-01,1.678755112085963930e+01,3.886488752103428368e+00
2.114908011344334593e+00,4.888506095660739015e-01,1.681835396695295870e+01,3.887479996549295436e+00
2.118781469240569759e+00,4.889742648706169037e-01,1.684915681304628166e+01,3.888463338931347213e+00
2.122654927136804925e+00,4.890969295863578647e-01,1.687995965913960106e+01,3.889438803867657057e+00
2.126528385033039648e+00,4.892186074586902800e-01,1.691076250523292046e+01,3.890406421142666105e+00
2.130401842929275258e+00,4.893393030254610254e-01,1.694156535132624342e+01,3.891366226842632337e+00
2.134275300825509980e+00,4.894590217471523896e-01,1.697236819741956282e+01,3.892318264390874027e+00
2.138148758721745146e+00,4.895777699918114623e-01,1.700317104351288222e+01,3.893262584427924278e+00
2.142022216617979868e+00,4.896955548083261056e-01,1.703397388960620162e+01,3.894199243008557687e+00
2.145895674514215035e+00,4.898123836533262443e-01,1.706477673569952458e+01,3.895128299430029806e+00
2.149769132410450201e+00,4.899282641174796948e-01,1.709557958179284398e+01,3.896049814055504434e+00
2.153642590306684923e+00,4.900432036517898826e-01,1.712638242788616338e+01,3.896963846137494247e+00
2.157516048202920533e+00,4.901572092938921155e-01,1.715718527397948634e+01,3.897870451641288980e+00
2.161389506099155255e+00,4.902702873943498574e-01,1.718798812007280574e+01,3.898769681068388504e+00
2.165262963995390422e+00,4.903824433429526675e-01,1.721879096616612514e+01,3.899661577279941671e+00
2.169136421891625588e+00,4.904936812950430047e-01,1.724959381225944810e+01,3.900546173320421417e+00
2.173009879787860310e+00,4.906040039223261706e-01,1.728039665835276750e+01,3.901423490435993457e+00
2.176883337684095476e+00,4.907134124058850633e-01,1.731119950444608691e+01,3.902293538018966501e+00
2.180756795580330198e+00,4.908219067438038263e-01,1.734200235053940631e+01,3.903156316054106068e+00
2.184630253476565809e+00,4.909294861192929904e-01,1.737280519663272926e+01,3.904011818046067450e+00
2.188503711372800531e+00,4.910361492693999241e-01,1.740360804272604867e+01,3.904860033951490283e+00
2.192377169269035697e+00,4.911418948537193407e-01,1.743441088881936807e+01,3.905700953111088225e+00
2.196250627165270863e+00,4.912467218231053034e-01,1.746521373491269102e+01,3.906534567181751960e+00
2.200124085061506030e+00,4.913506297883805662e-01,1.749601658100601043e+01,3.907360873068632667e+00
2.203997542957740752e+00,4.914536193890484128e-01,1.752681942709932983e+01,3.908179875857243690e+00
2.207871000853975474e+00,4.915556926610591404e-01,1.755762227319264923e+01,3.908991591738044669e+00
2.211744458750211084e+00,4.916568533271411523e-01,1.758842511928597219e+01,3.909796050315237803e+00
2.215617916646445806e+00,4.917571067228989623e-01,1.761922796537929159e+01,3.910593294019077071e+00
2.219491374542680973e+00,4.918564594661358758e-01,1.765003081147261099e+01,3.911383375476229496e+00
2.223364832438916139e+00,4.919549191030919144e-01,1.768083365756593395e+01,3.912166354696556159e+00
2.227238290335151305e+00,4.920524937546596478e-01,1.771163650365925335e+01,3.912942296259718677e+00
2.231111748231386027e+00,4.921491917626032997e-01,1.774243934975257275e+01,3.913711266501815444e+00
2.234985206127620749e+00,4.922450213357766891e-01,1.777324219584589216e+01,3.914473330702001430e+00
2.238858664023856360e+00,4.923399901963412262e-01,1.780404504193921511e+01,3.915228550269115093e+00
2.242732121920091082e+00,4.924341052259958995e-01,1.783484788803253451e+01,3.915976979928396773e+00
2.246605579816326248e+00,4.925273721302052543e-01,1.786565073412585392e+01,3.916718665051333925e+00
2.250479037712561414e+00,4.926197953092049664e-01,1.789645358021917687e+01,3.917453640629860345e+00
2.254352495608796580e+00,4.927113780294840595e-01,1.792725642631249627e+01,3.918181932640032450e+00
2.258225953505031303e+00,4.928021226609022865e-01,1.795805927240581568e+01,3.918903559927652491e+00
2.262099411401266913e+00,4.928920309146559431e-01,1.798886211849913863e+01,3.919618536100643702e+00
2.265972869297501635e+00,4.929811040812461798e-01,1.801966496459245803e+01,3.920326871421440984e+00
2.269846327193736357e+00,4.930693432684444821e-01,1.805046781068577744e+01,3.921028574699359837e+00
2.273719785089971523e+00,4.931567496392607608e-01,1.808127065677909684e+01,3.921723655182987933e+00
2.277593242986206690e+00,4.932433246499082768e-01,1.811207350287241979e+01,3.922412124452550941e+00
2.281466700882441856e+00,4.933290702810292916e-01,1.814287634896573920e+01,3.923093998258682102e+00
2.285340158778676578e+00,4.934139891625764496e-01,1.817367919505905860e+01,3.923769297515518506e+00
2.289213616674912188e+00,4.934980845047273745e-01,1.820448204115238156e+01,3.924438047751311220e+00
2.293087074571146911e+00,4.935813599744648950e-01,1.823528488724570096e+01,3.925100278126957498e+00
2.296960532467381633e+00,4.936638195710037480e-01,1.826608773333902036e+01,3.925756020445357652e+00
2.300833990363616799e+00,4.937454675012130645e-01,1.829689057943233976e+01,3.926405308160739960e+00
2.304707448259851965e+00,4.938263080550399087e-01,1.832769342552566272e+01,3.927048175387991336e+00
2.308580906156087131e+00,4.939063454809344278e-01,1.835849627161898212e+01,3.927684655912003553e+00
2.312454364052321854e+00,4.939855838612791095e-01,1.838929911771230152e+01,3.928314782197050548e+00
2.316327821948557464e+00,4.940640269949667096e-01,1.842010196380562448e+01,3.928938584453015359e+00
2.320201279844792186e+00,4.941416783568994830e-01,1.845090480989894388e+01,3.929556090313315764e+00
2.324074737741026908e+00,4.942185411639523629e-01,1.848170765599226328e+01,3.930167325359462005e+00
2.327948195637262074e+00,4.942946184629488093e-01,1.851251050208558269e+01,3.930772313820666497e+00
2.331821653533497241e+00,4.943699132188905110e-01,1.854331334817890564e+01,3.931371079275471025e+00
2.335695111429732407e+00,4.944444284031862535e-01,1.857411619427222504e+01,3.931963645353369952e+00
2.339568569325967129e+00,4.945181670818810660e-01,1.860491904036554445e+01,3.932550036436429863e+00
2.343442027222202739e+00,4.945911325038853668e-01,1.863572188645886740e+01,3.933130278360917220e+00
2.347315485118437461e+00,4.946633281888302425e-01,1.866652473255218680e+01,3.933704399115946160e+00
2.351188943014672628e+00,4.947347579904273207e-01,1.869732757864550621e+01,3.934272429347334565e+00
2.355062400910907794e+00,4.948054260559762163e-01,1.872813042473882916e+01,3.934834402035596312e+00
2.358935858807142516e+00,4.948753367191752739e-01,1.875893327083214857e+01,3.935390351643540896e+00
2.362809316703377682e+00,4.949444943876490366e-01,1.878973611692546797e+01,3.935940313221860887e+00
2.366682774599612404e+00,4.950129034304724396e-01,1.882053896301878737e+01,3.936484321514691409e+00
2.370556232495848015e+00,4.950805680656975016e-01,1.885134180911211033e+01,3.937022410065188716e+00
2.374429690392082737e+00,4.951474922478771856e-01,1.888214465520542973e+01,3.937554610321090998e+00
2.378303148288317903e+00,4.952136795556312254e-01,1.891294750129874913e+01,3.938080950740606045e+00
2.382176606184553069e+00,4.952791330960135685e-01,1.894375034739207209e+01,3.938601456031916914e+00
2.386050064080787791e+00,4.953438555503711371e-01,1.897455319348539149e+01,3.939116147517861766e+00
2.389923521977022958e+00,4.954078493824511931e-01,1.900535603957871089e+01,3.939625044790864283e+00
2.393796979873257680e+00,4.954711170734807379e-01,1.903615888567203029e+01,3.940128167582351626e+00
2.397670437769493290e+00,4.955336613574248816e-01,1.906696173176535325e+01,3.940625537633597464e+00
2.401543895665728012e+00,4.955954854562479861e-01,1.909776457785867265e+01,3.941117180566584555e+00
2.405417353561963179e+00,4.956565933151730885e-01,1.912856742395199205e+01,3.941603127754855773e+00
2.409290811458198345e+00,4.957169898378948059e-01,1.915937027004531501e+01,3.942083418193994326e+00
2.413164269354433511e+00,4.957766810901877985e-01,1.919017311613863441e+01,3.942558100120777898e+00
2.417037727250668233e+00,4.958356742023556918e-01,1.922097596223195382e+01,3.943027230237420966e+00
2.420911185146902955e+00,4.958939768915272550e-01,1.925177880832527322e+01,3.943490869912741559e+00
2.424784643043138566e+00,4.959515969132314850e-01,1.928258165441859617e+01,3.943949080820926323e+00
2.428658100939373288e+00,4.960085415123368646e-01,1.931338450051191558e+01,3.944401920575243636e+00
2.432531558835608454e+00,4.960648168739936192e-01,1.934418734660523498e+01,3.944849438361778482e+00
2.436405016731843620e+00,4.961204275745723091e-01,1.937499019269855793e+01,3.945291670573139786e+00
2.440278474628078786e+00,4.961753760334488006e-01,1.940579303879187734e+01,3.945728636448897042e+00
2.444151932524313509e+00,4.962296620865250252e-01,1.943659588488519674e+01,3.946160334684095439e+00
2.448025390420548675e+00,4.962832832843250275e-01,1.946739873097851969e+01,3.946586745799801399e+00
2.451898848316783841e+00,4.963362358163049270e-01,1.949820157707183910e+01,3.947007839493478443e+00
2.455772306213018563e+00,4.963885155086746881e-01,1.952900442316515850e+01,3.947423582573953649e+00
2.459645764109253729e+00,4.964401188223876993e-01,1.955980726925847790e+01,3.947833946897715496e+00
2.463519222005488896e+00,4.964910438511329627e-01,1.959061011535180086e+01,3.948238917305232132e+00
2.467392679901724062e+00,4.965412913193249511e-01,1.962141296144512026e+01,3.948638499557255876e+00
2.471266137797958784e+00,4.965908655558849416e-01,1.965221580753843966e+01,3.949032728078607946e+00
2.475139595694193950e+00,4.966397749109537352e-01,1.968301865363176262e+01,3.949421669271997892e+00
2.479013053590429116e+00,4.966880308639110009e-01,1.971382149972508202e+01,3.949805414424739425e+00
2.482886511486663839e+00,4.967356466545431726e-01,1.974462434581840142e+01,3.950184068823404893e+00
2.486759969382899005e+00,4.967826358980572676e-01,1.977542719191172083e+01,3.950557740740018087e+00
2.490633427279134171e+00,4.968290112000918746e-01,1.980623003800504378e+01,3.950926530418225724e+00
2.494506885175369337e+00,4.968747827717293064e-01,1.983703288409836318e+01,3.951290519059477369e+00
2.498380343071604059e+00,4.969199570503556318e-01,1.986783573019168259e+01,3.951649757855710821e+00
2.502253800967839670e+00,4.969645356878008013e-01,1.989863857628500554e+01,3.952004259942750064e+00
2.506127258864074392e+00,4.970085160624709841e-01,1.992944142237832494e+01,3.952354004472930171e+00
2.510000716760309114e+00,4.970518927513694618e-01,1.996024426847164435e+01,3.952698948321029526e+00
2.513874174656544724e+00,4.970946590761403661e-01,1.999104711456496730e+01,3.953039038378849845e+00
2.517747632552779447e+00,4.971368086491351757e-01,2.002184996065828670e+01,3.953374223849981384e+00
2.521621090449014613e+00,4.971783369194803237e-01,2.005265280675160611e+01,3.953704468544575246e+00
2.525494548345249335e+00,4.972192427149534355e-01,2.008345565284492551e+01,3.954029763140782805e+00
2.529368006241484945e+00,4.972595294629577611e-01,2.011425849893824847e+01,3.954350134894296431e+00
2.533241464137719667e+00,4.972992049483091481e-01,2.014506134503156787e+01,3.954665645712200028e+00
2.537114922033954389e+00,4.973382800676957594e-01,2.017586419112488727e+01,3.954976382248077460e+00
2.540988379930190000e+00,4.973767674972279229e-01,2.020666703721821023e+01,3.955282445305987604e+00
2.544861837826424722e+00,4.974146803599331923e-01,2.023746988331152963e+01,3.955583939244001535e+00
2.548735295722659888e+00,4.974520308932521839e-01,2.026827272940484903e+01,3.955880961377750804e+00
2.552608753618894610e+00,4.974888291265602280e-01,2.029907557549816843e+01,3.956173591463699513e+00
2.556482211515130221e+00,4.975250819212885256e-01,2.032987842159149139e+01,3.956461884065912926e+00
2.560355669411364943e+00,4.975607931329118494e-01,2.036068126768481079e+01,3.956745869844229269e+00
2.564229127307599665e+00,4.975959643096631857e-01,2.039148411377813019e+01,3.957025561110641743e+00
2.568102585203835275e+00,4.976305954191257985e-01,2.042228695987145315e+01,3.957300957607362335e+00
2.571976043100069997e+00,4.976646855748212972e-01,2.045308980596477255e+01,3.957572052284861197e+00
2.575849500996305164e+00,4.976982337627767761e-01,2.048389265205809195e+01,3.957838837079735939e+00
2.579722958892539886e+00,4.977312395400597667e-01,2.051469549815141136e+01,3.958101308469660129e+00
2.583596416788775496e+00,4.977637034309987385e-01,2.054549834424473431e+01,3.958359470624244203e+00
2.587469874685010218e+00,4.977956269042851933e-01,2.057630119033805371e+01,3.958613335222943785e+00
2.591343332581245384e+00,4.978270122632504346e-01,2.060710403643137312e+01,3.958862920582508327e+00
2.595216790477480551e+00,4.978578625351423037e-01,2.063790688252469607e+01,3.959108250776479654e+00
2.599090248373715273e+00,4.978881813604018047e-01,2.066870972861801548e+01,3.959349354754686079e+00
2.602963706269950439e+00,4.979179728821103157e-01,2.069951257471133488e+01,3.959586265464098087e+00
2.606837164166185605e+00,4.979472416402618840e-01,2.073031542080465783e+01,3.959819019008046670e+00
2.610710622062420772e+00,4.979759924789987635e-01,2.076111826689797724e+01,3.960047653908538745e+00
2.614584079958655494e+00,4.980042304592429692e-01,2.079192111299129664e+01,3.960272210411474703e+00
2.618457537854890660e+00,4.980319607715587571e-01,2.082272395908461604e+01,3.960492729793707589e+00
2.622330995751125826e+00,4.980591886490116083e-01,2.085352680517793900e+01,3.960709253670072538e+00
2.626204453647360548e+00,4.980859192805359714e-01,2.088432965127125840e+01,3.960921823304460965e+00
2.630077911543595715e+00,4.981121577469479478e-01,2.091513249736457780e+01,3.961130479100977819e+00
2.633951369439830881e+00,4.981379090358279971e-01,2.094593534345790076e+01,3.961335260722290030e+00
2.637824827336066047e+00,4.981631780986429114e-01,2.097673818955122016e+01,3.961536207543880028e+00
2.641698285232300769e+00,4.981879699104568848e-01,2.100754103564453956e+01,3.961733359128881915e+00
2.645571743128535935e+00,4.982122895296436371e-01,2.103834388173785896e+01,3.961926755702931402e+00
2.649445201024771102e+00,4.982361421553992975e-01,2.106914672783118192e+01,3.962116438611525293e+00
2.653318658921006268e+00,4.982595331106846603e-01,2.109994957392450132e+01,3.962302450184370883e+00
2.657192116817240990e+00,4.982824676027666211e-01,2.113075242001782073e+01,3.962484831831146082e+00
2.661065574713476156e+00,4.983049503810789149e-01,2.116155526611114368e+01,3.962663621320706930e+00
2.664939032609711322e+00,4.983269853900254565e-01,2.119235811220446308e+01,3.962838850020083292e+00
2.668812490505946045e+00,4.983485754217894526e-01,2.122316095829778249e+01,3.963010540133514503e+00
2.672685948402181211e+00,4.983697217963151682e-01,2.125396380439110189e+01,3.963178702157575728e+00
2.676559406298416377e+00,4.983904244420203078e-01,2.128476665048442484e+01,3.963343335523024091e+00
2.680432864194651543e+00,4.984106826738691765e-01,2.131556949657774425e+01,3.963504434782259889e+00
2.684306322090886265e+00,4.984304961571516812e-01,2.134637234267106365e+01,3.963661997273571824e+00
2.688179779987121432e+00,4.984498658748660049e-01,2.137717518876438660e+01,3.963816030814043767e+00
2.692053237883356598e+00,4.984687950923253896e-01,2.140797803485770601e+01,3.963966561370380948e+00
2.695926695779591320e+00,4.984872900814453223e-01,2.143878088095102541e+01,3.964113638818650642e+00
2.699800153675826930e+00,4.985053596866720893e-01,2.146958372704434836e+01,3.964257333492422042e+00
2.703673611572061652e+00,4.985230140564738122e-01,2.150038657313766777e+01,3.964397726095219010e+00
2.707547069468296819e+00,4.985402632975898252e-01,2.153118941923098717e+01,3.964534896998726410e+00
2.711420527364531541e+00,4.985571161293504416e-01,2.156199226532430657e+01,3.964668915541554206e+00
2.715293985260766707e+00,4.985735786516314327e-01,2.159279511141762953e+01,3.964799830231661382e+00
2.719167443157001873e+00,4.985896542642418439e-01,2.162359795751094893e+01,3.964927668105302949e+00
2.723040901053236595e+00,4.986053451092904432e-01,2.165440080360426833e+01,3.965052446197140590e+00
2.726914358949472206e+00,4.986206538125839138e-01,2.168520364969759129e+01,3.965174185388341321e+00
2.730787816845706928e+00,4.986355852280554002e-01,2.171600649579091069e+01,3.965292924278770670e+00
2.734661274741942094e+00,4.986501480662597907e-01,2.174680934188423009e+01,3.965408732137254866e+00
2.738534732638176816e+00,4.986643548069725207e-01,2.177761218797754950e+01,3.965521708206540819e+00
2.742408190534412427e+00,4.986782186180014342e-01,2.180841503407087245e+01,3.965631957200806745e+00
2.746281648430647149e+00,4.986917494745228829e-01,2.183921788016419185e+01,3.965739558445509960e+00
2.750155106326881871e+00,4.987049502628815301e-01,2.187002072625751126e+01,3.965844534893689932e+00
2.754028564223117481e+00,4.987178131740307996e-01,2.190082357235083421e+01,3.965946824445572894e+00
2.757902022119352203e+00,4.987303201170074085e-01,2.193162641844415361e+01,3.966046283236639436e+00
2.761775480015587370e+00,4.987424498339511070e-01,2.196242926453747302e+01,3.966142742218298878e+00
2.765648937911822092e+00,4.987541867186770506e-01,2.199323211063079242e+01,3.966236077285702155e+00
2.769522395808057702e+00,4.987655296629815438e-01,2.202403495672411537e+01,3.966326279626095630e+00
2.773395853704292424e+00,4.987764997758905028e-01,2.205483780281743478e+01,3.966413517104497188e+00
2.777269311600527146e+00,4.987871383452167073e-01,2.208564064891075418e+01,3.966498118053413346e+00
2.781142769496762757e+00,4.987974933644083175e-01,2.211644349500407714e+01,3.966580464130483819e+00
2.785016227392997479e+00,4.988076041091924484e-01,2.214724634109739654e+01,3.966660867667534340e+00
2.788889685289232645e+00,4.988174857803973072e-01,2.217804918719071594e+01,3.966739449545903184e+00
2.792763143185467811e+00,4.988271189303480346e-01,2.220885203328403890e+01,3.966816055112111439e+00
2.796636601081702977e+00,4.988364582302909356e-01,2.223965487937735830e+01,3.966890323898933701e+00
2.800510058977937700e+00,4.988454531353412880e-01,2.227045772547067770e+01,3.966961853958976381e+00
2.804383516874172866e+00,4.988540694367765704e-01,2.230126057156399710e+01,3.967030373254684328e+00
2.808256974770408032e+00,4.988623095529076679e-01,2.233206341765732006e+01,3.967095901017158255e+00
2.812130432666642754e+00,4.988702171350483661e-01,2.236286626375063946e+01,3.967158784374142044e+00
2.816003890562877920e+00,4.988778575216000766e-01,2.239366910984395886e+01,3.967219542915308761e+00
2.819877348459113087e+00,4.988852925646392045e-01,2.242447195593728182e+01,3.967278668506077022e+00
2.823750806355348253e+00,4.988925556326715416e-01,2.245527480203060122e+01,3.967336426502358293e+00
2.827624264251582975e+00,4.988996355959849360e-01,2.248607764812392062e+01,3.967392728397494572e+00
2.831497722147818141e+00,4.989064878957762961e-01,2.251688049421724003e+01,3.967447219847127560e+00
2.835371180044053308e+00,4.989130582518543355e-01,2.254768334031056298e+01,3.967499469199637030e+00
2.839244637940288030e+00,4.989193069485683418e-01,2.257848618640388239e+01,3.967549160624797899e+00
2.843118095836523196e+00,4.989252287416929277e-01,2.260928903249720179e+01,3.967596252419029135e+00
2.846991553732758362e+00,4.989308522706098481e-01,2.264009187859052474e+01,3.967640972330893412e+00
2.850865011628993528e+00,4.989362250867098725e-01,2.267089472468384415e+01,3.967683698502662892e+00
2.854738469525228250e+00,4.989413974077610558e-01,2.270169757077716355e+01,3.967724830280405790e+00
2.858611927421463417e+00,4.989464073362280261e-01,2.273250041687048295e+01,3.967764670665829385e+00
2.862485385317698583e+00,4.989512743481522294e-01,2.276330326296380591e+01,3.967803374537989924e+00
2.866358843213933305e+00,4.989559996164326661e-01,2.279410610905712531e+01,3.967840951224116619e+00
2.870232301110168471e+00,4.989605671026945410e-01,2.282490895515044471e+01,3.967877273182461639e+00
2.874105759006403638e+00,4.989649458310408958e-01,2.285571180124376767e+01,3.967912094083824392e+00
2.877979216902638804e+00,4.989690983818699799e-01,2.288651464733708707e+01,3.967945116356819124e+00
2.881852674798873526e+00,4.989729942292604470e-01,2.291731749343040647e+01,3.967976097250580203e+00
2.885726132695109136e+00,4.989766234962726421e-01,2.294812033952372943e+01,3.968004958220856082e+00
2.889599590591343858e+00,4.989800063359875471e-01,2.297892318561704883e+01,3.968031859530716243e+00
2.893473048487579025e+00,4.989831852736528184e-01,2.300972603171036823e+01,3.968057139353104112e+00
2.897346506383813747e+00,4.989862074215728471e-01,2.304052887780368764e+01,3.968081172338551621e+00
2.901219964280048913e+00,4.989891062912002462e-01,2.307133172389701059e+01,3.968104224979723593e+00
2.905093422176284079e+00,4.989918910036729160e-01,2.310213456999032999e+01,3.968126369810520249e+00
2.908966880072518801e+00,4.989945530239311422e-01,2.313293741608364940e+01,3.968147538957703002e+00
2.912840337968754412e+00,4.989970793314013608e-01,2.316374026217697235e+01,3.968167628877943276e+00
2.916713795864989134e+00,4.989994648927703058e-01,2.319454310827029175e+01,3.968186599544893056e+00
2.920587253761224300e+00,4.990017167078175109e-01,2.322534595436361116e+01,3.968204506622803329e+00
2.924460711657459022e+00,4.990038475292161713e-01,2.325614880045693056e+01,3.968221451524581944e+00
2.928334169553694188e+00,4.990058677693802180e-01,2.328695164655025351e+01,3.968237517052725316e+00
2.932207627449929355e+00,4.990077793399165240e-01,2.331775449264357292e+01,3.968252718408878721e+00
2.936081085346164077e+00,4.990095763281084951e-01,2.334855733873689232e+01,3.968267008573427290e+00
2.939954543242399687e+00,4.990112493618423239e-01,2.337936018483021527e+01,3.968280313016638861e+00
2.943828001138634409e+00,4.990127900822992624e-01,2.341016303092353468e+01,3.968292565266793304e+00
2.947701459034869576e+00,4.990141944425094400e-01,2.344096587701685408e+01,3.968303733141228307e+00
2.951574916931104298e+00,4.990154645009670653e-01,2.347176872311017348e+01,3.968313833009678326e+00
2.955448374827339908e+00,4.990166098739802769e-01,2.350257156920349644e+01,3.968322941343779497e+00
2.959321832723574630e+00,4.990176475961324853e-01,2.353337441529681584e+01,3.968331193607415486e+00
2.963195290619809352e+00,4.990185977351202506e-01,2.356417726139013524e+01,3.968338749384654029e+00
2.967068748516044963e+00,4.990194772581684202e-01,2.359498010748345820e+01,3.968345743603725051e+00
2.970942206412279685e+00,4.990202949294446078e-01,2.362578295357677760e+01,3.968352245959798186e+00
2.974815664308514851e+00,4.990210518133711415e-01,2.365658579967009700e+01,3.968358264917464240e+00
2.978689122204750017e+00,4.990217460032609353e-01,2.368738864576341996e+01,3.968363785314202197e+00
2.982562580100985183e+00,4.990223774311589588e-01,2.371819149185673936e+01,3.968368806609614108e+00
2.986436037997219906e+00,4.990229496844496571e-01,2.374899433795005876e+01,3.968373357331607565e+00
2.990309495893454628e+00,4.990234682205714756e-01,2.377979718404337817e+01,3.968377480879296204e+00
2.994182953789690238e+00,4.990239380224966159e-01,2.381060003013670112e+01,3.968381216878700712e+00
2.998056411685924960e+00,4.990243623395264061e-01,2.384140287623002052e+01,3.968384591169196174e+00
3.001929869582160126e+00,4.990247433166082325e-01,2.387220572232333993e+01,3.968387620808017768e+00
3.005803327478395293e+00,4.990250831038380297e-01,2.390300856841666288e+01,3.968390322893344369e+00
3.009676785374630459e+00,4.990253845311794501e-01,2.393381141450998228e+01,3.968392719929856316e+00
3.013550243270865181e+00,4.990256507697516941e-01,2.396461426060330169e+01,3.968394837135202469e+00
3.017423701167099903e+00,4.990258846443989538e-01,2.399541710669662109e+01,3.968396696973351290e+00
3.021297159063335513e+00,4.990260882208422677e-01,2.402621995278994405e+01,3.968398315871509041e+00
3.025170616959570236e+00,4.990262631852673825e-01,2.405702279888326345e+01,3.968399707238706942e+00
3.029044074855805402e+00,4.990264115574823411e-01,2.408782564497658285e+01,3.968400887137036648e+00
3.032917532752040568e+00,4.990265361687582502e-01,2.411862849106990581e+01,3.968401878081576406e+00
3.036790990648275734e+00,4.990266403562483855e-01,2.414943133716322521e+01,3.968402706610325126e+00
3.040664448544510456e+00,4.990267272827106915e-01,2.418023418325654461e+01,3.968403397874439076e+00
3.044537906440746067e+00,4.990267994117237316e-01,2.421103702934986757e+01,3.968403971464999902e+00
3.048411364336980789e+00,4.990268585659599077e-01,2.424183987544318697e+01,3.968404441876420830e+00
3.052284822233215511e+00,4.990269062821262591e-01,2.427264272153650637e+01,3.968404821329035936e+00
3.056158280129450677e+00,4.990269441021194519e-01,2.430344556762982577e+01,3.968405122084448955e+00
3.060031738025685843e+00,4.990269735932563178e-01,2.433424841372314873e+01,3.968405356606412138e+00
3.063905195921921010e+00,4.990269962294315298e-01,2.436505125981646813e+01,3.968405536615757789e+00
3.067778653818155732e+00,4.990270132908017908e-01,2.439585410590978753e+01,3.968405672292658171e+00
3.071652111714391342e+00,4.990270258496928846e-01,2.442665695200311049e+01,3.968405772164555589e+00
3.075525569610626064e+00,4.990270347997064482e-01,2.445745979809642989e+01,3.968405843337625694e+00
3.079399027506860786e+00,4.990270408914954658e-01,2.448826264418974930e+01,3.968405891781276118e+00
3.083272485403095953e+00,4.990270447815424726e-01,2.451906549028306870e+01,3.968405922716043310e+00
3.087145943299331119e+00,4.990270470866175478e-01,2.454986833637639165e+01,3.968405941046660335e+00
3.091019401195566285e+00,4.990270484254129557e-01,2.458067118246971106e+01,3.968405951693144917e+00
3.094892859091801007e+00,4.990270494235177212e-01,2.461147402856303046e+01,3.968405959630359803e+00
