# va3 L_c8 形状の軸中心分布: 新条件 (Pt 1.139 MPa/Tt 1161 K/新組成) vs 旧条件 (Pt 1.137 MPa/Tt 1058 K/旧組成) x {dry,noneq,eq}
# x_over_rt,x_m,M__va3_M4.19_Lc8_dry,T__va3_M4.19_Lc8_dry,P__va3_M4.19_Lc8_dry,rho__va3_M4.19_Lc8_dry,S__va3_M4.19_Lc8_dry,Tsat__va3_M4.19_Lc8_dry,g__va3_M4.19_Lc8_dry,M__va3_M4.19_Lc8_noneq,T__va3_M4.19_Lc8_noneq,P__va3_M4.19_Lc8_noneq,rho__va3_M4.19_Lc8_noneq,S__va3_M4.19_Lc8_noneq,Tsat__va3_M4.19_Lc8_noneq,g__va3_M4.19_Lc8_noneq,M__va3_M4.19_Lc8_eq,T__va3_M4.19_Lc8_eq,P__va3_M4.19_Lc8_eq,rho__va3_M4.19_Lc8_eq,S__va3_M4.19_Lc8_eq,Tsat__va3_M4.19_Lc8_eq,g__va3_M4.19_Lc8_eq,M__va3old_Lc8_dry,T__va3old_Lc8_dry,P__va3old_Lc8_dry,rho__va3old_Lc8_dry,S__va3old_Lc8_dry,Tsat__va3old_Lc8_dry,g__va3old_Lc8_dry,M__va3old_Lc8_noneq,T__va3old_Lc8_noneq,P__va3old_Lc8_noneq,rho__va3old_Lc8_noneq,S__va3old_Lc8_noneq,Tsat__va3old_Lc8_noneq,g__va3old_Lc8_noneq,M__va3old_Lc8_eq,T__va3old_Lc8_eq,P__va3old_Lc8_eq,rho__va3old_Lc8_eq,S__va3old_Lc8_eq,Tsat__va3old_Lc8_eq,g__va3old_Lc8_eq
-6.49999952,-1.33712149,0.046695883,1160.61487,1137368,3.43523264,1.76976118e-05,362.742371,0,0.0466956016,1160.61487,1137368.12,3.43523288,1.76976391e-05,362.742279,0,0.0466961457,1160.61511,1137368.38,3.43523288,1.76976755e-05,362.742401,0,0.0466424922,1057.63684,1135360.88,3.75462627,3.27181078e-05,355.638977,0,0.0466430606,1057.63672,1135360.75,3.75462532,3.27179769e-05,355.638824,0,0.0466439343,1057.63684,1135361.38,3.75462699,3.27179914e-05,355.638855,0
-6.400949,-1.31674564,0.0467199716,1160.61414,1137383.62,3.43528175,1.76979538e-05,362.742645,0,0.0467200934,1160.61414,1137383.62,3.43528199,1.76979956e-05,362.742645,0,0.0467202081,1160.61426,1137383.62,3.43528152,1.76980393e-05,362.742737,0,0.046666593,1057.63599,1135376.38,3.75467992,3.27184862e-05,355.63916,0,0.0466674939,1057.63586,1135375.75,3.75467801,3.27186499e-05,355.63916,0,0.0466684644,1057.63586,1135375.88,3.75467849,3.27186863e-05,355.639191,0
-6.301898,-1.29636979,0.0468317702,1160.61218,1137370.38,3.43524742,1.76982012e-05,362.742401,0,0.0468316265,1160.61243,1137370.5,3.43524742,1.76980448e-05,362.74234,0,0.0468318993,1160.6123,1137370.25,3.43524694,1.76981248e-05,362.742432,0,0.0467784057,1057.63428,1135363.12,3.75464225,3.27189809e-05,355.638855,0,0.046779804,1057.63403,1135362.88,3.75464225,3.27188063e-05,355.638855,0,0.0467802091,1057.63428,1135362.88,3.75464129,3.27187663e-05,355.638885,0
-6.20284796,-1.27599406,0.0469747873,1160.60718,1137366,3.43524933,1.76988051e-05,362.74234,0,0.0469743942,1160.6073,1137366.25,3.43524957,1.76987705e-05,362.742249,0,0.0469746887,1160.60718,1137365.75,3.43524861,1.76988433e-05,362.74234,0,0.0469214999,1057.62939,1135358.5,3.75464416,3.27200942e-05,355.638672,0,0.0469230205,1057.62939,1135358.25,3.75464344,3.27199923e-05,355.638763,0,0.046923932,1057.62952,1135358.25,3.75464272,3.27199887e-05,355.638794,0
-6.10379696,-1.25561821,0.0472080469,1160.60547,1137344.75,3.4351902,1.76986487e-05,362.741821,0,0.0472077191,1160.60547,1137345,3.43519115,1.76987123e-05,362.74176,0,0.0472081644,1160.60559,1137344.88,3.43518996,1.76987542e-05,362.741852,0,0.0471541916,1057.62781,1135337.38,3.75457978,3.27198504e-05,355.638458,0,0.0471556563,1057.62769,1135337.25,3.75458002,3.27198759e-05,355.638306,0,0.0471568096,1057.62781,1135337.38,3.75458002,3.27198723e-05,355.638336,0
-6.00474596,-1.23524237,0.047484416,1160.59937,1137329.62,3.43516254,1.76992853e-05,362.741364,0,0.047484619,1160.59973,1137330,3.43516254,1.76993635e-05,362.741425,0,0.047484593,1160.59961,1137329.75,3.43516159,1.76994363e-05,362.741516,0,0.0474295586,1057.62231,1135322.12,3.75454903,3.27207854e-05,355.63797,0,0.0474303765,1057.62219,1135322.12,3.7545495,3.27210073e-05,355.63797,0,0.0474319953,1057.62231,1135321.88,3.75454807,3.27209855e-05,355.63797,0
-5.90569544,-1.21486652,0.0478455458,1160.59473,1137300.38,3.43508792,1.76996837e-05,362.740753,0,0.0478459648,1160.59521,1137300.88,3.43508792,1.76995982e-05,362.740753,0,0.0478457822,1160.59485,1137300.38,3.4350872,1.76997073e-05,362.740814,0,0.047789802,1057.61804,1135292.88,3.75446749,3.27215785e-05,355.637451,0,0.0477901225,1057.6178,1135292.88,3.75446844,3.2721422e-05,355.637329,0,0.0477910688,1057.6178,1135292.88,3.75446868,3.27214402e-05,355.637329,0
-5.80664444,-1.19449067,0.0482596065,1160.58679,1137274.38,3.43503308,1.7700464e-05,362.740265,0,0.0482601332,1160.58704,1137274.5,3.43503237,1.7700424e-05,362.740112,0,0.0482593439,1160.58691,1137274.25,3.43503213,1.77005113e-05,362.740234,0,0.0482036853,1057.61035,1135266.62,3.75440788,3.27226298e-05,355.636719,0,0.0482036325,1057.61023,1135266.5,3.75440788,3.27228227e-05,355.636749,0,0.0482048431,1057.61023,1135266.25,3.75440717,3.27228336e-05,355.636749,0
-5.70759344,-1.17411482,0.0487600853,1160.57922,1137235.62,3.43493795,1.77010079e-05,362.739227,0,0.0487601362,1160.57922,1137235.75,3.43493867,1.77009897e-05,362.739197,0,0.0487599273,1160.57898,1137235.25,3.43493772,1.77011098e-05,362.739319,0,0.0487027842,1057.60291,1135227.38,3.75430465,3.27238158e-05,355.635864,0,0.0487021056,1057.60278,1135227.38,3.75430512,3.27238231e-05,355.635895,0,0.0487031771,1057.60303,1135227.25,3.75430393,3.27237613e-05,355.635895,0
-5.6085434,-1.15373909,0.0493238333,1160.5686,1137196.62,3.43485212,1.77021175e-05,362.738373,0,0.0493234212,1160.56885,1137196.62,3.43485141,1.77019556e-05,362.738281,0,0.0493228223,1160.56848,1137196.75,3.43485236,1.77021047e-05,362.738403,0,0.0492648544,1057.59302,1135188.75,3.75421166,3.27254456e-05,355.635193,0,0.0492634334,1057.59302,1135188.88,3.7542119,3.27254893e-05,355.63504,0,0.0492644021,1057.59338,1135188.62,3.75421047,3.27254056e-05,355.63504,0
-5.5094924,-1.13336325,0.0499709938,1160.55774,1137147.12,3.43473458,1.77028887e-05,362.737274,0,0.0499715567,1160.55786,1137147,3.43473387,1.77028669e-05,362.737152,0,0.0499712015,1160.55762,1137147,3.43473458,1.77029997e-05,362.737274,0,0.0499134026,1057.58301,1135138.38,3.75408101,3.27268062e-05,355.634033,0,0.0499121402,1057.58313,1135138.62,3.75408125,3.27268717e-05,355.633942,0,0.0499127672,1057.58325,1135138.5,3.75408053,3.27268463e-05,355.633942,0
-5.41044235,-1.11298752,0.0506925558,1160.54431,1137094.5,3.43461514,1.77041511e-05,362.736176,0,0.0506933277,1160.54456,1137094.62,3.4346149,1.77040856e-05,362.735931,0,0.0506925838,1160.54419,1137094.62,3.43461585,1.77042402e-05,362.736084,0,0.0506344076,1057.57043,1135085.88,3.75395203,3.27291054e-05,355.632782,0,0.0506330954,1057.57056,1135085.88,3.75395131,3.27289381e-05,355.632782,0,0.0506340035,1057.57068,1135086,3.75395131,3.27289163e-05,355.632782,0
-5.31139183,-1.09261179,0.0515066246,1160.53003,1137031.12,3.43446636,1.77054371e-05,362.734528,0,0.0515065629,1160.5304,1137031.12,3.43446541,1.77052607e-05,362.734467,0,0.0515060792,1160.52991,1137031.25,3.4344666,1.7705428e-05,362.734619,0,0.0514468376,1057.55676,1135022.12,3.7537899,3.27312046e-05,355.631287,0,0.0514455024,1057.55701,1135022,3.75378847,3.27309717e-05,355.631378,0,0.0514468942,1057.55701,1135022.12,3.75378847,3.27309754e-05,355.631378,0
-5.21234226,-1.07223618,0.0524058163,1160.51318,1136962.5,3.43430901,1.77068996e-05,362.73288,0,0.0524049234,1160.51331,1136962.38,3.43430853,1.77067959e-05,362.73288,0,0.0524048943,1160.51318,1136962.62,3.43430901,1.77069087e-05,362.733032,0,0.052344741,1057.54077,1134953.25,3.75361896,3.27336493e-05,355.629883,0,0.0523431083,1057.54089,1134953.25,3.75361824,3.27335874e-05,355.629852,0,0.0523447289,1057.54089,1134953.38,3.75361848,3.27335874e-05,355.629852,0
-5.11329269,-1.05186057,0.0534031085,1160.49475,1136882.25,3.43412137,1.77084185e-05,362.731201,0,0.0534014842,1160.495,1136882.38,3.43412089,1.77083384e-05,362.731018,0,0.0534025115,1160.49475,1136882.38,3.43412089,1.77084694e-05,362.731171,0,0.0533408975,1057.52356,1134872.75,3.75341344,3.27361377e-05,355.628082,0,0.0533389806,1057.52344,1134872.62,3.7534132,3.27362395e-05,355.628082,0,0.0533403714,1057.52344,1134872.75,3.75341392,3.27362468e-05,355.628082,0
-5.01424408,-1.0314852,0.0544950138,1160.47351,1136794.75,3.43391943,1.77102866e-05,362.729187,0,0.0544935289,1160.47375,1136794.88,3.43391919,1.77102174e-05,362.729004,0,0.0544942129,1160.47363,1136794.75,3.43391895,1.77103302e-05,362.729156,0,0.0544319033,1057.50366,1134784.75,3.7531929,3.27394118e-05,355.62619,0,0.054429895,1057.50342,1134784.75,3.75319409,3.27394155e-05,355.626129,0,0.0544306991,1057.50342,1134785,3.75319505,3.27394264e-05,355.62616,0
-4.91519737,-1.01111019,0.0556968799,1160.45044,1136694.5,3.43368459,1.77122729e-05,362.726776,0,0.0556957538,1160.45056,1136694.5,3.43368483,1.77122001e-05,362.726715,0,0.055695661,1160.4502,1136694.38,3.43368483,1.77123438e-05,362.726837,0,0.0556326121,1057.48193,1134683.88,3.75293636,3.27425623e-05,355.624023,0,0.0556310816,1057.48169,1134683.75,3.75293684,3.27426933e-05,355.623901,0,0.0556317332,1057.48132,1134683.88,3.75293851,3.2742817e-05,355.623932,0
-4.81615162,-0.990735412,0.0570109377,1160.42358,1136584,3.43343091,1.77147413e-05,362.724304,0,0.057010161,1160.42407,1136584.12,3.43342996,1.77145339e-05,362.724182,0,0.0570099805,1160.42371,1136584.12,3.43343019,1.77146867e-05,362.724304,0,0.0569448396,1057.45679,1134573.38,3.7526598,3.27466769e-05,355.621582,0,0.0569432241,1057.45654,1134573,3.75266004,3.27466842e-05,355.62149,0,0.0569436534,1057.45642,1134573.38,3.75266147,3.2746746e-05,355.62149,0
-4.7171092,-0.970361292,0.0584432528,1160.39465,1136457.62,3.43313456,1.77172697e-05,362.721252,0,0.0584426968,1160.39526,1136457.88,3.43313336,1.77169768e-05,362.721283,0,0.0584429169,1160.3949,1136457.75,3.43313384,1.77171205e-05,362.721405,0,0.0583752327,1057.42993,1134446.25,3.75233507,3.27507587e-05,355.618744,0,0.0583746206,1057.42932,1134446,3.7523365,3.27507769e-05,355.618683,0,0.0583750741,1057.4292,1134446.25,3.75233769,3.2750846e-05,355.618683,0
-4.61807108,-0.949988008,0.0600088692,1160.36084,1136321,3.43282175,1.77201437e-05,362.718292,0,0.0600086029,1160.36157,1136321,3.4328196,1.77200091e-05,362.71814,0,0.0600094385,1160.36133,1136321,3.43282008,1.77201364e-05,362.718262,0,0.0599388643,1057.39819,1134309.12,3.75199389,3.275567e-05,355.615784,0,0.0599385064,1057.39758,1134308.88,3.75199556,3.27558919e-05,355.615662,0,0.0599392987,1057.39746,1134309.12,3.75199652,3.27559464e-05,355.615662,0
-4.51903868,-0.929615974,0.0617196482,1160.32471,1136160.75,3.43244433,1.77232578e-05,362.714508,0,0.0617192652,1160.32532,1136160.88,3.43244338,1.77230522e-05,362.714447,0,0.0617199153,1160.3252,1136160.62,3.43244243,1.77231705e-05,362.7146,0,0.0616472284,1057.36414,1134148,3.75158238,3.2760774e-05,355.612091,0,0.0616476938,1057.36353,1134147.88,3.75158358,3.27609669e-05,355.612122,0,0.0616482139,1057.36353,1134148.12,3.75158477,3.2760996e-05,355.612122,0
-4.42001534,-0.909245849,0.0635607666,1160.28357,1135989.5,3.43204856,1.77268812e-05,362.710632,0,0.0635610335,1160.28381,1135989.62,3.43204832,1.77267411e-05,362.71051,0,0.063561492,1160.28369,1135989.38,3.43204761,1.77268503e-05,362.710663,0,0.0634873253,1057.32471,1133976.12,3.75115299,3.27671842e-05,355.608459,0,0.0634873375,1057.32446,1133975.5,3.75115228,3.27671441e-05,355.608307,0,0.0634881538,1057.32471,1133975.88,3.75115228,3.27671078e-05,355.608337,0
-4.32100582,-0.888878465,0.0655697087,1160.23816,1135792.5,3.43158793,1.77308375e-05,362.706146,0,0.0655701907,1160.23804,1135792.62,3.43158865,1.77306738e-05,362.705994,0,0.0655705969,1160.23792,1135792.5,3.43158793,1.77307866e-05,362.706116,0,0.0654948701,1057.28162,1133777.75,3.75065017,3.27738853e-05,355.603882,0,0.0654944532,1057.28137,1133777.62,3.75064993,3.27737289e-05,355.603943,0,0.065494465,1057.28162,1133777.88,3.75065017,3.27736998e-05,355.603973,0
-4.2220149,-0.868514955,0.0677425336,1160.18677,1135575.38,3.43108439,1.77352922e-05,362.701141,0,0.0677428944,1160.18628,1135575.62,3.43108606,1.7735214e-05,362.700989,0,0.0677431783,1160.18628,1135575.38,3.43108511,1.77353104e-05,362.701141,0,0.0676656174,1057.23291,1133560.12,3.75010252,3.2781405e-05,355.599274,0,0.0676649703,1057.23291,1133560,3.75010228,3.27812886e-05,355.599152,0,0.0676651215,1057.23279,1133559.88,3.75010204,3.27813432e-05,355.599152,0
-4.12305117,-0.848156989,0.0701018003,1160.12939,1135329.75,3.43051124,1.77401198e-05,362.695435,0,0.0701018364,1160.12903,1135330,3.43051362,1.77401453e-05,362.695343,0,0.0701019997,1160.12878,1135329.75,3.43051314,1.77402799e-05,362.695496,0,0.0700226653,1057.17883,1133313.12,3.74947739,3.27898379e-05,355.593628,0,0.0700220182,1057.17871,1133313,3.74947739,3.27896305e-05,355.593689,0,0.0700215782,1057.17847,1133312.88,3.7494781,3.27897287e-05,355.593719,0
-4.02412462,-0.827806771,0.0726547483,1160.06482,1135056.88,3.42987776,1.77457787e-05,362.68927,0,0.07265482,1160.06445,1135057,3.42987919,1.7745775e-05,362.689056,0,0.0726550183,1160.06433,1135056.75,3.42987871,1.77458896e-05,362.689209,0,0.0725716998,1057.1178,1133038.88,3.74878669,3.27992311e-05,355.587677,0,0.0725713247,1057.11768,1133038.62,3.74878669,3.27991438e-05,355.587646,0,0.0725711634,1057.11731,1133038.75,3.74878836,3.27992821e-05,355.587677,0
-3.92525125,-0.807467401,0.0754220863,1159.99219,1134748.88,3.42916131,1.77521324e-05,362.682159,0,0.075423151,1159.99194,1134748.75,3.4291625,1.77520742e-05,362.681976,0,0.0754223893,1159.99182,1134748.5,3.42916131,1.7752187e-05,362.682129,0,0.0753354666,1057.04932,1132729.12,3.74800444,3.28097813e-05,355.580994,0,0.075335261,1057.04944,1132729.38,3.74800491,3.28097012e-05,355.580811,0,0.0753355708,1057.04907,1132729.5,3.74800658,3.28098358e-05,355.580841,0
-3.82645082,-0.787143052,0.0784139446,1159.91052,1134404.12,3.42836046,1.77591337e-05,362.674225,0,0.0784144685,1159.9104,1134404,3.42836165,1.7759181e-05,362.674042,0,0.0784137006,1159.91052,1134403.75,3.42835975,1.77592628e-05,362.674194,0,0.0783233955,1056.97241,1132383.12,3.74713159,3.28219066e-05,355.573303,0,0.0783236116,1056.97266,1132383.12,3.74713135,3.28216302e-05,355.573181,0,0.0783237238,1056.97217,1132383.25,3.74713349,3.28218084e-05,355.573212,0
-3.72774935,-0.766839087,0.0816519817,1159.81873,1134015.88,3.42745852,1.77670718e-05,362.665161,0,0.0816524131,1159.8186,1134015.88,3.42746019,1.77671882e-05,362.6651,0,0.0816515968,1159.81885,1134015.5,3.42745757,1.77672518e-05,362.665253,0,0.0815582018,1056.88611,1131993.12,3.74614739,3.28354035e-05,355.564636,0,0.0815582121,1056.88635,1131993.25,3.74614692,3.28350252e-05,355.564575,0,0.0815582238,1056.88586,1131993.5,3.74614978,3.28352071e-05,355.564606,0
-3.62918258,-0.746562779,0.0851535458,1159.71545,1133579.62,3.42644548,1.77762704e-05,362.655182,0,0.0851534703,1159.71558,1133579.5,3.42644572,1.77761594e-05,362.65506,0,0.0851525625,1159.71558,1133579.38,3.42644405,1.77762522e-05,362.655182,0,0.0850556221,1056.78894,1131555,3.74504161,3.28504429e-05,355.554993,0,0.0850553379,1056.78894,1131555,3.74504185,3.28502028e-05,355.554901,0,0.0850555276,1056.7887,1131555.12,3.7450428,3.28503011e-05,355.554901,0
-3.5307951,-0.726323426,0.088938895,1159.599,1133088,3.42530346,1.77863167e-05,362.643738,0,0.0889386893,1159.59924,1133087.88,3.42530298,1.77863112e-05,362.643738,0,0.0889383841,1159.59888,1133087.62,3.42530227,1.77864622e-05,362.64386,0,0.0888365734,1056.67896,1131061.25,3.74379706,3.28673705e-05,355.544006,0,0.0888364197,1056.67908,1131061.25,3.74379706,3.2867345e-05,355.544006,0,0.0888370815,1056.67896,1131061.25,3.74379683,3.28673923e-05,355.544006,0
-3.43264508,-0.706132889,0.0930285217,1159.46753,1132533.75,3.424016,1.779794e-05,362.631042,0,0.0930283504,1159.46777,1132533.38,3.42401481,1.77978036e-05,362.630951,0,0.0930280398,1159.46729,1132533.5,3.42401576,1.77979728e-05,362.631073,0,0.0929218068,1056.55505,1130504.5,3.74239326,3.28867936e-05,355.531738,0,0.092921577,1056.55505,1130504.5,3.74239349,3.28867063e-05,355.531677,0,0.0929221364,1056.55493,1130504.25,3.74239326,3.28867536e-05,355.531708,0
-3.33480477,-0.686006069,0.0974442321,1159.31885,1131908.88,3.42256594,1.78109422e-05,362.616699,0,0.0974440602,1159.31921,1131908.75,3.42256474,1.78108276e-05,362.616547,0,0.0974433236,1159.31873,1131908.62,3.4225657,1.78109894e-05,362.616669,0,0.0973325389,1056.41504,1129876.88,3.74081159,3.29087525e-05,355.517975,0,0.0973320188,1056.41492,1129876.62,3.74081135,3.29086251e-05,355.517792,0,0.0973327145,1056.41492,1129876.62,3.74081135,3.29086433e-05,355.517822,0
-3.23736405,-0.665961444,0.102209246,1159.15076,1131202.75,3.42092657,1.78256269e-05,362.600311,0,0.102209109,1159.151,1131202.5,3.42092586,1.78255868e-05,362.60025,0,0.102208549,1159.15063,1131202.75,3.42092681,1.78257415e-05,362.600372,0,0.102091623,1056.25659,1129167.88,3.73902464,3.29334798e-05,355.502167,0,0.102091209,1056.25623,1129167.62,3.73902559,3.29335126e-05,355.502136,0,0.102091877,1056.25647,1129167.5,3.73902416,3.29334543e-05,355.502136,0
-3.14043117,-0.646021247,0.107343302,1158.96082,1130406.62,3.41907954,1.78424689e-05,362.582092,0,0.107343141,1158.96094,1130406.38,3.41907859,1.7842307e-05,362.581848,0,0.107343281,1158.96082,1130406.38,3.41907859,1.78424198e-05,362.582001,0,0.107219999,1056.07751,1128367.75,3.73700905,3.29615978e-05,355.484528,0,0.107219437,1056.07703,1128367.62,3.73701048,3.2961645e-05,355.484436,0,0.107219947,1056.07715,1128367.5,3.73700953,3.29616232e-05,355.484436,0
-3.04413509,-0.62621212,0.112868064,1158.74622,1129507.38,3.41699219,1.78611881e-05,362.561279,0,0.11286797,1158.74597,1129507,3.41699195,1.78612372e-05,362.561066,0,0.112867947,1158.74597,1129507.38,3.4169929,1.78613354e-05,362.561218,0,0.112738805,1055.875,1127464.38,3.73473334,3.29934301e-05,355.464478,0,0.112738451,1055.87439,1127464.25,3.73473525,3.29934992e-05,355.464417,0,0.112738948,1055.87463,1127464.38,3.73473477,3.29934519e-05,355.464417,0
-2.94862509,-0.606564641,0.118801973,1158.50366,1128493.38,3.41463947,1.78826394e-05,362.537689,0,0.118801682,1158.50342,1128493.62,3.41464138,1.7882634e-05,362.537659,0,0.118801914,1158.50305,1128493.62,3.41464162,1.78827759e-05,362.537781,0,0.118666495,1055.64636,1126445.88,3.73216796,3.30292751e-05,355.441772,0,0.118665888,1055.64563,1126446.12,3.7321713,3.30295261e-05,355.441864,0,0.118666602,1055.64587,1126446,3.73216987,3.30294679e-05,355.441864,0
-2.85407066,-0.587113738,0.125163352,1158.2301,1127351.38,3.41198969,1.79068447e-05,362.511292,0,0.125163282,1158.22961,1127351.38,3.4119916,1.79068211e-05,362.5112,0,0.125163143,1158.22925,1127351.38,3.41199207,1.79069721e-05,362.511353,0,0.125020651,1055.38806,1125298.75,3.72927976,3.30701114e-05,355.416504,0,0.125020457,1055.38757,1125298.75,3.72928119,3.30702096e-05,355.416382,0,0.12502105,1055.38757,1125298.62,3.72928071,3.30702242e-05,355.416412,0
-2.76065683,-0.567897499,0.131966111,1157.92151,1126066.88,3.40901041,1.79341241e-05,362.481476,0,0.131965938,1157.92126,1126066.88,3.40901184,1.79341077e-05,362.481445,0,0.131965568,1157.92078,1126066.88,3.40901232,1.7934286e-05,362.481598,0,0.131815837,1055.09705,1124008.38,3.72603059,3.31160918e-05,355.387787,0,0.131816285,1055.09692,1124008.5,3.72603178,3.31161282e-05,355.387756,0,0.131816528,1055.09668,1124008.5,3.72603226,3.31162155e-05,355.387756,0
-2.66858125,-0.548956513,0.13921845,1157.57446,1124625.5,3.4056673,1.79649815e-05,362.448273,0,0.139218332,1157.57471,1124625.38,3.40566707,1.79648396e-05,362.448029,0,0.139218162,1157.57397,1124625.62,3.40566897,1.79650469e-05,362.448181,0,0.139061455,1054.77014,1122560.25,3.72238302,3.31679294e-05,355.355652,0,0.139061589,1054.7699,1122560,3.72238374,3.31679148e-05,355.35556,0,0.139061336,1054.76965,1122560.12,3.72238493,3.31679912e-05,355.35556,0
-2.57804585,-0.530332386,0.146925147,1157.18616,1123013.38,3.40192676,1.79995532e-05,362.410767,0,0.146925252,1157.18604,1123013.12,3.40192652,1.79994076e-05,362.410614,0,0.14692507,1157.18542,1123013.5,3.40192866,1.79995932e-05,362.410767,0,0.146759588,1054.40393,1120940.88,3.71830463,3.32262534e-05,355.319672,0,0.146759628,1054.40356,1120940.62,3.71830511,3.32260533e-05,355.319519,0,0.146759146,1054.40332,1120940.75,3.71830678,3.32261407e-05,355.31955,0
-2.48925018,-0.512066185,0.155086309,1156.75208,1121214.88,3.39775348,1.80381394e-05,362.368927,0,0.155086367,1156.75195,1121215,3.39775395,1.8038083e-05,362.368835,0,0.155086559,1156.75146,1121215,3.39775538,1.80382503e-05,362.368958,0,0.154911681,1053.99475,1119134.5,3.71375418,3.32910531e-05,355.27948,0,0.154911856,1053.99414,1119134.38,3.71375561,3.32911914e-05,355.279297,0,0.154911193,1053.99402,1119134.5,3.71375656,3.32912423e-05,355.279327,0
-2.40238309,-0.494196653,0.163694849,1156.26904,1119217.62,3.39311743,1.80812731e-05,362.322479,0,0.163695062,1156.26904,1119217.75,3.39311814,1.80812021e-05,362.322357,0,0.163695111,1156.26855,1119217.88,3.39311981,1.80813768e-05,362.322479,0,0.163510669,1053.53931,1117128.12,3.70869875,3.33636599e-05,355.23468,0,0.163510797,1053.53894,1117128.12,3.70869994,3.33637254e-05,355.234558,0,0.163510477,1053.53857,1117128.12,3.70870137,3.33638454e-05,355.234558,0
-2.31761169,-0.476758212,0.172740733,1155.73401,1117008.88,3.38798928,1.81292198e-05,362.270935,0,0.172740993,1155.73389,1117008.88,3.38798976,1.81291125e-05,362.270844,0,0.172740881,1155.73364,1117008.88,3.38799024,1.81292507e-05,362.270996,0,0.172546718,1053.03467,1114909.75,3.70310712,3.34444303e-05,355.18515,0,0.172546608,1053.03455,1114909.5,3.70310736,3.3444303e-05,355.184967,0,0.172546308,1053.03394,1114909.62,3.70311022,3.34445031e-05,355.184998,0
-2.23507571,-0.45977968,0.182206187,1155.1438,1114574.75,3.38233376,1.81820669e-05,362.21405,0,0.182206983,1155.14368,1114575,3.38233495,1.81820615e-05,362.21402,0,0.182206524,1155.1438,1114575,3.38233447,1.81821397e-05,362.214172,0,0.182002689,1052.47827,1112465,3.69694066,3.35332879e-05,355.13031,0,0.182002468,1052.47803,1112464.88,3.6969409,3.35333898e-05,355.130249,0,0.182002249,1052.47754,1112465,3.69694352,3.35335571e-05,355.130249,0
-2.15488505,-0.443283558,0.192071726,1154.49573,1111910.62,3.37614298,1.82404656e-05,362.151764,0,0.192072651,1154.49561,1111910.62,3.37614369,1.82404074e-05,362.151672,0,0.19207215,1154.49609,1111911,3.37614298,1.82404383e-05,362.151825,0,0.191858151,1051.86731,1109789,3.69019008,3.36314988e-05,355.070374,0,0.191858044,1051.86694,1109788.62,3.69018984,3.36315679e-05,355.070221,0,0.191857892,1051.86682,1109789,3.69019198,3.36316334e-05,355.070251,0
-2.07711148,-0.427284718,0.20232249,1153.78711,1109000.38,3.36937475,1.83044904e-05,362.083496,0,0.202322993,1153.78674,1109000.5,3.36937594,1.83043885e-05,362.083435,0,0.202322523,1153.7876,1109000.75,3.36937404,1.83043721e-05,362.083618,0,0.202098017,1051.1991,1106865.75,3.68280935,3.37392557e-05,355.004547,0,0.202097879,1051.19897,1106865.5,3.68280888,3.37390738e-05,355.004517,0,0.202097894,1051.19861,1106865.5,3.68281054,3.37391975e-05,355.004547,0
-2.00179338,-0.411790937,0.212928604,1153.01599,1105841.5,3.36202407,1.83742868e-05,362.009308,0,0.212928923,1153.0155,1105841.38,3.3620255,1.83742413e-05,362.009216,0,0.212928265,1153.0166,1105841.75,3.36202288,1.83741868e-05,362.009369,0,0.212692973,1050.47217,1103692.88,3.67479372,3.38563877e-05,354.933197,0,0.212692892,1050.47192,1103692.38,3.67479324,3.38565078e-05,354.933044,0,0.212692747,1050.4718,1103692.75,3.67479467,3.3856566e-05,354.933075,0
-1.92893386,-0.396802932,0.223868472,1152.18054,1102426.5,3.35407162,1.84502205e-05,361.928833,0,0.223868765,1152.17993,1102426.25,3.35407305,1.84501841e-05,361.928772,0,0.223868125,1152.18091,1102426.25,3.35406995,1.84501423e-05,361.928925,0,0.223621877,1049.68433,1100262.25,3.66612053,3.398435e-05,354.855652,0,0.223621896,1049.68408,1100262,3.66612101,3.3984179e-05,354.85556,0,0.223621875,1049.68433,1100262.25,3.66612101,3.39841281e-05,354.855591,0
-1.85850716,-0.382315367,0.235120012,1151.27856,1098749.25,3.34550309,1.85324479e-05,361.84198,0,0.235120219,1151.2782,1098749.12,3.34550452,1.8532437e-05,361.841919,0,0.23511983,1151.27917,1098749.38,3.34550142,1.85323952e-05,361.842072,0,0.234861971,1048.83423,1096569.12,3.65677667,3.41225896e-05,354.772034,0,0.234861678,1048.83386,1096569.12,3.65677834,3.41224513e-05,354.771942,0,0.234861849,1048.83398,1096569.12,3.65677738,3.41224295e-05,354.771942,0
-1.79046345,-0.368318051,0.246660398,1150.30896,1094806.62,3.33630848,1.86212947e-05,361.748657,0,0.246660561,1150.30872,1094806.75,3.33630967,1.86212383e-05,361.748535,0,0.246660165,1150.30933,1094806.75,3.33630729,1.86212492e-05,361.748688,0,0.246390714,1047.92017,1092609.38,3.64674997,3.42715284e-05,354.682159,0,0.246390495,1047.91956,1092609.12,3.6467514,3.42717358e-05,354.682007,0,0.246390932,1047.91992,1092609.25,3.64675069,3.42716485e-05,354.682007,0
-1.7247299,-0.354795933,0.258469496,1149.27039,1090595.5,3.32647848,1.87168807e-05,361.64859,0,0.258469612,1149.27051,1090595.88,3.32648015,1.87167298e-05,361.648468,0,0.258469449,1149.27063,1090595.88,3.32647896,1.87168152e-05,361.648621,0,0.258188297,1046.94104,1088380.25,3.63603187,3.44321634e-05,354.585785,0,0.258188056,1046.94031,1088379.75,3.63603306,3.44322798e-05,354.585632,0,0.258188347,1046.9408,1088380.12,3.63603258,3.44321597e-05,354.585663,0
-1.6612215,-0.341731548,0.270528141,1148.16174,1086113.75,3.31600738,1.88192626e-05,361.541687,0,0.27052828,1148.16199,1086113.75,3.31600761,1.88191661e-05,361.541595,0,0.270528327,1148.16174,1086113.75,3.31600738,1.8819308e-05,361.541718,0,0.270235441,1045.89575,1083878.75,3.62461233,3.46041998e-05,354.48288,0,0.270235303,1045.89514,1083878.5,3.62461424,3.46043562e-05,354.482727,0,0.270235785,1045.89551,1083878.5,3.62461281,3.4604258e-05,354.482758,0
-1.59983981,-0.329104662,0.282820198,1146.98145,1081358.88,3.30488753,1.89289713e-05,361.427917,0,0.28282001,1146.98181,1081359,3.30488777,1.89287912e-05,361.427795,0,0.282820265,1146.98157,1081359.12,3.30488777,1.89289349e-05,361.427948,0,0.282515653,1044.7832,1079103.62,3.6124866,3.47883761e-05,354.37323,0,0.282515519,1044.78235,1079103.25,3.61248827,3.47884707e-05,354.373169,0,0.282515782,1044.78296,1079103.75,3.61248779,3.47883142e-05,354.373199,0
-1.54048121,-0.316893935,0.29533081,1145.72839,1076329.62,3.29311442,1.90460887e-05,361.307159,0,0.295330778,1145.729,1076329.88,3.29311395,1.90457922e-05,361.307007,0,0.295331199,1145.72888,1076329.75,3.29311371,1.90459159e-05,361.307129,0,0.295014769,1043.60229,1074053,3.59964752,3.49846923e-05,354.256897,0,0.295014465,1043.60156,1074052.88,3.59964967,3.49847869e-05,354.256866,0,0.295014899,1043.60193,1074053.25,3.59964943,3.49847032e-05,354.256866,0
-1.48303926,-0.305077493,0.308047725,1144.4021,1071025.12,3.28068328,1.91706185e-05,361.179138,0,0.30804762,1144.40259,1071025.25,3.28068233,1.91703712e-05,361.179077,0,0.308048093,1144.40247,1071025,3.28068161,1.91704949e-05,361.179199,0,0.307719935,1042.35205,1068726,3.58609056,3.51934541e-05,354.13385,0,0.307719811,1042.35132,1068726,3.58609295,3.51937742e-05,354.133667,0,0.30772022,1042.35156,1068726,3.586092,3.5193716e-05,354.133667,0
-1.4274056,-0.293633044,0.320959976,1143.00098,1065444.25,3.26758885,1.93029609e-05,361.043976,0,0.320959775,1143.00146,1065444.38,3.26758814,1.93027608e-05,361.043884,0,0.32096029,1143.00134,1065444.38,3.2675879,1.93028882e-05,361.044037,0,0.320620163,1041.03137,1063122,3.57181168,3.541564e-05,354.00354,0,0.320620086,1041.03076,1063122,3.57181382,3.54157637e-05,354.00351,0,0.32062042,1041.03088,1063122,3.57181382,3.54157419e-05,354.00351,0
-1.37347353,-0.282538623,0.334057829,1141.52454,1059586.88,3.25382781,1.94432869e-05,360.901489,0,0.334057681,1141.52478,1059586.88,3.25382733,1.94431632e-05,360.901367,0,0.334058149,1141.52466,1059587,3.25382781,1.94432978e-05,360.90152,0,0.333706473,1039.63953,1057240.25,3.55680609,3.56511773e-05,353.866364,0,0.333706522,1039.63892,1057240,3.55680728,3.565113e-05,353.866272,0,0.333706619,1039.63892,1057240.38,3.55680895,3.56511591e-05,353.866272,0
-1.3211385,-0.271772742,0.347334185,1139.97131,1053452.75,3.23939896,1.95919347e-05,360.751495,0,0.347334091,1139.97144,1053453,3.23939896,1.95918437e-05,360.751434,0,0.347334427,1139.97119,1053452.75,3.23939872,1.95920002e-05,360.751587,0,0.346971191,1038.17542,1051080.88,3.54107141,3.59001497e-05,353.721985,0,0.346971586,1038.17468,1051080.62,3.54107261,3.59003279e-05,353.721863,0,0.346971709,1038.17468,1051081,3.54107404,3.59003607e-05,353.721863,0
-1.2703017,-0.261315048,0.36078258,1138.33984,1047040.94,3.22429681,1.97492591e-05,360.593994,0,0.360782828,1138.34009,1047041.06,3.22429633,1.97490863e-05,360.593903,0,0.360782768,1138.33972,1047041,3.22429705,1.97492627e-05,360.594055,0,0.360408158,1036.63794,1044643.31,3.52460289,3.61636412e-05,353.570129,0,0.360408821,1036.63708,1044643.06,3.5246048,3.61637576e-05,353.57016,0,0.360408786,1036.63721,1044643.5,3.52460599,3.61637503e-05,353.57019,0
-1.22086596,-0.251145571,0.374397354,1136.62964,1040352.62,3.20852089,1.99153637e-05,360.428741,0,0.374397669,1136.63,1040352.5,3.2085197,1.99151218e-05,360.428711,0,0.374397529,1136.62952,1040352.62,3.20852113,1.99153255e-05,360.428864,0,0.374012112,1035.02612,1037928.06,3.50739908,3.64417647e-05,353.411224,0,0.374012711,1035.02515,1037927.62,3.50740147,3.64418593e-05,353.411072,0,0.374012625,1035.02527,1037928.06,3.50740242,3.64418484e-05,353.411102,0
-1.17274213,-0.24124597,0.38817408,1134.83936,1033387.69,3.1920681,2.00904524e-05,360.255829,0,0.388174255,1134.83972,1033387.56,3.19206715,2.00903087e-05,360.255737,0,0.388174234,1134.83923,1033387.56,3.1920681,2.00905051e-05,360.25589,0,0.387778195,1033.33875,1030935.25,3.48945761,3.6734782e-05,353.244659,0,0.387778504,1033.33789,1030935.12,3.48946047,3.67350876e-05,353.244507,0,0.387778528,1033.33789,1030935.31,3.48946095,3.67351131e-05,353.244537,0
-1.12584162,-0.231598005,0.402110013,1132.9679,1026146.44,3.17493606,2.02750452e-05,360.075073,0,0.402110069,1132.96826,1026146.5,3.17493558,2.02749161e-05,360.07489,0,0.402109947,1132.96741,1026146.31,3.17493701,2.02751708e-05,360.075012,0,0.401703526,1031.57483,1023665.5,3.47077632,3.70439411e-05,353.070312,0,0.401703767,1031.5741,1023665.5,3.4707787,3.70439811e-05,353.070312,0,0.401704011,1031.57422,1023665.81,3.47077918,3.70439702e-05,353.070343,0
-1.08008468,-0.222185314,0.416202129,1131.01416,1018629.94,3.15712428,2.04693861e-05,359.886108,0,0.416202186,1131.01428,1018629.94,3.1571238,2.04693151e-05,359.886017,0,0.41620202,1131.01355,1018629.75,3.15712523,2.0469537e-05,359.886139,0,0.415785636,1029.73328,1016119.75,3.45135307,3.73691037e-05,352.888367,0,0.415785751,1029.73254,1016119.81,3.4513557,3.73691291e-05,352.888428,0,0.415786011,1029.73291,1016119.94,3.45135522,3.73690273e-05,352.888428,0
-1.03539467,-0.212992087,0.430448524,1128.97656,1010838.81,3.13863087,2.06739478e-05,359.689087,0,0.430448672,1128.97681,1010838.88,3.13863063,2.06737932e-05,359.688995,0,0.430448465,1128.97607,1010838.69,3.13863182,2.06740133e-05,359.689087,0,0.430022048,1027.81311,1008298.81,3.43118691,3.77108554e-05,352.6987,0,0.43002228,1027.81262,1008298.88,3.43118882,3.77109209e-05,352.698669,0,0.43002263,1027.81287,1008298.94,3.43118834,3.77108554e-05,352.698669,0
-0.991700411,-0.204003692,0.444847182,1126.85437,1002774.81,3.11945605,2.08889269e-05,359.483765,0,0.44484724,1126.85486,1002775,3.11945581,2.08886959e-05,359.483704,0,0.444847171,1126.85388,1002774.69,3.11945701,2.08889523e-05,359.483795,0,0.444410943,1025.81335,1000204.44,3.41027713,3.80699748e-05,352.501129,0,0.444411375,1025.81299,1000204.38,3.41027856,3.8070033e-05,352.500977,0,0.444411575,1025.81299,1000204.5,3.41027856,3.8070044e-05,352.500977,0
-0.948934317,-0.19520624,0.459397561,1124.64636,994439.188,3.09959888,2.11145525e-05,359.270111,0,0.45939747,1124.64661,994439.438,3.09959912,2.11145089e-05,359.27005,0,0.459397459,1124.64587,994439.25,3.09960055,2.1114729e-05,359.270142,0,0.458952215,1023.73267,991837.625,3.38862324,3.8447004e-05,352.295227,0,0.458952502,1023.7323,991837.562,3.38862443,3.84471496e-05,352.295197,0,0.458952555,1023.73242,991837.812,3.38862491,3.8447135e-05,352.295197,0
-0.907034218,-0.186586916,0.47409876,1122.35144,985833.625,3.07905912,2.13516378e-05,359.048004,0,0.474098805,1122.35144,985833.812,3.07906008,2.13515341e-05,359.047882,0,0.474098517,1122.35083,985833.938,3.07906199,2.13517396e-05,359.048004,0,0.473644707,1021.57013,983200.562,3.36622548,3.88430744e-05,352.081329,0,0.4736449,1021.56982,983200.562,3.36622667,3.88428016e-05,352.081238,0,0.4736449,1021.56989,983200.625,3.36622667,3.88428052e-05,352.081238,0
-0.86594075,-0.178133547,0.4889506,1119.96802,976960.5,3.05783916,2.16000935e-05,358.817169,0,0.488950648,1119.96802,976960.625,3.05783987,2.16002136e-05,358.817108,0,0.488950596,1119.96741,976960.562,3.05784106,2.16004228e-05,358.8172,0,0.48848816,1019.32434,974295.25,3.34308529,3.92579168e-05,351.859039,0,0.488488503,1019.32416,974295.25,3.34308624,3.92577676e-05,351.858948,0,0.488488405,1019.32422,974295.25,3.343086,3.92577713e-05,351.858948,0
-0.825598419,-0.169834688,0.503953552,1117.495,967821.812,3.03593898,2.18611531e-05,358.577606,0,0.5039536,1117.495,967821.812,3.03593969,2.18610203e-05,358.577545,0,0.503953316,1117.49451,967821.875,3.03594065,2.18612058e-05,358.577667,0,0.503483529,1016.99432,965123.812,3.31920266,3.9692819e-05,351.628326,0,0.503483727,1016.99408,965123.75,3.31920338,3.96927753e-05,351.628204,0,0.50348353,1016.99426,965123.938,3.31920338,3.96927462e-05,351.628235,0
-0.78595674,-0.161679953,0.519107348,1114.93127,958420.312,3.01336098,2.21345545e-05,358.329285,0,0.519107492,1114.93115,958420.25,3.01336145,2.21344253e-05,358.329132,0,0.519107116,1114.93079,958420.188,3.01336193,2.21345836e-05,358.329224,0,0.518629822,1014.5791,955689.5,3.29458094,4.01485122e-05,351.388947,0,0.518630022,1014.57898,955689.562,3.29458189,4.01484576e-05,351.388947,0,0.518629873,1014.57898,955689.562,3.29458165,4.01484758e-05,351.388977,0
-0.746966243,-0.15365918,0.534412804,1112.27527,948758.938,2.99010801,2.24209925e-05,358.071777,0,0.53441304,1112.27527,948759.125,2.99010873,2.24209216e-05,358.071686,0,0.534412516,1112.27527,948759.062,2.99010849,2.24210144e-05,358.071808,0,0.533928539,1012.07727,945995.312,3.26922321,4.06259242e-05,351.140991,0,0.533928642,1012.07709,945995.125,3.26922321,4.06257896e-05,351.140991,0,0.533928589,1012.07715,945995.25,3.26922321,4.06258005e-05,351.141022,0
-0.708581328,-0.14576298,0.549870886,1109.52625,938841.25,2.96618247,2.27209948e-05,357.805145,0,0.549871075,1109.52625,938841.438,2.96618319,2.27210057e-05,357.805115,0,0.549870506,1109.52625,938841.375,2.96618247,2.27210967e-05,357.805237,0,0.549380481,1009.48773,936044.25,3.24313164,4.11257242e-05,350.884216,0,0.549380634,1009.48755,936044,3.24313164,4.11255423e-05,350.884216,0,0.549380682,1009.48761,936044.062,3.2431314,4.11255387e-05,350.884247,0
-0.670758903,-0.137982488,0.565482763,1106.68274,928670.625,2.94158792,2.30352689e-05,357.529297,0,0.565482852,1106.68286,928670.625,2.94158792,2.3035218e-05,357.529297,0,0.565482276,1106.68298,928670.688,2.94158769,2.30352925e-05,357.529388,0,0.564986624,1006.80939,925840.062,3.21631074,4.16487055e-05,350.618591,0,0.564986729,1006.80933,925840.062,3.21631098,4.16485673e-05,350.61853,0,0.564986723,1006.80951,925840,3.21631026,4.16485163e-05,350.61853,0
-0.633458793,-0.130309448,0.581249098,1103.74377,918251.062,2.91632867,2.33642313e-05,357.244263,0,0.581249185,1103.74402,918251.188,2.91632867,2.33641185e-05,357.244049,0,0.581248615,1103.74377,918251.125,2.91632843,2.33642586e-05,357.244141,0,0.580747793,1004.04126,915387.188,3.18876529,4.21960322e-05,350.343781,0,0.580747841,1004.04114,915387.25,3.188766,4.21958503e-05,350.343781,0,0.580747991,1004.0412,915386.938,3.18876457,4.2195843e-05,350.343781,0
-0.596643269,-0.122736089,0.59717095,1100.70776,907587.5,2.89041162,2.37085405e-05,356.94931,0,0.597170827,1100.7085,907587.688,2.8904109,2.37083241e-05,356.94928,0,0.597170264,1100.70813,907587.688,2.89041162,2.37084932e-05,356.949402,0,0.596665285,1001.18219,904690.312,3.1605022,4.27682608e-05,350.060059,0,0.596665384,1001.18219,904690.25,3.16050243,4.2768268e-05,350.059845,0,0.596665543,1001.18201,904690.062,3.16050196,4.27683626e-05,350.059845,0
-0.56027472,-0.115254678,0.613250598,1097.57373,896683.875,2.8638413,2.40687241e-05,356.644928,0,0.613250342,1097.57495,896684.062,2.86383915,2.40684803e-05,356.644867,0,0.613249802,1097.57422,896684.188,2.86384082,2.40687223e-05,356.644958,0,0.612741721,998.230652,893753.188,3.13152575,4.33671812e-05,349.766724,0,0.61274166,998.230835,893753.312,3.13152575,4.33670502e-05,349.766602,0,0.612741771,998.230652,893753.125,3.13152552,4.33671412e-05,349.766602,0
-0.524320543,-0.107858501,0.629488674,1094.34058,885546,2.83662462,2.44456442e-05,356.330719,0,0.629488553,1094.34192,885546.188,2.836622,2.44453295e-05,356.330688,0,0.62948835,1094.34119,885546.062,2.83662319,2.44455678e-05,356.33075,0,0.628977405,995.186035,882582.062,3.10184503,4.39932301e-05,349.464081,0,0.628977392,995.186218,882582,3.10184455,4.39932119e-05,349.463928,0,0.628977392,995.186218,882582.125,3.10184479,4.39932555e-05,349.463928,0
-0.488746971,-0.100540631,0.645887874,1091.00708,874178.938,2.80876899,2.4839821e-05,356.006592,0,0.645887599,1091.00854,874179.188,2.80876613,2.48395063e-05,356.006561,0,0.645887593,1091.00769,874178.812,2.80876708,2.48397737e-05,356.006653,0,0.645374761,992.047119,871182.25,3.07146764,4.46483573e-05,349.151672,0,0.645375111,992.04718,871181.938,3.07146668,4.46479389e-05,349.151672,0,0.645375031,992.047485,871182.25,3.07146716,4.46478698e-05,349.151703,0
-0.453523099,-0.093294695,0.662449305,1087.57227,862588.938,2.78028321,2.52520076e-05,355.672424,0,0.662449197,1087.57385,862589.25,2.78028035,2.52517384e-05,355.672424,0,0.662449227,1087.57275,862588.625,2.78028083,2.52520458e-05,355.672485,0,0.661936135,988.812866,859559.25,3.0404017,4.5332803e-05,348.829895,0,0.661936185,988.812988,859559.125,3.04040122,4.53323228e-05,348.829773,0,0.661936253,988.813293,859559.438,3.04040122,4.53322573e-05,348.829803,0
-0.418619484,-0.0861146376,0.679175878,1084.03442,850781.312,2.75117445,2.56830899e-05,355.328156,0,0.679175935,1084.03577,850781.5,2.75117183,2.56829589e-05,355.328094,0,0.67917589,1084.03491,850780.812,2.75117135,2.56832263e-05,355.328156,0,0.678663594,985.481995,847719.312,3.00865698,4.60477422e-05,348.498138,0,0.678663277,985.482239,847719.5,3.00865698,4.60477822e-05,348.498047,0,0.678663258,985.4823,847719.625,3.00865722,4.60477968e-05,348.498047,0
-0.384007812,-0.0789946318,0.696069079,1080.39282,838763.25,2.72145391,2.61341629e-05,354.97345,0,0.69606911,1080.39429,838763.438,2.72145104,2.61337864e-05,354.97345,0,0.696069253,1080.39294,838762.438,2.72145081,2.61341556e-05,354.973511,0,0.695558385,982.053711,835669.688,2.97624516,4.67957543e-05,348.156586,0,0.695558045,982.054016,835669.875,2.97624516,4.67956379e-05,348.156403,0,0.695557896,982.054016,835669.875,2.97624493,4.67956634e-05,348.156403,0
-0.349660724,-0.0719290599,0.713131662,1076.646,826541.312,2.69113111,2.66056395e-05,354.608337,0,0.713131926,1076.64734,826541.188,2.69112778,2.66052812e-05,354.608368,0,0.71313169,1076.64624,826540.625,2.69112849,2.66056122e-05,354.608429,0,0.712623938,978.526794,823416.688,2.94317627,4.75776651e-05,347.804779,0,0.712623766,978.527039,823416.75,2.94317555,4.75773704e-05,347.804657,0,0.712623594,978.527161,823416.875,2.94317555,4.75773595e-05,347.804657,0
-0.315551996,-0.0649125203,0.730366437,1072.79285,814122.188,2.66021633,2.70985074e-05,354.232758,0,0.730366615,1072.79407,814122.062,2.66021299,2.7098311e-05,354.232727,0,0.730366029,1072.79321,814122.062,2.66021514,2.70986056e-05,354.232819,0,0.729862569,974.900208,810967.625,2.90946174,4.83947661e-05,347.44278,0,0.729862468,974.900269,810967.438,2.90946078,4.83945441e-05,347.442719,0,0.729862546,974.900513,810967.5,2.90946031,4.83944823e-05,347.442749,0
-0.281656206,-0.0579397827,0.747774989,1068.83252,801514.5,2.6287241,2.761424e-05,353.846436,0,0.747774991,1068.83374,801514.375,2.62872052,2.76137853e-05,353.846405,0,0.747774315,1068.83289,801514.688,2.62872362,2.76141e-05,353.846497,0,0.747276582,971.173157,798330.875,2.87511706,4.92487598e-05,347.070618,0,0.747276809,971.173035,798330.438,2.87511587,4.9248687e-05,347.070496,0,0.747276659,971.173401,798330.438,2.87511468,4.92485597e-05,347.070496,0
-0.247948781,-0.0510057919,0.76536069,1064.76379,788725.312,2.59666443,2.81530301e-05,353.449341,0,0.765361142,1064.76477,788725,2.59666038,2.81528191e-05,353.449219,0,0.765360374,1064.76379,788725.375,2.59666395,2.8153172e-05,353.449341,0,0.764869397,967.344238,785513.438,2.84015369,5.01419127e-05,346.688049,0,0.764869804,967.344055,785513.062,2.84015298,5.01415852e-05,346.687836,0,0.764869824,967.344604,785513,2.84015107,5.01413597e-05,346.687836,0
-0.214405909,-0.0441056564,0.783124653,1060.58606,775766,2.5640595,2.87166713e-05,353.041138,0,0.783124904,1060.58704,775765.688,2.56405592,2.87163912e-05,353.041199,0,0.783124868,1060.58618,775765.812,2.5640583,2.87167095e-05,353.04129,0,0.782642211,963.413452,772526.688,2.80459452,5.10746941e-05,346.294739,0,0.782642694,963.413208,772526.312,2.8045938,5.10748359e-05,346.294678,0,0.782642585,963.413757,772526.375,2.80459237,5.10746249e-05,346.294678,0
-0.181004763,-0.0372346714,0.801071233,1056.29785,762642.75,2.53091764,2.93060257e-05,352.622162,0,0.801071427,1056.29895,762642.625,2.53091455,2.93057019e-05,352.622101,0,0.801071126,1056.2981,762642.688,2.53091669,2.9306033e-05,352.622223,0,0.800599366,959.379028,759377.062,2.76844883,5.20506583e-05,345.890808,0,0.800599417,959.378967,759377,2.76844907,5.20505164e-05,345.890839,0,0.80059969,959.379272,759376.625,2.76844668,5.20503818e-05,345.890839,0
-0.14772208,-0.0303880572,0.819204362,1051.89807,749363.438,2.4972508,2.99223448e-05,352.191895,0,0.81920445,1051.89917,749363.438,2.49724817,2.9922001e-05,352.191803,0,0.819204088,1051.89832,749363.438,2.49724984,2.99223339e-05,352.191895,0,0.818744794,955.240234,746072.688,2.73173022,5.30707039e-05,345.476288,0,0.818744624,955.23999,746072.75,2.73173118,5.30707512e-05,345.476196,0,0.818744864,955.240356,746072.312,2.73172879,5.30705838e-05,345.476196,0
-0.114535697,-0.0235612541,0.837527288,1047.3855,735937.062,2.46307397,3.0567091e-05,351.750244,0,0.837527644,1047.38635,735936.938,2.46307158,3.0566629e-05,351.750122,0,0.837527402,1047.3855,735936.875,2.46307278,3.0566971e-05,351.750214,0,0.837082203,950.995544,732622.062,2.69445419,5.41378358e-05,345.050659,0,0.837082084,950.995361,732622.5,2.69445634,5.41376976e-05,345.050568,0,0.837081964,950.995728,732622,2.69445324,5.41375266e-05,345.050568,0
-0.0814239532,-0.016749803,0.856044038,1042.7583,722372.438,2.42840338,3.12412994e-05,351.297119,0,0.856044094,1042.75928,722372.375,2.42840099,3.12410266e-05,351.296936,0,0.856044066,1042.75867,722372.562,2.42840266,3.12413104e-05,351.297028,0,0.855614862,946.643738,719035,2.65664029,5.52543097e-05,344.613892,0,0.855614848,946.643555,719035.625,2.65664315,5.52539641e-05,344.613831,0,0.855614761,946.643738,719035.125,2.65664077,5.52538841e-05,344.613831,0
-0.0483648479,-0.00994918123,0.87475899,1038.01282,708677.75,2.3932569,3.19477258e-05,350.832245,0,0.874759125,1038.01367,708677.5,2.39325452,3.1947453e-05,350.832062,0,0.874759479,1038.01306,708677.375,2.39325523,3.19477367e-05,350.832123,0,0.874348319,942.181274,705319.125,2.6183064,5.64233014e-05,344.165833,0,0.874348408,942.181091,705319.562,2.61830854,5.64231705e-05,344.165771,0,0.874347911,942.181274,705319.375,2.61830783,5.64231232e-05,344.165802,0
-0.0153370686,-0.00315500377,0.893677339,1033.14917,694863.062,2.35765052,3.26874288e-05,350.355408,0,0.893677097,1033.15039,694863,2.3576479,3.26870322e-05,350.355347,0,0.893677556,1033.14954,694862.875,2.35764909,3.26873887e-05,350.355438,0,0.893286912,937.608704,691485.312,2.57947063,5.76472776e-05,343.706451,0,0.893287014,937.608704,691485.625,2.5794723,5.76472921e-05,343.70636,0,0.893286605,937.608765,691485.562,2.57947183,5.7647314e-05,343.70636,0
0.0176808108,0.00363713736,0.912802921,1028.17041,680937.625,2.32158995,3.34610777e-05,349.86673,0,0.912802455,1028.17126,680937.688,2.32158804,3.34605393e-05,349.866638,0,0.912803028,1028.17065,680937.625,2.32158923,3.34608339e-05,349.86673,0,0.912434787,932.928528,677542.625,2.54013944,5.89275696e-05,343.235352,0,0.9124353,932.928528,677542.875,2.54014039,5.89274823e-05,343.235352,0,0.912434787,932.928528,677542.75,2.54013968,5.89275369e-05,343.235352,0
0.0507100746,0.0104316203,0.932142674,1023.07257,666910.75,2.28509617,3.42705462e-05,349.365784,0,0.932142504,1023.07343,666910.625,2.28509426,3.42701751e-05,349.365753,0,0.932142969,1023.07269,666910.75,2.28509593,3.42705207e-05,349.365845,0,0.931800315,928.137085,663499.812,2.50033379,6.02679975e-05,342.752625,0,0.931800521,928.137146,663500,2.5003345,6.02679211e-05,342.752563,0,0.931800006,928.137146,663500.062,2.5003345,6.02679902e-05,342.752594,0
0.0837722346,0.0172328707,0.951704024,1017.85352,652791.062,2.24818563,3.51184499e-05,348.852509,0,0.951704042,1017.85425,652791,2.24818397,3.51182171e-05,348.852478,0,0.951704032,1017.85376,652791.25,2.24818563,3.51185045e-05,348.85257,0,0.951390305,923.232422,649366,2.4600718,6.16722609e-05,342.257904,0,0.951390202,923.232422,649366.188,2.46007228,6.16723701e-05,342.257843,0,0.95138979,923.232544,649366.25,2.46007276,6.16723846e-05,342.257874,0
0.116888613,0.0240452737,0.971494257,1012.51135,638587.75,2.2108736,3.60068989e-05,348.326782,0,0.971493971,1012.51215,638587.812,2.21087241,3.60067606e-05,348.326599,0,0.971494158,1012.51129,638588,2.21087432,3.60071645e-05,348.326691,0,0.971211014,918.212952,635151.125,2.41937351,6.31445946e-05,341.750977,0,0.971211218,918.212769,635151.062,2.41937399,6.31446528e-05,341.750946,0,0.97121081,918.213074,635151.188,2.41937351,6.31445582e-05,341.750977,0
0.150080994,0.0308733117,0.991521523,1007.04382,624309.625,2.17317605,3.69385125e-05,347.787964,0,0.991521327,1007.04437,624309.5,2.17317462,3.69383779e-05,347.787872,0,0.991521622,1007.0437,624309.688,2.17317629,3.69387271e-05,347.787964,0,0.991271446,913.076904,620863.375,2.37825251,6.46885965e-05,341.23172,0,0.991271755,913.07666,620863.375,2.37825322,6.46886765e-05,341.231659,0,0.991271963,913.076843,620863.188,2.37825203,6.46886328e-05,341.231659,0
0.18337144,0.0377215222,1.01179177,1001.44965,609968.062,2.13511467,3.79155681e-05,347.236237,0,1.01179137,1001.45038,609968.25,2.13511395,3.7915288e-05,347.236176,0,1.01179217,1001.4494,609967.875,2.13511443,3.79157173e-05,347.236237,0,1.01157914,907.822571,606513.812,2.33673239,6.63093888e-05,340.699829,0,1.01157893,907.82251,606514,2.33673334,6.63089231e-05,340.699799,0,1.01157924,907.822815,606513.812,2.33673215,6.63088067e-05,340.699829,0
0.216781974,0.0445944369,1.03230509,995.729492,595578.25,2.09672165,3.89399756e-05,346.671509,0,1.03230448,995.730164,595578.5,2.09672093,3.89398338e-05,346.671478,0,1.03230539,995.729431,595578.188,2.09672141,3.89402012e-05,346.671539,0,1.0321324,902.450989,592118.375,2.2948494,6.8009409e-05,340.155457,0,1.03213178,902.450928,592118.938,2.29485178,6.80094163e-05,340.155426,0,1.03213187,902.451294,592118.812,2.29485035,6.80092635e-05,340.155457,0
0.250335515,0.0514967702,1.05307321,989.880432,581147.75,2.05800819,4.00150202e-05,346.093475,0,1.0530726,989.881165,581148,2.05800748,4.00149802e-05,346.093414,0,1.05307332,989.88031,581147.812,2.05800867,4.00154058e-05,346.093506,0,1.05294439,896.959229,577684.062,2.25261497,6.9795562e-05,339.598267,0,1.05294355,896.95929,577684.625,2.25261712,6.97954165e-05,339.598145,0,1.05294397,896.959473,577684.5,2.25261617,6.97953656e-05,339.598145,0
0.284055591,0.0584333614,1.07410515,983.900696,566686.688,2.01899409,4.11439578e-05,345.501862,0,1.07410422,983.901367,566687,2.01899385,4.11438523e-05,345.501831,0,1.07410475,983.900696,566686.875,2.01899433,4.11442197e-05,345.501923,0,1.07402319,891.345764,563221.25,2.21005011,7.16723735e-05,339.027832,0,1.07402279,891.345581,563221.75,2.21005225,7.167273e-05,339.02774,0,1.07402308,891.346069,563221.688,2.21005106,7.16724753e-05,339.027771,0
0.317965746,0.0654090568,1.0954088,977.788574,552205.5,1.97969854,4.23302008e-05,344.896484,0,1.09540828,977.789062,552205.625,1.97969818,4.23296806e-05,344.896454,0,1.09540911,977.788452,552205.5,1.97969854,4.23300444e-05,344.896545,0,1.09537809,885.609009,548740.625,2.16717649,7.3647112e-05,338.444061,0,1.09537778,885.608765,548740.688,2.16717792,7.36469228e-05,338.444,0,1.09537796,885.609375,548740.75,2.16717649,7.36465663e-05,338.444031,0
0.352090627,0.0724289194,1.11699345,971.542175,537715,1.94014311,4.35763286e-05,344.276978,0,1.11699333,971.542542,537715.125,1.94014275,4.35760267e-05,344.277069,0,1.11699376,971.542053,537715.25,1.94014394,4.3576365e-05,344.277161,0,1.11701775,879.74762,534252.812,2.124017,7.57244925e-05,337.846771,0,1.11701755,879.747437,534252.75,2.12401724,7.57243979e-05,337.846741,0,1.11701784,879.747864,534252.875,2.12401676,7.57241578e-05,337.846741,0
0.386455655,0.0794981793,1.13886503,965.161011,523228.469,1.9003557,4.48865467e-05,343.643677,0,1.13886459,965.161682,523228.719,1.90035522,4.48862484e-05,343.643555,0,1.13886512,965.161194,523228.688,1.90035605,4.48865721e-05,343.643616,0,1.13894832,873.760986,519771.156,2.08060098,7.79123438e-05,337.235931,0,1.13894856,873.760681,519770.875,2.08060074,7.79119946e-05,337.235779,0,1.13894862,873.76123,519771.156,2.0806005,7.79116672e-05,337.235779,0
0.421087146,0.0866222605,1.1610282,958.644836,508759.656,1.86036527,4.6264835e-05,342.99585,0,1.16102764,958.64563,508759.969,1.86036468,4.62643075e-05,342.995789,0,1.1610287,958.644897,508759.719,1.86036515,4.62647185e-05,342.995819,0,1.16117474,867.648743,505309.656,2.03696203,8.02169234e-05,336.611115,0,1.16117509,867.648499,505309.5,2.03696203,8.02166978e-05,336.611023,0,1.16117502,867.64917,505309.844,2.03696203,8.02162904e-05,336.611053,0
0.456012487,0.0938067883,1.18348746,951.993713,494323.5,1.82020569,4.77148787e-05,342.333649,0,1.18348701,951.994202,494323.719,1.82020557,4.77143221e-05,342.333679,0,1.18348778,951.993652,494323.562,1.82020581,4.7714675e-05,342.33374,0,1.18370127,861.411316,490883.594,1.99313724,8.26463074e-05,335.972595,0,1.18370139,861.411133,490883.562,1.99313772,8.26460891e-05,335.972443,0,1.18370155,861.411621,490883.625,1.99313688,8.26457763e-05,335.972473,0
0.491260082,0.101057604,1.20624216,945.208801,479937.594,1.77991927,4.92405816e-05,341.657318,0,1.20624159,945.209412,479937.844,1.77991891,4.9240105e-05,341.657349,0,1.20624237,945.208862,479937.812,1.77991974,4.92404906e-05,341.65741,0,1.20652731,855.050171,476510.688,1.94917262,8.52081357e-05,335.320312,0,1.20652744,855.050049,476510.719,1.94917309,8.5207932e-05,335.320129,0,1.20652782,855.050415,476510.594,1.94917178,8.52076846e-05,335.320129,0
0.526859403,0.10838078,1.22929202,938.292297,465619.656,1.73954809,5.08464036e-05,340.966919,0,1.22929166,938.292786,465619.781,1.73954773,5.08460216e-05,340.966919,0,1.22929235,938.292053,465619.781,1.73954868,5.08465164e-05,340.96698,0,1.22965469,848.56665,462207.688,1.90511167,8.79110667e-05,334.654266,0,1.22965471,848.566528,462207.781,1.9051125,8.79108338e-05,334.654114,0,1.22965509,848.566772,462207.688,1.90511155,8.7910681e-05,334.654114,0
0.562842429,0.115782879,1.25263896,931.244934,451385.688,1.6991322,5.25369869e-05,340.262421,0,1.25263847,931.245483,451385.781,1.69913137,5.25368741e-05,340.26239,0,1.25263939,931.24469,451385.75,1.69913268,5.25374089e-05,340.262451,0,1.25308487,841.962036,447990.906,1.86099815,9.07642316e-05,333.974548,0,1.25308479,841.961975,447991.094,1.86099911,9.07640715e-05,333.974457,0,1.25308474,841.962341,447991.094,1.86099839,9.07638314e-05,333.974457,0
0.599241197,0.123270504,1.27628472,924.068359,437251.094,1.65870845,5.43182286e-05,339.543976,0,1.27628508,924.068787,437251.031,1.65870762,5.43177557e-05,339.543854,0,1.27628545,924.068176,437250.938,1.65870821,5.43182068e-05,339.543915,0,1.27682101,835.23761,433875.531,1.81687224,9.37787117e-05,333.281342,0,1.27682101,835.237488,433875.594,1.81687284,9.37779332e-05,333.281189,0,1.27682049,835.238098,433875.812,1.8168726,9.37775039e-05,333.281219,0
0.636090279,0.130850777,1.3002359,916.762878,423229.281,1.61831081,5.61948546e-05,338.81131,0,1.30023635,916.763306,423229.188,1.61830974,5.6194378e-05,338.811249,0,1.30023683,916.762817,423228.938,1.6183095,5.61947782e-05,338.81131,0,1.3008696,828.393799,419874.781,1.77276921,9.69642933e-05,332.574432,0,1.30086963,828.393616,419874.812,1.77276993,9.69639514e-05,332.57428,0,1.3008691,828.394104,419875.031,1.77276969,9.69636312e-05,332.57431,0
0.673425555,0.138531044,1.32449909,909.328979,409332.594,1.57796931,5.81733002e-05,338.064514,0,1.32449927,909.329346,409332.625,1.57796884,5.81730237e-05,338.064545,0,1.32449982,909.328979,409332.25,1.57796812,5.81733693e-05,338.064606,0,1.3252376,821.43103,406001.281,1.72872353,0.000100334793,331.853729,0,1.32523753,821.430969,406001.344,1.728724,0.000100334721,331.853638,0,1.32523702,821.431274,406001.531,1.72872412,0.000100334561,331.853668,0
0.711286426,0.146319449,1.34908555,901.76532,395571.281,1.53771007,6.02611399e-05,337.30365,0,1.34908488,901.766113,395571.5,1.53770971,6.02608925e-05,337.303558,0,1.34908583,901.765442,395571.156,1.53770936,6.02614091e-05,337.303619,0,1.34993549,814.348816,392265.812,1.68476474,0.000103905077,331.119293,0,1.34993538,814.348755,392265.812,1.68476486,0.000103905091,331.119171,0,1.34993534,814.34906,392265.938,1.68476474,0.000103904902,331.119171,0
0.749712944,0.154224202,1.37400604,894.071594,381955.438,1.49755776,6.24666427e-05,336.528168,0,1.37400602,894.072083,381955.406,1.49755704,6.24661552e-05,336.528076,0,1.3740061,894.071655,381955.406,1.49755776,6.24666282e-05,336.528137,0,1.37497528,807.146667,378678.25,1.64091921,0.000107691019,330.370697,0,1.37497554,807.146423,378678.156,1.64091909,0.000107691158,330.370636,0,1.3749752,807.146912,378678.25,1.64091849,0.00010769075,330.370636,0
0.788748145,0.16225417,1.39927783,886.245422,368492.25,1.45753038,6.4797794e-05,335.737915,0,1.39927842,886.245667,368492.031,1.45752907,6.47976485e-05,335.737762,0,1.39927804,886.2453,368492.219,1.45753038,6.47981069e-05,335.737854,0,1.40037476,799.822327,365246.031,1.59720707,0.000111711466,329.607819,0,1.40037454,799.822327,365245.938,1.59720683,0.000111711335,329.607727,0,1.4003746,799.822571,365245.906,1.597206,0.000111711175,329.607758,0
0.828438699,0.170418963,1.42492404,878.282593,355186.375,1.41763771,6.72664537e-05,334.932281,0,1.42492452,878.282898,355186.125,1.41763639,6.72659298e-05,334.932159,0,1.4249244,878.282471,355186.281,1.41763759,6.72664391e-05,334.93222,0,1.4261563,792.37262,351973.875,1.55363929,0.000115988172,328.830048,0,1.42615619,792.372498,351973.844,1.55363941,0.000115987983,328.829987,0,1.42615626,792.372742,351973.75,1.55363858,0.000115987801,328.830017,0
0.868831754,0.178728253,1.45097343,870.177429,342039.938,1.37788284,6.98842414e-05,334.110504,0,1.45097334,870.177795,342039.969,1.37788224,6.98835647e-05,334.110535,0,1.45097364,870.177368,342039.938,1.37788284,6.98840522e-05,334.110596,0,1.45234909,784.792419,338864.406,1.51022077,0.000120546225,328.036804,0,1.45234853,784.792603,338864.562,1.51022124,0.000120545832,328.036774,0,1.45234832,784.792847,338864.562,1.51022041,0.000120545657,328.036774,0
0.909981072,0.187193125,1.47746305,861.921936,329052.312,1.33825898,7.26655271e-05,333.272003,0,1.477463,861.922119,329052.281,1.33825898,7.2665156e-05,333.271912,0,1.47746294,861.921753,329052.312,1.33825946,7.26656363e-05,333.271973,0,1.47899049,777.074524,325917,1.4669441,0.000125415943,327.227173,0,1.47899015,777.074585,325917,1.46694422,0.000125415798,327.227081,0,1.47899038,777.074707,325917,1.46694398,0.000125415798,327.227112,0
0.951940835,0.195824713,1.50443656,853.505981,316220.906,1.29875493,7.56278387e-05,332.415192,0,1.50443613,853.50647,316220.969,1.29875457,7.56274894e-05,332.415192,0,1.50443656,853.50592,316220.875,1.29875517,7.56281079e-05,332.415253,0,1.50612547,769.209778,313129.125,1.42379642,0.000130634071,326.399872,0,1.50612547,769.209778,313129.125,1.42379653,0.00013063314,326.399902,0,1.5061257,769.209961,313129.094,1.42379618,0.000130633023,326.399933,0
0.994770467,0.204635233,1.53194408,844.918335,303542.406,1.25935411,7.87917525e-05,331.539062,0,1.53194413,844.918579,303542.406,1.25935388,7.8790923e-05,331.538971,0,1.53194392,844.918457,303542.375,1.259354,7.87912722e-05,331.539062,0,1.53380453,761.187683,300497.594,1.38076091,0.000136240153,325.553955,0,1.53380464,761.187744,300497.5,1.38076067,0.000136239352,325.553894,0,1.53380509,761.187744,300497.5,1.38076067,0.000136239527,325.553925,0
1.03853261,0.21363759,1.56004145,836.145752,291013.25,1.22003973,8.217914e-05,330.641876,0,1.56004166,836.146179,291013.156,1.22003901,8.21781869e-05,330.641815,0,1.56004178,836.145752,291013.156,1.22003937,8.21788053e-05,330.641907,0,1.56208365,752.996765,288019.125,1.3378191,0.000142284029,324.687775,0,1.56208422,752.996826,288018.906,1.33781838,0.000142283447,324.687653,0,1.56208382,752.997131,288019.094,1.33781874,0.000142283257,324.687683,0
1.08329642,0.222846001,1.58878789,827.174927,278630.688,1.18079591,8.58168933e-05,329.722198,0,1.58878805,827.175232,278630.562,1.18079507,8.58163985e-05,329.722137,0,1.58878806,827.174744,278630.656,1.18079591,8.58171043e-05,329.722198,0,1.59102325,744.624756,275690.969,1.29495394,0.000148822146,323.799774,0,1.59102435,744.624634,275690.656,1.29495299,0.000148822553,323.799622,0,1.59102342,744.624939,275690.906,1.29495347,0.00014882235,323.799652,0
1.12913215,0.232274905,1.618242,817.992493,266395.031,1.14161599,8.97361751e-05,328.778503,0,1.61824204,817.992798,266394.906,1.14161515,8.97360223e-05,328.778351,0,1.61824189,817.992554,266394.969,1.14161575,8.97365535e-05,328.778412,0,1.62068295,736.059692,263513.375,1.25215709,0.000155922753,322.888397,0,1.62068406,736.05957,263513.156,1.25215662,0.000155922637,322.888336,0,1.62068353,736.059875,263513.281,1.25215662,0.000155922375,322.888367,0
1.17611611,0.241940036,1.64846411,808.585938,254308.266,1.10249734,9.39723541e-05,327.80899,0,1.64846385,808.586365,254308.234,1.1024965,9.39719248e-05,327.808899,0,1.64846411,808.585876,254308.234,1.10249734,9.39726742e-05,327.80896,0,1.65112516,727.2901,251488.359,1.20942652,0.000163660807,321.952209,0,1.65112532,727.290344,251488.438,1.20942664,0.000163660443,321.952301,0,1.65112512,727.290527,251488.469,1.2094264,0.000163660312,321.952301,0
1.22433174,0.251858503,1.67951492,798.942932,242375.172,1.0634464,9.85653533e-05,326.812317,0,1.67951469,798.943481,242375.156,1.06344569,9.85648003e-05,326.812286,0,1.67951455,798.943176,242375.297,1.06344664,9.85654333e-05,326.812347,0,1.68241169,718.305298,239620.719,1.16676819,0.00017212797,320.990021,0,1.68241173,718.305481,239620.734,1.16676819,0.000172126893,320.98996,0,1.68241134,718.305786,239620.828,1.16676795,0.000172126558,320.98999,0
1.27386332,0.262047708,1.7114505,789.054016,230604.5,1.02448201,0.000103561055,325.787079,0,1.71145004,789.054626,230604.609,1.02448153,0.000103560291,325.78717,0,1.71145,789.054321,230604.688,1.02448237,0.000103560938,325.787231,0,1.71460034,709.096375,227918.828,1.12420166,0.000181426512,320.000153,0,1.71460061,709.096619,227918.797,1.1242013,0.000181425945,320.000092,0,1.71460061,709.09668,227918.844,1.1242013,0.00018142609,320.000122,0
1.32480347,0.272526652,1.74432734,778.909851,219007.016,0.985630274,0.000109012035,324.7323,0,1.74432751,778.910278,219007,0.985629678,0.000109012137,324.732239,0,1.74432779,778.910034,219007.047,0.985630333,0.000109012719,324.7323,0,1.74775085,699.655457,216393.188,1.08175433,0.000191682469,318.981506,0,1.74775064,699.65564,216393.219,1.08175421,0.000191681422,318.981415,0,1.7477512,699.655518,216393.156,1.08175397,0.000191681873,318.981445,0
1.37724769,0.283315003,1.77819871,768.503967,207596.625,0.946928918,0.000114982293,323.646545,0,1.77819865,768.504395,207596.641,0.946928442,0.000114981245,323.646515,0,1.7781995,768.504028,207596.531,0.946928501,0.000114981929,323.646545,0,1.78191729,689.976746,205057.625,1.03946722,0.000203039104,317.933105,0,1.78191696,689.976929,205057.641,1.03946698,0.000203038086,317.932922,0,1.78191696,689.97699,205057.672,1.0394671,0.000203038187,317.932953,0
1.43129718,0.294433594,1.8131155,757.831116,196389.031,0.908422768,0.000121540608,322.529053,0,1.81311566,757.831543,196389.016,0.908422172,0.000121539488,322.528992,0,1.81311675,757.831116,196388.844,0.908421934,0.000121540266,322.529053,0,1.81715237,680.056458,193927.828,0.997388721,0.000215669133,316.85379,0,1.81715215,680.056702,193927.844,0.997388422,0.000215667271,316.853729,0,1.81715181,680.056763,193927.859,0.997388601,0.000215667358,316.853729,0
1.48705542,0.305903673,1.84912534,746.888855,185402.203,0.870166063,0.000128770422,321.379059,0,1.84912561,746.889282,185402.141,0.870165348,0.000128770072,321.378998,0,1.84912681,746.888794,185401.984,0.870165169,0.00012877096,321.379028,0,1.85350628,669.892944,183021.531,0.95557791,0.000229774465,315.743256,0,1.85350605,669.893127,183021.516,0.955577552,0.000229773432,315.743073,0,1.85350582,669.893188,183021.562,0.955577672,0.000229773563,315.743103,0
1.54462993,0.317747384,1.88627647,735.675903,174654.438,0.832216561,0.000136772578,320.195923,0,1.88627695,735.676147,174654.312,0.832215726,0.000136771589,320.195892,0,1.88627772,735.675781,174654.219,0.832215607,0.000136772433,320.195923,0,1.89102876,659.485657,172356.906,0.914097786,0.000245603704,314.600464,0,1.89102829,659.485901,172356.953,0.914097607,0.000245602103,314.600403,0,1.89102818,659.485962,172357,0.914097726,0.000245602248,314.600433,0
1.6041286,0.3299869,1.92461515,724.192688,164164.859,0.794637978,0.00014566048,318.979248,0,1.92461586,724.192871,164164.703,0.794637144,0.00014566067,318.979156,0,1.92461631,724.192627,164164.688,0.794637203,0.000145661485,318.979218,0,1.92976846,648.836121,161952.938,0.873017788,0.000263451599,313.425293,0,1.92976786,648.836365,161953.047,0.873017967,0.000263450784,313.425293,0,1.92976751,648.83667,161953.141,0.873018086,0.000263450202,313.425323,0
1.66565788,0.342644155,1.96418761,712.441589,153952.578,0.757497132,0.000155576694,317.728546,0,1.96418786,712.441833,153952.453,0.757496238,0.00015557665,317.728546,0,1.96418809,712.44165,153952.484,0.757496476,0.000155577509,317.728607,0,1.96977256,637.947754,151828.672,0.832411289,0.000283682253,312.217438,0,1.9697722,637.948059,151828.812,0.832411647,0.000283679867,312.217377,0,1.96977171,637.948364,151828.906,0.832411587,0.000283679226,312.217407,0
1.72932136,0.355740428,2.00503537,700.427917,144037.25,0.720866203,0.000166687329,316.444,0,2.00503632,700.42804,144037.062,0.72086525,0.000166686092,316.443909,0,2.00503607,700.427979,144037.141,0.720865488,0.000166686863,316.44397,0,2.01108592,626.826294,142003.312,0.792356491,0.000306733098,310.976685,0,2.0110853,626.826721,142003.516,0.792356968,0.000306730828,310.976624,0,2.01108518,626.826782,142003.594,0.792357147,0.000306731032,310.976654,0
1.79521549,0.369295597,2.0471952,688.160095,134438.688,0.684822619,0.000179189345,315.125671,0,2.0471959,688.160095,134438.531,0.684821784,0.000179188355,315.125519,0,2.04719639,688.159729,134438.562,0.684822083,0.000179189781,315.12561,0,2.05374625,615.480713,132496.516,0.752938211,0.000333149306,309.703278,0,2.05374575,615.481018,132496.688,0.752938688,0.000333145785,309.703247,0,2.05374511,615.481323,132496.812,0.752939045,0.000333144999,309.703278,0
1.86342716,0.383327484,2.0906953,675.650024,125176.812,0.649449408,0.000193324071,313.774109,0,2.0906953,675.65033,125176.734,0.649448752,0.000193323373,313.774017,0,2.0906953,675.650208,125176.797,0.64944911,0.000193324435,313.774078,0,2.09778318,603.923706,123327.883,0.714247108,0.000363593193,308.39798,0,2.09778304,603.923889,123327.969,0.714247406,0.000363590254,308.397888,0,2.09778252,603.924133,123328.094,0.714247823,0.000363589614,308.397919,0
1.93402445,0.397850126,2.13554539,662.91748,116272.469,0.614837885,0.000209378879,312.390686,0,2.13554648,662.91748,116272.305,0.61483711,0.000209377424,312.390594,0,2.13554624,662.917419,116272.391,0.614837587,0.000209378471,312.390686,0,2.14321033,592.173584,114517.469,0.676381946,0.000398885401,307.061829,0,2.14321163,592.173279,114517.445,0.676382124,0.000398884556,307.061737,0,2.14321017,592.173828,114517.578,0.676382363,0.000398882141,307.061768,0
2.00705791,0.412873924,2.18174612,649.985046,107744.969,0.581081331,0.000227696641,310.977203,0,2.18174686,649.985107,107744.906,0.581080854,0.000227696073,310.977112,0,2.18174652,649.984985,107744.953,0.581081212,0.000227697325,310.977173,0,2.19002824,580.252747,106084.305,0.639445007,0.00044004232,305.696625,0,2.19002839,580.252808,106084.312,0.639445007,0.000440039585,305.696533,0,2.19002821,580.252991,106084.352,0.639445126,0.000440038944,305.696564,0
2.08255124,0.428403735,2.22927327,636.883301,99613.3125,0.548277915,0.000248694676,309.53598,0,2.2292739,636.88324,99613.2891,0.548277915,0.000248694938,309.53598,0,2.2292739,636.883179,99613.2812,0.548277915,0.000248695986,309.536041,0,2.23821333,568.190674,98046.7969,0.60354352,0.00048831763,304.304779,0,2.23821441,568.190552,98046.7188,0.603543222,0.000488316291,304.304657,0,2.23821462,568.190674,98046.75,0.603543282,0.000488316058,304.304688,0
2.1604979,0.444438189,2.27807893,623.649353,91894.8281,0.516527951,0.000272871897,308.070618,0,2.27807917,623.649353,91894.875,0.516528249,0.00027287149,308.070557,0,2.27807984,623.649109,91894.8047,0.51652807,0.000272873091,308.070618,0,2.28771934,556.022339,90421.5391,0.568786025,0.000545269519,302.889465,0,2.28772048,556.022156,90421.4922,0.568785906,0.00054526981,302.889343,0,2.28772054,556.0224,90421.5312,0.568785965,0.000545268413,302.889374,0
2.2408576,0.46096909,2.32809047,610.326721,84604.1562,0.485928714,0.000300824962,306.584869,0,2.32809069,610.326904,84604.1953,0.485928893,0.000300823915,306.584839,0,2.32809018,610.326843,84604.1797,0.485928774,0.000300825195,306.5849,0,2.3384748,543.788147,83222.4766,0.535278976,0.00061283668,301.45459,0,2.33847421,543.788269,83222.5078,0.535279036,0.000612835283,301.454468,0,2.33847371,543.788696,83222.5859,0.535279214,0.000612832024,301.454498,0
2.32355642,0.47798112,2.37920865,596.964783,77752.2734,0.456570238,0.000333271833,305.083679,0,2.3792087,596.965027,77752.2656,0.456570148,0.000333269796,305.083618,0,2.37920905,596.964661,77752.2422,0.456570148,0.000333272532,305.083679,0,2.39037592,531.534668,76460.0938,0.503121078,0.000693417736,300.004639,0,2.39037634,531.534607,76460.1016,0.503121197,0.000693417736,300.004578,0,2.39037625,531.534912,76460.1406,0.503121197,0.000693415001,300.004608,0
2.40848184,0.495451212,2.43131021,583.616577,71345.7734,0.428532571,0.000371073722,303.572266,0,2.43131056,583.616699,71345.75,0.428532362,0.000371071976,303.572174,0,2.43131144,583.616333,71345.7344,0.428532481,0.000371075206,303.572235,0,2.44330273,519.310059,70140.2266,0.472399771,0.000790016551,298.544769,0,2.44330185,519.310242,70140.2812,0.472400069,0.000790014572,298.5448,0,2.44330227,519.310486,70140.3047,0.47239998,0.000790012127,298.54483,0
2.49549174,0.513350129,2.48425195,570.337585,65386.0977,0.401880264,0.00041526524,302.056274,0,2.4842523,570.337646,65386.0547,0.401880026,0.000415262824,302.056244,0,2.4842531,570.337219,65386.0586,0.401880205,0.000415267044,302.056305,0,2.49710578,507.165894,64263.9219,0.443186432,0.000906368194,297.08075,0,2.49710473,507.166138,64263.9922,0.44318676,0.00090636214,297.080688,0,2.49710521,507.16629,64263.9961,0.443186581,0.000906360394,297.080688,0
2.5844171,0.531643033,2.53787483,557.183167,59869.2734,0.376659781,0.000467088597,300.541779,0,2.53787495,557.183289,59869.2227,0.376659423,0.000467084639,300.541718,0,2.537875,557.183044,59869.2422,0.376659721,0.000467088132,300.541779,0,2.55162261,495.152832,58826.7617,0.41553241,0.00104713475,295.61792,0,2.55162261,495.152924,58826.7734,0.4155325,0.001047128,295.617859,0,2.55162182,495.153351,58826.8086,0.415532351,0.00104712078,295.617889,0
2.67506814,0.550290942,2.59200843,544.207214,54786.082,0.352897972,0.000528030214,299.034668,0,2.59200854,544.207397,54786.0508,0.352897733,0.000528028468,299.034546,0,2.59200817,544.207214,54786.0586,0.352897882,0.000528031786,299.034607,0,2.60668065,483.31955,53819.043,0.389467299,0.00121814327,294.16217,0,2.60668029,483.319733,53819.0508,0.389467239,0.00121813815,294.162109,0,2.6066805,483.319794,53819.0586,0.38946709,0.00121813791,294.162109,0
2.76724553,0.569252849,2.64648023,531.459412,50122.1406,0.330599904,0.000599887222,297.540344,0,2.64647943,531.459656,50122.1719,0.330599964,0.000599885883,297.540344,0,2.64648032,531.459229,50122.1367,0.330599934,0.000599891704,297.540375,0,2.6621028,471.710602,49226.1914,0.364997596,0.00142672658,292.718842,0,2.6621028,471.710632,49226.207,0.364997655,0.00142671401,292.718781,0,2.66210386,471.710541,49226.207,0.364997655,0.00142671878,292.718781,0
2.86074662,0.588487089,2.70112495,518.982788,45858.5625,0.309749514,0.000684825121,296.064209,0,2.70112356,518.983276,45858.6523,0.309749901,0.000684819184,296.064209,0,2.70112503,518.982666,45858.5898,0.309749782,0.00068482809,296.06424,0,2.7177183,460.364594,45029.2617,0.342107236,0.00168203597,291.292969,0,2.71771802,460.364594,45029.2812,0.342107385,0.00168203621,291.292816,0,2.71771733,460.364929,45029.3359,0.342107505,0.00168202701,291.292847,0
2.95537519,0.607953191,2.75578918,506.81311,41972.9258,0.290311724,0.000785458658,294.610535,0,2.75578749,506.813751,41973.0078,0.290312052,0.000785448705,294.610504,0,2.75578873,506.813171,41972.9609,0.290311873,0.000785458949,294.610535,0,2.77336764,449.313202,41205.832,0.320758939,0.0019956897,289.888641,0,2.77336805,449.313141,41205.8398,0.320759088,0.00199568924,289.888519,0,2.77336587,449.313629,41205.9023,0.320759237,0.00199567084,289.88858,0
3.050946,0.627613187,2.81032076,494.981476,38441.3438,0.27224046,0.000904929475,293.183319,0,2.81031927,494.982147,38441.375,0.272240549,0.000904916611,293.183319,0,2.81032122,494.981384,38441.3281,0.27224049,0.000904932152,293.18335,0,2.82889876,438.582642,37731.6758,0.300901175,0.00238222373,288.509766,0,2.82889847,438.582642,37731.6875,0.300901294,0.00238222652,288.509674,0,2.82889785,438.582794,37731.6953,0.300901294,0.00238222,288.509674,0
3.14729214,0.647432625,2.86456077,483.516144,35239.5234,0.255483121,0.00104696851,291.786621,0,2.86455994,483.516632,35239.5234,0.255483001,0.00104695302,291.78656,0,2.86456175,483.515961,35239.4844,0.255482972,0.00104696967,291.786591,0,2.88415639,428.195557,34582.2773,0.282475382,0.00285987742,287.159912,0,2.88415639,428.195557,34582.2812,0.282475501,0.00285986741,287.15976,0,2.88415586,428.195648,34582.2812,0.282475442,0.00285986369,287.15979,0
3.24426508,0.667381048,2.91835871,472.439423,32342.8633,0.239980355,0.00121600903,290.423615,0,2.91835791,472.439972,32342.8691,0.239980116,0.00121599459,290.423615,0,2.91836019,472.439148,32342.8223,0.239980161,0.00121601881,290.423645,0,2.93898904,418.170532,31733.0781,0.265416563,0.00345132523,285.842102,0,2.93898849,418.170624,31733.0898,0.265416652,0.00345131685,285.842041,0,2.93898828,418.170715,31733.1035,0.265416622,0.00345131382,285.842072,0
3.34173775,0.68743223,2.9715657,461.769745,29726.9883,0.225667328,0.00141730369,289.097565,0,2.97156744,461.769745,29726.9434,0.225667045,0.00141729007,289.097473,0,2.97156771,461.769409,29726.9453,0.225667179,0.0014173059,289.097534,0,2.99324918,408.521881,29159.7988,0.24965398,0.0041848328,284.559326,0,2.99324813,408.522064,29159.8262,0.24965407,0.00418480486,284.559265,0,2.99324813,408.522064,29159.8301,0.249654099,0.00418481044,284.559296,0
3.43960261,0.707564116,3.02405613,451.517853,27367.5664,0.212473392,0.00165703869,287.810516,0,3.02405729,451.517853,27367.5312,0.212473124,0.00165702263,287.810425,0,3.02405729,451.517517,27367.5391,0.212473303,0.00165704195,287.810486,0,3.04680897,399.257782,26838.4551,0.235111341,0.00509553077,283.313599,0,3.04680937,399.257629,26838.4844,0.235111564,0.0050955466,283.313538,0,3.04680881,399.257629,26838.4746,0.23511149,0.00509555172,283.313568,0
3.5377717,0.727758586,3.07572203,441.688202,25240.8906,0.200323626,0.00194256252,286.564087,0,3.07572244,441.688385,25240.8691,0.200323403,0.00194254017,286.563965,0,3.07572277,441.688049,25240.8828,0.200323597,0.00194256403,286.564026,0,3.09955888,390.38092,24745.7637,0.221708164,0.00622713007,282.106384,0,3.09955649,390.381348,24745.8457,0.221708611,0.00622703321,282.106384,0,3.09955752,390.381165,24745.8164,0.221708417,0.00622707,282.106384,0
3.63617349,0.74800092,3.12648246,432.27887,23324.2422,0.189141467,0.00228259549,285.358856,0,3.12648136,432.279297,23324.2305,0.189141214,0.00228255824,285.358826,0,3.12648345,432.278717,23324.2305,0.189141452,0.00228259992,285.358856,0,3.15141373,381.888794,22859.4492,0.209362119,0.00763388583,280.938538,0,3.15141179,381.889038,22859.5078,0.209362537,0.00763381692,280.938477,0,3.15141179,381.889038,22859.5059,0.209362477,0.00763382576,280.938507,0
3.73475146,0.768279493,3.17627191,423.283966,21596.3066,0.178850785,0.00268739089,284.195282,0,3.17627428,423.283722,21596.2617,0.178850517,0.00268739415,284.19519,0,3.17627398,423.28363,21596.2793,0.17885074,0.00268741138,284.195251,0,3.20230836,373.774506,21158.5664,0.197991192,0.00938327424,279.81012,0,3.20230861,373.774506,21158.6055,0.19799155,0.00938325282,279.810059,0,3.20230644,373.774841,21158.625,0.19799155,0.00938315783,279.810089,0
3.83346081,0.788585067,3.22505447,414.691559,20037.3086,0.169378147,0.00316922786,283.072845,0,3.22505434,414.691711,20037.291,0.169377893,0.00316920341,283.072754,0,3.22505587,414.691376,20037.291,0.169378072,0.00316924322,283.072815,0,3.25219994,366.027435,19623.7617,0.187515795,0.0115591511,278.720917,0,3.25219924,366.027679,19623.791,0.187516034,0.0115589574,278.720856,0,3.25219779,366.027863,19623.8047,0.187516019,0.0115589006,278.720886,0
3.93226719,0.808910668,3.27279078,406.490723,18629.4316,0.160654262,0.00374232116,281.990967,0,3.27279035,406.490997,18629.4277,0.160654113,0.00374228228,281.990967,0,3.27279265,406.490417,18629.416,0.160654217,0.00374235678,281.990997,0,3.30105544,358.635498,18237.4434,0.177860633,0.014264904,277.670319,0,3.30105352,358.635925,18237.4668,0.177860737,0.0142646432,277.670288,0,3.30105384,358.635925,18237.4629,0.177860692,0.014264659,277.670319,0
4.0311451,0.829250932,3.31946178,398.667053,17356.5742,0.152614892,0.00442350935,280.949066,0,3.31945938,398.667542,17356.5898,0.152614862,0.0044234395,280.948975,0,3.31946254,398.66687,17356.5762,0.152614981,0.00442354335,280.949036,0,3.34885122,351.585541,16983.8008,0.168955773,0.0176284146,276.657654,0,3.34884952,351.585876,16983.8027,0.168955714,0.0176281389,276.657623,0,3.34885067,351.585693,16983.7949,0.168955669,0.0176282823,276.657623,0
4.1300745,0.849601746,3.36504411,391.207062,16204.501,0.145201817,0.00523227826,279.946106,0,3.36504362,391.207306,16204.4893,0.145201683,0.00523223262,279.946014,0,3.36504384,391.207153,16204.5039,0.145201907,0.00523228198,279.946075,0,3.39556664,344.864441,15848.7471,0.160736978,0.0218061209,275.682098,0,3.39556814,344.864258,15848.7256,0.160736844,0.0218061637,275.681976,0,3.39557047,344.863922,15848.709,0.160736844,0.0218064785,275.681976,0
4.22904062,0.869960189,3.40951796,384.097412,15160.5352,0.138361841,0.00619115494,278.981354,0,3.40951949,384.097412,15160.5107,0.138361603,0.00619111629,278.981232,0,3.40951774,384.097595,15160.543,0.138361886,0.00619111164,278.981323,0,3.44119449,338.45752,14819.7363,0.153146014,0.0269905608,274.742615,0,3.44119402,338.457764,14819.7412,0.153145894,0.02699022,274.742523,0,3.4411955,338.45752,14819.7236,0.153145894,0.0269905142,274.742523,0
4.32803297,0.890324056,3.4528639,377.325439,14213.5234,0.132047102,0.00732579129,278.053955,0,3.45286712,377.325104,14213.499,0.132046953,0.00732582295,278.053925,0,3.4528653,377.325195,14213.5254,0.132047236,0.00732583832,278.053986,0,3.48570791,332.354095,13885.8467,0.146130443,0.0334122889,273.83847,0,3.48571158,332.353668,13885.8281,0.146130398,0.0334126987,273.83844,0,3.48570978,332.353912,13885.8369,0.146130383,0.0334123783,273.83847,0
4.42704391,0.910691679,3.49506425,370.878021,13353.5312,0.126214191,0.00866555423,277.16333,0,3.49506404,370.878265,13353.5283,0.126214117,0.00866547413,277.163239,0,3.49506248,370.878265,13353.5537,0.126214355,0.0086655179,277.1633,0,3.52909885,326.540375,13037.2295,0.139642552,0.0413528495,272.969055,0,3.52909735,326.54071,13037.2441,0.139642581,0.0413519815,272.968964,0,3.52909889,326.540466,13037.2393,0.139642626,0.041352503,272.968964,0
4.52606773,0.931061924,3.53610106,364.745056,12571.9229,0.120824628,0.0102429409,276.308624,0,3.5361009,364.7453,12571.9209,0.120824531,0.0102428077,276.308594,0,3.53609929,364.7453,12571.9395,0.120824754,0.0102428542,276.308655,0,3.57135027,321.006622,12265.3701,0.133639812,0.0511440709,272.133392,0,3.57134844,321.006958,12265.3799,0.133639812,0.051142823,272.133331,0,3.57134844,321.006958,12265.3857,0.133639932,0.0511429012,272.133362,0
4.62510061,0.951434076,3.57594325,358.915833,11861.002,0.115843564,0.0120938998,275.48941,0,3.57594394,358.915924,11860.9932,0.115843475,0.0120937936,275.489349,0,3.57594087,358.916168,11861.0156,0.115843624,0.0120937368,275.48941,0,3.61244123,315.742249,11562.6797,0.128084019,0.0631794855,271.331024,0,3.61243935,315.742584,11562.6855,0.128083944,0.063178286,271.330994,0,3.61243837,315.742676,11562.6982,0.128084108,0.063178122,271.331024,0
4.72413921,0.97180742,3.61456245,353.380402,11213.9404,0.1112395,0.0142575996,274.705109,0,3.61456255,353.380554,11213.9336,0.111239403,0.0142574664,274.705017,0,3.61456153,353.380463,11213.9453,0.111239538,0.0142575745,274.705048,0,3.65234392,310.737854,10922.4414,0.122940458,0.0779190212,270.561401,0,3.65234431,310.737946,10922.4385,0.122940347,0.0779183656,270.56134,0,3.65234138,310.738281,10922.459,0.122940473,0.077917181,270.561401,0
4.82318163,0.992181599,3.65192856,348.130219,10624.6553,0.106983416,0.0167754274,273.955078,0,3.65192926,348.13031,10624.6494,0.106983304,0.0167752337,273.955017,0,3.65192914,348.130066,10624.6592,0.10698346,0.0167754684,273.955048,0,3.69103757,305.98407,10338.6855,0.118177779,0.0958938748,269.823914,0,3.69103597,305.984406,10338.6904,0.11817769,0.0958917588,269.823853,0,3.69103729,305.984253,10338.6934,0.118177779,0.0958927274,269.823883,0
4.92222738,1.01255631,3.68803681,343.152496,10087.7275,0.103050373,0.0196938496,273.238892,0,3.68803721,343.152649,10087.7285,0.103050277,0.0196936578,273.238831,0,3.68803742,343.152405,10087.7461,0.103050508,0.0196939576,273.238892,0,3.72849546,301.473267,9806.07422,0.113766886,0.11770165,269.118011,0,3.72849384,301.473602,9806.08301,0.113766804,0.117698759,269.11795,0,3.72849315,301.473602,9806.09473,0.113766916,0.11769902,269.117981,0
5.02127457,1.03293145,3.72280219,338.450134,9598.28809,0.0994127765,0.023047328,272.555969,0,3.72280066,338.450531,9598.30078,0.0994127542,0.0230469909,272.555939,0,3.72280157,338.450195,9598.30273,0.099412933,0.0230474081,272.555969,0,3.76472315,297.192932,9319.85449,0.109683223,0.144050315,268.443176,0,3.76472114,297.193268,9319.86816,0.109683208,0.144047245,268.443115,0,3.76471773,297.193695,9319.89062,0.109683342,0.144044071,268.443176,0
5.12032366,1.05330694,3.75617008,334.020081,9152.18555,0.0960495546,0.0268693529,271.906006,0,3.75617237,334.019928,9152.18457,0.0960495472,0.0268694889,271.906006,0,3.7561723,334.019745,9152.17871,0.0960496143,0.0268697813,271.906036,0,3.79958325,293.153595,8875.83789,0.105896987,0.175508052,267.79895,0,3.79957951,293.154205,8875.86035,0.105897017,0.175501689,267.79892,0,3.7995785,293.154388,8875.86816,0.105897084,0.17550005,267.79895,0
5.21937275,1.07368243,3.78832695,329.816925,8744.72656,0.0929429159,0.0312441289,271.287354,0,3.78833024,329.816681,8744.72363,0.0929429606,0.0312442686,271.287354,0,3.78832986,329.816589,8744.71289,0.0929429382,0.0312444549,271.287384,0,3.83315331,289.332489,8470.07617,0.102390453,0.212963864,267.184692,0,3.83315195,289.332825,8470.07812,0.102390401,0.212958679,267.184631,0,3.83315233,289.332825,8470.08594,0.102390468,0.212959096,267.184662,0
5.31842232,1.09405804,3.81916377,325.850159,8373.00488,0.090075478,0.0361977145,270.700287,0,3.81916675,325.849884,8373.00391,0.090075545,0.0361980833,270.700226,0,3.81916704,325.849731,8372.98633,0.0900754333,0.0361983851,270.700226,0,3.86551915,285.707092,8098.83105,0.0991449505,0.257489115,266.599304,0,3.86551496,285.707764,8098.8335,0.099144794,0.25747633,266.599213,0,3.86551675,285.707611,8098.83984,0.0991449058,0.257479429,266.599243,0
5.41747284,1.11443377,3.84863676,322.117249,8034.06445,0.0874308348,0.0417586565,270.144409,0,3.84864243,322.116669,8034.05029,0.0874308571,0.0417597964,270.144287,0,3.84864077,322.11676,8034.0415,0.0874307379,0.0417596847,270.144318,0,3.89658921,282.282532,7759.4585,0.0961427838,0.309859097,266.042816,0,3.89658889,282.282776,7759.44434,0.0961425304,0.309853017,266.042725,0,3.89658748,282.282928,7759.45508,0.0961426422,0.309850633,266.042755,0
5.51652336,1.13480961,3.87673349,318.611145,7725.09473,0.0849935934,0.0479520001,269.619202,0,3.87673654,318.610962,7725.08643,0.084993571,0.0479523316,269.61911,0,3.87673583,318.61087,7725.07764,0.0849934742,0.047952652,269.619141,0,3.92633454,279.05484,7449.2915,0.0933672935,0.370915085,265.514984,0,3.92633346,279.055145,7449.27881,0.0933670253,0.370905757,265.514862,0,3.92633494,279.054993,7449.27783,0.0933670998,0.370910108,265.514862,0
5.61557388,1.15518534,3.90343984,315.325531,7443.56201,0.0827494785,0.0547894239,269.124115,0,3.90344834,315.324493,7443.53369,0.0827493966,0.0547919683,269.123993,0,3.90344493,315.324829,7443.54346,0.0827493742,0.0547912568,269.124054,0,3.95473858,276.018555,7165.88379,0.0908031091,0.441455662,265.015167,0,3.95473861,276.018738,7165.8667,0.0908028483,0.441446871,265.015137,0,3.95473969,276.018555,7165.86426,0.0908028707,0.44145295,265.015137,0
5.7146244,1.17556119,3.92876239,312.251648,7187.11279,0.0806850865,0.0622753128,268.658417,0,3.92876959,312.250854,7187.09229,0.0806850195,0.0622776262,268.658325,0,3.92876785,312.250885,7187.09863,0.0806850716,0.0622777976,268.658386,0,3.98179624,273.167145,6906.9707,0.0884358659,0.52221036,264.54303,0,3.98179774,273.167145,6906.95264,0.0884356275,0.522205293,264.542938,0,3.98179737,273.167145,6906.95752,0.0884356722,0.522206187,264.542969,0
5.81367493,1.19593692,3.95270551,309.381836,6953.63379,0.0787880644,0.0703985319,268.221375,0,3.95271072,309.381409,6953.62109,0.0787880048,0.0703995973,268.221344,0,3.9527076,309.381592,6953.63477,0.0787881017,0.0703992695,268.221405,0,4.00750626,270.494324,6670.50244,0.0862521082,0.613764226,264.097809,0,4.00751073,270.493958,6670.47656,0.0862519071,0.613777518,264.097656,0,4.00751108,270.493866,6670.479,0.0862519071,0.613782704,264.097687,0
5.91272593,1.21631277,3.97527422,306.709106,6741.23779,0.0770471245,0.0791281164,267.812408,0,3.97527981,306.708496,6741.22607,0.0770470873,0.0791305155,267.812317,0,3.97527805,306.708527,6741.23535,0.0770472065,0.0791307613,267.812378,0,4.03188615,267.992004,6454.58008,0.0842394084,0.7166273,263.678741,0,4.03188501,267.992249,6454.56982,0.0842392445,0.716610312,263.67868,0,4.03188578,267.992004,6454.6001,0.0842396393,0.716627896,263.678741,0
6.01177645,1.23668861,3.99648751,304.224854,6548.16553,0.0754515529,0.0884250477,267.430511,0,3.99649139,304.224426,6548.16064,0.0754515678,0.0884266421,267.43045,0,3.99649244,304.22403,6548.15771,0.0754516497,0.0884289145,267.430481,0,4.05492686,265.655701,6257.58203,0.0823866054,0.830920994,263.285339,0,4.05492758,265.655762,6257.56836,0.0823864192,0.8309111,263.285309,0,4.05489984,265.659302,6257.60254,0.0823857561,0.830689311,263.28537,0
6.11082745,1.25706446,4.01635684,301.922272,6372.90674,0.0739921406,0.0982252657,267.075104,0,4.01635792,301.922241,6372.91162,0.0739921778,0.0982249081,267.075043,0,4.01635863,301.921906,6372.9043,0.0739921853,0.098227039,267.075073,0,4.07665205,263.477753,6077.93896,0.0806828886,0.956665158,262.916931,0,4.07665085,263.478088,6077.93408,0.0806827396,0.956636786,262.91684,0,4.07691442,263.446106,6077.27051,0.0806837529,0.958947778,262.915497,0
6.20987844,1.27744031,4.03489569,299.794891,6214.06055,0.0726598576,0.108446062,266.745361,0,4.03489674,299.794891,6214.06836,0.0726599023,0.108445339,266.7453,0,4.0349007,299.794128,6214.05078,0.0726598799,0.108450286,266.7453,0,4.09706537,261.453247,5914.34521,0.0791191757,1.09344578,262.572845,0,4.09706729,261.453156,5914.33154,0.0791190341,1.09344363,262.572723,0,4.09475819,261.730896,5919.5415,0.0791224763,1.06539881,262.525635,0.000138614239
6.30892897,1.29781616,4.05214698,297.833252,6070.22168,0.0714454651,0.11900524,266.440216,0,4.05214482,297.833588,6070.2373,0.0714455396,0.119002856,266.440186,0,4.05214844,297.832916,6070.22266,0.071445547,0.119007774,266.440216,0,4.11618768,259.575714,5765.5376,0.0776863694,1.24059916,262.25238,0,4.11618961,259.575623,5765.52197,0.0776862353,1.24060071,262.252258,0,4.10776842,260.579254,5784.19043,0.0776886567,1.1317569,262.121674,0.000406868261
6.40797997,1.31819201,4.06814205,296.029755,5940.16113,0.0703405961,0.129803672,266.158722,0,4.06813988,296.03009,5940.17432,0.0703406706,0.129800022,266.158691,0,4.0681435,296.029419,5940.15576,0.0703406483,0.129805356,266.158691,0,4.13404945,257.838287,5630.30029,0.0763753802,1.39721799,261.954651,0,4.13405136,257.838196,5630.2832,0.0763752088,1.39722228,261.954559,0,4.11728458,259.822418,5666.47852,0.0763700455,1.16571128,261.723785,0.000736812246
6.50703001,1.33856773,4.08292604,294.375702,5822.72119,0.0693373233,0.140736878,265.89978,0,4.0829278,294.375671,5822.72119,0.0693373606,0.140736669,265.899719,0,4.08292932,294.375183,5822.70605,0.0693373084,0.14074108,265.89975,0,4.15068153,256.234558,5507.5293,0.0751776174,1.56207275,261.678833,0,4.1506831,256.234467,5507.5166,0.0751774684,1.56207085,261.678741,0,4.12455021,259.309662,5562.29102,0.075156793,1.17874312,261.341064,0.00108860829
6.60608101,1.35894358,4.09654197,292.863251,5716.87646,0.068428494,0.15169698,265.662415,0,4.09654228,292.863403,5716.87451,0.0684284717,0.151695922,265.662323,0,4.09654195,292.863159,5716.87012,0.0684284568,0.151698709,265.662384,0,4.16612451,254.757385,5396.23145,0.074085474,1.73376548,261.42392,0,4.16612253,254.757629,5396.229,0.0740853772,1.73371673,261.423889,0,4.13038199,258.943695,5468.89404,0.0740413666,1.17961001,260.977783,0.00144023972
6.70513201,1.37931943,4.10902204,291.486115,5621.74707,0.0676077381,0.162562996,265.445679,0,4.10902604,291.48584,5621.73389,0.0676077008,0.162564129,265.445587,0,4.10902499,291.485748,5621.73389,0.0676077008,0.162565678,265.445648,0,4.18040832,253.40126,5295.52344,0.0730919391,1.91050029,261.18924,0,4.18040553,253.401596,5295.5293,0.0730919093,1.91044092,261.18924,0,4.13526713,258.666901,5384.5708,0.0730178952,1.17390227,260.636017,0.00178014219
6.80418253,1.39969528,4.12040966,290.236969,5536.51904,0.0668693632,0.173218012,265.248688,0,4.12040999,290.237122,5536.51221,0.0668692738,0.173214883,265.248657,0,4.12041152,290.236694,5536.51074,0.0668693036,0.173220158,265.248688,0,4.19356527,252.160767,5204.61035,0.0721905231,2.09028721,260.973969,0,4.19356286,252.161011,5204.62158,0.0721905679,2.09023857,260.973938,0,4.13948741,258.446716,5308.21289,0.0720813647,1.16487193,260.31662,0.00210242276
6.90323353,1.42007113,4.13072413,289.111816,5460.55566,0.0662085563,0.18352221,265.070923,0,4.13072817,289.111572,5460.5415,0.0662084669,0.183524296,265.070801,0,4.13072599,289.111572,5460.55029,0.0662085488,0.183525279,265.070862,0,4.20563295,251.029999,5122.78613,0.0713756233,2.27108479,260.777283,0,4.20563017,251.030243,5122.80176,0.0713757351,2.27103162,260.777283,0,4.14319339,258.265747,5239.04688,0.0712268054,1.15425408,260.019867,0.00240431516
7.00228453,1.44044697,4.14000374,288.104248,5393.26465,0.0656213686,0.193369359,264.911499,0,4.14000518,288.104309,5393.25684,0.0656212866,0.193367064,264.911438,0,4.14000487,288.104065,5393.2627,0.0656213835,0.193370953,264.911469,0,4.21662892,250.0056,5049.48145,0.0706425011,2.45032334,260.598663,0,4.21662653,250.005844,5049.49707,0.070642665,2.45026255,260.598663,0,4.14647799,258.113647,5176.49609,0.0704499036,1.14305377,259.745514,0.00268476107
7.10133505,1.46082282,4.14825718,287.21228,5334.14209,0.0651035532,0.202602983,264.77002,0,4.14825787,287.212433,5334.13379,0.0651034489,0.202599883,264.769928,0,4.14825941,287.212036,5334.13818,0.065103583,0.202605963,264.769958,0,4.22658068,249.083115,4984.18652,0.0699872524,2.62557793,260.437653,0,4.22657907,249.083282,4984.2002,0.0699873939,2.62553525,260.437622,0,4.14938548,257.985687,5120.11865,0.069746457,1.1317066,259.493317,0.00294349692
7.20038557,1.48119855,4.15553339,286.429321,5282.58691,0.0646505654,0.211134419,264.645447,0,4.15553297,286.429474,5282.58008,0.064650476,0.2111312,264.645386,0,4.15553414,286.42923,5282.58691,0.0646506101,0.211135626,264.645447,0,4.2354974,248.260544,4926.44678,0.06940566,2.79389286,260.29364,0,4.235497,248.26062,4926.45605,0.0694057941,2.79386377,260.29364,0,4.15195543,257.878235,5069.46533,0.0691118315,1.12050653,259.262634,0.00318079558
7.29943609,1.5015744,4.16188573,285.748138,5237.9917,0.0642576441,0.218899265,264.536865,0,4.16188385,285.748474,5237.99121,0.0642575622,0.218893141,264.536774,0,4.16188914,285.747711,5237.98535,0.064257659,0.218904629,264.536804,0,4.24341939,247.533096,4875.75195,0.0688933358,2.95295143,260.165985,0,4.24341815,247.533249,4875.76074,0.0688934624,2.95290232,260.165955,0,4.15422452,257.787872,5024.0874,0.0685412884,1.10969102,259.052643,0.00339732924
7.39848709,1.52195024,4.16737281,285.161804,5199.7876,0.0639201254,0.225848511,264.443176,0,4.16737276,285.161957,5199.78613,0.0639200732,0.22584556,264.443085,0,4.16737545,285.161469,5199.78467,0.0639201552,0.225853607,264.443115,0,4.25039388,246.89502,4831.56787,0.0684454963,3.10092378,260.053711,0,4.25039139,246.895264,4831.5752,0.0684455782,3.10085273,260.053711,0,4.1562186,257.712585,4983.57422,0.0680301785,1.09935248,258.862274,0.00359398592
7.49753809,1.54232609,4.17205758,284.660339,5167.31934,0.0636328906,0.232000157,264.363068,0,4.1720564,284.660645,5167.32129,0.063632831,0.23199451,264.362976,0,4.17205645,284.660492,5167.32568,0.0636329278,0.231997922,264.363037,0,4.2564794,246.340515,4793.41064,0.0680578351,3.23637176,259.956055,0,4.25647653,246.340759,4793.41748,0.0680578724,3.23629069,259.956024,0,4.15796377,257.650421,4947.56543,0.0675744265,1.08957601,258.690643,0.00377179286
7.59658861,1.56270194,4.17594578,284.246948,5140.27734,0.0633919463,0.237201005,264.295959,0,4.17594803,284.246674,5140.271,0.0633918867,0.237203658,264.295898,0,4.17594732,284.246704,5140.2749,0.063391991,0.237204224,264.295959,0,4.26170714,245.863831,4760.73584,0.0677249879,3.35814738,259.871887,0,4.2617105,245.863388,4760.72949,0.0677250028,3.35825658,259.871796,0,4.15946828,257.600037,4915.69727,0.0671697035,1.08038473,258.536713,0.00393173285
7.69563961,1.58307779,4.17907603,283.918182,5118.14844,0.0631921366,0.241400078,264.240845,0,4.17907751,283.918182,5118.146,0.0631920919,0.241399974,264.240784,0,4.17907567,283.918182,5118.14795,0.063192144,0.241400868,264.240845,0,4.26613745,245.461121,4733.19043,0.0674436018,3.46500254,259.800507,0,4.26613582,245.461197,4733.19336,0.0674436092,3.46497107,259.800446,0,4.16075767,257.559753,4887.64209,0.0668123141,1.07181942,258.399353,0.00407494511
7.79469061,1.60345364,4.18164474,283.64917,5100.06348,0.063028574,0.244901046,264.195618,0,4.18164281,283.649475,5100.06787,0.0630285516,0.244895622,264.195587,0,4.18164402,283.64917,5100.06152,0.0630285591,0.24490124,264.195618,0,4.26969589,245.142365,4710.56982,0.0672085583,3.55165601,259.741577,0,4.269698,245.14209,4710.56787,0.0672085658,3.55172515,259.741547,0,4.16177629,257.538666,4863.354,0.0664993599,1.06309891,258.2789,0.00420106808
7.89374113,1.62382948,4.18373674,283.430145,5085.45264,0.0628965423,0.247798502,264.159027,0,4.18373972,283.429962,5085.44482,0.0628965124,0.247800782,264.158936,0,4.1837375,283.430054,5085.44629,0.062896505,0.247800231,264.158997,0,4.27262063,244.881165,4692.01074,0.0670151561,3.62441063,259.693085,0,4.27262357,244.880814,4692.00928,0.067015186,3.62451816,259.693024,0,4.1625959,257.5289,4842.44824,0.066227816,1.05481899,258.174225,0.00431088312
7.99279165,1.64420521,4.18541584,283.254517,5073.80713,0.0627914071,0.250155032,264.12973,0,4.18541842,283.254425,5073.79639,0.0627913326,0.250154078,264.129669,0,4.18541471,283.254608,5073.80078,0.0627913252,0.250152111,264.12973,0,4.27500813,244.668274,4676.99316,0.0668587759,3.68503094,259.653687,0,4.27501192,244.667831,4676.98926,0.066858843,3.68516254,259.653656,0,4.16327887,257.523407,4824.51367,0.0659941956,1.04744339,258.083649,0.00440609967
8.09184265,1.66458106,4.1867733,283.11145,5064.57031,0.0627087802,0.252103448,264.106476,0,4.18677436,283.111633,5064.56152,0.0627086535,0.252098858,264.106445,0,4.18677444,283.111298,5064.5542,0.0627086386,0.252105087,264.106476,0,4.27692511,244.497314,4665.05957,0.0667347834,3.73460245,259.622314,0,4.27692598,244.497131,4665.05908,0.0667348728,3.73466325,259.622284,0,4.16383358,257.522064,4809.30371,0.0657952726,1.04086113,258.005951,0.0044882209
8.19089317,1.68495691,4.18783698,282.999146,5057.38135,0.0626446083,0.25364852,264.08844,0,4.18783803,282.999298,5057.375,0.0626445115,0.253644794,264.088318,0,4.18783585,282.999298,5057.36865,0.0626444444,0.253645331,264.088348,0,4.27844889,244.360489,4655.74512,0.0666388348,3.77501082,259.597809,0,4.27845224,244.360123,4655.73828,0.0666388795,3.77513194,259.597717,0,4.16426557,257.525421,4796.59863,0.0656281114,1.03492332,257.940063,0.00455850456
8.2899437,1.70533276,4.18865891,282.912354,5051.8623,0.0625954494,0.254852295,264.074432,0,4.18865206,282.913269,5051.86963,0.06259536,0.254835784,264.074432,0,4.1886574,282.912506,5051.84961,0.0625952631,0.254848748,264.074432,0,4.27960252,244.256744,4648.73291,0.066566743,3.80603266,259.579315,0,4.27960999,244.256042,4648.71777,0.0665667504,3.80624723,259.579193,0,4.16459339,257.531586,4786.13477,0.0654897466,1.02967799,257.884796,0.00461829128
8.38899517,1.7257086,4.18928012,282.846649,5047.68164,0.0625581816,0.255768687,264.063934,0,4.18927739,282.847137,5047.68311,0.0625580773,0.255757898,264.063843,0,4.18927976,282.846649,5047.66504,0.0625579879,0.255766273,264.063843,0,4.28044108,244.181366,4643.6543,0.0665145367,3.82875633,259.565857,0,4.28044523,244.180908,4643.64258,0.066514574,3.82888007,259.565796,0,4.16482144,257.540894,4777.69189,0.0653771684,1.02500439,257.839111,0.00466863206
8.48804569,1.74608445,4.18974611,282.797363,5044.55371,0.062530309,0.256456941,264.055969,0,4.18974339,282.797882,5044.5542,0.0625302121,0.256446689,264.055939,0,4.18974535,282.797455,5044.53467,0.0625300705,0.256453872,264.055939,0,4.28102122,244.129105,4640.16504,0.0664787889,3.84461236,259.556732,0,4.28102289,244.128906,4640.15674,0.0664787889,3.84465408,259.55658,0,4.16494622,257.554901,4771.0874,0.0652876794,1.02069485,257.802216,0.0047102496
8.58709621,1.7664603,4.19008896,282.761108,5042.24658,0.0625097379,0.256964475,264.050201,0,4.19008816,282.761292,5042.2417,0.0625096336,0.256960243,264.05011,0,4.19009273,282.760681,5042.2207,0.062509492,0.256970584,264.050079,0,4.28138563,244.096268,4637.98193,0.0664564371,3.85462165,259.550873,0,4.28138399,244.09642,4637.97803,0.0664563924,3.8545444,259.550812,0,4.16498372,257.572632,4766.09131,0.0652184337,1.01675022,257.773193,0.00474394578
8.68614769,1.78683615,4.19033963,282.734467,5040.57422,0.0624948815,0.257340759,264.045929,0,4.19033846,282.734711,5040.57227,0.062494792,0.25733456,264.045868,0,4.19034039,282.734406,5040.55664,0.0624946766,0.257339954,264.045868,0,4.28157881,244.078812,4636.80908,0.0664443821,3.8599503,259.547791,0,4.28157718,244.078979,4636.80566,0.0664443374,3.85986328,259.547729,0,4.16494902,257.592957,4762.48145,0.0651667342,1.01318395,257.751099,0.00477052992
8.78519821,1.80721188,4.19051242,282.716095,5039.40674,0.0624844767,0.257597685,264.042999,0,4.19050746,282.716766,5039.41455,0.0624844059,0.257586151,264.042938,0,4.19051166,282.716187,5039.39551,0.0624843016,0.257596046,264.042938,0,4.2816136,244.075546,4636.59668,0.0664422363,3.86095762,259.547211,0,4.28160948,244.075882,4636.59619,0.0664421692,3.86080813,259.54715,0,4.16487948,257.612793,4760.01367,0.0651300997,1.01016665,257.734924,0.00479097338
8.88424873,1.82758772,4.19063044,282.703491,5038.60498,0.0624773465,0.257776588,264.040955,0,4.19062548,282.704163,5038.6167,0.0624773204,0.257763743,264.040924,0,4.19062932,282.703583,5038.60156,0.062477231,0.257773846,264.040924,0,4.28149769,244.085861,4637.30029,0.066449523,3.85780263,259.549103,0,4.28149357,244.086197,4637.2998,0.0664494336,3.85766959,259.549042,0,4.16475828,257.634399,4758.54883,0.0651061833,1.00744295,257.723938,0.00480587175
8.98329926,1.84796357,4.1907042,282.695587,5038.08496,0.0624726228,0.257885247,264.039581,0,4.19070493,282.695679,5038.0874,0.062472634,0.257883787,264.039581,0,4.19070647,282.695343,5038.07959,0.0624726005,0.257889986,264.039612,0,4.2812642,244.106659,4638.70508,0.0664640144,3.85148811,259.552826,0,4.28126588,244.106476,4638.69336,0.0664638877,3.85151601,259.552704,0,4.16462115,257.654633,4757.85303,0.0650926232,1.00518918,257.717133,0.00481622061
9.08235073,1.86833942,4.19075381,282.690155,5037.75098,0.0624696463,0.257963657,264.038788,0,4.19074959,282.690826,5037.76367,0.0624696761,0.257951438,264.038788,0,4.19075303,282.690308,5037.74854,0.0624696389,0.257960379,264.038788,0,4.28095565,244.134262,4640.5791,0.0664833635,3.84310508,259.557709,0,4.28095233,244.134583,4640.58105,0.0664832741,3.84296679,259.557709,0,4.16446399,257.674316,4757.81543,0.0650877655,1.00328469,257.713928,0.00482265092
9.18140125,1.88871527,4.19078369,282.68692,5037.52148,0.0624675266,0.258008301,264.038208,0,4.19078024,282.6875,5037.53027,0.0624675415,0.257997185,264.038177,0,4.1907852,282.686829,5037.51074,0.0624674596,0.258008599,264.038177,0,4.28057456,244.168289,4642.89648,0.0665072724,3.83280563,259.563843,0,4.28057251,244.168457,4642.89648,0.0665072128,3.83272529,259.563843,0,4.16427177,257.695251,4758.49902,0.0650921166,1.00157869,257.714294,0.00482549239
9.28045177,1.90909111,4.19081021,282.684021,5037.31299,0.0624656118,0.25804767,264.037689,0,4.19080712,282.684601,5037.32031,0.0624655858,0.258036703,264.037659,0,4.19081396,282.683685,5037.29736,0.062465515,0.25805226,264.037628,0,4.28005923,244.214798,4645.96631,0.0665385574,3.81870699,259.571991,0,4.28005801,244.214874,4645.96582,0.0665385202,3.81865525,259.57193,0,4.16404327,257.717712,4759.80664,0.0651043132,1.00000644,257.717804,0.00482510915
9.37950325,1.92946696,4.19084313,282.68045,5037.07617,0.0624634437,0.258096904,264.037109,0,4.19084235,282.680695,5037.07617,0.0624634139,0.258092046,264.037048,0,4.19084691,282.680115,5037.05664,0.0624633357,0.25810191,264.037018,0,4.27940651,244.275314,4649.63184,0.0665745586,3.80016327,259.581696,0,4.27940864,244.27504,4649.62793,0.0665745288,3.80024529,259.581604,0,4.16380905,257.739075,4761.54053,0.0651223361,0.998723328,257.723633,0.00482214056
9.47855377,1.94984281,4.19088366,282.676025,5036.79492,0.0624609329,0.25815925,264.036377,0,4.19088244,282.676361,5036.79541,0.0624609068,0.258152932,264.036316,0,4.19088704,282.67569,5036.77637,0.0624607876,0.258164406,264.036316,0,4.27883829,244.32576,4653.17041,0.0666114837,3.78519559,259.591034,0,4.27883881,244.325577,4653.17236,0.0666114986,3.78523779,259.590973,0,4.1635713,257.759491,4763.55127,0.0651441664,0.997662008,257.731201,0.00481703598
9.57760429,1.97021854,4.19092983,282.67099,5036.47021,0.0624580272,0.258230627,264.035522,0,4.19092788,282.671417,5036.46973,0.0624579825,0.258222073,264.035492,0,4.19093323,282.670654,5036.45801,0.0624579154,0.258235514,264.035522,0,4.27827088,244.375702,4656.73535,0.0666489005,3.77047729,259.600433,0,4.27827179,244.375519,4656.74023,0.0666489527,3.7705245,259.600372,0,4.16334735,257.777466,4765.75146,0.0651690215,0.996901631,257.73996,0.00481046783
9.67665482,1.99059439,4.19098999,282.66452,5036.07861,0.0624545775,0.25832352,264.034546,0,4.19098387,282.665375,5036.08252,0.0624544881,0.258307248,264.034515,0,4.19098545,282.665039,5036.08252,0.0624545403,0.258313864,264.034546,0,4.27770753,244.425552,4660.22998,0.0666853264,3.75580382,259.609619,0,4.27770965,244.425278,4660.2373,0.0666854307,3.75588155,259.609589,0,4.1630691,257.800812,4768.37012,0.0651979744,0.99587357,257.750854,0.0048018042
9.77570629,2.01097035,4.19106263,282.656708,5035.56982,0.0624500178,0.258432776,264.033295,0,4.19105882,282.657288,5035.57471,0.0624499246,0.258421749,264.033234,0,4.19105998,282.657043,5035.57324,0.062449988,0.258426726,264.033264,0,4.27715743,244.475067,4663.53564,0.0667190924,3.74116182,259.618317,0,4.2771529,244.475479,4663.55664,0.0667192489,3.74100423,259.618317,0,4.16281142,257.820618,4771.15234,0.0652299374,0.995223761,257.762756,0.00479180412
9.87475681,2.03134608,4.19116592,282.645721,5034.8623,0.0624436699,0.258587301,264.031555,0,4.19116397,282.646149,5034.86475,0.0624435917,0.258579046,264.031433,0,4.1911674,282.64563,5034.85889,0.0624436438,0.258588552,264.031464,0,4.27665756,244.520279,4666.52734,0.0667495653,3.7277894,259.62619,0,4.27665634,244.52034,4666.54346,0.0667497367,3.72778082,259.62619,0,4.16260115,257.833954,4773.92627,0.0652633905,0.99511081,257.774719,0.00478163967
9.97380638,2.05172181,4.19131233,282.630157,5033.87451,0.0624348819,0.258808315,264.028992,0,4.19131035,282.630554,5033.88037,0.0624348298,0.258799821,264.028931,0,4.19131152,282.63031,5033.87891,0.0624348857,0.258804888,264.028992,0,4.2762316,244.558685,4669.11768,0.0667761117,3.71656251,259.633026,0,4.27622745,244.559113,4669.1377,0.0667762905,3.7164042,259.633026,0,4.16238469,257.848755,4776.62354,0.0652953684,0.994880259,257.786713,0.00477103097
10.0728579,2.07209778,4.19150935,282.609283,5032.54883,0.0624230504,0.259103209,264.025604,0,4.19150436,282.610046,5032.56494,0.0624230392,0.2590895,264.025604,0,4.19150591,282.609802,5032.56348,0.0624231026,0.259094566,264.025635,0,4.27587951,244.590317,4671.28174,0.0667984337,3.70733714,259.638672,0,4.27587864,244.590485,4671.29785,0.066798605,3.70727539,259.638702,0,4.16218616,257.862244,4779.1543,0.0653253794,0.99473381,257.798401,0.00476013171
10.1719084,2.09247351,4.19177121,282.58139,5030.81299,0.0624076761,0.259500355,264.02121,0,4.19176963,282.581726,5030.82178,0.0624076761,0.259493977,264.02121,0,4.19177001,282.581635,5030.8252,0.0624077618,0.259496599,264.02124,0,4.27559632,244.615585,4673.03809,0.0668166131,3.70001626,259.643341,0,4.27559379,244.615921,4673.05469,0.0668168142,3.69989586,259.643311,0,4.16206386,257.867188,4781.32471,0.0653527752,0.995175481,257.808716,0.00475019868
10.2709599,2.11284947,4.1921206,282.543671,5028.57324,0.0623881966,0.260045141,264.015533,0,4.19212209,282.543671,5028.5791,0.0623882227,0.26004374,264.015503,0,4.19211562,282.544373,5028.59473,0.0623883046,0.260033101,264.015594,0,4.27537874,244.63475,4674.39893,0.0668308288,3.69449854,259.646881,0,4.27537951,244.634827,4674.40625,0.0668309703,3.69445825,259.646851,0,4.16197034,257.87027,4783.2085,0.0653767958,0.995668948,257.81778,0.00474132178
10.3700104,2.1332252,4.1925439,282.498077,5025.84717,0.0623644292,0.260703593,264.008636,0,4.19254347,282.49823,5025.85449,0.0623644516,0.260699481,264.008606,0,4.19254498,282.498169,5025.85498,0.0623645112,0.260701358,264.008636,0,4.27522416,244.648254,4675.39551,0.0668413714,3.69065809,259.649475,0,4.27522455,244.648331,4675.39893,0.0668414757,3.69060159,259.649475,0,4.1618899,257.872925,4784.82764,0.0653973892,0.996108353,257.825775,0.00473332545
10.4690619,2.15360117,4.19302314,282.44693,5022.70557,0.0623367541,0.261439502,264.000671,0,4.19302541,282.446747,5022.7085,0.062336795,0.261441618,264.00061,0,4.19302766,282.446594,5022.70703,0.0623368099,0.261444956,264.000641,0,4.27510357,244.659088,4676.12402,0.0668488368,3.6875205,259.651398,0,4.27509944,244.6595,4676.13281,0.0668489188,3.68734574,259.651398,0,4.16183589,257.873932,4786.14258,0.0654144064,0.996580482,257.83252,0.00472628744
10.5681114,2.1739769,4.1935333,282.393127,5019.27832,0.0623061061,0.262209624,263.991943,0,4.19353859,282.392609,5019.27686,0.0623061657,0.262218088,263.991913,0,4.19354048,282.392456,5019.27637,0.0623061694,0.262221545,263.991943,0,4.27501874,244.666733,4676.62744,0.0668539405,3.68526578,259.652771,0,4.27501624,244.667068,4676.63086,0.0668539479,3.68514252,259.65271,0,4.16180127,257.873688,4787.18359,0.0654280782,0.997057319,257.838043,0.00472027017
10.6671629,2.19435287,4.1940536,282.338837,5015.73975,0.0622741319,0.262986094,263.983002,0,4.19405432,282.338837,5015.74561,0.0622742176,0.262985468,263.982941,0,4.19405393,282.338837,5015.75098,0.0622742623,0.262986511,263.983002,0,4.2749708,244.670685,4676.94727,0.0668574274,3.68416548,259.653625,0,4.27496948,244.670929,4676.94922,0.0668574199,3.6840694,259.653534,0,4.16178419,257.872223,4787.98438,0.0654388517,0.997545123,257.842499,0.00471527595
10.7662134,2.21472859,4.19455613,282.286591,5012.27686,0.0622426681,0.263733447,263.974121,0,4.19455533,282.286743,5012.28564,0.0622427426,0.263729244,263.974152,0,4.19455266,282.287018,5012.29736,0.0622428134,0.263725758,263.974213,0,4.27493014,244.67421,4677.20703,0.0668601468,3.68315816,259.654266,0,4.27492722,244.674545,4677.20898,0.0668601617,3.68303418,259.654236,0,4.16177679,257.870331,4788.59619,0.0654472858,0.997990906,257.846008,0.00471121306
10.8652639,2.23510432,4.19503071,282.237305,5009.01074,0.0622129515,0.26443851,263.965881,0,4.1950288,282.237549,5009.02148,0.062213026,0.26443395,263.965851,0,4.19502958,282.237396,5009.02344,0.0622130968,0.264437646,263.965881,0,4.27488491,244.678162,4677.47656,0.0668629408,3.68202114,259.654968,0,4.2748824,244.678497,4677.47266,0.0668628886,3.68188739,259.654907,0,4.1617712,257.868713,4789.08545,0.065454036,0.998359025,257.848846,0.00470790779
10.9643154,2.25548029,4.1954642,282.192017,5006.04883,0.0621861368,0.265091866,263.958252,0,4.19546228,282.192261,5006.06104,0.0621862411,0.265087008,263.958313,0,4.19546195,282.1922,5006.06348,0.0621862896,0.265089005,263.958344,0,4.27483067,244.682892,4677.81152,0.0668664277,3.6806767,259.655853,0,4.27482485,244.683563,4677.80908,0.0668662861,3.68041706,259.655792,0,4.1617643,257.867584,4789.5083,0.0654598027,0.99864918,257.851227,0.00470518554
11.063365,2.27585602,4.19584868,282.15152,5003.48096,0.0621631742,0.265681028,263.951843,0,4.19584485,282.152008,5003.49707,0.0621632859,0.265672475,263.951782,0,4.19584225,282.152191,5003.50439,0.0621633343,0.265670389,263.951843,0,4.27474667,244.69046,4678.31348,0.0668715686,3.67846942,259.657196,0,4.27474543,244.690613,4678.30225,0.0668713823,3.67839098,259.657104,0,4.16175028,257.867371,4789.92383,0.0654652566,0.998848081,257.853424,0.00470284419
11.1624165,2.29623199,4.19615819,282.118927,5001.42432,0.0621447861,0.266157389,263.946564,0,4.19615323,282.119598,5001.44141,0.0621448793,0.266145408,263.946533,0,4.19614947,282.119843,5001.44971,0.0621449277,0.266142279,263.946594,0,4.27462903,244.700943,4679.04492,0.0668791384,3.67545938,259.659088,0,4.27462572,244.701263,4679.0376,0.0668789819,3.67532611,259.659027,0,4.16171806,257.869232,4790.39453,0.0654709712,0.998881578,257.855713,0.0047005862
11.261467,2.31660771,4.1963825,282.095245,4999.93164,0.0621314459,0.266504139,263.942749,0,4.19638058,282.09549,4999.93945,0.0621315129,0.266499251,263.942719,0,4.19637263,282.096375,4999.95557,0.062131539,0.266485006,263.94281,0,4.27445741,244.716324,4680.09814,0.0668899789,3.67102909,259.661835,0,4.27445531,244.716568,4680.08936,0.0668897927,3.67092204,259.661774,0,4.16167487,257.872223,4790.95605,0.0654775873,0.998848557,257.858276,0.00469822297
11.3605185,2.33698368,4.19651965,282.08078,4999.01221,0.0621232353,0.266715139,263.940399,0,4.19651663,282.081116,4999.02295,0.0621232875,0.266709328,263.940369,0,4.19651246,282.081543,4999.03174,0.0621232875,0.26670292,263.94043,0,4.27422121,244.737549,4681.53516,0.0669047311,3.66491055,259.665649,0,4.27421707,244.737976,4681.53223,0.0669045672,3.66475058,259.665558,0,4.16162002,257.875793,4791.63525,0.0654857159,0.998794019,257.861206,0.0046957205
11.459569,2.35735941,4.19657313,282.075104,4998.65674,0.0621200576,0.266799897,263.939484,0,4.19657237,282.075165,4998.66455,0.0621201247,0.266797453,263.939453,0,4.19656935,282.075439,4998.66797,0.0621200986,0.266793579,263.939514,0,4.27391215,244.765396,4683.40283,0.0669238418,3.6569066,259.670563,0,4.27391545,244.765045,4683.39209,0.0669237226,3.65699053,259.670441,0,4.16153297,257.882629,4792.51953,0.0654957592,0.998532951,257.864868,0.00469272397
11.5586185,2.37773514,4.19654816,282.077545,4998.82959,0.062121667,0.266764045,263.939972,0,4.19654246,282.078217,4998.8501,0.0621217526,0.266752362,263.939941,0,4.19654133,282.078308,4998.84863,0.0621217079,0.266751498,263.939972,0,4.27352899,244.799957,4685.73535,0.0669477358,3.64699912,259.676697,0,4.27352735,244.80011,4685.74219,0.0669477284,3.64691925,259.676605,0,4.16142436,257.891327,4793.61621,0.0655081347,0.998191297,257.869446,0.00468903361
11.65767,2.3981111,4.19644627,282.088196,4999.49463,0.0621275827,0.266608894,263.941681,0,4.19644249,282.088623,4999.5127,0.0621277019,0.266600192,263.94162,0,4.19643983,282.088867,4999.51221,0.0621276274,0.266596615,263.941681,0,4.27305241,244.843185,4688.58545,0.0669766143,3.63457727,259.684143,0,4.27305365,244.843079,4688.59131,0.0669766739,3.63459539,259.684082,0,4.1612947,257.901611,4794.95312,0.0655232891,0.997803807,257.875031,0.00468449667
11.7567205,2.41848683,4.19628756,282.104797,5000.55713,0.0621371306,0.266365677,263.944397,0,4.19627996,282.105621,5000.57959,0.0621372499,0.266350895,263.944336,0,4.19627958,282.105652,5000.57861,0.0621371716,0.266351223,263.944397,0,4.27248443,244.894928,4691.97266,0.0670108125,3.61976671,259.693024,0,4.27248279,244.895081,4691.98682,0.0670109391,3.61970162,259.692963,2.04180817e-38,4.16114086,257.913696,4796.55566,0.0655415431,0.997360587,257.881714,0.00467899861
11.855772,2.4388628,4.1960656,282.128021,5002.03027,0.062150307,0.266027838,263.948059,0,4.19606066,282.12854,5002.0459,0.0621504113,0.266016722,263.94809,0,4.19606066,282.12854,5002.05029,0.0621504113,0.266017914,263.948151,0,4.27181101,244.956726,4695.92432,0.0670503303,3.60207772,259.703339,0,4.27180975,244.956879,4695.94238,0.0670505241,3.6020298,259.703339,5.41597933e-38,4.1609613,257.927673,4798.44922,0.065563187,0.99686271,257.889648,0.00467247004
11.9548225,2.45923853,4.1957789,282.15799,5003.94873,0.0621675365,0.265589178,263.952972,0,4.19577511,282.158478,5003.9624,0.0621676221,0.265581012,263.952972,0,4.19577055,282.158936,5003.98193,0.0621677227,0.265574843,263.953064,0,4.27108172,245.023071,4700.30518,0.0670946836,3.58332443,259.714783,0,4.27108582,245.022705,4700.31299,0.0670949146,3.58343029,259.714752,6.73430074e-38,4.16075563,257.943604,4800.65527,0.0655884594,0.996312022,257.898895,0.00466484437
12.053874,2.4796145,4.19544633,282.193054,5006.14062,0.0621870458,0.265077204,263.958557,0,4.19544023,282.193817,5006.15625,0.0621871054,0.26506412,263.958557,0,4.19543112,282.194763,5006.18896,0.0621872917,0.265049905,263.958679,0,4.27031648,245.091919,4705.02539,0.0671431944,3.56409335,259.727112,0,4.27031895,245.091721,4705.03613,0.0671434253,3.56415081,259.727112,8.70880091e-38,4.16052983,257.960693,4803.16455,0.0656174794,0.995778263,257.909485,0.00465607131
12.1529236,2.49999022,4.19507213,282.233551,5008.46631,0.0622070096,0.264477491,263.964447,0,4.19506679,282.234222,5008.48145,0.0622070692,0.264464825,263.964478,0,4.1950573,282.23526,5008.51758,0.0622072779,0.26444912,263.9646,0,4.26950604,245.164627,4710.04443,0.0671949163,3.54392052,259.740204,0,4.26950931,245.164352,4710.05176,0.0671951249,3.54401946,259.740204,9.99656281e-38,4.16027441,257.979889,4806.00146,0.0656502917,0.995184541,257.921478,0.00464605633
12.2519741,2.52036595,4.19473931,282.268555,5010.68701,0.0622268692,0.263970852,263.970215,0,4.19473547,282.269043,5010.70068,0.0622269362,0.263960898,263.970123,0,4.19472832,282.269745,5010.73047,0.062227156,0.263950884,263.970245,0,4.26865968,245.240509,4715.26416,0.0672485754,3.5230217,259.753845,0,4.26866667,245.239899,4715.2627,0.0672487617,3.52320766,259.753784,1.06082789e-37,4.15999535,258.000641,4809.15723,0.0656869337,0.994576633,257.934814,0.00463485671
12.3510256,2.54074192,4.19443817,282.299591,5012.76953,0.0622458756,0.26352784,263.975403,0,4.19443545,282.300018,5012.78125,0.0622459352,0.263519138,263.975403,0,4.1944298,282.300537,5012.80566,0.0622461475,0.263512105,263.975525,0,4.26780871,245.316833,4720.55469,0.0673031062,3.50216937,259.76767,0,4.26781448,245.316299,4720.55469,0.067303285,3.50231576,259.767578,1.18739552e-37,4.15970203,258.021912,4812.60059,0.0657272041,0.994033515,257.949463,0.00462251762
12.4500761,2.56111765,4.19415594,282.328705,5014.71143,0.062263567,0.263111472,263.980347,0,4.19415398,282.329132,5014.72314,0.0622636266,0.263103902,263.980347,0,4.1941472,282.329742,5014.75,0.0622638203,0.263095498,263.980438,0,4.26695557,245.393326,4725.85449,0.0673576519,3.48139143,259.781433,0,4.26696132,245.392868,4725.85205,0.0673578009,3.48150992,259.781372,1.24712873e-37,4.15938933,258.044281,4816.30469,0.0657706335,0.993497908,257.965302,0.00460903579
12.5491276,2.58149362,4.19389831,282.355438,5016.47363,0.0622795485,0.262729108,263.984894,0,4.19389748,282.355682,5016.48193,0.0622796081,0.262725294,263.984802,0,4.19389032,282.356384,5016.51074,0.0622798093,0.262715369,263.984924,0,4.26611532,245.468857,4731.09229,0.0674115568,3.46099591,259.795044,0,4.2661231,245.468155,4731.08252,0.0674116462,3.46120143,259.794983,1.37170013e-37,4.15906669,258.066986,4820.21338,0.0658166558,0.993014932,257.982086,0.00459457561
12.6481771,2.60186934,4.19366936,282.379333,5018.0293,0.0622935928,0.262388855,263.9888,0,4.19366475,282.380096,5018.04883,0.0622936822,0.262374997,263.98877,0,4.19365834,282.380707,5018.07373,0.0622938648,0.262366563,263.988892,0,4.26528751,245.543457,4736.23438,0.0674643144,3.44096088,259.808441,0,4.26529373,245.542847,4736.22705,0.0674644038,3.44115043,259.808319,1.43016207e-37,4.15874507,258.088898,4824.25293,0.0658645779,0.992656589,257.999634,0.00457933545
12.7472286,2.62224531,4.19346392,282.400787,5019.40088,0.0623058751,0.262080729,263.992249,0,4.1934589,282.401642,5019.42139,0.0623059832,0.262065858,263.992279,0,4.19345854,282.40155,5019.42969,0.0623061135,0.262068957,263.99234,0,4.26448619,245.615814,4741.23584,0.0675156638,3.42169237,259.821411,0,4.26448868,245.615555,4741.23633,0.0675157607,3.42175579,259.82132,1.48817213e-37,4.15841925,258.11087,4828.38672,0.0659137145,0.992335498,258.01767,0.00456342474
12.8462791,2.64262104,4.193283,282.419861,5020.61328,0.0623167157,0.26180774,263.995331,0,4.19327838,282.420624,5020.62793,0.0623167716,0.261793673,263.995331,0,4.19327537,282.420868,5020.64258,0.0623168945,0.26179114,263.995422,0,4.26370464,245.686554,4746.1001,0.067565456,3.40291524,259.833984,0,4.26370796,245.686188,4746.1001,0.0675655529,3.40302825,259.833954,1.61017837e-37,4.15810574,258.131378,4832.53711,0.0659634396,0.992151976,258.035919,0.00454716431
12.9453306,2.66299701,4.19311229,282.437988,5021.71387,0.0623264126,0.261544466,263.998138,0,4.19311033,282.438385,5021.72363,0.0623264425,0.261537522,263.998108,0,4.19310959,282.438416,5021.73438,0.0623265728,0.261538565,263.998199,0,4.26294299,245.755646,4750.83252,0.0676138029,3.38470507,259.846283,0,4.26294385,245.755463,4750.84082,0.0676139593,3.38475013,259.846222,1.60298332e-37,4.1577895,258.152222,4836.70801,0.0660132617,0.991961956,258.054413,0.00453048525
13.0443811,2.68337274,4.19295598,282.45459,5022.72754,0.0623353422,0.261305511,264.000702,0,4.19295402,282.454987,5022.73633,0.0623353645,0.261297762,264.000671,0,4.19295593,282.454681,5022.74365,0.0623355061,0.261304528,264.000763,0,4.26220032,245.823105,4755.44971,0.0676609576,3.36701226,259.858276,0,4.2622,245.822998,4755.46387,0.0676611662,3.3670361,259.858185,1.65980317e-37,4.15747987,258.172577,4840.85791,0.06606289,0.991815269,258.072968,0.00451352634
13.1434307,2.70374846,4.19280414,282.470825,5023.69971,0.0623438284,0.261069477,264.003235,0,4.19280558,282.470917,5023.70361,0.0623438396,0.261067659,264.003143,0,4.19280032,282.471344,5023.72461,0.0623440258,0.261062294,264.003235,0,4.26147097,245.889359,4759.9751,0.0677070841,3.34973598,259.869934,0,4.26146733,245.889603,4759.99854,0.0677073523,3.34964943,259.869904,1.77981194e-37,4.15718283,258.191681,4844.95508,0.0661120713,0.991761267,258.0914,0.00449652551
13.2424822,2.72412443,4.19267257,282.484375,5024.61768,0.0623522252,0.260879993,264.005493,0,4.19267101,282.484772,5024.62939,0.0623522587,0.260872155,264.005493,0,4.1926646,282.485382,5024.65088,0.0623524226,0.260863602,264.005585,0,4.26075202,245.954758,4764.43066,0.0677524582,3.33275342,259.881409,0,4.26075209,245.954666,4764.44727,0.0677527338,3.33277488,259.881409,1.83560189e-37,4.15690115,258.209229,4848.98584,0.0661607385,0.991817892,258.109619,0.00447963737
13.3415327,2.74450016,4.19253268,282.498932,5025.56592,0.0623607785,0.260673016,264.007935,0,4.19252998,282.49942,5025.57666,0.062360812,0.260664016,264.007904,0,4.1925296,282.499359,5025.58691,0.0623609349,0.260666668,264.007965,0,4.26004473,246.019119,4768.82617,0.0677972361,3.31614828,259.892731,0,4.26004438,246.019028,4768.8457,0.0677975342,3.31617308,259.892761,1.82802288e-37,4.15662143,258.226562,4852.96875,0.066208832,0.991876483,258.127655,0.00446284376
13.4405842,2.76487613,4.1923871,282.514069,5026.54785,0.0623696148,0.260458082,264.010437,0,4.19238968,282.513977,5026.54492,0.0623696074,0.260458767,264.010345,0,4.19238631,282.514252,5026.56348,0.062369749,0.260455936,264.010437,0,4.2593475,246.08255,4773.17871,0.0678416118,3.29989815,259.903992,0,4.25934469,246.082703,4773.20312,0.0678419322,3.2998426,259.903992,1.88341576e-37,4.15635193,258.242981,4856.89014,0.0662563145,0.991987765,258.145416,0.00444627181
13.5396347,2.78525186,4.19223656,282.529816,5027.57275,0.0623788275,0.260234535,264.013062,0,4.19223838,282.529816,5027.56836,0.0623787977,0.260234118,264.012939,0,4.19223388,282.530151,5027.5874,0.0623789392,0.260230154,264.013031,0,4.25865005,246.145966,4777.52197,0.0678858161,3.28370929,259.915222,0,4.25864559,246.146301,4777.54785,0.0678861439,3.28361559,259.915192,1.93846101e-37,4.15608792,258.258789,4860.75977,0.0663032457,0.992131114,258.162964,0.00442991871
13.6386862,2.80562782,4.19207395,282.546844,5028.65039,0.0623884425,0.259993732,264.015747,0,4.19207574,282.546906,5028.64551,0.0623883903,0.259990484,264.015686,0,4.19207429,282.546906,5028.65674,0.0623884983,0.259992003,264.015747,0,4.25795404,246.209213,4781.86035,0.0679299906,3.26767206,259.926422,0,4.25795203,246.20929,4781.87988,0.0679302886,3.26765084,259.926361,1.99316277e-37,4.15582074,258.275146,4864.60742,0.066349782,0.99221617,258.180359,0.00441369368
13.7377357,2.82600355,4.19190486,282.564606,5029.77832,0.0623985045,0.259739816,264.018616,0,4.1919048,282.56488,5029.77588,0.0623984337,0.259734482,264.018555,0,4.19190444,282.564789,5029.78174,0.0623985045,0.259737283,264.018616,0,4.25725941,246.272369,4786.20312,0.067974247,3.2517662,259.937531,0,4.25725781,246.272446,4786.2168,0.067974478,3.2517252,259.937531,2.04755333e-37,4.15555312,258.291718,4868.43213,0.0663959756,0.992269158,258.19754,0.0043976591
13.8367863,2.84637928,4.19172633,282.583527,5030.95703,0.0624089651,0.259471208,264.021576,0,4.19172851,282.583496,5030.95068,0.0624088794,0.259469688,264.021515,0,4.1917259,282.583679,5030.95898,0.0624089278,0.25946787,264.021576,0,4.25656129,246.335876,4790.5542,0.0680185333,3.23580408,259.9487,0,4.25656256,246.335693,4790.55859,0.0680186898,3.23586178,259.9487,2.10165354e-37,4.15529261,258.307526,4872.22119,0.0664418414,0.992371857,258.2146,0.004381835
13.9358377,2.86675525,4.19154019,282.603241,5032.17334,0.0624196939,0.259189785,264.024719,0,4.19154354,282.603088,5032.16309,0.0624195822,0.259190172,264.024597,0,4.19154584,282.602753,5032.16016,0.062419612,0.259196788,264.024628,0,4.25587281,246.398438,4794.89355,0.0680628791,3.22024441,259.959869,0,4.25586834,246.398773,4794.90625,0.0680629909,3.22013617,259.959869,2.09387532e-37,4.15502892,258.323822,4875.99902,0.0664874539,0.992427409,258.231567,0.00436607236
14.0348883,2.88713098,4.19135027,282.623505,5033.40723,0.0624305271,0.258899152,264.02774,0,4.19135478,282.623169,5033.39307,0.0624303818,0.258903444,264.02771,0,4.19135403,282.623169,5033.39258,0.0624304079,0.258904308,264.02774,0,4.25517834,246.461594,4799.25,0.0681072772,3.20457721,259.971069,0,4.25517597,246.46167,4799.25732,0.0681073442,3.20455217,259.971039,2.14761792e-37,4.15477191,258.339539,4879.74268,0.0665327832,0.992518008,258.248383,0.00435045641
14.1339397,2.90750694,4.19116876,282.64267,5034.6084,0.0624412112,0.258628249,264.030884,0,4.19117361,282.642303,5034.59717,0.0624410734,0.258632123,264.030762,0,4.19117248,282.642395,5034.59277,0.0624410585,0.258631259,264.030792,0,4.25448574,246.524506,4803.59814,0.0681515858,3.18907404,259.982178,0,4.25448788,246.524139,4803.5957,0.0681516603,3.18916798,259.982147,2.26221633e-37,4.15450937,258.355896,4883.48047,0.0665778443,0.992550194,258.265106,0.0043348982
14.2329903,2.92788267,4.19100018,282.660278,5035.75635,0.0624515377,0.258379012,264.033752,0,4.19100428,282.660004,5035.74805,0.0624514408,0.258383423,264.033661,0,4.19100428,282.660034,5035.73779,0.0624513812,0.258383274,264.033691,0,4.25380522,246.586288,4807.90967,0.0681956559,3.17395949,259.993256,0,4.25379954,246.5867,4807.92188,0.0681957155,3.17383051,259.993256,2.25426525e-37,4.15425114,258.371918,4887.18848,0.0666226074,0.992598236,258.281708,0.00431946898
14.3320408,2.94825864,4.19084483,282.676453,5036.83496,0.062461324,0.258154929,264.036499,0,4.19084629,282.676422,5036.83008,0.0624612421,0.258153558,264.036407,0,4.19084933,282.676117,5036.81055,0.062461108,0.258158833,264.036407,0,4.25313016,246.647552,4812.18066,0.0682392791,3.15903306,260.004211,0,4.25312818,246.647629,4812.18408,0.0682393014,3.1590035,260.00415,2.30725182e-37,4.15399329,258.388,4890.87256,0.0666670427,0.992631853,258.298187,0.00430412963
14.4310913,2.96863437,4.19069366,282.6922,5037.85156,0.0624704584,0.257933438,264.039062,0,4.19069852,282.691833,5037.83936,0.0624703392,0.257937819,264.038971,0,4.19070418,282.691254,5037.81152,0.0624701753,0.257947385,264.03894,0,4.25245813,246.708557,4816.40234,0.0682822466,3.14423966,260.015045,0,4.25246223,246.708206,4816.39404,0.0682822242,3.14431906,260.014923,2.2994911e-37,4.15374174,258.403473,4894.52148,0.0667111352,0.99270457,258.314545,0.00428891182
14.5301428,2.98901033,4.19056065,282.706055,5038.75635,0.0624786653,0.25773859,264.041351,0,4.19056549,282.705719,5038.74561,0.0624785312,0.257743418,264.04126,0,4.1905685,282.705475,5038.72314,0.0624783374,0.257747412,264.04126,0,4.251812,246.767258,4820.51025,0.0683242232,3.13010883,260.025513,0,4.25181728,246.7668,4820.50098,0.0683241859,3.13021183,260.025421,2.35225077e-37,4.15348778,258.419403,4898.14258,0.0667547658,0.992726564,258.330719,0.00427378388
14.6291933,3.00938606,4.19044157,282.718567,5039.55811,0.0624858662,0.257564127,264.043427,0,4.19044684,282.71814,5039.5498,0.0624857619,0.257569313,264.043304,0,4.19045438,282.717377,5039.51709,0.0624855384,0.257581741,264.043243,0,4.25118598,246.824142,4824.50342,0.0683650747,3.11647105,260.035736,0,4.25118473,246.824295,4824.51025,0.0683650523,3.11642337,260.035675,2.40481022e-37,4.15324322,258.434418,4901.71094,0.0667978674,0.992805779,258.34671,0.00425887154
14.7282438,3.02976179,4.19034178,282.729034,5040.24023,0.0624920055,0.257416785,264.045105,0,4.19034554,282.72876,5040.23877,0.062491972,0.25742057,264.045044,0,4.19035044,282.728271,5040.21338,0.062491741,0.257428616,264.045013,0,4.25056986,246.880249,4828.38916,0.0684045926,3.10307717,260.045593,0,4.25057314,246.879974,4828.38818,0.0684046,3.10313058,260.045593,2.45718291e-37,4.15300104,258.449188,4905.23096,0.0668403879,0.992891669,258.362518,0.00424407143
14.8272953,3.05013776,4.19025639,282.737976,5040.81445,0.062497139,0.25729242,264.04657,0,4.19025902,282.737793,5040.81738,0.0624971464,0.257293791,264.046509,0,4.19026655,282.73703,5040.79053,0.0624969639,0.257306606,264.046478,0,4.24998286,246.933685,4832.11768,0.068442598,3.09038687,260.055145,0,4.24998528,246.933502,4832.11768,0.0684426129,3.09041166,260.055084,2.50944103e-37,4.15276309,258.463898,4908.69385,0.0668822005,0.992958367,258.378021,0.00422945851
14.9263449,3.07051349,4.19018037,282.746155,5041.30225,0.062501356,0.257174313,264.047791,0,4.19018718,282.745453,5041.2998,0.0625014231,0.257185906,264.047729,0,4.19019281,282.744965,5041.27441,0.0625012442,0.257194132,264.047699,0,4.24941713,246.985336,4835.7002,0.0684790388,3.07814431,260.06424,0,4.24942203,246.984894,4835.69482,0.0684790537,3.07825279,260.064209,2.50197715e-37,4.15253609,258.47757,4912.08154,0.0669232607,0.993085504,258.39325,0.0042151548
15.0253963,3.09088945,4.19013549,282.75058,5041.64893,0.062504679,0.25711599,264.048584,0,4.19013357,282.750885,5041.66895,0.0625047982,0.257110834,264.048645,0,4.19014489,282.749725,5041.62793,0.0625045821,0.257129878,264.048615,0,4.24888129,247.034225,4839.11133,0.0685137883,3.06663775,260.072968,0,4.24888288,247.034119,4839.11328,0.0685138181,3.06664991,260.072937,2.55413774e-37,4.15231494,258.490845,4915.39404,0.0669634193,0.993219316,258.408142,0.00420109555
15.1244469,3.11126518,4.19009814,282.754303,5041.91699,0.0625071675,0.257066339,264.049347,0,4.19010074,282.75412,5041.92725,0.0625073239,0.257068157,264.049316,0,4.19010866,282.753387,5041.89453,0.0625071004,0.257080168,264.049286,0,4.24836878,247.081055,4842.37305,0.0685469806,3.05566239,260.081268,0,4.24837037,247.080948,4842.375,0.0685470104,3.05566263,260.081238,2.60614856e-37,4.15209961,258.503723,4918.62744,0.0670026317,0.993357539,258.422699,0.00418731943
15.2234983,3.13164115,4.19007133,282.75705,5042.10742,0.0625089407,0.257028461,264.049866,0,4.19007168,282.757111,5042.12402,0.0625091046,0.257026523,264.049805,0,4.19008224,282.756012,5042.08398,0.0625088811,0.257044494,264.049744,0,4.24787385,247.126251,4845.50049,0.0685786828,3.04507327,260.089233,0,4.24787507,247.126236,4845.50293,0.0685787275,3.04506207,260.089203,2.59900194e-37,4.15189249,258.515961,4921.77686,0.0670408681,0.993517697,258.43689,0.00417387439
15.3225489,3.15201688,4.19005168,282.759064,5042.23535,0.0625100732,0.256999463,264.05014,0,4.19005355,282.758972,5042.24902,0.0625102669,0.257000655,264.05011,0,4.19006032,282.758301,5042.21436,0.0625099987,0.257011563,264.050079,0,4.24740389,247.169296,4848.49072,0.068609044,3.03505373,260.096802,0,4.24740507,247.169281,4848.48828,0.0686090291,3.03503251,260.096771,2.65098518e-37,4.15169039,258.527893,4924.84131,0.0670780838,0.993672848,258.450714,0.00416074274
15.4215984,3.17239261,4.19004377,282.759857,5042.30371,0.0625107065,0.256990582,264.050354,0,4.19004034,282.760345,5042.32373,0.0625109151,0.256980777,264.050293,0,4.1900486,282.759491,5042.29053,0.0625106618,0.256994903,264.050262,0,4.24695398,247.210449,4851.35742,0.0686381608,3.02550316,260.104187,0,4.24695637,247.210358,4851.3501,0.0686381161,3.02550435,260.104065,2.64407308e-37,4.15149804,258.539093,4927.81543,0.067114301,0.993854344,258.464142,0.00414798083
15.5206499,3.19276857,4.19003849,282.760345,5042.33252,0.0625109375,0.256982297,264.050385,0,4.19004148,282.760162,5042.33789,0.0625111014,0.256984711,264.050354,0,4.19004638,282.759674,5042.31836,0.0625109375,0.256993145,264.050354,0,4.24652089,247.250061,4854.11328,0.0686661527,3.01634026,260.111145,0,4.24652201,247.250137,4854.1084,0.0686660782,3.01629949,260.111053,2.98902545e-37,4.15130916,258.55014,4930.70801,0.0671494752,0.994017422,258.477173,0.00413557468
15.6197004,3.2131443,4.19004116,282.76001,5042.31641,0.0625107959,0.256987602,264.050385,0,4.19004451,282.759827,5042.31885,0.0625109375,0.256989509,264.050293,0,4.19004679,282.759583,5042.30762,0.0625108406,0.256994188,264.050323,0,4.24609798,247.288818,4856.78809,0.0686932206,3.00739336,260.11795,0,4.24610281,247.288467,4856.77002,0.068693094,3.00746202,260.117828,3.21545735e-37,4.1511273,258.560699,4933.51758,0.0671836734,0.994190931,258.489838,0.00412351592
15.7187519,3.23352027,4.19004682,282.75943,5042.26416,0.0625103116,0.256994665,264.050171,0,4.19005173,282.758972,5042.2627,0.0625104159,0.25700146,264.05014,0,4.19005092,282.759155,5042.25928,0.0625103563,0.256999075,264.050201,0,4.24569226,247.325943,4859.37451,0.0687194988,2.99886823,260.124451,0,4.24569424,247.325928,4859.35938,0.06871932,2.99884558,260.12439,3.26602987e-37,4.15095084,258.570892,4936.24854,0.0672169402,0.994365335,258.502167,0.00411177892
15.8178024,3.253896,4.19006237,282.757721,5042.16895,0.0625095218,0.257019579,264.049988,0,4.1900661,282.757446,5042.17041,0.0625096262,0.257023036,264.049927,0,4.19006761,282.757294,5042.16309,0.0625095591,0.257026345,264.049957,0,4.24528988,247.362793,4861.91064,0.0687451139,2.99040461,260.130981,0,4.24529347,247.36261,4861.88867,0.0687448904,2.99043131,260.130829,3.43291084e-37,4.15077589,258.581207,4938.91016,0.0672492683,0.994500935,258.51413,0.00410035718
15.9168539,3.27427197,4.19007936,282.75592,5042.05713,0.062508516,0.257045418,264.049744,0,4.19008199,282.755737,5042.05713,0.0625085831,0.257046819,264.049622,0,4.19008198,282.755768,5042.05908,0.062508598,0.257047385,264.049683,0,4.2449006,247.398453,4864.38477,0.0687702075,2.982265,260.137238,0,4.24490216,247.398438,4864.36279,0.0687699392,2.98224068,260.137085,3.48304347e-37,4.15060993,258.59082,4941.49072,0.0672807172,0.994663298,258.525726,0.00408932287
16.0159035,3.29464769,4.19009449,282.754303,5041.93994,0.0625074282,0.257067412,264.049377,0,4.19010013,282.753784,5041.93164,0.0625074804,0.257074296,264.049316,0,4.19010052,282.753723,5041.93359,0.0625075176,0.257076263,264.049377,0,4.24451705,247.433594,4866.8208,0.0687948689,2.97427177,260.143341,0,4.24451823,247.433578,4866.79443,0.0687945485,2.97423315,260.14325,3.64896125e-37,4.1504478,258.600189,4944.00488,0.0673113316,0.9948228,258.537018,0.00407857494
16.1149559,3.31502366,4.19011756,282.751831,5041.7998,0.0625062436,0.257101327,264.049042,0,4.19012055,282.751587,5041.79395,0.0625062734,0.257105201,264.048981,0,4.19011983,282.751587,5041.80518,0.0625063479,0.257106602,264.049042,0,4.2441397,247.46814,4869.22314,0.0688192099,2.966429,260.149475,0,4.24414167,247.468033,4869.19287,0.0688188374,2.96641397,260.149353,3.756559e-37,4.15028918,258.609436,4946.4585,0.0673411861,0.994967699,258.548035,0.00406808499
16.2140045,3.33539939,4.19014063,282.74939,5041.65186,0.0625049695,0.257136166,264.048584,0,4.190144,282.749115,5041.64941,0.0625049844,0.257140577,264.048615,0,4.19013873,282.749542,5041.67041,0.0625051409,0.257135153,264.048706,0,4.24376523,247.502426,4871.60205,0.0688432902,2.95864582,260.155487,0,4.24376685,247.502319,4871.57178,0.0688428953,2.95865083,260.155365,3.80617954e-37,4.15013204,258.618744,4948.85791,0.0673702881,0.995085001,258.558777,0.00405787164
16.313055,3.35577512,4.19016142,282.747162,5041.51221,0.0625037178,0.257169425,264.04834,0,4.1901629,282.74707,5041.51465,0.0625037774,0.257169098,264.048279,0,4.19015425,282.747833,5041.54346,0.0625039488,0.25715816,264.04837,0,4.2433965,247.536179,4873.94971,0.0688670725,2.95103645,260.161377,0,4.24339691,247.536179,4873.92383,0.0688666999,2.95100951,260.161316,3.9708395e-37,4.14997998,258.627594,4951.20264,0.0673987567,0.995220304,258.569275,0.00404792139
16.4121075,3.37615108,4.19017919,282.7453,5041.38477,0.0625025705,0.257193893,264.048004,0,4.19018072,282.745117,5041.38965,0.0625026524,0.257196486,264.047943,0,4.19017392,282.745728,5041.4165,0.062502861,0.257188141,264.048065,0,4.24303397,247.569351,4876.27197,0.0688906386,2.94356942,260.167267,0,4.24303397,247.569336,4876.24512,0.0688902736,2.94355559,260.167175,4.02010333e-37,4.14982749,258.636719,4953.50098,0.0674265996,0.995313048,258.579529,0.00403817603
16.511158,3.39652681,4.19019697,282.743347,5041.26611,0.0625015348,0.257222921,264.047699,0,4.19019697,282.743408,5041.27881,0.0625016689,0.257220387,264.047668,0,4.19019209,282.743774,5041.30225,0.062501885,0.257216126,264.04776,0,4.24267762,247.601913,4878.5625,0.0689139292,2.93628597,260.173035,0,4.24267352,247.602325,4878.54688,0.0689135939,2.93615723,260.173004,4.12666524e-37,4.14968281,258.645142,4955.73682,0.0674537942,0.99544245,258.589539,0.00402870355
16.6102085,3.41690278,4.19021249,282.74173,5041.16357,0.0625005811,0.257245034,264.047424,0,4.1902121,282.741791,5041.17578,0.0625007376,0.257243127,264.047424,0,4.19020531,282.742401,5041.20508,0.062500976,0.257234871,264.047516,0,4.24232331,247.634308,4880.82861,0.0689369366,2.92903805,260.178833,0,4.2423217,247.63446,4880.80957,0.0689366236,2.92898226,260.178741,4.17584611e-37,4.14953687,258.653839,4957.93408,0.0674804077,0.995532632,258.599335,0.00401940616
16.709259,3.43727851,4.19022759,282.740112,5041.06299,0.0624996945,0.257268012,264.04718,0,4.1902314,282.739655,5041.06299,0.06249981,0.2572743,264.047119,0,4.19022197,282.74054,5041.09863,0.0625000745,0.257261574,264.047241,0,4.24197801,247.665924,4883.05127,0.0689595193,2.92199564,260.184479,0,4.24197598,247.666077,4883.03662,0.0689592361,2.92194271,260.184357,4.28210444e-37,4.14939758,258.662109,4960.07227,0.0675063804,0.995636284,258.608856,0.00401035417
16.8083096,3.45765448,4.19023973,282.738739,5040.96338,0.0624987744,0.257285863,264.046875,0,4.19024729,282.737976,5040.95898,0.0624988787,0.257298023,264.046875,0,4.1902352,282.739166,5040.99805,0.0624991283,0.257280231,264.046997,0,4.24164296,247.696518,4885.2207,0.0689816251,2.91520858,260.189941,0,4.24163846,247.69693,4885.21533,0.0689814314,2.91509438,260.18985,4.38808117e-37,4.14925946,258.670319,4962.16943,0.0675318092,0.995729685,258.618225,0.00400149543
16.9073601,3.4780302,4.19025523,282.737122,5040.85205,0.062497735,0.257308036,264.0466,0,4.19026394,282.736176,5040.84766,0.0624978729,0.257323563,264.04657,0,4.19025259,282.737305,5040.88184,0.0624980852,0.257306516,264.046722,0,4.2413148,247.726501,4887.33887,0.0690031871,2.90858102,260.195282,0,4.24131036,247.726913,4887.33545,0.0690030083,2.90845823,260.195221,4.49401619e-37,4.14912754,258.677979,4964.21191,0.067556642,0.995848835,258.627319,0.0039928481
17.0064106,3.49840593,4.19027715,282.734741,5040.71631,0.0624965839,0.257342696,264.046295,0,4.19028434,282.733978,5040.71582,0.0624967292,0.257354856,264.046265,0,4.19027343,282.735077,5040.75146,0.0624969453,0.257338434,264.046387,0,4.24099199,247.756058,4889.39893,0.0690240636,2.90203571,260.20047,0,4.24099364,247.755875,4889.38867,0.0690239072,2.90206718,260.200409,4.54289617e-37,4.14899636,258.685822,4966.20947,0.0675808787,0.995935261,258.63623,0.00398438377
17.105463,3.5187819,4.19029871,282.732452,5040.56738,0.0624952354,0.257374793,264.045929,0,4.19030895,282.731323,5040.56299,0.0624954142,0.257393003,264.045868,0,4.1902957,282.732697,5040.59863,0.0624955967,0.257371813,264.04599,0,4.2406847,247.784149,4891.37402,0.0690441281,2.89584017,260.205475,0,4.2406872,247.783798,4891.36865,0.0690440685,2.89592028,260.205414,4.64855901e-37,4.14886594,258.693665,4968.16309,0.0676045045,0.996003151,258.644897,0.00397613645
17.2045135,3.53915763,4.19032405,282.729706,5040.39209,0.0624936782,0.257412404,264.045502,0,4.19033011,282.729126,5040.396,0.0624938868,0.257422477,264.045441,0,4.19032369,282.729706,5040.41553,0.0624939837,0.257414222,264.045532,0,4.24039612,247.810532,4893.25684,0.0690633357,2.89004731,260.210205,0,4.24039129,247.810852,4893.26904,0.0690633804,2.8899672,260.210205,4.75410615e-37,4.1487433,258.700897,4970.05957,0.0676275343,0.996103227,258.653351,0.00396811776
17.3035641,3.5595336,4.19035241,282.726746,5040.19336,0.0624918751,0.257453382,264.044983,0,4.1903615,282.7258,5040.18945,0.0624920614,0.257469535,264.044922,0,4.19035659,282.726227,5040.20898,0.0624921583,0.257463843,264.045013,0,4.24011282,247.836472,4895.06982,0.0690816939,2.88436079,260.214813,0,4.24011044,247.836548,4895.07861,0.0690818056,2.88432837,260.214752,4.80296641e-37,4.14862653,258.70755,4971.90234,0.0676499978,0.996233761,258.661591,0.00396027882
17.4026146,3.57990932,4.19039138,282.722565,5039.94971,0.0624897592,0.257513165,264.044342,0,4.19039702,282.722046,5039.95117,0.0624899417,0.257522374,264.044312,0,4.19039022,282.722656,5039.97656,0.0624900609,0.257513791,264.044403,0,4.23984419,247.861038,4896.7915,0.0690991506,2.87898159,260.219116,0,4.23984104,247.861206,4896.80469,0.0690992847,2.8789227,260.219116,4.85200826e-37,4.14850696,258.714752,4973.7041,0.0676718354,0.996299505,258.669586,0.00395260938
17.5016651,3.60028529,4.19043107,282.718384,5039.67969,0.0624873303,0.257571638,264.043671,0,4.19043596,282.717865,5039.68262,0.0624875166,0.257580996,264.04364,0,4.19042691,282.718811,5039.71191,0.0624876395,0.257566839,264.043732,0,4.23958575,247.884766,4898.43848,0.0691157728,2.87377381,260.223267,0,4.23958502,247.884659,4898.44385,0.0691159144,2.87379026,260.223236,4.95746483e-37,4.14839795,258.720856,4975.44141,0.0676930398,0.996437609,258.677399,0.00394521002
17.6007156,3.62066102,4.19047833,282.713379,5039.37012,0.0624845996,0.257642537,264.042908,0,4.19048323,282.71286,5039.37549,0.062484812,0.257651865,264.042847,0,4.19047532,282.713623,5039.3999,0.0624849014,0.257640719,264.042969,0,4.23934155,247.907089,4900.00195,0.0691316202,2.86889458,260.227234,0,4.23933879,247.907257,4900.01172,0.069131732,2.86884689,260.227173,4.95032067e-37,4.14828653,258.727509,4977.14307,0.0677136555,0.996512949,258.684967,0.00393795781
17.6997662,3.64103675,4.19052787,282.708099,5039.03418,0.0624816157,0.257718116,264.042023,0,4.19053165,282.707672,5039.04297,0.0624818355,0.257724851,264.042023,0,4.190526,282.708282,5039.0625,0.0624818988,0.257716089,264.042114,0,4.23911037,247.928314,4901.4917,0.0691467375,2.86427093,260.231018,0,4.23910557,247.92865,4901.50635,0.0691468418,2.86418247,260.230957,5.05576513e-37,4.14817822,258.733917,4978.79639,0.0677336901,0.996592343,258.692322,0.00393091608
17.7988186,3.66141272,4.19057853,282.702728,5038.68359,0.0624784678,0.257793218,264.041138,0,4.19058384,282.702148,5038.69092,0.0624787025,0.257802606,264.041138,0,4.19058007,282.702576,5038.70459,0.062478736,0.257796735,264.041199,0,4.23888284,247.949203,4902.93359,0.0691612437,2.85972881,260.234558,0,4.23887685,247.949615,4902.95312,0.0691613704,2.85960889,260.234589,5.21716736e-37,4.14807616,258.739746,4980.396,0.0677531585,0.996699929,258.699463,0.00392409181
17.8978672,3.68178844,4.19063522,282.696777,5038.30957,0.0624751896,0.25787726,264.040222,0,4.1906383,282.69635,5038.32617,0.0624754503,0.257884473,264.040192,0,4.1906345,282.696777,5038.33691,0.0624754541,0.257878423,264.040283,0,4.23866305,247.969391,4904.32715,0.0691752657,2.85531926,260.238159,0,4.23865826,247.969711,4904.34814,0.0691754371,2.85523725,260.238098,5.21039405e-37,4.14797872,258.745392,4981.94971,0.0677720681,0.996804237,258.70639,0.00391748268
17.9969196,3.70216441,4.19069117,282.690918,5037.93555,0.062471848,0.257959932,264.039276,0,4.19069237,282.690643,5037.95898,0.0624721684,0.25796473,264.039276,0,4.19069237,282.690643,5037.9624,0.0624721758,0.257965654,264.039307,0,4.23845347,247.988632,4905.67627,0.0691889301,2.85115504,260.241547,0,4.23844538,247.989304,4905.70996,0.0691891611,2.85098338,260.241516,5.31573492e-37,4.14788322,258.750885,4983.46143,0.067790471,0.996906519,258.713135,0.00391106075
18.0959702,3.72254014,4.19074715,282.684967,5037.56787,0.0624685884,0.25804314,264.038361,0,4.19074266,282.685364,5037.60303,0.0624689497,0.258038074,264.038361,0,4.19074415,282.685211,5037.60742,0.0624689795,0.258041739,264.038422,0,4.23824547,248.007797,4907.01123,0.0692024007,2.84699965,260.244843,0,4.23823577,248.008545,4907.04932,0.069202669,2.84681439,260.244904,5.36509829e-37,4.14778848,258.756409,4984.93652,0.0678083971,0.996992826,258.719696,0.00390477944
18.1950207,3.74291611,4.19079707,282.679688,5037.23145,0.0624655522,0.258118451,264.037476,0,4.19079523,282.679749,5037.2583,0.0624658987,0.258117825,264.037506,0,4.19079481,282.679932,5037.2666,0.062465962,0.258115917,264.037567,0,4.2380367,248.026947,4908.34131,0.0692158118,2.84285522,260.24823,0,4.23802864,248.027618,4908.37842,0.0692160949,2.84268785,260.24823,5.41446929e-37,4.14769138,258.762299,4986.38086,0.0678258538,0.997036457,258.726135,0.00389861898
18.2940712,3.76329184,4.19084017,282.675171,5036.9292,0.0624628104,0.258181334,264.036713,0,4.19083947,282.675079,5036.94971,0.0624631085,0.258183151,264.036713,0,4.19083978,282.675171,5036.95508,0.0624631606,0.258182615,264.036774,0,4.23782511,248.046448,4909.68115,0.0692292526,2.83863854,260.251617,0,4.23782188,248.046692,4909.7085,0.0692295581,2.83856916,260.251587,5.5196864e-37,4.14760477,258.767242,4987.77441,0.0678428635,0.997139871,258.73233,0.0038926953
18.3931236,3.7836678,4.19088215,282.670654,5036.64941,0.0624603368,0.25824523,264.036011,0,4.19088217,282.670563,5036.66602,0.0624606013,0.258247107,264.036011,0,4.19088363,282.670563,5036.67139,0.0624606423,0.25824818,264.036041,0,4.23761557,248.065704,4911.02832,0.0692428574,2.83448553,260.254913,0,4.23760984,248.066284,4911.05762,0.0692431256,2.83433604,260.254974,5.51351889e-37,4.14751699,258.772339,4989.14355,0.0678595006,0.997222364,258.738434,0.00388688943
18.4921722,3.80404353,4.19092037,282.666565,5036.40674,0.0624582022,0.258304805,264.0354,0,4.19091697,282.666901,5036.42725,0.0624584332,0.258298457,264.0354,0,4.19091994,282.666748,5036.43164,0.0624585003,0.258302152,264.035461,0,4.23740237,248.085281,4912.39746,0.0692567006,2.83026862,260.258392,0,4.2373987,248.085709,4912.41895,0.0692569166,2.83016062,260.258392,5.78562729e-37,4.14742884,258.777496,4990.49268,0.0678758472,0.997292936,258.744446,0.00388115435
18.5912228,3.82441926,4.19094796,282.663666,5036.2168,0.0624564849,0.258345336,264.034943,0,4.19094686,282.663666,5036.22656,0.0624566562,0.258344442,264.034882,0,4.19094945,282.663605,5036.23486,0.0624567568,0.258346707,264.034943,0,4.23718472,248.105301,4913.79688,0.0692708343,2.82596827,260.261932,0,4.23718067,248.105713,4913.81348,0.0692709908,2.82586193,260.261902,6.00172052e-37,4.14733867,258.78299,4991.8252,0.0678919405,0.997326493,258.750366,0.00387550215
18.6902752,3.84479523,4.1909665,282.661713,5036.07324,0.0624551289,0.258371711,264.034546,0,4.1909684,282.661469,5036.07324,0.0624552555,0.25837478,264.034515,0,4.1909706,282.661377,5036.0835,0.0624553822,0.258377612,264.034576,0,4.23696306,248.125671,4915.22461,0.0692852512,2.82161379,260.265503,0,4.23695857,248.126175,4915.23438,0.0692853257,2.82146978,260.265472,6.21747026e-37,4.14725242,258.788147,4993.1333,0.0679077655,0.997377992,258.756134,0.00387000456
18.7893257,3.86517096,4.19098768,282.659424,5035.95459,0.0624541342,0.258404911,264.034241,0,4.19098806,282.659424,5035.95459,0.062454205,0.258404166,264.03421,0,4.19098993,282.659241,5035.96436,0.0624543652,0.258408636,264.034271,0,4.23673692,248.146454,4916.68555,0.0693000406,2.81715918,260.269196,0,4.2367381,248.146439,4916.6792,0.0693000108,2.8171494,260.269104,6.43297785e-37,4.14716416,258.793579,4994.43164,0.0679234117,0.997402072,258.761871,0.00386457378
18.8883762,3.88554692,4.19099751,282.658417,5035.88623,0.0624535158,0.258417577,264.034058,0,4.19099903,282.658234,5035.88037,0.0624535196,0.258421004,264.033997,0,4.19099672,282.658569,5035.89844,0.0624537058,0.258416891,264.034088,0,4.23650843,248.167419,4918.17334,0.0693151727,2.81269407,260.272949,0,4.23650556,248.167755,4918.1709,0.0693150535,2.81259537,260.272858,6.59289986e-37,4.14707904,258.798767,4995.7124,0.0679388791,0.997438848,258.767517,0.00385924103
18.9874268,3.90592265,4.1910009,282.658051,5035.85693,0.0624532662,0.258423805,264.033997,0,4.19100092,282.657959,5035.85352,0.0624532364,0.258424401,264.033936,0,4.19100354,282.657806,5035.85938,0.0624533743,0.258428097,264.033997,0,4.23627344,248.18898,4919.69434,0.0693306178,2.8081162,260.276764,0,4.23627344,248.188965,4919.68652,0.0693304464,2.80808949,260.276642,6.75256493e-37,4.14699158,258.804169,4996.99072,0.0679542422,0.997457266,258.773132,0.00385394297
19.0864773,3.92629862,4.19100279,282.657898,5035.85107,0.0624532253,0.258427083,264.033997,0,4.19100092,282.657959,5035.85156,0.0624532141,0.258424282,264.033936,0,4.19100354,282.657806,5035.854,0.0624533221,0.258427858,264.033997,0,4.23603684,248.210724,4921.22754,0.069346182,2.8034842,260.280609,0,4.23603766,248.210617,4921.22021,0.0693460181,2.80349183,260.280518,6.80160679e-37,4.14690684,258.809357,4998.2583,0.067969501,0.997487605,258.778687,0.00384870172
19.1855278,3.94667435,4.19099751,282.658417,5035.87939,0.0624534562,0.258417308,264.034027,0,4.19099414,282.658722,5035.88525,0.0624534413,0.258412719,264.034027,0,4.19099786,282.658417,5035.87988,0.0624535307,0.25841853,264.034058,0,4.23579862,248.232544,4922.76416,0.0693617612,2.7988584,260.284454,0,4.23579745,248.23262,4922.76562,0.0693616793,2.79882073,260.284393,6.96111222e-37,4.14682133,258.814545,4999.52002,0.0679847226,0.997516155,258.78421,0.00384350307
19.2845783,3.96705008,4.19099222,282.658905,5035.92529,0.0624539144,0.258411855,264.034119,0,4.19099076,282.658997,5035.93066,0.0624539405,0.258410335,264.034149,0,4.19098765,282.659515,5035.93262,0.0624539591,0.258402139,264.03418,0,4.23556207,248.254272,4924.29639,0.0693772659,2.79424572,260.28833,0,4.2355646,248.253922,4924.29248,0.0693772435,2.79432344,260.288208,7.06536255e-37,4.14673855,258.81958,5000.77148,0.0679998472,0.997554362,258.789734,0.00383833423
19.3836308,3.98742604,4.19098277,282.659943,5035.99756,0.062454585,0.258398831,264.034363,0,4.19097827,282.660278,5036.00977,0.0624546409,0.258392185,264.034332,0,4.1909786,282.660431,5035.99902,0.0624545552,0.258389562,264.034332,0,4.23532841,248.275665,4925.80762,0.0693925843,2.78973818,260.292053,0,4.23533376,248.275055,4925.80273,0.0693925992,2.78986669,260.291992,7.22492852e-37,4.14665261,258.824921,5002.02148,0.0680149049,0.997564852,258.795197,0.0038331782
19.4826813,4.00780201,4.19096575,282.661713,5036.09521,0.0624554306,0.258372813,264.034607,0,4.19096164,282.662048,5036.11035,0.0624555126,0.258366525,264.034607,0,4.19096728,282.66156,5036.08789,0.062455371,0.258374542,264.034576,0,4.23510817,248.295776,4927.271,0.0694075599,2.7855227,260.295746,0,4.23510251,248.29628,4927.28906,0.0694076121,2.78538156,260.295715,7.32912907e-37,4.1465659,258.830444,5003.27051,0.0680298731,0.997557044,258.800629,0.00382807292
19.5817318,4.02817774,4.19095138,282.663239,5036.19971,0.0624563992,0.258350372,264.034821,0,4.19094655,282.663574,5036.21826,0.0624565072,0.258345544,264.034882,0,4.19094723,282.663605,5036.2041,0.0624563396,0.258344978,264.034851,0,4.23488345,248.316391,4928.71582,0.0694221184,2.78117061,260.299377,0,4.23488797,248.315857,4928.71484,0.0694221929,2.78128219,260.299286,7.37879692e-37,4.14648231,258.835571,5004.50781,0.0680447891,0.997581363,258.80603,0.00382300746
19.6807823,4.04855347,4.19093323,282.665222,5036.31787,0.0624574497,0.258323461,264.035156,0,4.19093029,282.665283,5036.33643,0.0624575838,0.258321881,264.035156,0,4.19093175,282.665283,5036.32275,0.0624574274,0.258321881,264.035156,0,4.23467056,248.335892,4930.09766,0.0694361255,2.77707219,260.302856,0,4.23467058,248.3358,4930.10938,0.0694362745,2.77708054,260.302795,7.59313281e-37,4.1463991,258.840759,5005.73438,0.068059586,0.997594595,258.811401,0.00381796248
19.7798328,4.0689292,4.1909147,282.667175,5036.44043,0.0624585524,0.258294195,264.035492,0,4.19091286,282.667145,5036.4624,0.062458735,0.258296013,264.035492,0,4.19091132,282.667419,5036.45508,0.0624585859,0.258291483,264.035492,0,4.23446777,248.354446,4931.4209,0.069449544,2.77316833,260.306183,0,4.2344666,248.354523,4931.43408,0.0694497377,2.77315164,260.306091,7.64278406e-37,4.14631471,258.846069,5006.95654,0.0680742636,0.997594297,258.816711,0.00381298643
19.8788853,4.0893054,4.19089464,282.669281,5036.56348,0.0624596141,0.258265227,264.035797,0,4.19089059,282.669464,5036.59375,0.0624598712,0.258262455,264.035828,0,4.19089432,282.66922,5036.5791,0.0624597333,0.258266598,264.035828,0,4.23427029,248.372574,4932.69092,0.0694623366,2.76937532,260.309296,0,4.23427314,248.372299,4932.69287,0.0694624856,2.76942706,260.309265,7.80246662e-37,4.14623347,258.851044,5008.16602,0.0680888221,0.997618496,258.82196,0.00380806555
19.9779358,4.10968113,4.19087804,282.67099,5036.6748,0.0624606088,0.258241475,264.036072,0,4.19087282,282.671326,5036.71143,0.0624609403,0.25823617,264.036102,0,4.19087579,282.671173,5036.70264,0.0624608286,0.258239031,264.036133,0,4.23408824,248.389252,4933.88574,0.0694745034,2.76588821,260.312347,0,4.23408902,248.389236,4933.89111,0.0694746077,2.76588392,260.312256,7.85220038e-37,4.14615105,258.856201,5009.37109,0.0681032836,0.997625291,258.827209,0.00380315515
20.0769844,4.13005686,4.19086064,282.672882,5036.7832,0.0624615364,0.258213937,264.036377,0,4.19085732,282.672943,5036.81543,0.062461894,0.258213401,264.036377,0,4.1908603,282.672791,5036.81445,0.062461853,0.258216619,264.036407,0,4.23391021,248.405655,4935.0332,0.0694860741,2.76245594,260.315125,0,4.23391467,248.405212,4935.02686,0.0694861263,2.76254869,260.315094,8.01238517e-37,4.14607408,258.860779,5010.54932,0.068117559,0.99767381,258.832367,0.00379831251
20.1760349,4.15043259,4.19084664,282.674316,5036.87891,0.0624623634,0.258193165,264.036621,0,4.19084636,282.674042,5036.9043,0.0624627359,0.258198917,264.036621,0,4.19084326,282.674561,5036.91846,0.0624627657,0.258191168,264.036682,0,4.23374109,248.421204,4936.12158,0.0694970489,2.75920963,260.317871,0,4.23374798,248.420593,4936.11133,0.0694970638,2.75933695,260.31781,8.11716104e-37,4.14599125,258.866058,5011.72559,0.0681316331,0.997659385,258.837463,0.00379348639
20.2750854,4.17080832,4.19083342,282.67569,5036.96289,0.0624631122,0.258174717,264.036804,0,4.19083277,282.675507,5036.98828,0.0624634624,0.258177787,264.036835,0,4.19083116,282.675842,5037.00293,0.0624635443,0.258173227,264.036896,0,4.23358175,248.435898,4937.16016,0.0695075467,2.75614572,260.320496,0,4.23358742,248.435364,4937.15234,0.0695075691,2.75625658,260.320404,8.22241223e-37,4.1459162,258.870575,5012.87158,0.0681454763,0.997698903,258.842468,0.00378880324
20.3741379,4.19118452,4.1908217,282.67688,5037.03467,0.0624637343,0.258156836,264.036987,0,4.19082255,282.676514,5037.05713,0.062464077,0.25816384,264.036987,0,4.19081946,282.677124,5037.07617,0.0624642074,0.25815478,264.037079,0,4.23342847,248.449982,4938.16064,0.0695176572,2.75321651,260.322968,0,4.23342847,248.449966,4938.16064,0.069517687,2.75320339,260.322937,8.32769391e-37,4.14584195,258.875061,5014,0.0681590959,0.997735977,258.847412,0.00378416339
20.4731884,4.21156025,4.19081452,282.677643,5037.09033,0.0624642596,0.258146048,264.03714,0,4.19081385,282.67746,5037.11621,0.0624646023,0.258150429,264.03714,0,4.19081149,282.677979,5037.13037,0.0624647215,0.258142769,264.037201,0,4.2332789,248.46373,4939.13135,0.069527477,2.75035405,260.32547,0,4.23327969,248.463715,4939.12598,0.0695274547,2.75034142,260.325348,8.37813079e-37,4.14577238,258.87912,5015.10107,0.0681724846,0.997798443,258.852234,0.00377961807
20.5722389,4.23193598,4.19080774,282.678314,5037.13867,0.0624647103,0.258137584,264.037231,0,4.190804,282.678558,5037.16992,0.0624650531,0.258134127,264.037292,0,4.19080314,282.678925,5037.17676,0.0624651127,0.258128732,264.037323,0,4.23312968,248.477478,4940.08154,0.0695370361,2.74748707,260.327789,0,4.23313291,248.477203,4940.06934,0.0695369467,2.74753499,260.327728,8.53875861e-37,4.14569967,258.883514,5016.18848,0.0681856126,0.997829318,258.856995,0.00377510837
20.6712894,4.25231171,4.1907979,282.679321,5037.18896,0.0624650978,0.258123517,264.037384,0,4.19079795,282.67923,5037.21045,0.0624654368,0.25812453,264.037384,0,4.19080049,282.67926,5037.20703,0.0624654181,0.258124501,264.037415,0,4.2329882,248.49054,4941.00586,0.0695463791,2.74478436,260.330109,0,4.23298982,248.490433,4940.99854,0.0695463046,2.74478722,260.330048,8.6440385e-37,4.14563321,258.88739,5017.24268,0.0681984425,0.997891486,258.861633,0.00377070834
20.7703419,4.27268791,4.19079489,282.679596,5037.22314,0.0624654517,0.258120328,264.037445,0,4.19079229,282.67984,5037.24854,0.0624657609,0.258115858,264.037476,0,4.19079406,282.679932,5037.24561,0.0624657124,0.258114755,264.037506,0,4.23284548,248.503677,4941.92334,0.0695556402,2.74204969,260.332397,0,4.23284713,248.503586,4941.91748,0.0695555583,2.74205518,260.332336,8.69491662e-37,4.14556316,258.891693,5018.27979,0.0682109743,0.997911632,258.86618,0.00376637699
20.8693924,4.29306364,4.19078848,282.680267,5037.26562,0.062465813,0.258110642,264.037567,0,4.19078358,282.680786,5037.29541,0.0624661073,0.258101881,264.037598,0,4.19079031,282.680267,5037.27734,0.0624660216,0.258110583,264.037598,0,4.23270277,248.516907,4942.8335,0.0695647895,2.73931384,260.334656,0,4.23270563,248.516632,4942.8291,0.0695647448,2.73934889,260.334625,8.85576057e-37,4.14550136,258.895203,5019.27686,0.0682231635,0.997984886,258.870605,0.00376218371
20.9684429,4.31343937,4.19077753,282.681366,5037.31738,0.0624662079,0.258094043,264.037689,0,4.19077675,282.681549,5037.33838,0.0624664836,0.258090824,264.03772,0,4.19078387,282.680969,5037.31689,0.0624663532,0.25810039,264.037689,0,4.23256209,248.529877,4943.73438,0.0695738569,2.73660612,260.336914,0,4.23256333,248.529785,4943.74023,0.0695738941,2.736619,260.336884,9.01592114e-37,4.14543716,258.899048,5020.2627,0.0682350919,0.998024106,258.874908,0.00375806261
21.0674934,4.3338151,4.19077452,282.681641,5037.354,0.0624666102,0.25809145,264.037842,0,4.19077335,282.681885,5037.37891,0.0624668784,0.258087009,264.037811,0,4.19077745,282.681641,5037.35986,0.0624667145,0.258090943,264.037781,0,4.23242469,248.542603,4944.62988,0.0695828944,2.73398471,260.339203,0,4.23242959,248.542068,4944.62891,0.0695829764,2.73409343,260.339111,9.23139196e-37,4.14537336,258.902893,5021.22803,0.068246752,0.998057544,258.879181,0.00375401811
21.1665421,4.35419083,4.19076885,282.68222,5037.40332,0.0624670647,0.25808242,264.037903,0,4.19076428,282.682831,5037.43213,0.0624673329,0.25807333,264.037933,0,4.19076914,282.682495,5037.40918,0.0624671392,0.258078635,264.037903,0,4.23228646,248.555405,4945.52783,0.0695919394,2.73134518,260.341431,0,4.23228934,248.555038,4945.52832,0.0695920289,2.73140645,260.34137,9.61002146e-37,4.14531464,258.906281,5022.16602,0.0682581589,0.998119473,258.883301,0.00375007256
21.2655945,4.37456703,4.19076055,282.683075,5037.46094,0.0624676161,0.258071601,264.038025,0,4.19075634,282.683655,5037.48828,0.0624678507,0.258061856,264.038086,0,4.19076273,282.683075,5037.46143,0.0624676198,0.258071244,264.038055,0,4.23214992,248.567947,4946.41992,0.069600977,2.72874618,260.343597,0,4.23215399,248.567505,4946.41748,0.0696010739,2.72884202,260.343567,9.71585201e-37,4.14525392,258.909882,5023.09033,0.0682693347,0.998157024,258.88736,0.00374620245
21.364645,4.39494276,4.19074618,282.684601,5037.53027,0.0624681711,0.258049339,264.038269,0,4.19074652,282.684692,5037.55273,0.062468417,0.258047134,264.038239,0,4.19075519,282.683777,5037.521,0.062468186,0.258062184,264.038208,0,4.23201376,248.58049,4947.31152,0.0696099922,2.72616816,260.345917,0,4.23201499,248.580292,4947.31445,0.0696100965,2.72620463,260.345825,9.93148606e-37,4.14519517,258.913361,5023.99316,0.0682802945,0.998197973,258.891357,0.00374240987
21.4636955,4.41531849,4.19073825,282.685455,5037.59131,0.0624687523,0.258036673,264.038422,0,4.19073672,282.685699,5037.62207,0.062469054,0.258033276,264.038422,0,4.19074158,282.685211,5037.6001,0.0624688603,0.258041382,264.038391,0,4.23187842,248.59285,4948.19873,0.0696189776,2.72362518,260.348114,0,4.23187884,248.592834,4948.20264,0.0696190745,2.72362614,260.348053,1.00917847e-36,4.14513521,258.917084,5024.88379,0.068291001,0.998212516,258.895264,0.00373867853
21.562746,4.43569422,4.19072874,282.686493,5037.65918,0.0624693669,0.258023024,264.038574,0,4.19072685,282.686737,5037.69287,0.0624697246,0.258018851,264.038605,0,4.19072724,282.686646,5037.68164,0.0624695681,0.25802061,264.038605,0,4.23174189,248.605392,4949.08008,0.0696278661,2.72105527,260.350311,0,4.23174677,248.60495,4949.07275,0.0696279332,2.72114396,260.35022,1.02528816e-36,4.14507877,258.920471,5025.75146,0.068301484,0.998246253,258.899048,0.00373506686
21.6617966,4.45606995,4.19072007,282.687408,5037.73291,0.0624700673,0.258011431,264.038757,0,4.19071479,282.688019,5037.77441,0.0624704473,0.258000761,264.038818,0,4.19071401,282.688019,5037.7627,0.0624702871,0.25800097,264.038818,0,4.2316098,248.617599,4949.94189,0.0696365684,2.71854138,260.352417,0,4.23161019,248.617584,4949.94092,0.0696365982,2.71853685,260.352386,1.0413313e-36,4.14502622,258.923523,5026.59912,0.0683117732,0.998303294,258.902802,0.00373152248
21.760849,4.47644615,4.19070531,282.688965,5037.8208,0.0624708086,0.257986635,264.03894,0,4.19070381,282.689117,5037.85303,0.0624711849,0.257985681,264.039001,0,4.1907031,282.689117,5037.84326,0.062471047,0.257986039,264.039032,0,4.23148504,248.629028,4950.77441,0.0696450472,2.71621728,260.354492,0,4.23148464,248.629089,4950.76953,0.0696450323,2.71618605,260.354431,1.06286143e-36,4.14497172,258.926697,5027.43115,0.0683218613,0.998342216,258.906464,0.00372802792
21.8598995,4.49682188,4.19069325,282.690216,5037.9043,0.0624715537,0.257969975,264.039185,0,4.19069097,282.690491,5037.93604,0.0624719374,0.257966131,264.039215,0,4.19069025,282.690399,5037.92773,0.0624718145,0.257968098,264.039246,0,4.23136516,248.640015,4951.57666,0.0696532577,2.71396589,260.356445,0,4.23136189,248.64035,4951.57373,0.0696531832,2.71388435,260.356445,1.0790113e-36,4.1449172,258.929993,5028.25,0.0683317333,0.998366773,258.910034,0.0037245939
21.95895,4.51719761,4.19068229,282.691345,5037.98779,0.0624723099,0.257955819,264.039398,0,4.19068037,282.691589,5038.01318,0.0624726452,0.257951021,264.039398,0,4.19067514,282.692017,5038.01807,0.0624725893,0.257944643,264.039459,0,4.23124523,248.651016,4952.35156,0.0696611032,2.7117219,260.35849,0,4.23124482,248.651093,4952.33936,0.0696609616,2.71168947,260.358368,1.09508242e-36,4.14486579,258.933044,5029.0459,0.0683413893,0.998402417,258.913544,0.00372125953
22.0580006,4.53757334,4.19066942,282.692688,5038.07471,0.0624730773,0.257936925,264.039581,0,4.19067016,282.692688,5038.08936,0.0624733418,0.257935882,264.039612,0,4.19066115,282.693451,5038.104,0.0624733269,0.257924169,264.039673,0,4.231131,248.661575,4953.08789,0.0696685165,2.70956469,260.360291,0,4.23113346,248.661316,4953.06885,0.0696683526,2.70960236,260.360199,1.11122053e-36,4.14481595,258.935974,5029.81982,0.0683507845,0.998441517,258.916931,0.0037180183
22.157053,4.55794954,4.19065546,282.694153,5038.15918,0.0624738149,0.257915139,264.039795,0,4.19065957,282.693787,5038.16406,0.0624740161,0.257920653,264.039795,0,4.19065056,282.69458,5038.18018,0.0624740347,0.257908523,264.039886,0,4.23102892,248.670944,4953.77295,0.0696755126,2.7076633,260.362,0,4.23102448,248.671356,4953.76611,0.0696753487,2.70754385,260.361938,1.12190986e-36,4.14476568,258.939026,5030.57812,0.0683599636,0.998463452,258.920258,0.00371484109
22.2561016,4.57832527,4.19064525,282.69516,5038.23096,0.0624744967,0.257900953,264.039978,0,4.19064597,282.695251,5038.24072,0.0624746569,0.257899106,264.039978,0,4.19063807,282.695923,5038.25586,0.0624746792,0.257889062,264.04007,0,4.2309293,248.680054,4954.4248,0.0696821362,2.70579863,260.363678,0,4.23092607,248.680389,4954.41602,0.0696819574,2.70570636,260.363556,1.14347757e-36,4.14471693,258.942017,5031.31738,0.0683688819,0.998483241,258.923492,0.00371175259
22.3551521,4.598701,4.19063353,282.696442,5038.30566,0.0624751486,0.25788343,264.040192,0,4.19063689,282.696167,5038.30762,0.0624752603,0.257886648,264.040161,0,4.19062825,282.69696,5038.32568,0.0624752976,0.257874668,264.040253,0,4.23083653,248.688644,4955.04004,0.0696883947,2.70405269,260.365173,0,4.23083211,248.689056,4955.03174,0.0696881935,2.70393896,260.365082,1.15424412e-36,4.14467566,258.944214,5032.02393,0.0683775395,0.998558879,258.926605,0.00370879145
22.4542027,4.61907673,4.19062368,282.697449,5038.37256,0.0624757633,0.257869035,264.040344,0,4.19062629,282.697357,5038.37842,0.0624758676,0.257869631,264.040344,0,4.19061919,282.697876,5038.39551,0.0624759272,0.257862329,264.040405,0,4.23074175,248.697403,4955.63477,0.0696943104,2.70224714,260.366638,0,4.23074057,248.697479,4955.62256,0.0696941093,2.70221925,260.366547,1.17581649e-36,4.14463006,258.946899,5032.72559,0.0683859959,0.998591661,258.929688,0.00370584778
22.5532532,4.63945246,4.190615,282.698395,5038.44141,0.0624763817,0.257855594,264.040558,0,4.19061798,282.698212,5038.44727,0.0624765009,0.257858306,264.040497,0,4.1906086,282.699005,5038.47119,0.0624766089,0.257846594,264.040619,0,4.23065427,248.705475,4956.19727,0.0696999729,2.70060611,260.368042,0,4.23065673,248.705215,4956.18018,0.0696997941,2.7006495,260.36795,1.18112528e-36,4.14458442,258.949677,5033.41016,0.0683942512,0.998610973,258.932709,0.00370295323
22.6523056,4.65982866,4.19060367,282.699585,5038.51758,0.0624770708,0.257839859,264.040741,0,4.19060437,282.699677,5038.5293,0.06247719,0.257837147,264.04071,0,4.19059496,282.700439,5038.55273,0.0624773279,0.257825911,264.040802,0,4.23057159,248.71312,4956.73389,0.0697054118,2.69905496,260.369385,0,4.23056638,248.713547,4956.73584,0.0697052702,2.69893456,260.369324,1.20275523e-36,4.1445419,258.952148,5034.07275,0.0684022754,0.998647213,258.935638,0.00370015739
22.7513561,4.68020439,4.19058854,282.701202,5038.60596,0.0624778196,0.257815868,264.040955,0,4.19059418,282.700684,5038.60938,0.06247795,0.257823765,264.040924,0,4.19058439,282.701538,5038.63232,0.0624780692,0.25781095,264.041016,0,4.23049267,248.720337,4957.25488,0.0697107092,2.69759917,260.370697,0,4.23048907,248.720581,4957.25928,0.0697106495,2.6975174,260.370636,1.20804483e-36,4.14450172,258.954468,5034.71387,0.0684100837,0.998688996,258.938446,0.00369745097
22.8504066,4.70058012,4.19057568,282.702576,5038.69971,0.0624786615,0.257796943,264.041168,0,4.19057678,282.702545,5038.71191,0.0624788329,0.257796735,264.041168,0,4.19057153,282.703003,5038.72314,0.0624789,0.257790148,264.041229,0,4.23041534,248.727386,4957.77148,0.0697159916,2.69616961,260.372009,0,4.2304093,248.72789,4957.78516,0.0697160065,2.69603705,260.371948,1.23517415e-36,4.14446505,258.956482,5035.33252,0.0684176981,0.998748124,258.941193,0.00369483395
22.9494572,4.72095585,4.19055867,282.704346,5038.81152,0.0624796599,0.257770926,264.041504,0,4.19056129,282.704163,5038.82178,0.0624798313,0.257774353,264.041443,0,4.19055448,282.704773,5038.8335,0.0624798685,0.257765114,264.041534,0,4.23033558,248.734695,4958.30029,0.0697213411,2.69469261,260.373291,0,4.23032954,248.735199,4958.31592,0.0697214156,2.69455957,260.37326,1.25132769e-36,4.14442172,258.95929,5035.94971,0.0684250742,0.998738348,258.943878,0.00369224139
23.0485096,4.74133205,4.19054052,282.706238,5038.93555,0.0624807924,0.257745385,264.041748,0,4.19054198,282.706207,5038.95068,0.0624809973,0.257745564,264.041779,0,4.19053558,282.706818,5038.9624,0.0624810122,0.257736295,264.04184,0,4.23025054,248.742508,4958.85107,0.0697268918,2.69310451,260.374634,0,4.2302445,248.743011,4958.86768,0.0697270036,2.6929729,260.374634,1.25665263e-36,4.14438659,258.961182,5036.5376,0.0684322715,0.998796582,258.946472,0.00368976779
23.1475601,4.76170778,4.19051709,282.70871,5039.08789,0.0624821372,0.257710636,264.042175,0,4.19052083,282.708435,5039.09912,0.0624823533,0.25771448,264.042145,0,4.1905148,282.709045,5039.10889,0.0624823533,0.257705241,264.042236,0,4.23016311,248.75058,4959.42285,0.0697326809,2.69146013,260.376129,0,4.23015663,248.751175,4959.44043,0.0697327778,2.69131351,260.376068,7.01695834e-37,4.14434908,258.963409,5037.11914,0.0684392974,0.998823404,258.949036,0.00368731283
23.2466106,4.78208351,4.1904929,282.711243,5039.26221,0.0624837168,0.257674336,264.042572,0,4.19049209,282.711487,5039.28027,0.062483944,0.25767085,264.042603,0,4.19048829,282.711945,5039.28516,0.0624839105,0.257663965,264.042664,0,4.23007077,248.759079,4960.02148,0.0697387084,2.68973565,260.377594,0,4.23006309,248.759766,4960.03955,0.0697388053,2.68956733,260.377563,7.1792574e-37,4.14431235,258.965637,5037.69141,0.068446219,0.998847246,258.951569,0.00368490932
23.3456593,4.80245924,4.19045964,282.714752,5039.4751,0.0624855906,0.257623613,264.043152,0,4.19046488,282.714294,5039.47705,0.0624857545,0.257632285,264.043121,0,4.1904588,282.714996,5039.48535,0.0624857172,0.257621318,264.043182,0,4.22997194,248.768188,4960.65674,0.0697450861,2.6878829,260.37915,0,4.22996831,248.768524,4960.66797,0.0697451681,2.68779755,260.37912,1.03877112e-36,4.1442776,258.96759,5038.24951,0.0684530437,0.998888075,258.95401,0.00368257239
23.4447098,4.82283497,4.19042334,282.718567,5039.71631,0.0624877363,0.257571727,264.043732,0,4.19042897,282.71814,5039.71533,0.0624878667,0.257577896,264.043732,0,4.1904244,282.718658,5039.71826,0.0624878071,0.25756982,264.043762,0,4.22986175,248.778503,4961.34229,0.0697518215,2.6857636,260.380859,0,4.22985855,248.778748,4961.35205,0.069751896,2.6857059,260.380829,8.97238806e-37,4.14423774,258.970154,5038.81396,0.068459779,0.998879731,258.956482,0.00368022779
23.5437622,4.84321117,4.19038179,282.7229,5039.9917,0.0624901876,0.25751105,264.044464,0,4.19038887,282.722382,5039.9834,0.0624902658,0.257518113,264.044403,0,4.19038245,282.723083,5039.99072,0.0624902062,0.257507116,264.044464,0,4.22975202,248.788635,4962.05127,0.0697589293,2.68371558,260.382599,0,4.22974637,248.789139,4962.06445,0.069758974,2.68359113,260.382599,8.48219278e-37,4.14420257,258.972229,5039.36377,0.0684664473,0.998905182,258.958862,0.00367796491
23.6428127,4.8635869,4.19033719,282.7276,5040.2959,0.062492948,0.257444531,264.045166,0,4.190342,282.727417,5040.28809,0.0624929518,0.257446557,264.045166,0,4.19033404,282.728271,5040.30176,0.0624929145,0.257433116,264.045227,0,4.22963661,248.799286,4962.79199,0.0697663426,2.6815567,260.384521,0,4.22963626,248.799286,4962.79395,0.0697663799,2.68154669,260.38443,8.37278657e-37,4.14416466,258.974579,5039.91699,0.0684730858,0.998909414,258.961243,0.00367571111
23.7418633,4.88396263,4.19028463,282.733124,5040.63672,0.0624959581,0.257367074,264.046082,0,4.1902955,282.732269,5040.6123,0.0624958798,0.257379144,264.04599,0,4.19028526,282.733368,5040.63477,0.0624959022,0.257361919,264.046082,0,4.2295261,248.809433,4963.53418,0.0697739497,2.67953467,260.386322,0,4.22952454,248.809494,4963.54004,0.0697739869,2.67949772,260.386292,8.96966439e-37,4.14412675,258.976959,5040.46777,0.0684797093,0.998910248,258.963654,0.00367345545
23.8409138,4.90433836,4.19023285,282.738556,5040.99756,0.062499214,0.257290453,264.046997,0,4.19023766,282.738403,5040.9834,0.0624991134,0.257291913,264.046936,0,4.19023121,282.739075,5040.99756,0.0624991357,0.25728175,264.046997,0,4.22941404,248.819656,4964.2793,0.069781594,2.6774745,260.388184,0,4.22941407,248.81955,4964.28418,0.0697816536,2.67748618,260.388123,9.29509746e-37,4.14408882,258.97937,5041.01904,0.0684863031,0.99890697,258.966003,0.00367122074
23.9399643,4.92471409,4.19017653,282.744537,5041.37598,0.0625026152,0.257205933,264.047913,0,4.19018019,282.744415,5041.36328,0.0625024959,0.257207304,264.047882,0,4.19017374,282.745209,5041.37988,0.0625025108,0.257195145,264.047974,0,4.22930069,248.830048,4965.01904,0.0697890893,2.67538428,260.390076,0,4.22930075,248.829941,4965.02539,0.0697891787,2.67539477,260.389984,9.94602458e-37,4.14405522,258.981293,5041.56543,0.0684929416,0.998942077,258.968353,0.00366904796
24.0390167,4.94509029,4.19012097,282.750397,5041.75586,0.062506035,0.257125229,264.048981,0,4.19012427,282.750305,5041.74463,0.0625058934,0.25712499,264.048859,0,4.19011629,282.751251,5041.76416,0.0625059456,0.257110327,264.04895,0,4.22919793,248.839417,4965.71826,0.0697962865,2.67350507,260.391815,0,4.22919799,248.83931,4965.72607,0.0697964057,2.67352819,260.391724,1.09777211e-36,4.14401062,258.984436,5042.14111,0.0684996471,0.998889387,258.970856,0.0036667136
24.1380672,4.96546602,4.19006764,282.756104,5042.11963,0.0625093132,0.257044464,264.049835,0,4.19006453,282.756592,5042.13037,0.0625092834,0.257035971,264.049835,0,4.19006146,282.757111,5042.13379,0.0625092462,0.257027864,264.049866,0,4.22909388,248.84903,4966.38623,0.0698029697,2.67158651,260.393402,0,4.22909635,248.848755,4966.38916,0.0698031038,2.67162442,260.393372,1.25979853e-36,4.14399988,258.983551,5042.64844,0.0685064048,0.999194264,258.973694,0.00366327236
24.2371178,4.98584175,4.19001318,282.761871,5042.47754,0.0625124723,0.25696367,264.050751,0,4.19001048,282.762299,5042.49316,0.0625125319,0.256955922,264.050751,0,4.19000889,282.762726,5042.4873,0.0625123978,0.256948918,264.050751,0,4.22900529,248.857101,4966.98877,0.0698091537,2.66996956,260.394928,0,4.2290045,248.857101,4966.99609,0.0698092803,2.66995454,260.394897,9.45448854e-37,4.14398204,258.98349,5043.15527,0.0685131773,0.999351382,258.975555,0.00366189796
