x_m,r_m,x_over_rt,r_over_rt
# M4.19 vitiated-air nozzle [ns] physical wall = inviscid + delta* normal offset (PhysicalNozzleWall, delta* from dstar_v4.csv)
# R=2, L_U=6, L_c=8 (r_t units), M_d=4.19; r_t=0.210505 m
# throat x=-0.000693 m r=0.211627 m; exit x=5.032269 m r=0.824889 m
-1.368282500000000068e+00,7.999189999999999356e-01,-6.500000000000000000e+00,3.799999999999999822e+00
-1.364653103448275839e+00,7.999189999999999356e-01,-6.482758620689654805e+00,3.799999999999999822e+00
-1.361023706896551833e+00,7.999189999999999356e-01,-6.465517241379310498e+00,3.799999999999999822e+00
-1.357394310344827604e+00,7.999189999999999356e-01,-6.448275862068965303e+00,3.799999999999999822e+00
-1.353764913793103597e+00,7.999189999999999356e-01,-6.431034482758620996e+00,3.799999999999999822e+00
-1.350135517241379368e+00,7.999189999999999356e-01,-6.413793103448275801e+00,3.799999999999999822e+00
-1.346506120689655139e+00,7.999189999999999356e-01,-6.396551724137930606e+00,3.799999999999999822e+00
-1.342876724137931133e+00,7.999189999999999356e-01,-6.379310344827586299e+00,3.799999999999999822e+00
-1.339247327586206904e+00,7.999189999999999356e-01,-6.362068965517241104e+00,3.799999999999999822e+00
-1.335617931034482897e+00,7.999189999999999356e-01,-6.344827586206896797e+00,3.799999999999999822e+00
-1.331988534482758668e+00,7.999189999999999356e-01,-6.327586206896551602e+00,3.799999999999999822e+00
-1.328359137931034661e+00,7.999189999999999356e-01,-6.310344827586207295e+00,3.799999999999999822e+00
-1.324729741379310433e+00,7.999189999999999356e-01,-6.293103448275862100e+00,3.799999999999999822e+00
-1.321100344827586204e+00,7.999189999999999356e-01,-6.275862068965516904e+00,3.799999999999999822e+00
-1.317470948275862197e+00,7.999189999999999356e-01,-6.258620689655172598e+00,3.799999999999999822e+00
-1.313841551724137968e+00,7.999189999999999356e-01,-6.241379310344827402e+00,3.799999999999999822e+00
-1.310212155172413739e+00,7.999189999999999356e-01,-6.224137931034483096e+00,3.799999999999999822e+00
-1.306582758620689733e+00,7.999189999999999356e-01,-6.206896551724137900e+00,3.799999999999999822e+00
-1.302953362068965504e+00,7.999189999999999356e-01,-6.189655172413792705e+00,3.799999999999999822e+00
-1.299323965517241497e+00,7.999189999999999356e-01,-6.172413793103448398e+00,3.799999999999999822e+00
-1.295694568965517268e+00,7.999189999999999356e-01,-6.155172413793103203e+00,3.799999999999999822e+00
-1.292065172413793039e+00,7.999189999999999356e-01,-6.137931034482758896e+00,3.799999999999999822e+00
-1.288435775862069033e+00,7.999189999999999356e-01,-6.120689655172413701e+00,3.799999999999999822e+00
-1.284806379310344804e+00,7.999189999999999356e-01,-6.103448275862069394e+00,3.799999999999999822e+00
-1.281176982758620797e+00,7.999189999999999356e-01,-6.086206896551724199e+00,3.799999999999999822e+00
-1.277547586206896568e+00,7.999189999999999356e-01,-6.068965517241379004e+00,3.799999999999999822e+00
-1.273918189655172339e+00,7.999189999999999356e-01,-6.051724137931034697e+00,3.799999999999999822e+00
-1.270288793103448333e+00,7.999189999999999356e-01,-6.034482758620689502e+00,3.799999999999999822e+00
-1.266659396551724104e+00,7.999189999999999356e-01,-6.017241379310345195e+00,3.799999999999999822e+00
-1.263030000000000097e+00,7.999189999999999356e-01,-6.000000000000000000e+00,3.799999999999999822e+00
-1.256686596875047579e+00,7.999185027782990121e-01,-5.969865784067112990e+00,3.799997637957763796e+00
-1.250343193750095283e+00,7.999150473296858799e-01,-5.939731568134225981e+00,3.799981222914828205e+00
-1.243999790625142765e+00,7.999057441861737727e-01,-5.909597352201338971e+00,3.799937028508461712e+00
-1.237656387500190469e+00,7.998877783336947322e-01,-5.879463136268451962e+00,3.799851682067859393e+00
-1.231312984375238173e+00,7.998584086007005656e-01,-5.849328920335564952e+00,3.799712161709700720e+00
-1.224969581250285655e+00,7.998149670467620265e-01,-5.819194704402677942e+00,3.799505793433704870e+00
-1.218626178125333359e+00,7.997548583511702169e-01,-5.789060488469790933e+00,3.799220248218190488e+00
-1.212282775000380841e+00,7.996755592015354352e-01,-5.758926272536903923e+00,3.798843539115628776e+00
-1.205939371875428545e+00,7.995746176823885776e-01,-5.728792056604016913e+00,3.798364018348203697e+00
-1.199595968750476249e+00,7.994496526637812073e-01,-5.698657840671129904e+00,3.797770374403369065e+00
-1.193252565625523953e+00,7.992983531898849581e-01,-5.668523624738243782e+00,3.797051629129402972e+00
-1.186909162500571657e+00,7.991184778675926026e-01,-5.638389408805356773e+00,3.796197134830966657e+00
-1.180565759375619139e+00,7.989078542551181217e-01,-5.608255192872469763e+00,3.795196571364662042e+00
-1.174222356250666843e+00,7.986643782505968847e-01,-5.578120976939582754e+00,3.794039943234587930e+00
-1.167878953125714547e+00,7.983860134806854969e-01,-5.547986761006695744e+00,3.792717576687895775e+00
-1.161535550000762029e+00,7.980707906891626457e-01,-5.517852545073808734e+00,3.791220116810349428e+00
-1.155192146875809733e+00,7.977168071255288373e-01,-5.487718329140921725e+00,3.789538524621880011e+00
-1.148848743750857437e+00,7.973222259336072426e-01,-5.457584113208034715e+00,3.787664074172144346e+00
-1.142505340625904919e+00,7.968852755401432120e-01,-5.427449897275147705e+00,3.785588349636080707e+00
-1.136161937500952623e+00,7.964042490434048993e-01,-5.397315681342260696e+00,3.783303242409467249e+00
-1.129818534376000105e+00,7.958775036017834426e-01,-5.367181465409373686e+00,3.780800948204476875e+00
-1.123475131251047809e+00,7.953034598223931440e-01,-5.337047249476486677e+00,3.778073964145236996e+00
-1.117131728126095513e+00,7.946806011496718725e-01,-5.306913033543599667e+00,3.775115085863385289e+00
-1.110788325001142995e+00,7.940074732539810221e-01,-5.276778817610712657e+00,3.771917404593625012e+00
-1.104444921876190699e+00,7.932826834202059141e-01,-5.246644601677825648e+00,3.768474304269285646e+00
-1.098101518751238403e+00,7.925048999363563107e-01,-5.216510385744938638e+00,3.764779458617877328e+00
-1.091758115626285885e+00,7.916728514821657070e-01,-5.186376169812051629e+00,3.760826828256647936e+00
-1.085414712501333590e+00,7.907853265176926216e-01,-5.156241953879164619e+00,3.756610657788141072e+00
-1.079071309376381071e+00,7.898411726719204440e-01,-5.126107737946277609e+00,3.752125472895752711e+00
-1.072727906251428776e+00,7.888392961313575036e-01,-5.095973522013390600e+00,3.747366077439288734e+00
-1.066384503126476480e+00,7.877786610286372504e-01,-5.065839306080503590e+00,3.742327550550520243e+00
-1.060041100001524184e+00,7.866582888311192123e-01,-5.035705090147617469e+00,3.737005243728743764e+00
-1.053697696876571666e+00,7.854772577294880653e-01,-5.005570874214729571e+00,3.731394777936334339e+00
-1.047354293751619370e+00,7.842347020263548130e-01,-4.975436658281843449e+00,3.725492040694305729e+00
-1.041010890626667074e+00,7.829298115248565226e-01,-4.945302442348956440e+00,3.719293183177865281e+00
-1.034667487501714778e+00,7.815618309172569500e-01,-4.915168226416069430e+00,3.712794617311973244e+00
-1.028324084376762260e+00,7.801300591735462753e-01,-4.885034010483182421e+00,3.705993012866897640e+00
-1.021980681251809964e+00,7.786338489300418386e-01,-4.854899794550295411e+00,3.698885294553772241e+00
-1.015637278126857446e+00,7.770726058779879875e-01,-4.824765578617408401e+00,3.691468639120154105e+00
-1.009293875001905150e+00,7.754457881521564788e-01,-4.794631362684521392e+00,3.683740472445578451e+00
-1.002950471876952854e+00,7.737529057194466597e-01,-4.764497146751634382e+00,3.675698466637118855e+00
-9.966070687520004467e-01,7.719935197674859806e-01,-4.734362930818747373e+00,3.667340537124942568e+00
-9.902636656270480398e-01,7.701672420932296204e-01,-4.704228714885860363e+00,3.658664839757866272e+00
-9.839202625020956328e-01,7.682737344915612221e-01,-4.674094498952973353e+00,3.649669767898915840e+00
-9.775768593771432258e-01,7.663127081438931842e-01,-4.643960283020086344e+00,3.640353949520881649e+00
-9.712334562521909298e-01,7.642839230067662859e-01,-4.613826067087199334e+00,3.630716244301875673e+00
-9.648900531272385228e-01,7.621871872004508663e-01,-4.583691851154312324e+00,3.620755740720889460e+00
-9.585466500022861158e-01,7.600223563975457841e-01,-4.553557635221425315e+00,3.610471753153349450e+00
-9.522032468773337088e-01,7.577893332115800407e-01,-4.523423419288538305e+00,3.599863818966675844e+00
-9.458598437523814129e-01,7.554880665856121835e-01,-4.493289203355651296e+00,3.588931695615839246e+00
-9.395164406274292279e-01,7.531185511808305977e-01,-4.463154987422765174e+00,3.577675357738916428e+00
-9.331730375024765989e-01,7.506808267651536859e-01,-4.433020771489877276e+00,3.566094994252647865e+00
-9.268296343775244139e-01,7.481749776018307152e-01,-4.402886555556991155e+00,3.554191005447997487e+00
-9.204862312525718959e-01,7.456011318380411090e-01,-4.372752339624103257e+00,3.541964000085704001e+00
-9.141428281276196000e-01,7.429594608934957378e-01,-4.342618123691217136e+00,3.529414792491844644e+00
-9.077994250026670819e-01,7.402501788490358781e-01,-4.312483907758329238e+00,3.516544399653385167e+00
-9.014560218777148970e-01,7.374735418352348360e-01,-4.282349691825443116e+00,3.503354038313744923e+00
-8.951126187527624900e-01,7.346298474209971285e-01,-4.252215475892556107e+00,3.489845122068345962e+00
-8.887692156278100830e-01,7.317194340021589971e-01,-4.222081259959669097e+00,3.476019258460174566e+00
-8.824258125028577870e-01,7.287426801900891427e-01,-4.191947044026782088e+00,3.461878246075338339e+00
-8.760824093779053801e-01,7.257000042002879070e-01,-4.161812828093895078e+00,3.447424071638621079e+00
-8.697390062529529731e-01,7.225918632409888964e-01,-4.131678612161008068e+00,3.432658907109042090e+00
-8.633956031280005661e-01,7.194187529017577187e-01,-4.101544396228121059e+00,3.417585106775410164e+00
-8.570522000030482701e-01,7.161812065420934958e-01,-4.071410180295234049e+00,3.402205204351884671e+00
-8.507087968780958631e-01,7.128797946800283780e-01,-4.041275964362347040e+00,3.386521910073529984e+00
-8.443653937531434561e-01,7.095151243807278352e-01,-4.011141748429460030e+00,3.370538107791871241e+00
-8.380219906281910491e-01,7.060878386450911703e-01,-3.981007532496573020e+00,3.354256852070455430e+00
-8.316785875032387532e-01,7.025986157983515890e-01,-3.950873316563686011e+00,3.337681365280404933e+00
-8.253351843782863462e-01,6.990481688786762682e-01,-3.920739100630799001e+00,3.320815034695975498e+00
-8.189917812533340502e-01,6.954372450257668703e-01,-3.890604884697912436e+00,3.303661409590113784e+00
-8.126483781283816432e-01,6.917666248694598341e-01,-3.860470668765025426e+00,3.286224198330015334e+00
-8.063049750034292362e-01,6.880371219183258891e-01,-3.830336452832138416e+00,3.268507265472677226e+00
-7.999615718784769403e-01,6.842495819482714570e-01,-3.800202236899251407e+00,3.250514628860461386e+00
-7.936181687535245333e-01,6.804048823911379440e-01,-3.770068020966364397e+00,3.232250456716647680e+00
-7.872747656285721263e-01,6.765039317233022542e-01,-3.739933805033477388e+00,3.213719064740991005e+00
-7.809313625036197193e-01,6.725476688542771919e-01,-3.709799589100590378e+00,3.194924913205278827e+00
-7.745879593786674233e-01,6.685370625153116420e-01,-3.679665373167703368e+00,3.175872604048890047e+00
-7.682445562537150163e-01,6.644731106479900840e-01,-3.649531157234816359e+00,3.156566877974348095e+00
-7.619011531287626093e-01,6.603568397928346601e-01,-3.619396941301929349e+00,3.137012611542883356e+00
-7.555577500038103134e-01,6.561893044779030237e-01,-3.589262725369042784e+00,3.117214814269984480e+00
-7.492143468788580174e-01,6.519715866073904076e-01,-3.559128509436155774e+00,3.097178625720958589e+00
-7.428709437539056104e-01,6.477047948502289154e-01,-3.528994293503268764e+00,3.076909312606488811e+00
-7.365275406289532034e-01,6.433900640286881467e-01,-3.498860077570381755e+00,3.056412265878188705e+00
-7.301841375040007964e-01,6.390285545069754880e-01,-3.468725861637494745e+00,3.035692997824163353e+00
-7.238407343790483894e-01,6.346214515798359601e-01,-3.438591645704607735e+00,3.014757139164561117e+00
-7.174973312540960935e-01,6.301699648611527316e-01,-3.408457429771720726e+00,2.993610436147135623e+00
-7.111539281291436865e-01,6.256753276725474100e-01,-3.378323213838833716e+00,2.972258747642798848e+00
-7.048105250041912795e-01,6.211387964319797783e-01,-3.348188997905946707e+00,2.950708042241180884e+00
-6.984671218792388725e-01,6.165616500423489743e-01,-3.318054781973059697e+00,2.928964395346186578e+00
-6.921237187542865765e-01,6.119451892800927828e-01,-3.287920566040172687e+00,2.907033986271550852e+00
-6.857803156293342806e-01,6.072907361837885931e-01,-3.257786350107286122e+00,2.884923095336398458e+00
-6.794369125043818736e-01,6.025996334427522472e-01,-3.227652134174399112e+00,2.862638100960795740e+00
-6.730935093794294666e-01,5.978732437856409954e-01,-3.197517918241512103e+00,2.840185476761316608e+00
-6.667501062544771706e-01,5.931129493690504573e-01,-3.167383702308625093e+00,2.817571788646590303e+00
-6.604067031295247636e-01,5.883201511661173555e-01,-3.137249486375738083e+00,2.794803691912863819e+00
-6.540633000045723566e-01,5.834962683551188078e-01,-3.107115270442851074e+00,2.771887928339558549e+00
-6.477198968796199496e-01,5.786427377080718415e-01,-3.076981054509964064e+00,2.748831323284823824e+00
-6.413764937546676537e-01,5.737610129793352387e-01,-3.046846838577077055e+00,2.725640782781098892e+00
-6.350330906297152467e-01,5.688525642942083849e-01,-3.016712622644190045e+00,2.702323290630666452e+00
-6.286896875047628397e-01,5.639188775375322260e-01,-2.986578406711303035e+00,2.678885905501210196e+00
-6.223462843798104327e-01,5.589614537422891161e-01,-2.956444190778416026e+00,2.655335758021373227e+00
-6.160028812548581367e-01,5.539818084782036633e-01,-2.926309974845529460e+00,2.631680047876314710e+00
-6.096594781299058408e-01,5.489814712403416896e-01,-2.896175758912642451e+00,2.607926040903264298e+00
-6.033160750049534338e-01,5.439619848377119649e-01,-2.866041542979755441e+00,2.584081066187083220e+00
-5.969726718800010268e-01,5.389249047818656102e-01,-2.835907327046868431e+00,2.560152513155818710e+00
-5.906292687550486198e-01,5.338717986754966116e-01,-2.805773111113981422e+00,2.536147828676262428e+00
-5.842858656300963238e-01,5.288042456010414449e-01,-2.775638895181094412e+00,2.512074514149504445e+00
-5.779424625051439168e-01,5.237238355092805886e-01,-2.745504679248207403e+00,2.487940122606496551e+00
-5.715990593801915098e-01,5.186321686079371496e-01,-2.715370463315320393e+00,2.463752255803601354e+00
-5.652556562552391028e-01,5.135308547502784871e-01,-2.685236247382433383e+00,2.439518561318156475e+00
-5.589122531302868069e-01,5.084215128237155046e-01,-2.655102031449546374e+00,2.415246729644024981e+00
-5.525688500053343999e-01,5.033057701384034965e-01,-2.624967815516659364e+00,2.390944491287159579e+00
-5.462254468803821039e-01,4.981852618158419399e-01,-2.594833599583772799e+00,2.366619613861152605e+00
-5.398820437554296969e-01,4.930616301774748966e-01,-2.564699383650885789e+00,2.342279899182797998e+00
-5.335386406304772899e-01,4.879365241332915271e-01,-2.534565167717998779e+00,2.317933180367647061e+00
-5.271952375055249940e-01,4.828115985704257707e-01,-2.504430951785111770e+00,2.293587318925563778e+00
-5.208518343805725870e-01,4.776885137417571925e-01,-2.474296735852224760e+00,2.269250201856284566e+00
-5.145084312556201800e-01,4.725689346545106639e-01,-2.444162519919337750e+00,2.244929738744973591e+00
-5.081650281306677730e-01,4.674545304588564876e-01,-2.414028303986450741e+00,2.220633858857777643e+00
-5.018216250057154770e-01,4.623469738365117432e-01,-2.383894088053563731e+00,2.196370508237389885e+00
-4.954782218807630700e-01,4.572479403893392469e-01,-2.353759872120676722e+00,2.172147646798599840e+00
-4.891348187558106630e-01,4.521591080279481756e-01,-2.323625656187789712e+00,2.147973245423853150e+00
-4.827914156308583671e-01,4.470821563602949689e-01,-2.293491440254903146e+00,2.123855283058810883e+00
-4.764480125059060156e-01,4.420187660802821772e-01,-2.263357224322016137e+00,2.099801743807900856e+00
-4.701046093809536086e-01,4.369706183563601964e-01,-2.233223008389129127e+00,2.075820614029881384e+00
-4.637612062560012571e-01,4.319393942201262826e-01,-2.203088792456242118e+00,2.051919879433392602e+00
-4.574178031310488501e-01,4.269267739549260643e-01,-2.172954576523355108e+00,2.028107522172518884e+00
-4.510744000060964987e-01,4.219344364844523354e-01,-2.142820360590468098e+00,2.004391517942340162e+00
-4.447309968811440917e-01,4.169640587613461236e-01,-2.112686144657581089e+00,1.980779833074493013e+00
-4.383875937561917402e-01,4.120173151557972591e-01,-2.082551928724694079e+00,1.957280421632727307e+00
-4.320441906312393332e-01,4.070958768441432785e-01,-2.052417712791807070e+00,1.933901222508459528e+00
-4.257007875062869817e-01,4.022014111974712147e-01,-2.022283496858920060e+00,1.910650156516335629e+00
-4.193573843813345747e-01,3.973355811702168339e-01,-1.992149280926033050e+00,1.887535123489783251e+00
-4.130139812563822233e-01,3.925000446887653149e-01,-1.962015064993146041e+00,1.864563999376572134e+00
-4.066705781314298163e-01,3.876964540400513193e-01,-1.931880849060259031e+00,1.841744633334368997e+00
-4.003271750064774648e-01,3.829264552601588378e-01,-1.901746633127372021e+00,1.819084844826293068e+00
-3.939837718815250578e-01,3.781916875229223152e-01,-1.871612417194485012e+00,1.796592420716478511e+00
-3.876403687565727063e-01,3.734937825285264412e-01,-1.841478201261598002e+00,1.774275112365627738e+00
-3.812969656316204659e-01,3.688343638921054990e-01,-1.811343985328711881e+00,1.752140632726564728e+00
-3.749535625066681144e-01,3.642150465323454323e-01,-1.781209769395824871e+00,1.730196653439801668e+00
-3.686101593817157074e-01,3.596374360600821940e-01,-1.751075553462937862e+00,1.708450801929085827e+00
-3.622667562567633559e-01,3.551031281669039252e-01,-1.720941337530050852e+00,1.686910658496966420e+00
-3.559233531318109489e-01,3.506137080137486928e-01,-1.690807121597163842e+00,1.665583753420340152e+00
-3.495799500068585974e-01,3.461707496195076117e-01,-1.660672905664276833e+00,1.644477564046020746e+00
-3.432365468819061904e-01,3.417758152496223056e-01,-1.630538689731389823e+00,1.623599511886284485e+00
-3.368931437569538390e-01,3.374304548046878627e-01,-1.600404473798502814e+00,1.602956959714438412e+00
-3.305497406320014320e-01,3.331362052090505177e-01,-1.570270257865615804e+00,1.582557208660366754e+00
-3.242063375070490805e-01,3.288945897994087764e-01,-1.540136041932728794e+00,1.562407495306091576e+00
-3.178629343820966735e-01,3.247071177134153164e-01,-1.510001825999841785e+00,1.542514988781336971e+00
-3.115195312571443220e-01,3.205752832782746142e-01,-1.479867610066954775e+00,1.522886787859075053e+00
-3.051761281321919150e-01,3.165005653993445689e-01,-1.449733394134067765e+00,1.503529918051089265e+00
-2.988327250072395636e-01,3.124844269487366821e-01,-1.419599178201180756e+00,1.484451328703530582e+00
-2.924893218822871566e-01,3.085283141539166274e-01,-1.389464962268293746e+00,1.465657890092475935e+00
-2.861459187573348051e-01,3.046336559863024873e-01,-1.359330746335406737e+00,1.447156390519476865e+00
-2.798025156323823981e-01,3.008018635498682647e-01,-1.329196530402519727e+00,1.428953533407131715e+00
-2.734591125074300466e-01,2.970343294697413428e-01,-1.299062314469632717e+00,1.411055934394628952e+00
-2.671157093824776396e-01,2.933324272808034427e-01,-1.268928098536745708e+00,1.393470118433307814e+00
-2.607723062575252881e-01,2.896975108162921364e-01,-1.238793882603858698e+00,1.376202516882222060e+00
-2.544289031325728812e-01,2.861309135963994721e-01,-1.208659666670971689e+00,1.359259464603688627e+00
-2.480855000076206962e-01,2.826339482168722661e-01,-1.178525450738085567e+00,1.342647197058845610e+00
-2.417420968826683170e-01,2.792079057376140039e-01,-1.148391234805198557e+00,1.326371847403216009e+00
-2.353986937577159377e-01,2.758540550712834660e-01,-1.118257018872311548e+00,1.310439443582259056e+00
-2.290552906327635585e-01,2.725736423718947421e-01,-1.088122802939424538e+00,1.294855905426924636e+00
-2.227118875078111793e-01,2.693678904234190208e-01,-1.057988587006537529e+00,1.279627041749217486e+00
-2.163684843828588000e-01,2.662379980283841041e-01,-1.027854371073650519e+00,1.264758547437752512e+00
-2.100250812579064208e-01,2.631851393964734220e-01,-9.977201551407635094e-01,1.250256000553304769e+00
-2.036816781329540416e-01,2.602104635331285443e-01,-9.675859392078764998e-01,1.236124859424377220e+00
-1.973382750080016623e-01,2.573150936281475287e-01,-9.374517232749894902e-01,1.222370459742749826e+00
-1.909948718830492831e-01,2.545001264442854350e-01,-9.073175073421024805e-01,1.208998011659036198e+00
-1.846514687580969039e-01,2.517666317058562808e-01,-8.771832914092154709e-01,1.196012596878251344e+00
-1.783080656331445246e-01,2.491156514873310024e-01,-8.470490754763284613e-01,1.183419165755354996e+00
-1.719646625081921454e-01,2.465481996019382172e-01,-8.169148595434414517e-01,1.171222534390813586e+00
-1.656212593832397661e-01,2.440652609902656811e-01,-7.867806436105544421e-01,1.159427381726161776e+00
-1.592778562582873869e-01,2.416677911088597475e-01,-7.566464276776674325e-01,1.148038246639556004e+00
-1.529344531333350077e-01,2.393567153188249363e-01,-7.265122117447804229e-01,1.137059525041328900e+00
-1.465910500083826284e-01,2.371329282744258637e-01,-6.963779958118934132e-01,1.126495466969553494e+00
-1.402476468834302492e-01,2.349972933116845908e-01,-6.662437798790064036e-01,1.116350173685587421e+00
-1.339042437584778700e-01,2.329506418369840515e-01,-6.361095639461193940e-01,1.106627594769644674e+00
-1.275608406335254907e-01,2.309937727156676779e-01,-6.059753480132323844e-01,1.097331525216349579e+00
-1.212174375085730976e-01,2.291274516606360556e-01,-5.758411320803453748e-01,1.088465602530277465e+00
-1.148740343836207184e-01,2.273524106209528495e-01,-5.457069161474583652e-01,1.080033303821537949e+00
-1.085306312586685334e-01,2.256693471704408760e-01,-5.155727002145722437e-01,1.072037942901312935e+00
-1.021872281337161542e-01,2.240789238962835883e-01,-4.854384842816852341e-01,1.064482667377419034e+00
-9.584382500876377498e-02,2.225817677876249789e-01,-4.553042683487982245e-01,1.057370455749863325e+00
-8.950042188381139574e-02,2.211784696241712311e-01,-4.251700524159112149e-01,1.050704114506407105e+00
-8.315701875885900263e-02,2.198695833647888176e-01,-3.950358364830242053e-01,1.044486275218112770e+00
-7.681361563390662339e-02,2.186556255361066792e-01,-3.649016205501371957e-01,1.038719391634909783e+00
-7.047021250895424416e-02,2.175370746211150452e-01,-3.347674046172501860e-01,1.033405736781145556e+00
-6.412680938400186492e-02,2.165143704477662245e-01,-3.046331886843631764e-01,1.028547400051144756e+00
-5.778340625904949263e-02,2.155879135775749522e-01,-2.744989727514761668e-01,1.024146284304766841e+00
-5.144000313409711339e-02,2.147580646942189309e-01,-2.443647568185891572e-01,1.020204102962964932e+00
-4.509660000914472722e-02,2.140251439921366794e-01,-2.142305408857021476e-01,1.016722377103330910e+00
-3.875319688419234798e-02,2.133894305651322931e-01,-1.840963249528151380e-01,1.013702432555674715e+00
-3.240979375923996875e-02,2.128511617949719603e-01,-1.539621090199281284e-01,1.011145396997562784e+00
-2.606639063428758951e-02,2.124105327399842535e-01,-1.238278930870411187e-01,1.009052197049876476e+00
-1.972298750933521028e-02,2.120676955236631966e-01,-9.369367715415410913e-02,1.007423555372381596e+00
-1.337958438438283104e-02,2.118227587232664189e-01,-6.355946122126709952e-02,1.006259987759276164e+00
-7.036181259430450939e-03,2.116757867584138364e-01,-3.342524528838008990e-02,1.005561800234739511e+00
-6.927781344780140245e-04,2.116267992796906638e-01,-3.291029355492810105e-03,1.005329086148503137e+00
5.606297718925591471e-03,2.116884095333007310e-01,2.663261071673162991e-02,1.005621764486832825e+00
1.190537357232919653e-02,2.118375692443839331e-01,5.655625078895606950e-02,1.006330344858240577e+00
1.820444942573280073e-02,2.120791804350909415e-01,8.647989086118050561e-02,1.007478114225747401e+00
2.450352527913640666e-02,2.124072607405953217e-01,1.164035309334049417e-01,1.009036653478992518e+00
3.080260113254001605e-02,2.128274531531664238e-01,1.463271710056293917e-01,1.011032769545457066e+00
3.710167698594362545e-02,2.133385677579702211e-01,1.762508110778538417e-01,1.013460809757346537e+00
4.340075283934722444e-02,2.139434016106699366e-01,2.061744511500782640e-01,1.016334061474406525e+00
4.969982869275083037e-02,2.146448904550856962e-01,2.360980912223027139e-01,1.019666470891834820e+00
5.599890454615444324e-02,2.154442691717007030e-01,2.660217312945271639e-01,1.023463904285887294e+00
6.229798039955804223e-02,2.163462072961765403e-01,2.959453713667515862e-01,1.027748544196938507e+00
6.859705625296164122e-02,2.173548269091763741e-01,3.258690114389760084e-01,1.032539972490802427e+00
7.489613210636525409e-02,2.184733865628865068e-01,3.557926515112004862e-01,1.037853668857682710e+00
8.119520795976885308e-02,2.197088205876751854e-01,3.857162915834249084e-01,1.043722574702145689e+00
8.749428381317246595e-02,2.210653735932333885e-01,4.156399316556493306e-01,1.050166853961822300e+00
9.379335966657607881e-02,2.225477189451309790e-01,4.455635717278738084e-01,1.057208707370993483e+00
1.000924355199796778e-01,2.241562744156020692e-01,4.754872118000982306e-01,1.064850119548714114e+00
1.063915113733832629e-01,2.258847774273058107e-01,5.054108518723225973e-01,1.073061340240401895e+00
1.126905872267868758e-01,2.277202841658758359e-01,5.353344919445470751e-01,1.081780880102020559e+00
1.189896630801904748e-01,2.296458973944116855e-01,5.652581320167714418e-01,1.090928469130955092e+00
1.252887389335940738e-01,2.316456789496732782e-01,5.951817720889959196e-01,1.100428393385778358e+00
1.315878147869976866e-01,2.337062658256981451e-01,6.251054121612203973e-01,1.110217172160747445e+00
1.378868906404012995e-01,2.358167946051686337e-01,6.550290522334447640e-01,1.120243198998449596e+00
1.441859664938049124e-01,2.379686690898964452e-01,6.849526923056692418e-01,1.130465637822837710e+00
1.504850423472085252e-01,2.401558794928794205e-01,7.148763323778937195e-01,1.140855939255026819e+00
1.567841182006121103e-01,2.423729160168941188e-01,7.447999724501180863e-01,1.151387929108069308e+00
1.630831940540157232e-01,2.446153270329138041e-01,7.747236125223425640e-01,1.162040460002915943e+00
1.693822699074193361e-01,2.468798545408170952e-01,8.046472525945670418e-01,1.172798054871937001e+00
1.756813457608229212e-01,2.491632130636034226e-01,8.345708926667914085e-01,1.183645106119110890e+00
1.819804216142265341e-01,2.514630508419946064e-01,8.644945327390158862e-01,1.194570441756702239e+00
1.882794974676301469e-01,2.537769830677659155e-01,8.944181728112403640e-01,1.205562732798584058e+00
1.945785733210337320e-01,2.561030346620668530e-01,9.243418128834647307e-01,1.216612596670230362e+00
2.008776491744373449e-01,2.584394883085899264e-01,9.542654529556892085e-01,1.227711875293175492e+00
2.071767250278409578e-01,2.607847632069650867e-01,9.841890930279136862e-01,1.238853059105318621e+00
2.134758008812445707e-01,2.631375294050369851e-01,1.014112733100138053e+00,1.250029830194232749e+00
2.197748767346481835e-01,2.654964505573384481e-01,1.044036373172362531e+00,1.261235840276185627e+00
2.260739525880517964e-01,2.678603098264490945e-01,1.073960013244587008e+00,1.272465308788148119e+00
2.323730284414554093e-01,2.702280167100997166e-01,1.103883653316811486e+00,1.283713055319824825e+00
2.386721042948589666e-01,2.725987977175272081e-01,1.133807293389035742e+00,1.294975405418052894e+00
2.449711801482625795e-01,2.749719641582899499e-01,1.163730933461260220e+00,1.306249087471983872e+00
2.512702560016661923e-01,2.773465962426445164e-01,1.193654573533484697e+00,1.317529732037930223e+00
2.575693318550698052e-01,2.797216661846021468e-01,1.223578213605709175e+00,1.328812456638094774e+00
2.638684077084734181e-01,2.820964801931745147e-01,1.253501853677933653e+00,1.340093965431578882e+00
2.701674835618770310e-01,2.844707529813955138e-01,1.283425493750158131e+00,1.351372903168074568e+00
2.764665594152805883e-01,2.868441969140652636e-01,1.313349133822382386e+00,1.362647903442033570e+00
2.827656352686842012e-01,2.892161482419884910e-01,1.343272773894606864e+00,1.373915813125524243e+00
2.890647111220878140e-01,2.915858299856703972e-01,1.373196413966831342e+00,1.385172941192230001e+00
2.953637869754914269e-01,2.939526739318828463e-01,1.403120054039055820e+00,1.396416588356014454e+00
3.016628628288950398e-01,2.963163941605004292e-01,1.433043694111280297e+00,1.407645396358758294e+00
3.079619386822986526e-01,2.986768298504464680e-01,1.462967334183504775e+00,1.418858601222994453e+00
3.142610145357022100e-01,3.010336629149695242e-01,1.492890974255729031e+00,1.430054691883658524e+00
3.205600903891058229e-01,3.033865239555380011e-01,1.522814614327953509e+00,1.441231913520049535e+00
3.268591662425094357e-01,3.057350793000535583e-01,1.552738254400177986e+00,1.452388681029208595e+00
3.331582420959131041e-01,3.080790073471927348e-01,1.582661894472402464e+00,1.463523466650163751e+00
3.394573179493167170e-01,3.104180652999301016e-01,1.612585534544626942e+00,1.474635116980262284e+00
3.457563938027203299e-01,3.127519953171727374e-01,1.642509174616851420e+00,1.485722407150294577e+00
3.520554696561238872e-01,3.150804501242980282e-01,1.672432814689075675e+00,1.496783687438768773e+00
3.583545455095275001e-01,3.174031375907118702e-01,1.702356454761300153e+00,1.507817570084852399e+00
3.646536213629311129e-01,3.197198513732800174e-01,1.732280094833524631e+00,1.518823074859409594e+00
3.709526972163347258e-01,3.220304136824209129e-01,1.762203734905749108e+00,1.529799357176413466e+00
3.772517730697383387e-01,3.243347322160903823e-01,1.792127374977973586e+00,1.540745978556758322e+00
3.835508489231419516e-01,3.266327377622528783e-01,1.822051015050198064e+00,1.551662610209984861e+00
3.898499247765455089e-01,3.289242335372059567e-01,1.851974655122422320e+00,1.562548317318856794e+00
3.961490006299491218e-01,3.312090314017212545e-01,1.881898295194646797e+00,1.573402206131546688e+00
4.024480764833527346e-01,3.334869778703934973e-01,1.911821935266871275e+00,1.584223547518555320e+00
4.087471523367563475e-01,3.357579325968329531e-01,1.941745575339095753e+00,1.595011674767026655e+00
4.150462281901599604e-01,3.380217979185858312e-01,1.971669215411320231e+00,1.605766123933330958e+00
4.213453040435636288e-01,3.402785179930382098e-01,2.001592855483544930e+00,1.616486629738192571e+00
4.276443798969671861e-01,3.425280818649765191e-01,2.031516495555769186e+00,1.627173140139077656e+00
4.339434557503708545e-01,3.447703718170923581e-01,2.061440135627993886e+00,1.637825095922150753e+00
4.402425316037744119e-01,3.470052973055160472e-01,2.091363775700218142e+00,1.648442066960480901e+00
4.465416074571779692e-01,3.492328174007107711e-01,2.121287415772442397e+00,1.659023858819081543e+00
4.528406833105816376e-01,3.514528820630019590e-01,2.151211055844667097e+00,1.669570233785430124e+00
4.591397591639851949e-01,3.536652957707177580e-01,2.181134695916891353e+00,1.680080263037541988e+00
4.654388350173888633e-01,3.558699761500629388e-01,2.211058335989116053e+00,1.690553555260269070e+00
4.717379108707924207e-01,3.580668454973112702e-01,2.240981976061340308e+00,1.700989741323537530e+00
4.780369867241959780e-01,3.602558327786191672e-01,2.270905616133564564e+00,1.711388483782424030e+00
4.843360625775996464e-01,3.624368734156908078e-01,2.300829256205789264e+00,1.721749475858961986e+00
4.906351384310032038e-01,3.646099092365525651e-01,2.330752896278013520e+00,1.732072441208297064e+00
4.969342142844068722e-01,3.667748886292858668e-01,2.360676536350238219e+00,1.742357134648991224e+00
5.032332901378104850e-01,3.689317642538283426e-01,2.390600176422462475e+00,1.752603331292978073e+00
5.095323659912140979e-01,3.710805739508197809e-01,2.420523816494687175e+00,1.762811210901497727e+00
5.158314418446177108e-01,3.732212359705169291e-01,2.450447456566911431e+00,1.772980385123949176e+00
5.221305176980212126e-01,3.753536961766308355e-01,2.480371096639135686e+00,1.783110596786921187e+00
5.284295935514249365e-01,3.774779329456889876e-01,2.510294736711360386e+00,1.793201743168518547e+00
5.347286694048284383e-01,3.795939289153710816e-01,2.540218376783584642e+00,1.803253741789368814e+00
5.410277452582321622e-01,3.817016708083393328e-01,2.570142016855809342e+00,1.813266529575731312e+00
5.473268211116356641e-01,3.838011488226981682e-01,2.600065656928033597e+00,1.823240059963887605e+00
5.536258969650392769e-01,3.858923561123584478e-01,2.629989297000257853e+00,1.833174300431621218e+00
5.599249728184428898e-01,3.879752872064858860e-01,2.659912937072482553e+00,1.843069224989838162e+00
5.662240486718465027e-01,3.900499475780411784e-01,2.689836577144706808e+00,1.852924859637733901e+00
5.725231245252501155e-01,3.921157196913728216e-01,2.719760217216931508e+00,1.862738270783937722e+00
5.788222003786537284e-01,3.941731778965423816e-01,2.749683857289155764e+00,1.872512186867496542e+00
5.851212762320573413e-01,3.962223575511388818e-01,2.779607497361380464e+00,1.882246775853964937e+00
5.914203520854609542e-01,3.982632567752288910e-01,2.809531137433604719e+00,1.891942028812754417e+00
5.977194279388645670e-01,4.002958770920341802e-01,2.839454777505828975e+00,1.901597952979901640e+00
6.040185037922681799e-01,4.023202207735501745e-01,2.869378417578053675e+00,1.911214559148477043e+00
6.103175796456717928e-01,4.043362911607721322e-01,2.899302057650277931e+00,1.920791863189815540e+00
6.166166554990754056e-01,4.063440932552746521e-01,2.929225697722502630e+00,1.930329888863802079e+00
6.229157313524790185e-01,4.083436281026701087e-01,2.959149337794726886e+00,1.939828641137598231e+00
6.292148072058825203e-01,4.103349934129553178e-01,2.989072977866951142e+00,1.949288584180686179e+00
6.355138830592862442e-01,4.123199394604854517e-01,3.018996617939175842e+00,1.958718032638110618e+00
6.418129589126897461e-01,4.142967697867713794e-01,3.048920258011400097e+00,1.968108927516075024e+00
6.481120347660934700e-01,4.162653735443876402e-01,3.078843898083624797e+00,1.977460742235992663e+00
6.544111106194969718e-01,4.182257649207563599e-01,3.108767538155849053e+00,1.986773544194942343e+00
6.607101864729005847e-01,4.201779585524664240e-01,3.138691178228073309e+00,1.996047402923761593e+00
6.670092623263041975e-01,4.221219703322254824e-01,3.168614818300298008e+00,2.005282393920455597e+00
6.733083381797078104e-01,4.240578172462498574e-01,3.198538458372522264e+00,2.014478597877721988e+00
6.796074140331114233e-01,4.259855168644218759e-01,3.228462098444746964e+00,2.023636098260952920e+00
6.859064898865150361e-01,4.279050951858976992e-01,3.258385738516971220e+00,2.032755018578645156e+00
6.922055657399186490e-01,4.298164262533392677e-01,3.288309378589195919e+00,2.041834760472859500e+00
6.985046415933222619e-01,4.317291354456647134e-01,3.318233018661420175e+00,2.050921049123131112e+00
7.048037174467257637e-01,4.336358185643555685e-01,3.348156658733644431e+00,2.059978711025180154e+00
7.111027933001294876e-01,4.355344570470108256e-01,3.378080298805869131e+00,2.068998157036701535e+00
7.174018691535329895e-01,4.374250620040244786e-01,3.408003938878093386e+00,2.077979439937410078e+00
7.237009450069367134e-01,4.393076567736019511e-01,3.437927578950318086e+00,2.086922670595007023e+00
7.300000208603402152e-01,4.411822641016976410e-01,3.467851219022542342e+00,2.095827957063716607e+00
7.362990967137438281e-01,4.430489073647828624e-01,3.497774859094766597e+00,2.104695410393020882e+00
7.425981725671474409e-01,4.449076100971967596e-01,3.527698499166991297e+00,2.113525142382350896e+00
7.488972484205510538e-01,4.467584002533390164e-01,3.557622139239215553e+00,2.122317285828550393e+00
7.551963242739546667e-01,4.486012613080047617e-01,3.587545779311440253e+00,2.131071762228948341e+00
7.614954001273582795e-01,4.504346276334433297e-01,3.617469419383664508e+00,2.139781134098683424e+00
7.677944759807620034e-01,4.522578844945432941e-01,3.647393059455889208e+00,2.148442481150297123e+00
7.740935518341655053e-01,4.540732921447280801e-01,3.677316699528113464e+00,2.157066540674701827e+00
7.803926276875691181e-01,4.558809184432864869e-01,3.707240339600337720e+00,2.165653635036158153e+00
7.866917035409727310e-01,4.576807874716662394e-01,3.737163979672562419e+00,2.174203878633126141e+00
7.929907793943763439e-01,4.594729268825327173e-01,3.767087619744786675e+00,2.182717402829066788e+00
7.992898552477799567e-01,4.612573643935558021e-01,3.797011259817011375e+00,2.191194339296243854e+00
8.055889311011835696e-01,4.630341279752792638e-01,3.826934899889235631e+00,2.199634820908193511e+00
8.118880069545870715e-01,4.648032459736683997e-01,3.856858539961459886e+00,2.208038982321884891e+00
8.181870828079907954e-01,4.665647430665160189e-01,3.886782180033684586e+00,2.216406940768703926e+00
8.244861586613942972e-01,4.683187254092538443e-01,3.916705820105908842e+00,2.224739200538010220e+00
8.307852345147980211e-01,4.700591686778143874e-01,3.946629460178133542e+00,2.233007143192866639e+00
8.370843103682015229e-01,4.717906980442940212e-01,3.976553100250357797e+00,2.241232740525374911e+00
8.433833862216051358e-01,4.735147194398692250e-01,4.006476740322582053e+00,2.249422671384856631e+00
8.496824620750086376e-01,4.752312710168538623e-01,4.036400380394805865e+00,2.257577117013153334e+00
8.559815379284122505e-01,4.769403803678363141e-01,4.066324020467030564e+00,2.265696208488332086e+00
8.622806137818159744e-01,4.786420761588043304e-01,4.096247660539255264e+00,2.273780081987621937e+00
8.685796896352195873e-01,4.803363870538688851e-01,4.126171300611479964e+00,2.281828873679337288e+00
8.748787654886230891e-01,4.820233417222350436e-01,4.156094940683703776e+00,2.289842719755991851e+00
8.811778413420267020e-01,4.837029701634187329e-01,4.186018580755928475e+00,2.297821762729715278e+00
8.874769171954304259e-01,4.853752887206897459e-01,4.215942220828153175e+00,2.305766080238900617e+00
8.937759930488338167e-01,4.870405845317705706e-01,4.245865860900376987e+00,2.313677036325838099e+00
9.000750689022375406e-01,4.887053355829837908e-01,4.275789500972601687e+00,2.321585404541382847e+00
9.063741447556411535e-01,4.903635305925913013e-01,4.305713141044826386e+00,2.329462628405934765e+00
9.126732206090448773e-01,4.920145324159598266e-01,4.335636781117051086e+00,2.337305681176028216e+00
9.189722964624482682e-01,4.936583799065649703e-01,4.365560421189274898e+00,2.345114747424360324e+00
9.252713723158519921e-01,4.952951023393827312e-01,4.395484061261499598e+00,2.352889966221147766e+00
9.315704481692556049e-01,4.969247296672741343e-01,4.425407701333724297e+00,2.360631479856887704e+00
9.378695240226591068e-01,4.985472917735504494e-01,4.455331341405948109e+00,2.368339430291681591e+00
9.441685998760627196e-01,5.001628185027803264e-01,4.485254981478172809e+00,2.376013959301586098e+00
9.504676757294664435e-01,5.017713389856012229e-01,4.515178621550397509e+00,2.383655205271139721e+00
9.567667515828699454e-01,5.033728921438099801e-01,4.545102261622621320e+00,2.391263353097598632e+00
9.630658274362735582e-01,5.049673405545926919e-01,4.575025901694846020e+00,2.398837749956498566e+00
9.693649032896771711e-01,5.065613023881031518e-01,4.604949541767070720e+00,2.406409835339318182e+00
9.756639791430808950e-01,5.081491971479938918e-01,4.634873181839295420e+00,2.413953099204265484e+00
9.819630549964843969e-01,5.097302166235995191e-01,4.664796821911519231e+00,2.421463702161941622e+00
9.882621308498880097e-01,5.113044015746578408e-01,4.694720461983743931e+00,2.428941837840706164e+00
9.945612067032916226e-01,5.128717791804063841e-01,4.724644102055968631e+00,2.436387635355010239e+00
1.000860282556695235e+00,5.144323777985922996e-01,4.754567742128192442e+00,2.443801229417791987e+00
1.007159358410098848e+00,5.159862256799297997e-01,4.784491382200417142e+00,2.451182754233532712e+00
1.013458434263502461e+00,5.175333511252334651e-01,4.814415022272641842e+00,2.458532344244714007e+00
1.019757510116906074e+00,5.190737828145798316e-01,4.844338662344866542e+00,2.465850135695493162e+00
1.026056585970309687e+00,5.206075467692962144e-01,4.874262302417090353e+00,2.473136252199692020e+00
1.032355661823713300e+00,5.221347024502311918e-01,4.904185942489315053e+00,2.480390976224941202e+00
1.038654737677116913e+00,5.236519417956865263e-01,4.934109582561539753e+00,2.487598592887040994e+00
1.044953813530520303e+00,5.251602105831861822e-01,4.964033222633763565e+00,2.494763595084136476e+00
1.051252889383924138e+00,5.266619149518643184e-01,4.993956862705988264e+00,2.501897413134435144e+00
1.057551965237327751e+00,5.281571053591878062e-01,5.023880502778212964e+00,2.509000286735174168e+00
1.063851041090731142e+00,5.296458105680894590e-01,5.053804142850436776e+00,2.516072352524118205e+00
1.070150116944134755e+00,5.311280606301754803e-01,5.083727782922661476e+00,2.523113753260851411e+00
1.076449192797538590e+00,5.326038853048123967e-01,5.113651422994886175e+00,2.530124630316678669e+00
1.082748268650942203e+00,5.340733140064924944e-01,5.143575063067110875e+00,2.537105123424586051e+00
1.089047344504345594e+00,5.355363756877326020e-01,5.173498703139334687e+00,2.544055370122954685e+00
1.095346420357749206e+00,5.369930984023215670e-01,5.203422343211559387e+00,2.550975503680775081e+00
1.101645496211153041e+00,5.384435135308901499e-01,5.233345983283784086e+00,2.557865673171136667e+00
1.107944572064556432e+00,5.398874048132651371e-01,5.263269623356007898e+00,2.564724851254199134e+00
1.114243647917960045e+00,5.413226728535409649e-01,5.293193263428232598e+00,2.571543064789629796e+00
1.120542723771363658e+00,5.427516204739467609e-01,5.323116903500457298e+00,2.578331253290643055e+00
1.126841799624767493e+00,5.441743626813381196e-01,5.353040543572681997e+00,2.585089963095119625e+00
1.133140875478170884e+00,5.455909182439552252e-01,5.382964183644905809e+00,2.591819283361227910e+00
1.139439951331574497e+00,5.470013100162424147e-01,5.412887823717130509e+00,2.598519322658570552e+00
1.145739027184978109e+00,5.484055601627451093e-01,5.442811463789355209e+00,2.605190186279400244e+00
1.152038103038381722e+00,5.498036908034382719e-01,5.472735103861579020e+00,2.611831979304236384e+00
1.158337178891785335e+00,5.511957241500896609e-01,5.502658743933803720e+00,2.618444807249659778e+00
1.164636254745188948e+00,5.525816831035530452e-01,5.532582384006028420e+00,2.625028778905741156e+00
1.170935330598592561e+00,5.539615875042928073e-01,5.562506024078253120e+00,2.631583988524229145e+00
1.177234406451996174e+00,5.553354928365643595e-01,5.592429664150476931e+00,2.638110699682023608e+00
1.183533482305399787e+00,5.567057193527545911e-01,5.622353304222701631e+00,2.644619934693972052e+00
1.189832558158803399e+00,5.580744655572518198e-01,5.652276944294926331e+00,2.651122137513369559e+00
1.196131634012207012e+00,5.594372843920867311e-01,5.682200584367150142e+00,2.657596182475887581e+00
1.202430709865610625e+00,5.607941779501488533e-01,5.712124224439374842e+00,2.664042079523758932e+00
1.208729785719014238e+00,5.621451763337271812e-01,5.742047864511599542e+00,2.670459971657334286e+00
1.215028861572417629e+00,5.634903090288218008e-01,5.771971504583823354e+00,2.676849998949297316e+00
1.221327937425821464e+00,5.648296057916361024e-01,5.801895144656048053e+00,2.683212302755925371e+00
1.227627013279225077e+00,5.661630964326339610e-01,5.831818784728272753e+00,2.689547024691261168e+00
1.233926089132628690e+00,5.674908105587934681e-01,5.861742424800497453e+00,2.695854305402690887e+00
1.240225164986032080e+00,5.688127774707388840e-01,5.891666064872721265e+00,2.702134284082273297e+00
1.246524240839435915e+00,5.701290241850934803e-01,5.921589704944945964e+00,2.708387089071962350e+00
1.252823316692839528e+00,5.714395976927783005e-01,5.951513345017170664e+00,2.714612943601236505e+00
1.259122392546242919e+00,5.727453291737942820e-01,5.981436985089394476e+00,2.720815796174885559e+00
1.265421468399646532e+00,5.740464955344818376e-01,6.011360625161619176e+00,2.726996962231214461e+00
1.271720544253050367e+00,5.753420506993321970e-01,6.041284265233843875e+00,2.733151472408409166e+00
1.278019620106453980e+00,5.766320113547369619e-01,6.071207905306068575e+00,2.739279405974855308e+00
1.284318695959857370e+00,5.779163996204852438e-01,6.101131545378292387e+00,2.745380868010191211e+00
1.290617771813260983e+00,5.791952362223529160e-01,6.131055185450517087e+00,2.751455956971819550e+00
1.296916847666664818e+00,5.804685413652834747e-01,6.160978825522741786e+00,2.757504768842941711e+00
1.303215923520068209e+00,5.817363348899741160e-01,6.190902465594965598e+00,2.763527397876412106e+00
1.309514999373471822e+00,5.829986364961530221e-01,6.220826105667190298e+00,2.769523937655414603e+00
1.315814075226875435e+00,5.842554658813559065e-01,6.250749745739414998e+00,2.775494481752717846e+00
1.322113151080279048e+00,5.855068434815418055e-01,6.280673385811638809e+00,2.781439127248957810e+00
1.328412226933682661e+00,5.867527884778249714e-01,6.310597025883863509e+00,2.787357965263651760e+00
1.334711302787086273e+00,5.879915667699966431e-01,6.340520665956088209e+00,2.793242757986730496e+00
1.341010378640489886e+00,5.892219621728007617e-01,6.370444306028312909e+00,2.799087727953258664e+00
1.347309454493893499e+00,5.904470062432964905e-01,6.400367946100536720e+00,2.804907276517405901e+00
1.353608530347297112e+00,5.916667083714550746e-01,6.430291586172761420e+00,2.810701448286050397e+00
1.359907606200700725e+00,5.928810951874945445e-01,6.460215226244986120e+00,2.816470369765537995e+00
1.366206682054104338e+00,5.940901912611979974e-01,6.490138866317209931e+00,2.822214157674154844e+00
1.372505757907507951e+00,5.952940217085000985e-01,6.520062506389434631e+00,2.827932931324672161e+00
1.378804833760911563e+00,5.964926116827127256e-01,6.549986146461659331e+00,2.833626810207419133e+00
1.385103909614315176e+00,5.976859862366715737e-01,6.579909786533884031e+00,2.839295913335415200e+00
1.391402985467718789e+00,5.988741700482095309e-01,6.609833426606107842e+00,2.844940357940236808e+00
1.397702061321122402e+00,6.000571883480287916e-01,6.639757066678332542e+00,2.850560263879854617e+00
1.404001137174526015e+00,6.012350536034054560e-01,6.669680706750557242e+00,2.856155690379826861e+00
1.410300213027929406e+00,6.024080912234400786e-01,6.699604346822781054e+00,2.861728183289898642e+00
1.416599288881333241e+00,6.035781726624918075e-01,6.729527986895005753e+00,2.867286632918419009e+00
1.422898364734736854e+00,6.047430988529314266e-01,6.759451626967230453e+00,2.872820592636428749e+00
1.429197440588140244e+00,6.059029719310287110e-01,6.789375267039454265e+00,2.878330547640334913e+00
1.435496516441543857e+00,6.070578052025039639e-01,6.819298907111678965e+00,2.883816561138709211e+00
1.441795592294947692e+00,6.082076173694214161e-01,6.849222547183903664e+00,2.889278721975351960e+00
1.448094668148351305e+00,6.093524261952086851e-01,6.879146187256128364e+00,2.894717114535088065e+00
1.454393744001754696e+00,6.104922491458717460e-01,6.909069827328352176e+00,2.900131821789846853e+00
1.460692819855158309e+00,6.116271035182404558e-01,6.938993467400576876e+00,2.905522925907890297e+00
1.466991895708562144e+00,6.127570066112731917e-01,6.968917107472801575e+00,2.910890509067590948e+00
1.473290971561965534e+00,6.138819756935897098e-01,6.998840747545025387e+00,2.916234653303197977e+00
1.479590047415369147e+00,6.150020317552755689e-01,7.028764387617250087e+00,2.921555458327714572e+00
1.485889123268772982e+00,6.161171289105408233e-01,7.058688027689474787e+00,2.926852706161567674e+00
1.492188199122176595e+00,6.172319783961968120e-01,7.088611667761699486e+00,2.932148777445651167e+00
1.498487274975579986e+00,6.183431553593314867e-01,7.118535307833923298e+00,2.937427402481326055e+00
1.504786350828983599e+00,6.194495011283309704e-01,7.148458947906147998e+00,2.942683077021120308e+00
1.511085426682387434e+00,6.205510266323367441e-01,7.178382587978372698e+00,2.947915852983714391e+00
1.517384502535790824e+00,6.216477543056240229e-01,7.208306228050596509e+00,2.953125836942704474e+00
1.523683578389194437e+00,6.227397059140232782e-01,7.238229868122821209e+00,2.958313132296255699e+00
1.529982654242598050e+00,6.238269035414295560e-01,7.268153508195045909e+00,2.963477843953490787e+00
1.536281730096001885e+00,6.249093693603441357e-01,7.298077148267270609e+00,2.968620077244455757e+00
1.542580805949405276e+00,6.259871255192370754e-01,7.328000788339494420e+00,2.973739937385036392e+00
1.548879881802808889e+00,6.270601939378475098e-01,7.357924428411719120e+00,2.978837528504536536e+00
1.555178957656212502e+00,6.281285970036474264e-01,7.387848068483943820e+00,2.983912956954216877e+00
1.561478033509616115e+00,6.291923487546334792e-01,7.417771708556167631e+00,2.988966289421313149e+00
1.567777109363019727e+00,6.302510108200874983e-01,7.447695348628392331e+00,2.993995443434063208e+00
1.574076185216423340e+00,6.313039593799004701e-01,7.477618988700617031e+00,2.998997455546901225e+00
1.580375261069826953e+00,6.323523245710499507e-01,7.507542628772840843e+00,3.003977694454050607e+00
1.586674336923230566e+00,6.333961243481545100e-01,7.537466268845065542e+00,3.008936245448585733e+00
1.592973412776634179e+00,6.344353767674267841e-01,7.567389908917290242e+00,3.013873194306200709e+00
1.599272488630037792e+00,6.354700994383626345e-01,7.597313548989514942e+00,3.018788624680471600e+00
1.605571564483441405e+00,6.365003095402359534e-01,7.627237189061738754e+00,3.023682618181211534e+00
1.611870640336845018e+00,6.375260239022123576e-01,7.657160829133963453e+00,3.028555254755052939e+00
1.618169716190248630e+00,6.385472590813107141e-01,7.687084469206188153e+00,3.033406613055797951e+00
1.624468792043652021e+00,6.395640314294155360e-01,7.717008109278411965e+00,3.038236770762763328e+00
1.630767867897055856e+00,6.405763573124592103e-01,7.746931749350636665e+00,3.043045805622000444e+00
1.637066943750459469e+00,6.415842512996636771e-01,7.776855389422861364e+00,3.047833786844320603e+00
1.643366019603863082e+00,6.425877538441607806e-01,7.806779029495086064e+00,3.052600906601557362e+00
1.649665095457266473e+00,6.435857393867230325e-01,7.836702669567309876e+00,3.057341817946001239e+00
1.655964171310670308e+00,6.445789602317238964e-01,7.866626309639534576e+00,3.062060094685275402e+00
1.662263247164073920e+00,6.455678139070688548e-01,7.896549949711759275e+00,3.066757625268135445e+00
1.668562323017477311e+00,6.465523204605759799e-01,7.926473589783983087e+00,3.071434504931360276e+00
1.674861398870880924e+00,6.475324966163313878e-01,7.956397229856207787e+00,3.076090813122402512e+00
1.681160474724284759e+00,6.485083594685291386e-01,7.986320869928432487e+00,3.080726631046907027e+00
1.687459550577688372e+00,6.494799261431883908e-01,8.016244510000657186e+00,3.085342040061701319e+00
1.693758626431091985e+00,6.504472137896922801e-01,8.046168150072881886e+00,3.089937121634603656e+00
1.700057702284495376e+00,6.514102395465649620e-01,8.076091790145104810e+00,3.094511957181848238e+00
1.706356778137898988e+00,6.523690205001460019e-01,8.106015430217329509e+00,3.099066627871765789e+00
1.712655853991302601e+00,6.533235737145054456e-01,8.135939070289554209e+00,3.103601214766896099e+00
1.718954929844706214e+00,6.542739158994577142e-01,8.165862710361778909e+00,3.108115797246895351e+00
1.725254005698109827e+00,6.552202855184924291e-01,8.195786350434003609e+00,3.112611508128037219e+00
1.731553081551513662e+00,6.561652785631124640e-01,8.225709990506228309e+00,3.117100679618595382e+00
1.737852157404917275e+00,6.571061270424471967e-01,8.255633630578453008e+00,3.121570162430570505e+00
1.744151233258320444e+00,6.580428276792024134e-01,8.285557270650675932e+00,3.126019940995237167e+00
1.750450309111724279e+00,6.589753990864840594e-01,8.315480910722900632e+00,3.130450103733802614e+00
1.756749384965127891e+00,6.599038568146796679e-01,8.345404550795125331e+00,3.134860724518085728e+00
1.763048460818531504e+00,6.608282166234445976e-01,8.375328190867350031e+00,3.139251878214031066e+00
1.769347536671935117e+00,6.617484941077341754e-01,8.405251830939574731e+00,3.143623638905176598e+00
1.775646612525338730e+00,6.626647047545958236e-01,8.435175471011799431e+00,3.147976080162446788e+00
1.781945688378742565e+00,6.635768639654883172e-01,8.465099111084024130e+00,3.152309275150178447e+00
1.788244764232145734e+00,6.644849869457759572e-01,8.495022751156247054e+00,3.156623296101165987e+00
1.794543840085549347e+00,6.653890902288960296e-01,8.524946391228471754e+00,3.160918221557188712e+00
1.800842915938953182e+00,6.662891740772003413e-01,8.554870031300696454e+00,3.165194052764543908e+00
1.807141991792356794e+00,6.671845718881201925e-01,8.584793671372921153e+00,3.169447623040403617e+00
1.813441067645760407e+00,6.680746819751195442e-01,8.614717311445145853e+00,3.173676074084319065e+00
1.819740143499164020e+00,6.689608326274867345e-01,8.644640951517370553e+00,3.177885715909297915e+00
1.826039219352567633e+00,6.698430386966141015e-01,8.674564591589595253e+00,3.182076619066597445e+00
1.832338295205971024e+00,6.707213151444058052e-01,8.704488231661818176e+00,3.186248854632458993e+00
1.838637371059374637e+00,6.715956770491501304e-01,8.734411871734042876e+00,3.190402494236004305e+00
1.844936446912778250e+00,6.724661394363371514e-01,8.764335511806267576e+00,3.194537609255538424e+00
1.851235522766182084e+00,6.733327172814125294e-01,8.794259151878492276e+00,3.198654270831631230e+00
1.857534598619585697e+00,6.741954255001811891e-01,8.824182791950716975e+00,3.202752549821530348e+00
1.863833674472989310e+00,6.750542789462702364e-01,8.854106432022941675e+00,3.206832516787108567e+00
1.870132750326392701e+00,6.759092922912791623e-01,8.884030072095164599e+00,3.210894241425520157e+00
1.876431826179796314e+00,6.767604817865888744e-01,8.913953712167389298e+00,3.214937800938642454e+00
1.882730902033199927e+00,6.776078399853371348e-01,8.943877352239613998e+00,3.218963159950296582e+00
1.889029977886603540e+00,6.784497326463702072e-01,8.973800992311838698e+00,3.222962555028955123e+00
1.895329053740007152e+00,6.792867795378665363e-01,9.003724632384063398e+00,3.226938930371566094e+00
1.901628129593410987e+00,6.801200370312621146e-01,9.033648272456288097e+00,3.230897304250550217e+00
1.907927205446814600e+00,6.809495435597774371e-01,9.063571912528512797e+00,3.234837859242191360e+00
1.914226281300217769e+00,6.817753110196043131e-01,9.093495552600735721e+00,3.238760651859121431e+00
1.920525357153621604e+00,6.825973536107359241e-01,9.123419192672960421e+00,3.242665749558138355e+00
1.926824433007025217e+00,6.834156852580060004e-01,9.153342832745185120e+00,3.246553218488900772e+00
1.933123508860428830e+00,6.842303198484960269e-01,9.183266472817409820e+00,3.250423124621724114e+00
1.939422584713832443e+00,6.850412712247971880e-01,9.213190112889634520e+00,3.254275533715575541e+00
1.945721660567236055e+00,6.858485531732692042e-01,9.243113752961859220e+00,3.258110511262294118e+00
1.952020736420639890e+00,6.866521796805388211e-01,9.273037393034083919e+00,3.261928123705084559e+00
1.958319812274043059e+00,6.874521625414019566e-01,9.302961033106306843e+00,3.265728427074900520e+00
1.964618888127446672e+00,6.882485449029065450e-01,9.332884673178531543e+00,3.269511626340972921e+00
1.970917963980850507e+00,6.890449849976875152e-01,9.362808313250756242e+00,3.273295099867877145e+00
1.977217039834254120e+00,6.898385357516948480e-01,9.392731953322980942e+00,3.277064847636373734e+00
1.983516115687657733e+00,6.906284967715334844e-01,9.422655593395205642e+00,3.280817542440956025e+00
1.989815191541061346e+00,6.914148842262968220e-01,9.452579233467430342e+00,3.284553261092595822e+00
1.996114267394464958e+00,6.921977118673400264e-01,9.482502873539655042e+00,3.288272068916842983e+00
2.002413343247868127e+00,6.929769933910356894e-01,9.512426513611877965e+00,3.291974030978055854e+00
2.008712419101271962e+00,6.937527424491293226e-01,9.542350153684102665e+00,3.295659212128592586e+00
2.015011494954675797e+00,6.945249726103880361e-01,9.572273793756327365e+00,3.299327676826621758e+00
2.021310570808079188e+00,6.952936973542965804e-01,9.602197433828552064e+00,3.302979489106180999e+00
2.027609646661483023e+00,6.960589299573948230e-01,9.632121073900776764e+00,3.306614712037219128e+00
2.033908722514886858e+00,6.968206847055135045e-01,9.662044713973001464e+00,3.310233413484304332e+00
2.040207798368290248e+00,6.975789615855479964e-01,9.691968354045226164e+00,3.313835593385183298e+00
2.046506874221693639e+00,6.983340993358329030e-01,9.721891994117449087e+00,3.317422860909873261e+00
2.052805950075097474e+00,6.990884822213894179e-01,9.751815634189673787e+00,3.321006542464024491e+00
2.059105025928500865e+00,6.998394584132562324e-01,9.781739274261898487e+00,3.324574040584576284e+00
2.065404101781904700e+00,7.005870212552421927e-01,9.811662914334123187e+00,3.328125323651420331e+00
2.071703177635308091e+00,7.013311805732914683e-01,9.841586554406347886e+00,3.331660438342516795e+00
2.078002253488711926e+00,7.020719486254795028e-01,9.871510194478572586e+00,3.335179442889620205e+00
2.084301329342115761e+00,7.028093373389679988e-01,9.901433834550797286e+00,3.338682393952485672e+00
2.090600405195518707e+00,7.035433585447250504e-01,9.931357474623020209e+00,3.342169347733901841e+00
2.096899481048922542e+00,7.042740239774429867e-01,9.961281114695244909e+00,3.345640359979302314e+00
2.103198556902326377e+00,7.050013452938710401e-01,9.991204754767469609e+00,3.349095486063851546e+00
2.109497632755729768e+00,7.057253340887801318e-01,1.002112839483969431e+01,3.352534781068289060e+00
2.115796708609133603e+00,7.064460018517630946e-01,1.005105203491191901e+01,3.355958299573706505e+00
2.122095784462536994e+00,7.071633614311312321e-01,1.008097567498414371e+01,3.359366102615763072e+00
2.128394860315940385e+00,7.078767461987497400e-01,1.011089931505636663e+01,3.362755023390179510e+00
2.134693936169344219e+00,7.085855886698173567e-01,1.014082295512859133e+01,3.366122366071197192e+00
2.140993012022747610e+00,7.092911725675308254e-01,1.017074659520081603e+01,3.369474228961453655e+00
2.147292087876151445e+00,7.099934917130896750e-01,1.020067023527304073e+01,3.372810582708675398e+00
2.153591163729555280e+00,7.106925594011956893e-01,1.023059387534526543e+01,3.376131490469089780e+00
2.159890239582958671e+00,7.113883869983436137e-01,1.026051751541749013e+01,3.379437006239013996e+00
2.166189315436362506e+00,7.120809860560081139e-01,1.029044115548971483e+01,3.382727184893508987e+00
2.172488391289765897e+00,7.127703681018036086e-01,1.032036479556193775e+01,3.386002081194288138e+00
2.178787467143169287e+00,7.134565446540583888e-01,1.035028843563416245e+01,3.389261749858950346e+00
2.185086542996573122e+00,7.141395272212925915e-01,1.038021207570638715e+01,3.392506245558502886e+00
2.191385618849976513e+00,7.148193272391445419e-01,1.041013571577861185e+01,3.395735622617726879e+00
2.197684694703380348e+00,7.154959567218440730e-01,1.044005935585083655e+01,3.398949938109992797e+00
2.203983770556784183e+00,7.161694209342839290e-01,1.046998299592306125e+01,3.402149217046074536e+00
2.210282846410187574e+00,7.168400318284275929e-01,1.049990663599528595e+01,3.405334941347842648e+00
2.216581922263590965e+00,7.175076396762585240e-01,1.052983027606750888e+01,3.408506399735200976e+00
2.222880998116994800e+00,7.181721214744474224e-01,1.055975391613973358e+01,3.411663007883173560e+00
2.229180073970398190e+00,7.188334890824276124e-01,1.058967755621195828e+01,3.414804822129771988e+00
2.235479149823802025e+00,7.194917537415352893e-01,1.061960119628418298e+01,3.417931895876749948e+00
2.241778225677205416e+00,7.201469267035360833e-01,1.064952483635640768e+01,3.421044282575407269e+00
2.248077301530609251e+00,7.207990191929226631e-01,1.067944847642863238e+01,3.424142035547481644e+00
2.254376377384013086e+00,7.214480424111983092e-01,1.070937211650085708e+01,3.427225208005502566e+00
2.260675453237416033e+00,7.220940075407268344e-01,1.073929575657308000e+01,3.430293853071075816e+00
2.266974529090819868e+00,7.227369257220509491e-01,1.076921939664530470e+01,3.433348023667138094e+00
2.273273604944223703e+00,7.233768084069058801e-01,1.079914303671752940e+01,3.436387774194940459e+00
2.279572680797627093e+00,7.240136626222671845e-01,1.082906667678975410e+01,3.439413138035995132e+00
2.285871756651030928e+00,7.246476735659029833e-01,1.085899031686197880e+01,3.442424994968779739e+00
2.292170832504434319e+00,7.252803256556398237e-01,1.088891395693420350e+01,3.445430396691954389e+00
2.298469908357838154e+00,7.259100487445377947e-01,1.091883759700642820e+01,3.448421884252335090e+00
2.304768984211241545e+00,7.265367893431208257e-01,1.094876123707865112e+01,3.451399203549183170e+00
2.311068060064644936e+00,7.271605607497413359e-01,1.097868487715087582e+01,3.454362417756069448e+00
2.317367135918048771e+00,7.277813737807018457e-01,1.100860851722310052e+01,3.457311578255632067e+00
2.323666211771452605e+00,7.283992394004938919e-01,1.103853215729532522e+01,3.460246737134480721e+00
2.329965287624855996e+00,7.290141684883827411e-01,1.106845579736754992e+01,3.463167946074357850e+00
2.336264363478259831e+00,7.296261718449014166e-01,1.109837943743977462e+01,3.466075256382990410e+00
2.342563439331663222e+00,7.302352601742373439e-01,1.112830307751199932e+01,3.468968718910417248e+00
2.348862515185066613e+00,7.308414441097328407e-01,1.115822671758422224e+01,3.471848384170128199e+00
2.355161591038470448e+00,7.314447339072025489e-01,1.118815035765644694e+01,3.474714300882176587e+00
2.361460666891873839e+00,7.320451410527000213e-01,1.121807399772867164e+01,3.477566523610840843e+00
2.367759742745277673e+00,7.326419990261268111e-01,1.124799763780089634e+01,3.480401886065066286e+00
2.374058818598681508e+00,7.332353737106110936e-01,1.127792127787312104e+01,3.483220701221401594e+00
2.380357894452084899e+00,7.338258957378032132e-01,1.130784491794534574e+01,3.486025964883509687e+00
2.386656970305488290e+00,7.344135741653602389e-01,1.133776855801756867e+01,3.488817720079619100e+00
2.392956046158892125e+00,7.349984187741600561e-01,1.136769219808979337e+01,3.491596013273604360e+00
2.399255122012295516e+00,7.355804390923759151e-01,1.139761583816201806e+01,3.494360889728870490e+00
2.405554197865699351e+00,7.361596445698344038e-01,1.142753947823424276e+01,3.497112394336640229e+00
2.411853273719102742e+00,7.367360445720168016e-01,1.145746311830646746e+01,3.499850571587453274e+00
2.418152349572506576e+00,7.373096483952762403e-01,1.148738675837869216e+01,3.502575465643458674e+00
2.424451425425910411e+00,7.378804652883913517e-01,1.151731039845091686e+01,3.505287120440803594e+00
2.430750501279313358e+00,7.384485043685654615e-01,1.154723403852313979e+01,3.507985579290589406e+00
2.437049577132717193e+00,7.390137757956731779e-01,1.157715767859536449e+01,3.510670890457106452e+00
2.443348652986121028e+00,7.395762689054681260e-01,1.160708131866758919e+01,3.513343003280055665e+00
2.449647728839524419e+00,7.401358199788112824e-01,1.163700495873981389e+01,3.516001140014780368e+00
2.455946804692928254e+00,7.406926315214545919e-01,1.166692859881203859e+01,3.518646262661003998e+00
2.462245880546331644e+00,7.412467108851039654e-01,1.169685223888426329e+01,3.521278406142865691e+00
2.468544956399735479e+00,7.417980675844353389e-01,1.172677587895648799e+01,3.523897615659653315e+00
2.474844032253138870e+00,7.423467108000910697e-01,1.175669951902871091e+01,3.526503934823833397e+00
2.481143108106542261e+00,7.428926497500605297e-01,1.178662315910093561e+01,3.529097407425289212e+00
2.487442183959946096e+00,7.434358936622100789e-01,1.181654679917316031e+01,3.531678077300824725e+00
2.493741259813349931e+00,7.439764517761109364e-01,1.184647043924538501e+01,3.534245988342846534e+00
2.500040335666753322e+00,7.445143333460876311e-01,1.187639407931760971e+01,3.536801184513848284e+00
2.506339411520157157e+00,7.450495475605950491e-01,1.190631771938983441e+01,3.539343709463409482e+00
2.512638487373560547e+00,7.455821049774551401e-01,1.193624135946205911e+01,3.541873613346263383e+00
2.518937563226963938e+00,7.461119898045630583e-01,1.196616499953428203e+01,3.544390821142315406e+00
2.525236639080367773e+00,7.466410443972956168e-01,1.199608863960650673e+01,3.546904084925753153e+00
2.531535714933771164e+00,7.471679589297034463e-01,1.202601227967873143e+01,3.549407182393308879e+00
2.537834790787174999e+00,7.476922567201782499e-01,1.205593591975095613e+01,3.551897849078065938e+00
2.544133866640578834e+00,7.482139424493807756e-01,1.208585955982318083e+01,3.554376107215414304e+00
2.550432942493982225e+00,7.487330258369976344e-01,1.211578319989540553e+01,3.556842002978540140e+00
2.556732018347386060e+00,7.492495161150878324e-01,1.214570683996763023e+01,3.559295580224164812e+00
2.563031094200789450e+00,7.497634225262910235e-01,1.217563048003985315e+01,3.561736882859272146e+00
2.569330170054192841e+00,7.502747542696734939e-01,1.220555412011207785e+01,3.564165954583850660e+00
2.575629245907596676e+00,7.507835204948766217e-01,1.223547776018430255e+01,3.566582838863098903e+00
2.581928321761000067e+00,7.512897303041685682e-01,1.226540140025652725e+01,3.568987578937168337e+00
2.588227397614403902e+00,7.517933926248866472e-01,1.229532504032875195e+01,3.571380217215204489e+00
2.594526473467807737e+00,7.522945174609257935e-01,1.232524868040097665e+01,3.573760801220521088e+00
2.600825549321211128e+00,7.527930221981310455e-01,1.235517232047320135e+01,3.576128938496145437e+00
2.607124625174614518e+00,7.532889460086306110e-01,1.238509596054542428e+01,3.578484815128527341e+00
2.613423701028018353e+00,7.537823575518968200e-01,1.241501960061764898e+01,3.580828757283184949e+00
2.619722776881421744e+00,7.542732656130123337e-01,1.244494324068987368e+01,3.583160806693486133e+00
2.626021852734825579e+00,7.547616787353137457e-01,1.247486688076209838e+01,3.585481003944389844e+00
2.632320928588228970e+00,7.552476054222736490e-01,1.250479052083432308e+01,3.587789389431479847e+00
2.638620004441632805e+00,7.557310541415678262e-01,1.253471416090654778e+01,3.590086003380289270e+00
2.644919080295036196e+00,7.562120333382145176e-01,1.256463780097877070e+01,3.592370885908717337e+00
2.651218156148439586e+00,7.566905514524263632e-01,1.259456144105099540e+01,3.594644077111833091e+00
2.657517232001843421e+00,7.571666168681798759e-01,1.262448508112322010e+01,3.596905616817557050e+00
2.663816307855247256e+00,7.576402387908043323e-01,1.265440872119544480e+01,3.599155548755632150e+00
2.670115383708650647e+00,7.581114163085925783e-01,1.268433236126766950e+01,3.601393868595009984e+00
2.676414459562054482e+00,7.585796134688591597e-01,1.271425600133989420e+01,3.603618030302649267e+00
2.682713535415457873e+00,7.590449638507701380e-01,1.274417964141211890e+01,3.605828668443838314e+00
2.689012611268861264e+00,7.595078935028666267e-01,1.277410328148434182e+01,3.608027806954070549e+00
2.695311687122265099e+00,7.599684228641810924e-01,1.280402692155656652e+01,3.610215542928581822e+00
2.701610762975668489e+00,7.604265596893259316e-01,1.283395056162879122e+01,3.612391913205510452e+00
2.707909838829072324e+00,7.608823128180717266e-01,1.286387420170101592e+01,3.614556959778018275e+00
2.714208914682476159e+00,7.613356910256783294e-01,1.289379784177324062e+01,3.616710724332810933e+00
2.720507990535879550e+00,7.617867031060171490e-01,1.292372148184546532e+01,3.618853248645006904e+00
2.726807066389283385e+00,7.622353578622038661e-01,1.295364512191769002e+01,3.620984574533639755e+00
2.733106142242686776e+00,7.626816640372314771e-01,1.298356876198991294e+01,3.623104743532132410e+00
2.739405218096090167e+00,7.631256307449837406e-01,1.301349240206213764e+01,3.625213798935815301e+00
2.745704293949494001e+00,7.635672658195888918e-01,1.304341604213436234e+01,3.627311777960565919e+00
2.752003369802897392e+00,7.640074561792689067e-01,1.307333968220658704e+01,3.629402893894534188e+00
2.758302445656301227e+00,7.644457225266438893e-01,1.310326332227881174e+01,3.631484869844630037e+00
2.764601521509705062e+00,7.648816855381039836e-01,1.313318696235103644e+01,3.633555903841257706e+00
2.770900597363108453e+00,7.653153517764178515e-01,1.316311060242326114e+01,3.635616027060724509e+00
2.777199673216511844e+00,7.657467299954497930e-01,1.319303424249548407e+01,3.637665281088096503e+00
2.783498749069915679e+00,7.661758284976011302e-01,1.322295788256770877e+01,3.639703705363773523e+00
2.789797824923319070e+00,7.666026554930073234e-01,1.325288152263993346e+01,3.641731338889847347e+00
2.796096900776722904e+00,7.670272190379473498e-01,1.328280516271215816e+01,3.643748219937518851e+00
2.802395976630126295e+00,7.674495270067747121e-01,1.331272880278438286e+01,3.645754385913753559e+00
2.808695052483530130e+00,7.678695872454184279e-01,1.334265244285660756e+01,3.647749874090489453e+00
2.814994128336933965e+00,7.682874054737528491e-01,1.337257608292883226e+01,3.649734711639879503e+00
2.821293204190336912e+00,7.687030319776552156e-01,1.340249972300105519e+01,3.651709137444028475e+00
2.827592280043740747e+00,7.691170939988717370e-01,1.343242336307327989e+01,3.653676131202924893e+00
2.833891355897144582e+00,7.695289790695756249e-01,1.346234700314550459e+01,3.655632783399803465e+00
2.840190431750547972e+00,7.699386506509623418e-01,1.349227064321772929e+01,3.657578920457767335e+00
2.846489507603951807e+00,7.703461159265719838e-01,1.352219428328995399e+01,3.659514576502088001e+00
2.852788583457355198e+00,7.707513811532323844e-01,1.355211792336217869e+01,3.661439781255706016e+00
2.859087659310758589e+00,7.711544526029252555e-01,1.358204156343440161e+01,3.663354564513551903e+00
2.865386735164162424e+00,7.715553365502129113e-01,1.361196520350662631e+01,3.665258956082814823e+00
2.871685811017565815e+00,7.719540393303941928e-01,1.364188884357885101e+01,3.667152986059210917e+00
2.877984886870969650e+00,7.723505673891413181e-01,1.367181248365107571e+01,3.669036685062784020e+00
2.884283962724373485e+00,7.727449274944475643e-01,1.370173612372330041e+01,3.670910085244757148e+00
2.890583038577776875e+00,7.731371235151437427e-01,1.373165976379552511e+01,3.672773204983937667e+00
2.896882114431180710e+00,7.735267763796838114e-01,1.376158340386774981e+01,3.674624243508153310e+00
2.903181190284584101e+00,7.739138648004290078e-01,1.379150704393997273e+01,3.676463099690881364e+00
2.909480266137987492e+00,7.742988155632070102e-01,1.382143068401219743e+01,3.678291800970081571e+00
2.915779341991391327e+00,7.746816353570800118e-01,1.385135432408442213e+01,3.680110379122015996e+00
2.922078417844794718e+00,7.750623325667158614e-01,1.388127796415664683e+01,3.681918873977890527e+00
2.928377493698198553e+00,7.754409156199011388e-01,1.391120160422887153e+01,3.683717325573744983e+00
2.934676569551602388e+00,7.758173930769342030e-01,1.394112524430109623e+01,3.685505774575113414e+00
2.940975645405005778e+00,7.761917735647978489e-01,1.397104888437332093e+01,3.687284261964313803e+00
2.947274721258409169e+00,7.765640657246699607e-01,1.400097252444554385e+01,3.689052828791097305e+00
2.953573797111813004e+00,7.769342781730140812e-01,1.403089616451776855e+01,3.690811515987810765e+00
2.959872872965216395e+00,7.773024192993207571e-01,1.406081980458999325e+01,3.692560363408568858e+00
2.966171948818620230e+00,7.776685353391122879e-01,1.409074344466221795e+01,3.694299590694340996e+00
2.972471024672023621e+00,7.780327964763286142e-01,1.412066708473444265e+01,3.696030006300699000e+00
2.978770100525427456e+00,7.783950062288393923e-01,1.415059072480666735e+01,3.697750676843017281e+00
2.985069176378831290e+00,7.787551772905412228e-01,1.418051436487889205e+01,3.699461662623411584e+00
2.991368252232234237e+00,7.791133169190255225e-01,1.421043800495111498e+01,3.701162998118930680e+00
2.997667328085638072e+00,7.794694325077580199e-01,1.424036164502333968e+01,3.702854718452094129e+00
3.003966403939041907e+00,7.798235312755104065e-01,1.427028528509556438e+01,3.704536857915538217e+00
3.010265479792445298e+00,7.801756203075516094e-01,1.430020892516778908e+01,3.706209450167699426e+00
3.016564555645849133e+00,7.805257065656989734e-01,1.433013256524001378e+01,3.707872528280558466e+00
3.022863631499252524e+00,7.808737970501712367e-01,1.436005620531223848e+01,3.709526125508521233e+00
3.029162707352656358e+00,7.812198966620031992e-01,1.438997984538446318e+01,3.711170265133860280e+00
3.035461783206059749e+00,7.815641463384610521e-01,1.441990348545668610e+01,3.712805616676378762e+00
3.041760859059463140e+00,7.819075551866661034e-01,1.444982712552891080e+01,3.714436973880269388e+00
3.048059934912866975e+00,7.822490287864901637e-01,1.447975076560113550e+01,3.716059137723522809e+00
3.054359010766270810e+00,7.825885384797539590e-01,1.450967440567336020e+01,3.717671972066002972e+00
3.060658086619674201e+00,7.829260926116650143e-01,1.453959804574558490e+01,3.719275516551459493e+00
3.066957162473078036e+00,7.832616976600289549e-01,1.456952168581780960e+01,3.720869801952585210e+00
3.073256238326481427e+00,7.835953602493744841e-01,1.459944532589003430e+01,3.722454859739077193e+00
3.079555314179884817e+00,7.839270869732229974e-01,1.462936896596225722e+01,3.724030721233333896e+00
3.085854390033288652e+00,7.842568844062703937e-01,1.465929260603448192e+01,3.725597417668323530e+00
3.092153465886692043e+00,7.845847591413929178e-01,1.468921624610670662e+01,3.727154980363378112e+00
3.098452541740095878e+00,7.849107173906191282e-01,1.471913988617893132e+01,3.728703438828622208e+00
3.104751617593499713e+00,7.852347002386421693e-01,1.474906352625115602e+01,3.730242513188010811e+00
3.111050693446903104e+00,7.855564661061895659e-01,1.477898716632338072e+01,3.731771055823802641e+00
3.117349769300306495e+00,7.858763396371263310e-01,1.480891080639560364e+01,3.733290608950506240e+00
3.123648845153710329e+00,7.861943228410834816e-01,1.483883444646782834e+01,3.734801182114835694e+00
3.129947921007113720e+00,7.865104224267251976e-01,1.486875808654005304e+01,3.736302807186172359e+00
3.136246996860517555e+00,7.868246449004339116e-01,1.489868172661227774e+01,3.737795515072962260e+00
3.142546072713920946e+00,7.871369968008581353e-01,1.492860536668450244e+01,3.739279336836931034e+00
3.148845148567324781e+00,7.874474847050182413e-01,1.495852900675672714e+01,3.740754303722088725e+00
3.155144224420728616e+00,7.877561151384832039e-01,1.498845264682895184e+01,3.742220446728026229e+00
3.161443300274131563e+00,7.880628959962507896e-01,1.501837628690117477e+01,3.743677803359781286e+00
3.167742376127535398e+00,7.883678171024579573e-01,1.504829992697339947e+01,3.745126325277109647e+00
3.174041451980939232e+00,7.886702078197593835e-01,1.507822356704562416e+01,3.746562826630053245e+00
3.180340527834342623e+00,7.889701156351156541e-01,1.510814720711784886e+01,3.747987533004516258e+00
3.186639603687746458e+00,7.892681892478043970e-01,1.513807084719007356e+01,3.749403526034082113e+00
3.192938679541149849e+00,7.895644474203876717e-01,1.516799448726229826e+01,3.750810894849944788e+00
3.199237755394553684e+00,7.898588961149567433e-01,1.519791812733452296e+01,3.752209667774906610e+00
3.205536831247957075e+00,7.901515424070649773e-01,1.522784176740674589e+01,3.753599878421248981e+00
3.211835907101360466e+00,7.904423932461676072e-01,1.525776540747897059e+01,3.754981559802226254e+00
3.218134982954764300e+00,7.907314555191952143e-01,1.528768904755119529e+01,3.756354744634071263e+00
3.224434058808168135e+00,7.910187361575470311e-01,1.531761268762341999e+01,3.757719465844265194e+00
3.230733134661571526e+00,7.913042407234829323e-01,1.534753632769564469e+01,3.759075749856216841e+00
3.237032210514975361e+00,7.915880273842593740e-01,1.537745996776786939e+01,3.760423872992372463e+00
3.243331286368378752e+00,7.918707463041754213e-01,1.540738360784009409e+01,3.761766923845872856e+00
3.249630362221782143e+00,7.921516981013857484e-01,1.543730724791231701e+01,3.763101580016559033e+00
3.255929438075185978e+00,7.924309006599548066e-01,1.546723088798454171e+01,3.764427926462339702e+00
3.262228513928589368e+00,7.927083596455304360e-01,1.549715452805676641e+01,3.765745990097767226e+00
3.268527589781993203e+00,7.929840811910772169e-01,1.552707816812899111e+01,3.767055800057372839e+00
3.274826665635397038e+00,7.932580715134074367e-01,1.555700180820121581e+01,3.768357385874005150e+00
3.281125741488800429e+00,7.935303370127055889e-01,1.558692544827344051e+01,3.769650777951619069e+00
3.287424817342204264e+00,7.938008838951354784e-01,1.561684908834566521e+01,3.770936005772477895e+00
3.293723893195607655e+00,7.940697243307990316e-01,1.564677272841788813e+01,3.772213127150419343e+00
3.300022969049011046e+00,7.943367902614417719e-01,1.567669636849011283e+01,3.773481818775999752e+00
3.306322044902414881e+00,7.946041296487162953e-01,1.570662000856233753e+01,3.774751809452109530e+00
3.312621120755818271e+00,7.948700034297536687e-01,1.573654364863456223e+01,3.776014837793656653e+00
3.318920196609222106e+00,7.951341862406370309e-01,1.576646728870678693e+01,3.777269833213638961e+00
3.325219272462625941e+00,7.953966986056493216e-01,1.579639092877901163e+01,3.778516893212271910e+00
3.331518348316029332e+00,7.956575480739236372e-01,1.582631456885123633e+01,3.779756053651569747e+00
3.337817424169432723e+00,7.959167430752555061e-01,1.585623820892345925e+01,3.780987354577114878e+00
3.344116500022836558e+00,7.961742915563538858e-01,1.588616184899568395e+01,3.782210833739596989e+00
3.350415575876239949e+00,7.964302008775355768e-01,1.591608548906790865e+01,3.783426526104062049e+00
3.356714651729643784e+00,7.966844778070636401e-01,1.594600912914013335e+01,3.784634463823014272e+00
3.363013727583047174e+00,7.969371260299745741e-01,1.597593276921235805e+01,3.785834664402150107e+00
3.369312803436451009e+00,7.971880305458211025e-01,1.600585640928458275e+01,3.787026581534030711e+00
3.375611879289855288e+00,7.974373014870742571e-01,1.603578004935680923e+01,3.788210738400865640e+00
3.381910955143258235e+00,7.976849558746363922e-01,1.606570368942903215e+01,3.789387215860128499e+00
3.388210030996662514e+00,7.979309953655889798e-01,1.609562732950125863e+01,3.790556021783753504e+00
3.394509106850065905e+00,7.981754213290148670e-01,1.612555096957348155e+01,3.791717162675541708e+00
3.400808182703468852e+00,7.984182351473492201e-01,1.615547460964570448e+01,3.792870645102725646e+00
3.407107258556873131e+00,7.986594386275922552e-01,1.618539824971793095e+01,3.794016477649425401e+00
3.413406334410276521e+00,7.988990333384635711e-01,1.621532188979015388e+01,3.795154667767813628e+00
3.419705410263680356e+00,7.991370346805202196e-01,1.624524552986238035e+01,3.796285288617943898e+00
3.426004486117083747e+00,7.993730291564447032e-01,1.627516916993460327e+01,3.797406375888671359e+00
3.432303561970487582e+00,7.996054552940595750e-01,1.630509281000682975e+01,3.798510511836106218e+00
3.438602637823890973e+00,7.998363297598327648e-01,1.633501645007905267e+01,3.799607276595961203e+00
3.444901713677294364e+00,8.000656260361445060e-01,1.636494009015127560e+01,3.800696544196786597e+00
3.451200789530698199e+00,8.002933589062816155e-01,1.639486373022350207e+01,3.801778384866305593e+00
3.457499865384101589e+00,8.005195397593571904e-01,1.642478737029572500e+01,3.802852852708283216e+00
3.463798941237505424e+00,8.007441806183884792e-01,1.645471101036795147e+01,3.803920004837835211e+00
3.470098017090908815e+00,8.009672935239222635e-01,1.648463465044017440e+01,3.804979898453348941e+00
3.476397092944313094e+00,8.011888884485086626e-01,1.651455829051240087e+01,3.806032580929235021e+00
3.482696168797716041e+00,8.014089904218699711e-01,1.654448193058462380e+01,3.807078171168713165e+00
3.488995244651119432e+00,8.016267868846029820e-01,1.657440557065684672e+01,3.808112809123787912e+00
3.495294320504523711e+00,8.018427475180455177e-01,1.660432921072907320e+01,3.809138726006724429e+00
3.501593396357926657e+00,8.020572268268927330e-01,1.663425285080129612e+01,3.810157605885336363e+00
3.507892472211330936e+00,8.022702269882323600e-01,1.666417649087352260e+01,3.811169459101837909e+00
3.514191548064734327e+00,8.024817515904315579e-01,1.669410013094574552e+01,3.812174302702698636e+00
3.520490623918138162e+00,8.026918033169945232e-01,1.672402377101797200e+01,3.813172149435854585e+00
3.526789699771541553e+00,8.029003844000883738e-01,1.675394741109019492e+01,3.814163009905172874e+00
3.533088775624944944e+00,8.031074960801173335e-01,1.678387105116241784e+01,3.815146890003170199e+00
3.539387851478348779e+00,8.033131509000407400e-01,1.681379469123464432e+01,3.816123849314936756e+00
3.545686927331752170e+00,8.035180568267197287e-01,1.684371833130686724e+01,3.817097251023584992e+00
3.551986003185156004e+00,8.037224275132710538e-01,1.687364197137909372e+01,3.818068110084183786e+00
3.558285079038559395e+00,8.039253368247489817e-01,1.690356561145131664e+01,3.819032026910282429e+00
3.564584154891963230e+00,8.041267931990883078e-01,1.693348925152354312e+01,3.819989041586130174e+00
3.570883230745366621e+00,8.043268013877971079e-01,1.696341289159576604e+01,3.820939176683675331e+00
3.577182306598770012e+00,8.045253670035935611e-01,1.699333653166798896e+01,3.821882458866029619e+00
3.583481382452173847e+00,8.047224962654766500e-01,1.702326017174021544e+01,3.822818917676428896e+00
3.589780458305577238e+00,8.049181942474843421e-01,1.705318381181243836e+01,3.823748577218994082e+00
3.596079534158981517e+00,8.051124832974988488e-01,1.708310745188466484e+01,3.824671543656914974e+00
3.602378610012384463e+00,8.053064588684371028e-01,1.711303109195688776e+01,3.825593020918444331e+00
3.608677685865788742e+00,8.055003603387493882e-01,1.714295473202911424e+01,3.826514146166358987e+00
3.614976761719192133e+00,8.056928836817832673e-01,1.717287837210133716e+01,3.827428724646841030e+00
3.621275837572595080e+00,8.058840122803074824e-01,1.720280201217356009e+01,3.828336677420049572e+00
3.627574913425999359e+00,8.060737554385123405e-01,1.723272565224578656e+01,3.829238048685362994e+00
3.633873989279402750e+00,8.062621207828416514e-01,1.726264929231800949e+01,3.830132874672058652e+00
3.640173065132806585e+00,8.064491159663058628e-01,1.729257293239023596e+01,3.831021191735616060e+00
3.646472140986209975e+00,8.066347484864870854e-01,1.732249657246245889e+01,3.831903035493157361e+00
3.652771216839613810e+00,8.068190256596596832e-01,1.735242021253468536e+01,3.832778440700504330e+00
3.659070292693017201e+00,8.070021782948287870e-01,1.738234385260690829e+01,3.833648503811447839e+00
3.665369368546420592e+00,8.071840854501804996e-01,1.741226749267913121e+01,3.834512650294199965e+00
3.671668444399824427e+00,8.073646589708968202e-01,1.744219113275135769e+01,3.835370461370973594e+00
3.677967520253227818e+00,8.075439034685296669e-01,1.747211477282358061e+01,3.836221958948859534e+00
3.684266596106631653e+00,8.077218249257280824e-01,1.750203841289580708e+01,3.837067171448317549e+00
3.690565671960035043e+00,8.078984289220492165e-01,1.753196205296803001e+01,3.837906125374928035e+00
3.696864747813439322e+00,8.080737201927644664e-01,1.756188569304025648e+01,3.838738843223507669e+00
3.703163823666842269e+00,8.082477100124692004e-01,1.759180933311247941e+01,3.839565378553807307e+00
3.709462899520245660e+00,8.084200216012581430e-01,1.762173297318470233e+01,3.840383941480050911e+00
3.715761975373649939e+00,8.085890139348164141e-01,1.765165661325692881e+01,3.841186736347433239e+00
3.722061051227052886e+00,8.087567767378714967e-01,1.768158025332915173e+01,3.841983690353537817e+00
3.728360127080457165e+00,8.089232458553324845e-01,1.771150389340137821e+01,3.842774498730825883e+00
3.734659202933860556e+00,8.090884303650323073e-01,1.774142753347360113e+01,3.843559204603369750e+00
3.740958278787263502e+00,8.092523347462469152e-01,1.777135117354582405e+01,3.844337829249884209e+00
3.747257354640667781e+00,8.094149641899505143e-01,1.780127481361805053e+01,3.845110397329994711e+00
3.753556430494071172e+00,8.095763255862213903e-01,1.783119845369027345e+01,3.845876941574886132e+00
3.759855506347475007e+00,8.097364311195389686e-01,1.786112209376249993e+01,3.846637519866696664e+00
3.766154582200878398e+00,8.098928613247768915e-01,1.789104573383472285e+01,3.847380638582346801e+00
3.772453658054282233e+00,8.100478142802000070e-01,1.792096937390694933e+01,3.848116739650839779e+00
3.778752733907685624e+00,8.102015330358396383e-01,1.795089301397917225e+01,3.848846977676728009e+00
3.785051809761089014e+00,8.103540271414826357e-01,1.798081665405139518e+01,3.849571398026092606e+00
3.791350885614492849e+00,8.105053064922292938e-01,1.801074029412362165e+01,3.850290047705419383e+00
3.797649961467896240e+00,8.106553801301491502e-01,1.804066393419584458e+01,3.851002969668887665e+00
3.803949037321300075e+00,8.108042545236742171e-01,1.807058757426807105e+01,3.851710194644660579e+00
3.810248113174703466e+00,8.109519476301122465e-01,1.810051121434029398e+01,3.852411807938587174e+00
3.816547189028107745e+00,8.110979802762425805e-01,1.813043485441252045e+01,3.853105533247393577e+00
3.822846264881510692e+00,8.112427653948007800e-01,1.816035849448474337e+01,3.853793332200189159e+00
3.829145340734914083e+00,8.113863622547260457e-01,1.819028213455696630e+01,3.854475486352941793e+00
3.835444416588318362e+00,8.115287649996694164e-01,1.822020577462919277e+01,3.855151967885177999e+00
3.841743492441721308e+00,8.116699705652605790e-01,1.825012941470141570e+01,3.855822762239664581e+00
3.848042568295125587e+00,8.118099769496958107e-01,1.828005305477364217e+01,3.856487859906870597e+00
3.854341644148528978e+00,8.119487780845289215e-01,1.830997669484586510e+01,3.857147232058758313e+00
3.860640720001932813e+00,8.120865106519834509e-01,1.833990033491809157e+01,3.857801528001631564e+00
3.866939795855336204e+00,8.122249724764218914e-01,1.836982397499031450e+01,3.858459288265940756e+00
3.873238871708739595e+00,8.123622061481223788e-01,1.839974761506253742e+01,3.859111214214020258e+00
3.879537947562143430e+00,8.124982722246455458e-01,1.842967125513476390e+01,3.859757593523410524e+00
3.885837023415546820e+00,8.126331836964151289e-01,1.845959489520698682e+01,3.860398487904872056e+00
3.892136099268950655e+00,8.127669571405432558e-01,1.848951853527921330e+01,3.861033976107661303e+00
3.898435175122354046e+00,8.128996079048841361e-01,1.851944217535143622e+01,3.861664131041467662e+00
3.904734250975757881e+00,8.130311684612211431e-01,1.854936581542366270e+01,3.862289106962880414e+00
3.911033326829161272e+00,8.131630944965578811e-01,1.857928945549588562e+01,3.862915819085332547e+00
3.917332402682564663e+00,8.132953283885047124e-01,1.860921309556810854e+01,3.863543993674757093e+00
3.923631478535968498e+00,8.134264868321927633e-01,1.863913673564033502e+01,3.864167059367676682e+00
3.929930554389371888e+00,8.135565696950949333e-01,1.866906037571255794e+01,3.864785015534523804e+00
3.936229630242776167e+00,8.136855785859300472e-01,1.869898401578478442e+01,3.865397869817486676e+00
3.942528706096179114e+00,8.138135141314509768e-01,1.872890765585700734e+01,3.866005625193943196e+00
3.948827781949583393e+00,8.139403705132064459e-01,1.875883129592923382e+01,3.866608254023450542e+00
3.955126857802986784e+00,8.140664059415527731e-01,1.878875493600145674e+01,3.867206982929397352e+00
3.961425933656389731e+00,8.141927015848918758e-01,1.881867857607367966e+01,3.867806947981719645e+00
3.967725009509794010e+00,8.143178838457503232e-01,1.884860221614590614e+01,3.868401623931736921e+00
3.974024085363197401e+00,8.144420065747165483e-01,1.887852585621812906e+01,3.868991266595646294e+00
3.980323161216601235e+00,8.145650725771639289e-01,1.890844949629035554e+01,3.869575889300320259e+00
3.986622237070004626e+00,8.146870889017515660e-01,1.893837313636257846e+01,3.870155525530279750e+00
3.992921312923408461e+00,8.148080635890538881e-01,1.896829677643480494e+01,3.870730213482121318e+00
3.999220388776811852e+00,8.149279405109725039e-01,1.899822041650702786e+01,3.871299686520379701e+00
4.005519464630214799e+00,8.150459052232871260e-01,1.902814405657925079e+01,3.871860075643272836e+00
4.011818540483619522e+00,8.151628552536153149e-01,1.905806769665147726e+01,3.872415644538682589e+00
4.018117616337022469e+00,8.152787857462117094e-01,1.908799133672370019e+01,3.872966370139482084e+00
4.024416692190426303e+00,8.153937014375991499e-01,1.911791497679592666e+01,3.873512274946434353e+00
4.030715768043830138e+00,8.155076064858166607e-01,1.914783861686814959e+01,3.874053378712223772e+00
4.037014843897233973e+00,8.156205158169631542e-01,1.917776225694037606e+01,3.874589752342999738e+00
4.043313919750636920e+00,8.157319149742774389e-01,1.920768589701259899e+01,3.875118951921699750e+00
4.049612995604040755e+00,8.158401057435816783e-01,1.923760953708482191e+01,3.875632910114162222e+00
4.055912071457444590e+00,8.159473260444384257e-01,1.926753317715704839e+01,3.876142258114716910e+00
4.062211147310847537e+00,8.160535740459434750e-01,1.929745681722927131e+01,3.876646987225687901e+00
4.068510223164251371e+00,8.161588627145152097e-01,1.932738045730149778e+01,3.877147159043800251e+00
4.074809299017655206e+00,8.162632046780456951e-01,1.935730409737372071e+01,3.877642833557614743e+00
4.081108374871059041e+00,8.163665888114595148e-01,1.938722773744594718e+01,3.878133957917671903e+00
4.087407450724461988e+00,8.164675772256820840e-01,1.941715137751817011e+01,3.878613701459262764e+00
4.093706526577865823e+00,8.165662776460572703e-01,1.944707501759039303e+01,3.879082575929584831e+00
4.100005602431269658e+00,8.166640295959817220e-01,1.947699865766261951e+01,3.879546944709065137e+00
4.106304678284672605e+00,8.167608714906285927e-01,1.950692229773484243e+01,3.880006990288252577e+00
4.112603754138077328e+00,8.168568029525984375e-01,1.953684593780706891e+01,3.880462710874318599e+00
4.118902829991480274e+00,8.169518284877699266e-01,1.956676957787929183e+01,3.880914127872354236e+00
4.125201905844884109e+00,8.170458805537931246e-01,1.959669321795151831e+01,3.881360920423710503e+00
4.131500981698287944e+00,8.171373617601798145e-01,1.962661685802374123e+01,3.881795500155245104e+00
4.137800057551690891e+00,8.172279571371207085e-01,1.965654049809596415e+01,3.882225871770840442e+00
4.144099133405094726e+00,8.173176470278105121e-01,1.968646413816819063e+01,3.882651941891216207e+00
4.150398209258498561e+00,8.174064338540550922e-01,1.971638777824041355e+01,3.883073722021116225e+00
4.156697285111902396e+00,8.174943209667212551e-01,1.974631141831264003e+01,3.883491228078769009e+00
4.162996360965305342e+00,8.175813141023148267e-01,1.977623505838486295e+01,3.883904487315335885e+00
4.169295436818709177e+00,8.176673799640241658e-01,1.980615869845708943e+01,3.884313341554947119e+00
4.175594512672113012e+00,8.177525585111122819e-01,1.983608233852931235e+01,3.884717980623321409e+00
4.181893588525515959e+00,8.178368711617891584e-01,1.986600597860153528e+01,3.885118506267258187e+00
4.188192664378919794e+00,8.179203306110409688e-01,1.989592961867376175e+01,3.885514978794047281e+00
4.194491740232323629e+00,8.180029518283328249e-01,1.992585325874598468e+01,3.885907469315849294e+00
4.200790816085727464e+00,8.180847200902832128e-01,1.995577689881821115e+01,3.886295907889519174e+00
4.207089891939130410e+00,8.181666352888936622e-01,1.998570053889043407e+01,3.886685044482999007e+00
4.213388967792535134e+00,8.182480634735445069e-01,2.001562417896266055e+01,3.887071867525923707e+00
4.219688043645938080e+00,8.183286883737255213e-01,2.004554781903488347e+01,3.887454874581247388e+00
4.225987119499341027e+00,8.184085149421462813e-01,2.007547145910710640e+01,3.887834089176724017e+00
4.232286195352745750e+00,8.184875459702193323e-01,2.010539509917933287e+01,3.888209524572904918e+00
4.238585271206148697e+00,8.185658040292286275e-01,2.013531873925155580e+01,3.888581287994245184e+00
4.244884347059552532e+00,8.186447970316687028e-01,2.016524237932378227e+01,3.888956542750379608e+00
4.251183422912956367e+00,8.187232807627372599e-01,2.019516601939600520e+01,3.889329378222547096e+00
4.257482498766359313e+00,8.188009877979266493e-01,2.022508965946822812e+01,3.889698524015708259e+00
4.263781574619763148e+00,8.188779281747061711e-01,2.025501329954045460e+01,3.890064027812670133e+00
4.270080650473166983e+00,8.189541087670909603e-01,2.028493693961267752e+01,3.890425922268311965e+00
4.276379726326570818e+00,8.190298279751764277e-01,2.031486057968490400e+01,3.890785624926611952e+00
4.282678802179973765e+00,8.191060644193157714e-01,2.034478421975712692e+01,3.891147784704951373e+00
4.288977878033377600e+00,8.191815718207974273e-01,2.037470785982935340e+01,3.891506481180007082e+00
4.295276953886781435e+00,8.192563511668611298e-01,2.040463149990157632e+01,3.891861719041643575e+00
4.301576029740184381e+00,8.193304088746145020e-01,2.043455513997379924e+01,3.892213528774207454e+00
4.307875105593588216e+00,8.194037446825747084e-01,2.046447878004602572e+01,3.892561909135530129e+00
4.314174181446992051e+00,8.194768148241485806e-01,2.049440242011824864e+01,3.892909027453735238e+00
4.320473257300395886e+00,8.195493660157956439e-01,2.052432606019047512e+01,3.893253680510181169e+00
4.326772333153798833e+00,8.196212072168387319e-01,2.055424970026269804e+01,3.893594960769761748e+00
4.333071409007203556e+00,8.196923356392822324e-01,2.058417334033492452e+01,3.893932854988157999e+00
4.339370484860606503e+00,8.197627482162236356e-01,2.061409698040714744e+01,3.894267348596107681e+00
4.345669560714009449e+00,8.198322421544317340e-01,2.064402062047937036e+01,3.894597478228221554e+00
4.351968636567414173e+00,8.199006402780070202e-01,2.067394426055159684e+01,3.894922402213757628e+00
4.358267712420817119e+00,8.199683472486789526e-01,2.070386790062381976e+01,3.895244042890567915e+00
4.364566788274220954e+00,8.200353766005060718e-01,2.073379154069604624e+01,3.895562464551939552e+00
4.370865864127624789e+00,8.201017418050478014e-01,2.076371518076826916e+01,3.895877731194260729e+00
4.377164939981028624e+00,8.201671265489357543e-01,2.079363882084049564e+01,3.896188340176887532e+00
4.383464015834431571e+00,8.202305065020354391e-01,2.082356246091271856e+01,3.896489425438994125e+00
4.389763091687835406e+00,8.202932893406561510e-01,2.085348610098494149e+01,3.896787674120121281e+00
4.396062167541239241e+00,8.203554843470646230e-01,2.088340974105716796e+01,3.897083130315501354e+00
4.402361243394642187e+00,8.204171088515639365e-01,2.091333338112939089e+01,3.897375876352409563e+00
4.408660319248046022e+00,8.204776943977628578e-01,2.094325702120161736e+01,3.897663686837665953e+00
4.414959395101449857e+00,8.205359652533087411e-01,2.097318066127384029e+01,3.897940501428986071e+00
4.421258470954853692e+00,8.205936594307597920e-01,2.100310430134606676e+01,3.898214576521982000e+00
4.427557546808256639e+00,8.206507608960988964e-01,2.103302794141828969e+01,3.898485835947359313e+00
4.433856622661660474e+00,8.207072501077899984e-01,2.106295158149051261e+01,3.898754186873423233e+00
4.440155698515064309e+00,8.207625665312322516e-01,2.109287522156273909e+01,3.899016966491210656e+00
4.446454774368467255e+00,8.208162629327935278e-01,2.112279886163496201e+01,3.899272050225854880e+00
4.452753850221871978e+00,8.208693712293504419e-01,2.115272250170718848e+01,3.899524340178857962e+00
4.459052926075274925e+00,8.209218985355110076e-01,2.118264614177941141e+01,3.899773870148029786e+00
4.465352001928678760e+00,8.209738514233893003e-01,2.121256978185163788e+01,3.900020671354073709e+00
4.471651077782082595e+00,8.210260866705704208e-01,2.124249342192386081e+01,3.900268813902617371e+00
4.477950153635485542e+00,8.210781567789681157e-01,2.127241706199608373e+01,3.900516171962509659e+00
4.484249229488889377e+00,8.211297384902599417e-01,2.130234070206831021e+01,3.900761209901237425e+00
4.490548305342293212e+00,8.211808411840517685e-01,2.133226434214053313e+01,3.901003972276438692e+00
4.496847381195697047e+00,8.212321985401253022e-01,2.136218798221275961e+01,3.901247944419967695e+00
4.503146457049099993e+00,8.212881421046328567e-01,2.139211162228498253e+01,3.901513703259460897e+00
4.509445532902503828e+00,8.213435178081197607e-01,2.142203526235720901e+01,3.901776764485973104e+00
4.515744608755907663e+00,8.213983988654088852e-01,2.145195890242943193e+01,3.902037475905127728e+00
4.522043684609310610e+00,8.214527705622580722e-01,2.148188254250165485e+01,3.902295767617196987e+00
4.528342760462714445e+00,8.215114258447149265e-01,2.151180618257388133e+01,3.902574408421248364e+00
4.534641836316118280e+00,8.215713185999657941e-01,2.154172982264610425e+01,3.902858927816279078e+00
4.540940912169522115e+00,8.216307442343548928e-01,2.157165346271833073e+01,3.903141228162537058e+00
4.547239988022925061e+00,8.216897038142554344e-01,2.160157710279055365e+01,3.903421314525809205e+00
4.553539063876329784e+00,8.217471893886373335e-01,2.163150074286278013e+01,3.903694398653891007e+00
4.559838139729732731e+00,8.218029529456686300e-01,2.166142438293500305e+01,3.903959302371291074e+00
4.566137215583135678e+00,8.218583454988607206e-01,2.169134802300722598e+01,3.904222443642006990e+00
4.572436291436540401e+00,8.219133642523688277e-01,2.172127166307945245e+01,3.904483809184431831e+00
4.578735367289943348e+00,8.219668839927470883e-01,2.175119530315167538e+01,3.904738053693485256e+00
4.585034443143347183e+00,8.220170894218155055e-01,2.178111894322390185e+01,3.904976553629678548e+00
4.591333518996751017e+00,8.220669494126671140e-01,2.181104258329612477e+01,3.905213412568191433e+00
4.597632594850154852e+00,8.221163650769325315e-01,2.184096622336835125e+01,3.905448160741704644e+00
4.603931670703557799e+00,8.221648708257782712e-01,2.187088986344057417e+01,3.905678586379317530e+00
4.610230746556961634e+00,8.222114995564665518e-01,2.190081350351279710e+01,3.905900095277862860e+00
4.616529822410365469e+00,8.222577584628740777e-01,2.193073714358502357e+01,3.906119847333194617e+00
4.622828898263768416e+00,8.223036728120520777e-01,2.196066078365724650e+01,3.906337962575958223e+00
4.629127974117172251e+00,8.223491676290834995e-01,2.199058442372947297e+01,3.906554084839236385e+00
4.635427049970576086e+00,8.223941467470086142e-01,2.202050806380169590e+01,3.906767757283716058e+00
4.641726125823979920e+00,8.224388731559575394e-01,2.205043170387392237e+01,3.906980229239008562e+00
4.648025201677382867e+00,8.224833362396959391e-01,2.208035534394614530e+01,3.907191450272895938e+00
4.654324277530786702e+00,8.225275746388355236e-01,2.211027898401836822e+01,3.907401603946868196e+00
4.660623353384190537e+00,8.225715538014811701e-01,2.214020262409059470e+01,3.907610526122805350e+00
4.666922429237593484e+00,8.226151834609044533e-01,2.217012626416281762e+01,3.907817787990330416e+00
4.673221505090998207e+00,8.226584437990075438e-01,2.220004990423504410e+01,3.908023295403945774e+00
4.679520580944401154e+00,8.227014693341943019e-01,2.222997354430726702e+01,3.908227687390771532e+00
4.685819656797804988e+00,8.227441927746463879e-01,2.225989718437949350e+01,3.908430644282304023e+00
4.692118732651208823e+00,8.227866325001301773e-01,2.228982082445171642e+01,3.908632253391274070e+00
4.698417808504611770e+00,8.228288520063656852e-01,2.231974446452393934e+01,3.908832816352892703e+00
4.704716884358015605e+00,8.228709418067378101e-01,2.234966810459616582e+01,3.909032763149273393e+00
4.711015960211419440e+00,8.229128453220867501e-01,2.237959174466838874e+01,3.909231825002193350e+00
4.717315036064823275e+00,8.229545591140488003e-01,2.240951538474061522e+01,3.909429985577771660e+00
4.723614111918226222e+00,8.229960858638228904e-01,2.243943902481283814e+01,3.909627257612992235e+00
4.729913187771630056e+00,8.230374148262942224e-01,2.246936266488506106e+01,3.909823590063391308e+00
4.736212263625033891e+00,8.230785412781131960e-01,2.249928630495728754e+01,3.910018960490787343e+00
4.742511339478436838e+00,8.231194731455060420e-01,2.252920994502951046e+01,3.910213406548566972e+00
4.748810415331840673e+00,8.231602200922063517e-01,2.255913358510173694e+01,3.910406974144112091e+00
4.755109491185244508e+00,8.232007972991600697e-01,2.258905722517395986e+01,3.910599735394218790e+00
4.761408567038648343e+00,8.232412117090233128e-01,2.261898086524618634e+01,3.910791723279842813e+00
4.767707642892051290e+00,8.232814540640859269e-01,2.264890450531840926e+01,3.910982893822407824e+00
4.774006718745455125e+00,8.233215101959744375e-01,2.267882814539063219e+01,3.911173179715324633e+00
4.780305794598858959e+00,8.233613591562282119e-01,2.270875178546285866e+01,3.911362481443330097e+00
4.786604870452261906e+00,8.234009877062478111e-01,2.273867542553508159e+01,3.911550736116709004e+00
4.792903946305666629e+00,8.234404095120677614e-01,2.276859906560730806e+01,3.911738008655698096e+00
4.799203022159069576e+00,8.234796652082111423e-01,2.279852270567953099e+01,3.911924492093827421e+00
4.805502098012473411e+00,8.235187986810026395e-01,2.282844634575175746e+01,3.912110394912247546e+00
4.811801173865877246e+00,8.235578392431875949e-01,2.285836998582398039e+01,3.912295856360597401e+00
4.818100249719280193e+00,8.235967952783869173e-01,2.288829362589620331e+01,3.912480916265109965e+00
4.824399325572684027e+00,8.236356596499505578e-01,2.291821726596842979e+01,3.912665540723263558e+00
4.830698401426087862e+00,8.236744243085493133e-01,2.294814090604065271e+01,3.912849691496873561e+00
4.836997477279491697e+00,8.237130899257610883e-01,2.297806454611287919e+01,3.913033371776257319e+00
4.843296553132894644e+00,8.237516640978073124e-01,2.300798818618510211e+01,3.913216617647121698e+00
4.849595628986298479e+00,8.237901562371942044e-01,2.303791182625732858e+01,3.913399473823397035e+00
4.855894704839702314e+00,8.238285726171075130e-01,2.306783546632955151e+01,3.913581970105734165e+00
4.862193780693105261e+00,8.238669169479690968e-01,2.309775910640177443e+01,3.913764124120420185e+00
4.868492856546509095e+00,8.239051927056210145e-01,2.312768274647400091e+01,3.913945952379378479e+00
4.874791932399912930e+00,8.239434044505024035e-01,2.315760638654622383e+01,3.914127476546886975e+00
4.881091008253316765e+00,8.239815581480777196e-01,2.318753002661845031e+01,3.914308724961771624e+00
4.887390084106719712e+00,8.240196600007280159e-01,2.321745366669067323e+01,3.914489727088325655e+00
4.893689159960124435e+00,8.240577150247833105e-01,2.324737730676289971e+01,3.914670506756529722e+00
4.899988235813527382e+00,8.240957270973773285e-01,2.327730094683512263e+01,3.914851082384633862e+00
4.906287311666930329e+00,8.241336996470872700e-01,2.330722458690734555e+01,3.915031470260028623e+00
4.912586387520335052e+00,8.241716361413077285e-01,2.333714822697957203e+01,3.915211686854505935e+00
4.918885463373737998e+00,8.242095402268252435e-01,2.336707186705179495e+01,3.915391749492056039e+00
4.925184539227141833e+00,8.242474154924149810e-01,2.339699550712402143e+01,3.915571675221087400e+00
4.931483615080545668e+00,8.242852652102077293e-01,2.342691914719624435e+01,3.915751479585794836e+00
4.937782690933949503e+00,8.243230922978449504e-01,2.345684278726847083e+01,3.915931176446378892e+00
4.944081766787352450e+00,8.243608994269717716e-01,2.348676642734069375e+01,3.916110778494438449e+00
4.950380842640756285e+00,8.243986891532311123e-01,2.351669006741291668e+01,3.916290297870506976e+00
4.956679918494160120e+00,8.244364639143432205e-01,2.354661370748514315e+01,3.916469746154928266e+00
4.962978994347563066e+00,8.244742259596633538e-01,2.357653734755736608e+01,3.916649134033221902e+00
4.969278070200966901e+00,8.245119773196336599e-01,2.360646098762959255e+01,3.916828471150963775e+00
4.975577146054370736e+00,8.245497197986761950e-01,2.363638462770181548e+01,3.917007766080027320e+00
4.981876221907774571e+00,8.245874550137868297e-01,2.366630826777404195e+01,3.917187026501920855e+00
4.988175297761177518e+00,8.246251844403175157e-01,2.369623190784626487e+01,3.917366259425274944e+00
4.994474373614581353e+00,8.246629093824123791e-01,2.372615554791848780e+01,3.917545471045402294e+00
5.000773449467985188e+00,8.247006309212747688e-01,2.375607918799071427e+01,3.917724666498538344e+00
5.007072525321388135e+00,8.247383498951899039e-01,2.378600282806293720e+01,3.917903849766941171e+00
5.013371601174792858e+00,8.247760669666551747e-01,2.381592646813516367e+01,3.918083023997791958e+00
5.019670677028195804e+00,8.248137827399644184e-01,2.384585010820738660e+01,3.918262192061777061e+00
5.025969752881599639e+00,8.248514978488463711e-01,2.387577374827961307e+01,3.918441356969413647e+00
5.032268828735003474e+00,8.248892129487456204e-01,2.390569738835183600e+01,3.918620521834377257e+00
