x_m,r_m,x_over_rt,r_over_rt
# M4.19 vitiated-air nozzle [euler] inviscid design wall (AxisMachCFDWall)
# R=2, L_U=6, L_c=11 (r_t units), M_d=5; r_t=0.149124 m
# throat x=0.000000 m r=0.149124 m; exit x=5.612967 m r=0.798453 m
-9.693060000000000009e-01,5.666712000000000415e-01,-6.500000000000000000e+00,3.799999999999999822e+00
-9.667348965517241766e-01,5.666712000000000415e-01,-6.482758620689654805e+00,3.799999999999999822e+00
-9.641637931034483522e-01,5.666712000000000415e-01,-6.465517241379310498e+00,3.799999999999999822e+00
-9.615926896551724168e-01,5.666712000000000415e-01,-6.448275862068965303e+00,3.799999999999999822e+00
-9.590215862068965924e-01,5.666712000000000415e-01,-6.431034482758620996e+00,3.799999999999999822e+00
-9.564504827586207680e-01,5.666712000000000415e-01,-6.413793103448275801e+00,3.799999999999999822e+00
-9.538793793103448326e-01,5.666712000000000415e-01,-6.396551724137930606e+00,3.799999999999999822e+00
-9.513082758620690083e-01,5.666712000000000415e-01,-6.379310344827586299e+00,3.799999999999999822e+00
-9.487371724137930729e-01,5.666712000000000415e-01,-6.362068965517241104e+00,3.799999999999999822e+00
-9.461660689655173595e-01,5.666712000000000415e-01,-6.344827586206896797e+00,3.799999999999999822e+00
-9.435949655172414241e-01,5.666712000000000415e-01,-6.327586206896551602e+00,3.799999999999999822e+00
-9.410238620689655997e-01,5.666712000000000415e-01,-6.310344827586207295e+00,3.799999999999999822e+00
-9.384527586206896643e-01,5.666712000000000415e-01,-6.293103448275862100e+00,3.799999999999999822e+00
-9.358816551724137289e-01,5.666712000000000415e-01,-6.275862068965516904e+00,3.799999999999999822e+00
-9.333105517241380156e-01,5.666712000000000415e-01,-6.258620689655172598e+00,3.799999999999999822e+00
-9.307394482758620802e-01,5.666712000000000415e-01,-6.241379310344827402e+00,3.799999999999999822e+00
-9.281683448275862558e-01,5.666712000000000415e-01,-6.224137931034483096e+00,3.799999999999999822e+00
-9.255972413793104314e-01,5.666712000000000415e-01,-6.206896551724137900e+00,3.799999999999999822e+00
-9.230261379310344960e-01,5.666712000000000415e-01,-6.189655172413792705e+00,3.799999999999999822e+00
-9.204550344827586716e-01,5.666712000000000415e-01,-6.172413793103448398e+00,3.799999999999999822e+00
-9.178839310344827362e-01,5.666712000000000415e-01,-6.155172413793103203e+00,3.799999999999999822e+00
-9.153128275862070229e-01,5.666712000000000415e-01,-6.137931034482758896e+00,3.799999999999999822e+00
-9.127417241379310875e-01,5.666712000000000415e-01,-6.120689655172413701e+00,3.799999999999999822e+00
-9.101706206896552631e-01,5.666712000000000415e-01,-6.103448275862069394e+00,3.799999999999999822e+00
-9.075995172413793277e-01,5.666712000000000415e-01,-6.086206896551724199e+00,3.799999999999999822e+00
-9.050284137931033923e-01,5.666712000000000415e-01,-6.068965517241379004e+00,3.799999999999999822e+00
-9.024573103448276790e-01,5.666712000000000415e-01,-6.051724137931034697e+00,3.799999999999999822e+00
-8.998862068965517436e-01,5.666712000000000415e-01,-6.034482758620689502e+00,3.799999999999999822e+00
-8.973151034482759192e-01,5.666712000000000415e-01,-6.017241379310345195e+00,3.799999999999999822e+00
-8.947439999999999838e-01,5.666712000000000415e-01,-6.000000000000000000e+00,3.799999999999999822e+00
-8.902477989949748594e-01,5.666708427428209793e-01,-5.969849246231155426e+00,3.799997604294552911e+00
-8.857515979899498459e-01,5.666683601104122170e-01,-5.939698492462311741e+00,3.799980956186879588e+00
-8.812553969849246105e-01,5.666616764878518175e-01,-5.909547738693467167e+00,3.799936136958851574e+00
-8.767591959798995971e-01,5.666487701375909625e-01,-5.879396984924623482e+00,3.799849589184778775e+00
-8.722629949748743616e-01,5.666276727521967205e-01,-5.849246231155778908e+00,3.799708113732174208e+00
-8.677667939698492372e-01,5.665964690070940390e-01,-5.819095477386934334e+00,3.799498866762519800e+00
-8.632705929648242238e-01,5.665532961133075140e-01,-5.788944723618090649e+00,3.799209356732031750e+00
-8.587743919597989883e-01,5.664963433702039364e-01,-5.758793969849246075e+00,3.798827441392424564e+00
-8.542781909547739749e-01,5.664238517182342836e-01,-5.728643216080402389e+00,3.798341324791678186e+00
-8.497819899497487395e-01,5.663341132916754894e-01,-5.698492462311557816e+00,3.797739554274801144e+00
-8.452857889447236150e-01,5.662254709713729905e-01,-5.668341708542713242e+00,3.797011017484596795e+00
-8.407895879396986016e-01,5.660963179374828291e-01,-5.638190954773869557e+00,3.796144939362428694e+00
-8.362933869346733662e-01,5.659450972222135334e-01,-5.608040201005024983e+00,3.795130879148986836e+00
-8.317971859296483528e-01,5.657703012625681094e-01,-5.577889447236181297e+00,3.793958727385049023e+00
-8.273009849246231173e-01,5.655704714530864763e-01,-5.547738693467336724e+00,3.792618702912250672e+00
-8.228047839195979929e-01,5.653441976985873474e-01,-5.517587939698492150e+00,3.791101349873845283e+00
-8.183085829145729795e-01,5.650901179669105545e-01,-5.487437185929648464e+00,3.789397534715475580e+00
-8.138123819095477440e-01,5.648069178416592617e-01,-5.457286432160803891e+00,3.787498443185934427e+00
-8.093161809045227306e-01,5.644933300749412908e-01,-5.427135678391960205e+00,3.785395577337928419e+00
-8.048199798994974952e-01,5.641481341401122229e-01,-5.396984924623115631e+00,3.783080752528849455e+00
-8.003237788944723707e-01,5.637701557845167244e-01,-5.366834170854271058e+00,3.780546094421533443e+00
-7.958275778894473573e-01,5.633582665822315372e-01,-5.336683417085427372e+00,3.777784035985029654e+00
-7.913313768844221219e-01,5.629113834868066935e-01,-5.306532663316582799e+00,3.774787314495364310e+00
-7.868351758793971085e-01,5.624284683840079513e-01,-5.276381909547739113e+00,3.771548968536304614e+00
-7.823389748743718730e-01,5.619085276445590083e-01,-5.246231155778894539e+00,3.768062335000127661e+00
-7.778427738693467486e-01,5.613506116768836041e-01,-5.216080402010049966e+00,3.764321046088380029e+00
-7.733465728643216242e-01,5.607538144798477342e-01,-5.185929648241206280e+00,3.760319026312650248e+00
-7.688503718592964997e-01,5.601172731955009754e-01,-5.155778894472361706e+00,3.756050489495325717e+00
-7.643541708542713753e-01,5.594401676618201424e-01,-5.125628140703517133e+00,3.751509935770366067e+00
-7.598579698492462509e-01,5.587217199654496147e-01,-5.095477386934673447e+00,3.746692148584061410e+00
-7.553617688442211264e-01,5.579611939944448817e-01,-5.065326633165828873e+00,3.741592191695802594e+00
-7.508655678391960020e-01,5.571578949910137579e-01,-5.035175879396985188e+00,3.736205406178842559e+00
-7.463693668341708776e-01,5.563111691042589291e-01,-5.005025125628140614e+00,3.730527407421065256e+00
-7.418731658291458642e-01,5.554204029429200551e-01,-4.974874371859296929e+00,3.724554082125747900e+00
-7.373769648241206287e-01,5.544850231281154285e-01,-4.944723618090452355e+00,3.718281585312326332e+00
-7.328807638190955043e-01,5.535044958460846320e-01,-4.914572864321607781e+00,3.711706337317163040e+00
-7.283845628140703798e-01,5.524783264009306416e-01,-4.884422110552764096e+00,3.704825020794309864e+00
-7.238883618090452554e-01,5.514060587673613734e-01,-4.854271356783919522e+00,3.697634577716272020e+00
-7.193921608040200200e-01,5.502872751434322307e-01,-4.824120603015074948e+00,3.690132206374777013e+00
-7.148959597989950066e-01,5.491215955032884288e-01,-4.793969849246231263e+00,3.682315358381537784e+00
-7.103997587939698821e-01,5.479086771499064312e-01,-4.763819095477386689e+00,3.674181735669016291e+00
-7.059035577889447577e-01,5.466482142678366074e-01,-4.733668341708543004e+00,3.665729287491192423e+00
-7.014073567839196333e-01,5.453399374759452245e-01,-4.703517587939698430e+00,3.656956207424325811e+00
-6.969111557788946198e-01,5.439836133801564388e-01,-4.673366834170854744e+00,3.647860930367723409e+00
-6.924149547738693844e-01,5.425790441261942876e-01,-4.643216080402010171e+00,3.638442129544501746e+00
-6.879187537688442600e-01,5.411260669523254574e-01,-4.613065326633165597e+00,3.628698713502356288e+00
-6.834225527638191355e-01,5.396245537421003879e-01,-4.582914572864321912e+00,3.618629823114323685e+00
-6.789263517587940111e-01,5.380744105770963737e-01,-4.552763819095477338e+00,3.608234828579546694e+00
-6.744301507537687757e-01,5.364755772896586672e-01,-4.522613065326632764e+00,3.597513326424040869e+00
-6.699339497487437622e-01,5.348280270156439142e-01,-4.492462311557789079e+00,3.586465136501461259e+00
-6.654377487437186378e-01,5.331317657471605909e-01,-4.462311557788944505e+00,3.575090298993861548e+00
-6.609415477386935134e-01,5.313868318853128825e-01,-4.432160804020100819e+00,3.563389071412467857e+00
-6.564453467336683889e-01,5.295932957929411211e-01,-4.402010050251256246e+00,3.551361925598435221e+00
-6.519491457286432645e-01,5.277512593473651092e-01,-4.371859296482412560e+00,3.539009544723620060e+00
-6.474529447236181401e-01,5.258608554931258894e-01,-4.341708542713567986e+00,3.526332820291340653e+00
-6.429567437185930157e-01,5.239222477947276246e-01,-4.311557788944723413e+00,3.513332849137144720e+00
-6.384605427135678912e-01,5.219356299893797013e-01,-4.281407035175879727e+00,3.500010930429573452e+00
-6.339643417085427668e-01,5.199012255397393867e-01,-4.251256281407035154e+00,3.486368562670927318e+00
-6.294681407035175313e-01,5.178192871866531544e-01,-4.221105527638190580e+00,3.472407440698030534e+00
-6.249719396984925179e-01,5.156900965018993421e-01,-4.190954773869346894e+00,3.458129452682997318e+00
-6.204757386934672825e-01,5.135139634409301435e-01,-4.160804020100502321e+00,3.443536677133996804e+00
-6.159795376884422691e-01,5.112912258956137102e-01,-4.130653266331658635e+00,3.428631379896017517e+00
-6.114833366834171446e-01,5.090222492469762550e-01,-4.100502512562814061e+00,3.413416011151634066e+00
-6.069871356783920202e-01,5.067074259179440432e-01,-4.070351758793970376e+00,3.397893202421769843e+00
-6.024909346733668958e-01,5.043471749260852732e-01,-4.040201005025125802e+00,3.382065763566462824e+00
-5.979947336683416603e-01,5.019419414363532894e-01,-4.010050251256281229e+00,3.365936679785636265e+00
-5.934985326633166469e-01,4.994921963138271304e-01,-3.979899497487437099e+00,3.349509108619853848e+00
-5.890023316582915225e-01,4.969984356764549638e-01,-3.949748743718592969e+00,3.332786376951093921e+00
-5.845061306532663981e-01,4.944611804477953010e-01,-3.919597989949748840e+00,3.315771978003509091e+00
-5.800099296482412736e-01,4.918809759097597656e-01,-3.889447236180904710e+00,3.298469568344195135e+00
-5.755137286432161492e-01,4.892583912553546410e-01,-3.859296482412060580e+00,3.280882964883953257e+00
-5.710175276381909137e-01,4.865940191414232507e-01,-3.829145728643216007e+00,3.263016141878055887e+00
-5.665213266331659003e-01,4.838884752413882828e-01,-3.798994974874371877e+00,3.244873227927015602e+00
-5.620251256281407759e-01,4.811423977979933930e-01,-3.768844221105527748e+00,3.226458502977343379e+00
-5.575289246231156515e-01,4.783564471760456960e-01,-3.738693467336683618e+00,3.207776395322320173e+00
-5.530327236180905270e-01,4.755313054151578123e-01,-3.708542713567839488e+00,3.188831478602758729e+00
-5.485365226130652916e-01,4.726676757824899155e-01,-3.678391959798994915e+00,3.169628468807769828e+00
-5.440403216080402782e-01,4.697662823254917241e-01,-3.648241206030150785e+00,3.150172221275527207e+00
-5.395441206030151537e-01,4.668278694246451033e-01,-3.618090452261306655e+00,3.130467727694033808e+00
-5.350479195979900293e-01,4.638532013462053905e-01,-3.587939698492462526e+00,3.110520113101884032e+00
-5.305517185929649049e-01,4.608430617949440533e-01,-3.557788944723618396e+00,3.090334632889032207e+00
-5.260555175879396694e-01,4.577982534668907921e-01,-3.527638190954773822e+00,3.069916669797556175e+00
-5.215593165829146560e-01,4.547195976020756425e-01,-3.497487437185929693e+00,3.049271730922424428e+00
-5.170631155778895316e-01,4.516079335372705783e-01,-3.467336683417085563e+00,3.028405444712256589e+00
-5.125669145728644072e-01,4.484641182587324471e-01,-3.437185929648241434e+00,3.007323557970094985e+00
-5.080707135678392827e-01,4.452890259549444618e-01,-3.407035175879397304e+00,2.986031932854164683e+00
-5.035745125628140473e-01,4.420835475693583039e-01,-3.376884422110552730e+00,2.964536543878639741e+00
-4.990783115577889784e-01,4.388485903531366694e-01,-3.346733668341708601e+00,2.942843474914411228e+00
-4.945821105527638539e-01,4.355850774178953722e-01,-3.316582914572864471e+00,2.920958916189851262e+00
-4.900859095477387295e-01,4.322939472884447798e-01,-3.286432160804020342e+00,2.898889161291574368e+00
-4.855897085427136606e-01,4.289761534555325273e-01,-3.256281407035176212e+00,2.876640604165208170e+00
-4.810935075376884806e-01,4.256326639285852864e-01,-3.226130653266331638e+00,2.854219736116153427e+00
-4.765973065326633562e-01,4.222644607884515344e-01,-3.195979899497487509e+00,2.831633142810356052e+00
-4.721011055276382318e-01,4.188725397401427131e-01,-3.165829145728643379e+00,2.808887501275064480e+00
-4.676049045226131073e-01,4.154579096655761639e-01,-3.135678391959799249e+00,2.785989576899601250e+00
-4.631087035175879274e-01,4.120215921763163425e-01,-3.105527638190954676e+00,2.762946220436122591e+00
-4.586125025125628585e-01,4.085646211663181981e-01,-3.075376884422110546e+00,2.739764365000390001e+00
-4.541163015075377341e-01,4.050880423646679440e-01,-3.045226130653266416e+00,2.716451023072529836e+00
-4.496201005025126096e-01,4.015929128883259924e-01,-3.015075376884422287e+00,2.693013283497800447e+00
-4.451238994974874852e-01,3.980803007948689465e-01,-2.984924623115578157e+00,2.669458308487358877e+00
-4.406276984924623052e-01,3.945512846352313696e-01,-2.954773869346733584e+00,2.645793330619023997e+00
-4.361314974874371808e-01,3.910069530064484433e-01,-2.924623115577889454e+00,2.622025649838043648e+00
-4.316352964824121119e-01,3.874484041043974591e-01,-2.894472361809045324e+00,2.598162630457856892e+00
-4.271390954773869875e-01,3.838767452765405874e-01,-2.864321608040201195e+00,2.574211698160863371e+00
-4.226428944723618630e-01,3.802930925746661472e-01,-2.834170854271357065e+00,2.550180336999182895e+00
-4.181466934673366831e-01,3.766985703076316527e-01,-2.804020100502512491e+00,2.526076086395427023e+00
-4.136504924623115587e-01,3.730943105941053606e-01,-2.773869346733668362e+00,2.501906538143459979e+00
-4.091542914572864897e-01,3.694814529153082616e-01,-2.743718592964824232e+00,2.477679333409164464e+00
-4.046580904522613653e-01,3.658611436677567386e-01,-2.713567839195980103e+00,2.453402159731208343e+00
-4.001618894472362409e-01,3.622345357160042245e-01,-2.683417085427135973e+00,2.429082748021808680e+00
-3.956656884422110609e-01,3.586027879453831946e-01,-2.653266331658291399e+00,2.404728869567495320e+00
-3.911694874371859365e-01,3.549670648147481566e-01,-2.623115577889447270e+00,2.380348333029882024e+00
-3.866732864321608121e-01,3.513285359092165328e-01,-2.592964824120603140e+00,2.355948981446423840e+00
-3.821770854271357432e-01,3.476883754929115944e-01,-2.562814070351759010e+00,2.331538689231187345e+00
-3.776808844221106187e-01,3.440477620617044541e-01,-2.532663316582914881e+00,2.307125359175615120e+00
-3.731846834170854388e-01,3.404078778959557794e-01,-2.502512562814070307e+00,2.282716919449288895e+00
-3.686884824120603144e-01,3.367699086132584507e-01,-2.472361809045226178e+00,2.258321320600697568e+00
-3.641922814070351899e-01,3.331350427211793308e-01,-2.442211055276382048e+00,2.233946532558000797e+00
-3.596960804020101210e-01,3.295044711700014783e-01,-2.412060301507537918e+00,2.209600541629794357e+00
-3.551998793969849966e-01,3.258793869054659731e-01,-2.381909547738693789e+00,2.185291347505874171e+00
-3.507036783919598166e-01,3.222609844215148511e-01,-2.351758793969849215e+00,2.161026960258005669e+00
-3.462074773869346922e-01,3.186504593130322083e-01,-2.321608040201005085e+00,2.136815397340684264e+00
-3.417112763819095678e-01,3.150490078285867468e-01,-2.291457286432160956e+00,2.112664680591901600e+00
-3.372150753768844988e-01,3.114578264231741001e-01,-2.261306532663316826e+00,2.088582833233913139e+00
-3.327188743718593744e-01,3.078781113109584355e-01,-2.231155778894472697e+00,2.064577876874000406e+00
-3.282226733668341945e-01,3.043110580180150571e-01,-2.201005025125628123e+00,2.040657828505237692e+00
-3.237264723618090700e-01,3.007578609350726739e-01,-2.170854271356783993e+00,2.016830697507260073e+00
-3.192302713567839456e-01,2.972197128702542823e-01,-2.140703517587939864e+00,1.993104482647020337e+00
-3.147340703517588212e-01,2.936978046018209332e-01,-2.110552763819095734e+00,1.969487169079564115e+00
-3.102378693467337523e-01,2.901933244309126136e-01,-2.080402010050251604e+00,1.945986725348787694e+00
-3.057416683417085723e-01,2.867074577342912933e-01,-2.050251256281407031e+00,1.922611100388209149e+00
-3.012454673366834479e-01,2.832413865170815837e-01,-2.020100502512562901e+00,1.899368220521724160e+00
-2.967492663316583235e-01,2.797962889655150054e-01,-1.989949748743718771e+00,1.876265986464385138e+00
-2.922530653266331435e-01,2.763733389996698708e-01,-1.959798994974874198e+00,1.853312270323152822e+00
-2.877568643216081301e-01,2.729737058262151073e-01,-1.929648241206030512e+00,1.830514912597671184e+00
-2.832606633165829502e-01,2.695985534911511938e-01,-1.899497487437185939e+00,1.807881719181025026e+00
-2.787644623115578812e-01,2.662490404325531523e-01,-1.869346733668342253e+00,1.785420458360513107e+00
-2.742682613065327013e-01,2.629263190333120392e-01,-1.839195979899497679e+00,1.763138857818406402e+00
-2.697720603015075214e-01,2.596315351738768817e-01,-1.809045226130653106e+00,1.741044601632714128e+00
-2.652758592964824524e-01,2.563658277849983347e-01,-1.778894472361809420e+00,1.719145327277958657e+00
-2.607796582914573280e-01,2.531303284004682852e-01,-1.748743718592964846e+00,1.697448622625923775e+00
-2.562834572864322591e-01,2.499261607098644256e-01,-1.718592964824121161e+00,1.675962022946436702e+00
-2.517872562814070792e-01,2.467544401112901631e-01,-1.688442211055276587e+00,1.654693007908117686e+00
-2.472910552763818992e-01,2.436162732641187489e-01,-1.658291457286432014e+00,1.633648998579160461e+00
-2.427948542713568580e-01,2.405127576417341595e-01,-1.628140703517588328e+00,1.612837354428087622e+00
-2.382986532663316781e-01,2.374449810842734765e-01,-1.597989949748743754e+00,1.592265370324518203e+00
-2.338024522613066369e-01,2.344140213513686566e-01,-1.567839195979900069e+00,1.571940273539930821e+00
-2.293062512562814570e-01,2.314209456748896332e-01,-1.537688442211055495e+00,1.551869220748435030e+00
-2.248100502512562771e-01,2.284668103116850868e-01,-1.507537688442210921e+00,1.532059295027528023e+00
-2.203138492462312359e-01,2.255526600963266293e-01,-1.477386934673367236e+00,1.512517502858873319e+00
-2.158176482412060559e-01,2.226795279938472150e-01,-1.447236180904522662e+00,1.493250771129041699e+00
-2.113214472361810148e-01,2.198484346524882116e-01,-1.417085427135678977e+00,1.474265944130308981e+00
-2.068252462311558348e-01,2.170603879564365069e-01,-1.386934673366834403e+00,1.455569780561388527e+00
-2.023290452261306549e-01,2.143163825785711352e-01,-1.356783919597989829e+00,1.437168950528225686e+00
-1.978328442211055860e-01,2.116173995332020497e-01,-1.326633165829146144e+00,1.419070032544741622e+00
-1.933366432160804060e-01,2.089644057288129186e-01,-1.296482412060301570e+00,1.401279510533602224e+00
-1.888404422110553649e-01,2.063583535208048103e-01,-1.266331658291457885e+00,1.383803770826995017e+00
-1.843442412060301849e-01,2.038001802642372962e-01,-1.236180904522613311e+00,1.366649099167386083e+00
-1.798480402010050050e-01,2.012908078665697764e-01,-1.206030150753768737e+00,1.349821677708281431e+00
-1.753518391959799638e-01,1.988311423404038047e-01,-1.175879396984925052e+00,1.333327582014992796e+00
-1.708556381909547839e-01,1.964220733562278276e-01,-1.145728643216080478e+00,1.317172778065420768e+00
-1.663594371859297427e-01,1.940644737951548737e-01,-1.115577889447236792e+00,1.301363119250790401e+00
-1.618632361809045628e-01,1.917591993016682650e-01,-1.085427135678392219e+00,1.285904343376440107e+00
-1.573670351758793828e-01,1.895070878363621092e-01,-1.055276381909547645e+00,1.270802069662576805e+00
-1.528708341708543417e-01,1.873089592286837357e-01,-1.025125628140703959e+00,1.256061795745042620e+00
-1.483746331658291617e-01,1.851656147296758537e-01,-9.949748743718593857e-01,1.241688894676080679e+00
-1.438784321608041206e-01,1.830778365647182382e-01,-9.648241206030157002e-01,1.227688611925097373e+00
-1.393822311557789406e-01,1.810463874862703049e-01,-9.346733668341711265e-01,1.214066062379431266e+00
-1.348860301507537607e-01,1.790720103266144336e-01,-9.045226130653265528e-01,1.200826227345125119e+00
-1.303898291457287195e-01,1.771554275505940190e-01,-8.743718592964828673e-01,1.187973951547665052e+00
-1.258936281407035396e-01,1.752973408083607632e-01,-8.442211055276382936e-01,1.175513940132780544e+00
-1.213974271356784984e-01,1.734984304881132255e-01,-8.140703517587946081e-01,1.163450755667184477e+00
-1.169012261306533185e-01,1.717593552688411740e-01,-7.839195979899500344e-01,1.151788815139354938e+00
-1.124050251256281385e-01,1.700807516730645508e-01,-7.537688442211054607e-01,1.140532386960278366e+00
-1.079088241206030835e-01,1.684632336195788505e-01,-7.236180904522617752e-01,1.129685587964236682e+00
-1.034126231155779174e-01,1.669073919761972502e-01,-6.934673366834172015e-01,1.119252380409573533e+00
-9.891642211055286238e-02,1.654137941124886324e-01,-6.633165829145735159e-01,1.109236568979430793e+00
-9.442022110552768244e-02,1.639829834525246555e-01,-6.331658291457289423e-01,1.099641797782547670e+00
-8.992402010050250249e-02,1.626154790276184703e-01,-6.030150753768843686e-01,1.090471547354003867e+00
-8.542781909547746133e-02,1.613117750290696262e-01,-5.728643216080406830e-01,1.081729131656001819e+00
-8.093161809045228139e-02,1.600723403609034257e-01,-5.427135678391961093e-01,1.073417695078615175e+00
-7.643541708542724022e-02,1.588976181926138598e-01,-5.125628140703524238e-01,1.065540209440558606e+00
-7.193921608040206028e-02,1.577880255119073760e-01,-4.824120603015078501e-01,1.058099470989963820e+00
-6.744301507537688034e-02,1.567439526774421776e-01,-4.522613065326632764e-01,1.051098097405127163e+00
-6.294681407035183918e-02,1.557657629715740455e-01,-4.221105527638195909e-01,1.044538524795298073e+00
-5.845061306532665923e-02,1.548537921530942219e-01,-3.919597989949750172e-01,1.038423004701417796e+00
-5.395441206030161113e-02,1.540083480099742330e-01,-3.618090452261313317e-01,1.032753601096900731e+00
-4.945821105527643119e-02,1.532297099121072148e-01,-3.316582914572867580e-01,1.027532187388396245e+00
-4.496201005025125125e-02,1.525181283640516805e-01,-3.015075376884421843e-01,1.022760443416563803e+00
-4.046580904522621008e-02,1.518738245577691826e-01,-2.713567839195984988e-01,1.018439852456809014e+00
-3.596960804020103014e-02,1.512969899253713557e-01,-2.412060301507539251e-01,1.014571698220080975e+00
-3.147340703517585020e-02,1.507877856918596049e-01,-2.110552763819093514e-01,1.011157061853622530e+00
-2.697720603015080557e-02,1.503463424278681793e-01,-1.809045226130656658e-01,1.008196818941740958e+00
-2.248100502512562562e-02,1.499727596024051923e-01,-1.507537688442210921e-01,1.005691636506566233e+00
-1.798480402010058099e-02,1.496671051355939475e-01,-1.206030150753774066e-01,1.003641970008811057e+00
-1.348860301507540278e-02,1.494294149514192316e-01,-9.045226130653283292e-02,1.002048060348563752e+00
-8.992402010050224576e-03,1.492596925304623678e-01,-6.030150753768825922e-02,1.000909930866006547e+00
-4.496201005025178207e-03,1.491579084626528107e-01,-3.015075376884457370e-02,1.000227384342244008e+00
0.000000000000000000e+00,1.491239999999999788e-01,0.000000000000000000e+00,9.999999999999997780e-01
7.024990336038755036e-03,1.492304106307009715e-01,4.710838185696973601e-02,1.000713571462011231e+00
1.404998067207751007e-02,1.494921250627049003e-01,9.421676371393947202e-02,1.002468583612999176e+00
2.107497100811626251e-02,1.499055637900482130e-01,1.413251455709091942e-01,1.005241032899118814e+00
2.809996134415502014e-02,1.504788018461408194e-01,1.884335274278789440e-01,1.009085069111214983e+00
3.512495168019377778e-02,1.512155420977733256e-01,2.355419092848486939e-01,1.014025523039707277e+00
4.214994201623252501e-02,1.521275709681789157e-01,2.826502911418183883e-01,1.020141432419858107e+00
4.917493235227128612e-02,1.532208655799903729e-01,3.297586729987881382e-01,1.027472878812198953e+00
5.619992268831004029e-02,1.545227434395014532e-01,3.768670548557578881e-01,1.036203048734619880e+00
6.322491302434879445e-02,1.560601697639901198e-01,4.239754367127276380e-01,1.046512766315214948e+00
7.024990336038755556e-02,1.578894154010192508e-01,4.710838185696973879e-01,1.058779374218900005e+00
7.727489369642631667e-02,1.600650219561307874e-01,5.181922004266671378e-01,1.073368619109806410e+00
8.429988403246505002e-02,1.625103477844264122e-01,5.653005822836367766e-01,1.089766555245476276e+00
9.132487436850381113e-02,1.651098235574642303e-01,6.124089641406065265e-01,1.107198194505674582e+00
9.834986470454257224e-02,1.678089464133565023e-01,6.595173459975762764e-01,1.125298050034578612e+00
1.053748550405813195e-01,1.705794106049831338e-01,7.066257278545460263e-01,1.143876308340596504e+00
1.123998453766200806e-01,1.734042171574624036e-01,7.537341097115157762e-01,1.162818977209989058e+00
1.194248357126588417e-01,1.762713259553512213e-01,8.008424915684855261e-01,1.182045317690990194e+00
1.264498260486975889e-01,1.791725192975862357e-01,8.479508734254552760e-01,1.201500223287909508e+00
1.334748163847363500e-01,1.821009003274884908e-01,8.950592552824250259e-01,1.221137444861246202e+00
1.404998067207751111e-01,1.850508858154517877e-01,9.421676371393947758e-01,1.240919542229632855e+00
1.475247970568138445e-01,1.880181588058359998e-01,9.892760189963644146e-01,1.260817566628014141e+00
1.545497873928526333e-01,1.909988206328576132e-01,1.036384400853334276e+00,1.280805374271462682e+00
1.615747777288913944e-01,1.939896907471861942e-01,1.083492782710304025e+00,1.300861636940976451e+00
1.685997680649301000e-01,1.969880440003672073e-01,1.130601164567273553e+00,1.320968080257820310e+00
1.756247584009688611e-01,1.999914675235573980e-01,1.177709546424243303e+00,1.341108523936840324e+00
1.826497487370076223e-01,2.029978943901720456e-01,1.224817928281213053e+00,1.361269107522411037e+00
1.896747390730463834e-01,2.060054744848508756e-01,1.271926310138182803e+00,1.381437424457839569e+00
1.966997294090851445e-01,2.090126463801307011e-01,1.319034691995152553e+00,1.401603004078020298e+00
2.037247197451239056e-01,2.120180442907822205e-01,1.366143073852122303e+00,1.421756687661155816e+00
2.107497100811626389e-01,2.150201981792710659e-01,1.413251455709092053e+00,1.441888617387349081e+00
2.177747004172014000e-01,2.180177794177026729e-01,1.460359837566061803e+00,1.461989883705524740e+00
2.247996907532401611e-01,2.210098803330563244e-01,1.507468219423031552e+00,1.482054399915884169e+00
2.318246810892789223e-01,2.239957037949733276e-01,1.554576601280001302e+00,1.502076820598785778e+00
2.388496714253176834e-01,2.269744293401160795e-01,1.601684983136971052e+00,1.522051643867627480e+00
2.458746617613564445e-01,2.299454753419748476e-01,1.648793364993940802e+00,1.541974969434664056e+00
2.528996520973951778e-01,2.329083353244006116e-01,1.695901746850910552e+00,1.561843400957596328e+00
2.599246424334339389e-01,2.358620551147961875e-01,1.743010128707880302e+00,1.581650539918431519e+00
2.669496327694727000e-01,2.388055235726804226e-01,1.790118510564850052e+00,1.601388935199434149e+00
2.739746231055114611e-01,2.417384066141829990e-01,1.837226892421819802e+00,1.621056346491396294e+00
2.809996134415502222e-01,2.446610421026771398e-01,1.884335274278789552e+00,1.640655039448225105e+00
2.880246037775889278e-01,2.475732395935536789e-01,1.931443656135759079e+00,1.660183736980993530e+00
2.950495941136276890e-01,2.504738968601185056e-01,1.978552037992728829e+00,1.679635047746295129e+00
3.020745844496665056e-01,2.533620738447714404e-01,2.025660419849698801e+00,1.699002667878888984e+00
3.090995747857052667e-01,2.562379027647490037e-01,2.072768801706668551e+00,1.718287484004915378e+00
3.161245651217440278e-01,2.591021222200396434e-01,2.119877183563638301e+00,1.737494449049379108e+00
3.231495554577827889e-01,2.619551030366730204e-01,2.166985565420608051e+00,1.756626049708115422e+00
3.301745457938215500e-01,2.647965261109015978e-01,2.214093947277577801e+00,1.775680146126053405e+00
3.371995361298602001e-01,2.676257710816947188e-01,2.261202329134547107e+00,1.794652578268385312e+00
3.442245264658989612e-01,2.704422746855518755e-01,2.308310710991516856e+00,1.813539568986560768e+00
3.512495168019377223e-01,2.732456064429505949e-01,2.355419092848486606e+00,1.832338231558639619e+00
3.582745071379764834e-01,2.760354550535095153e-01,2.402527474705456356e+00,1.851046478457588851e+00
3.652994974740152445e-01,2.788116124277850161e-01,2.449635856562426106e+00,1.869662914271243981e+00
3.723244878100540056e-01,2.815739577190662923e-01,2.496744238419395856e+00,1.888186728622262667e+00
3.793494781460927667e-01,2.843224413551713181e-01,2.543852620276365606e+00,1.906617589088083209e+00
3.863744684821315278e-01,2.870570690702420324e-01,2.590961002133335356e+00,1.924955534120879275e+00
3.933994588181702889e-01,2.897778859365397475e-01,2.638069383990305106e+00,1.943200865967515067e+00
4.004244491542090501e-01,2.924849603962412226e-01,2.685177765847274856e+00,1.961354043589504270e+00
4.074494394902478112e-01,2.951783682932505593e-01,2.732286147704244605e+00,1.979415575583075571e+00
4.144744298262865723e-01,2.978581772390951898e-01,2.779394529561214355e+00,1.997385915339550788e+00
4.214994201623252779e-01,3.005244364633901100e-01,2.826502911418184105e+00,2.015265392984295634e+00
4.285244104983640390e-01,3.031771769505021141e-01,2.873611293275153855e+00,2.033054216293165961e+00
4.355494008344028001e-01,3.058164145435910974e-01,2.920719675132123605e+00,2.050752491507678688e+00
4.425743911704415612e-01,3.084421531155766005e-01,2.967828056989093355e+00,2.068360244598968389e+00
4.495993815064803223e-01,3.110543877401020785e-01,3.014936438846063105e+00,2.085877442531732573e+00
4.566243718425190834e-01,3.136531078625021673e-01,3.062044820703032855e+00,2.103304014528192489e+00
4.636493621785578445e-01,3.162383004707682299e-01,3.109153202560002605e+00,2.120639873332047287e+00
4.706743525145966056e-01,3.188099532665135127e-01,3.156261584416972354e+00,2.137884936472422392e+00
4.776993428506353667e-01,3.213680578359391360e-01,3.203369966273942104e+00,2.155039147527823218e+00
4.847243331866741278e-01,3.239126128208003608e-01,3.250478348130911854e+00,2.172102497390093756e+00
4.917493235227128889e-01,3.264436270800393225e-01,3.297586729987881604e+00,2.189075045465782132e+00
4.987743138587516500e-01,3.289611222683254121e-01,3.344695111844851354e+00,2.205956936967392146e+00
5.057993041947903556e-01,3.314651330018458797e-01,3.391803493701821104e+00,2.222748404025145952e+00
5.128242945308291167e-01,3.339557055082381654e-01,3.438911875558790854e+00,2.239449756633661526e+00
5.198492848668678779e-01,3.364328961600358547e-01,3.486020257415760604e+00,2.256061372817493194e+00
5.268742752029066390e-01,3.388967700080777190e-01,3.533128639272730354e+00,2.272583688796422585e+00
5.338992655389454001e-01,3.413473993149167551e-01,3.580237021129700103e+00,2.289017189150751808e+00
5.409242558749841612e-01,3.437848620882302253e-01,3.627345402986669853e+00,2.305362396986603279e+00
5.479492462110229223e-01,3.462092406142291412e-01,3.674453784843639603e+00,2.321619864101212016e+00
5.549742365470616834e-01,3.486206199910668047e-01,3.721562166700609353e+00,2.337790161148217472e+00
5.619992268831004445e-01,3.510190866622488470e-01,3.768670548557579103e+00,2.353873867802961595e+00
5.690242172191390946e-01,3.534047269500431576e-01,3.815778930414548409e+00,2.369871562927786002e+00
5.760492075551778557e-01,3.557776255938513432e-01,3.862887312271518159e+00,2.385783814770602529e+00
5.830741978912166168e-01,3.581378645442789277e-01,3.909995694128487909e+00,2.401611172878134415e+00
5.900991882272553779e-01,3.604855227170619680e-01,3.957104075985457659e+00,2.417354166445789598e+00
5.971241785632942500e-01,3.628206762983914868e-01,4.004212457842427852e+00,2.433013306365115369e+00
6.041491688993330111e-01,3.651433990876164493e-01,4.051320839699397602e+00,2.448589087521904073e+00
6.111741592353717722e-01,3.674537628399480726e-01,4.098429221556367352e+00,2.464081991094311253e+00
6.181991495714105334e-01,3.697518376091676329e-01,4.145537603413337102e+00,2.479492486850993771e+00
6.252241399074492945e-01,3.720376920903309403e-01,4.192645985270306852e+00,2.494821035449229729e+00
6.322491302434880556e-01,3.743113939624754805e-01,4.239754367127276602e+00,2.510068090733050816e+00
6.392741205795268167e-01,3.765730102313256666e-01,4.286862748984246352e+00,2.525234102031367556e+00
6.462991109155655778e-01,3.788226075719993147e-01,4.333971130841216102e+00,2.540319516456098992e+00
6.533241012516043389e-01,3.810602526717137839e-01,4.381079512698185852e+00,2.555324781200301487e+00
6.603490915876431000e-01,3.832860125724872336e-01,4.428187894555155601e+00,2.570250345836265105e+00
6.673740819236818611e-01,3.854999550027121691e-01,4.475296276412125351e+00,2.585096664538988787e+00
6.743990722597204002e-01,3.877021485684935542e-01,4.522404658269094213e+00,2.599864197369260221e+00
6.814240625957591613e-01,3.898926627269218570e-01,4.569513040126063963e+00,2.614553410094430319e+00
6.884490529317979224e-01,3.920715677079803507e-01,4.616621421983033713e+00,2.629164773664737442e+00
6.954740432678366835e-01,3.942389344356752590e-01,4.663729803840003463e+00,2.643698763684418473e+00
7.024990336038754446e-01,3.963948344491621811e-01,4.710838185696973213e+00,2.658155859882796790e+00
7.095240239399142057e-01,3.985393398238763485e-01,4.757946567553942963e+00,2.672536545585394219e+00
7.165490142759529668e-01,4.006725230926592718e-01,4.805054949410912712e+00,2.686841307185022121e+00
7.235740046119917279e-01,4.027944571668886642e-01,4.852163331267882462e+00,2.701070633612890237e+00
7.305989949480304890e-01,4.049052152576055330e-01,4.899271713124852212e+00,2.715225015809698661e+00
7.376239852840692501e-01,4.070048707966436030e-01,4.946380094981821962e+00,2.729304946196746240e+00
7.446489756201080112e-01,4.090934973577569633e-01,4.993488476838791712e+00,2.743310918147024768e+00
7.516739659561467723e-01,4.111711685777486580e-01,5.040596858695761462e+00,2.757243425456322505e+00
7.586989562921855335e-01,4.132379580775378258e-01,5.087705240552731212e+00,2.771102961813912025e+00
7.657239466282242946e-01,4.152939393820741509e-01,5.134813622409700962e+00,2.784890020265511357e+00
7.727489369642630557e-01,4.173391858379063568e-01,5.181922004266670712e+00,2.798605092660512828e+00
7.797739273003018168e-01,4.193737705300091823e-01,5.229030386123640461e+00,2.812248669094238096e+00
7.867989176363405779e-01,4.213977661985924827e-01,5.276138767980610211e+00,2.825821237350074178e+00
7.938239079723793390e-01,4.234112451559065571e-01,5.323247149837579961e+00,2.839323282341585042e+00
8.008488983084181001e-01,4.254142792030525255e-01,5.370355531694549711e+00,2.852755285554656073e+00
8.078738886444568612e-01,4.274069395467884336e-01,5.417463913551519461e+00,2.866117724489608776e+00
8.148988789804956223e-01,4.293892967163376873e-01,5.464572295408489211e+00,2.879411072103334579e+00
8.219238693165343834e-01,4.313614204801969332e-01,5.511680677265458961e+00,2.892635796251421088e+00
8.289488596525731445e-01,4.333233797629441608e-01,5.558789059122428711e+00,2.905792359130281888e+00
8.359738499886119056e-01,4.352752425620451393e-01,5.605897440979398461e+00,2.918881216719274807e+00
8.429988403246505557e-01,4.372170758646631850e-01,5.653005822836368210e+00,2.931902818222842377e+00
8.500238306606893168e-01,4.391489455644755902e-01,5.700114204693337960e+00,2.944857605512698040e+00
8.570488209967280779e-01,4.410709163856975645e-01,5.747222586550307710e+00,2.957746012618341247e+00
8.640738113327668390e-01,4.429830518763803737e-01,5.794330968407277460e+00,2.970568465682119186e+00
8.710988016688056002e-01,4.448854144897598228e-01,5.841439350264247210e+00,2.983325383504733086e+00
8.781237920048443613e-01,4.467780656821190854e-01,5.888547732121216960e+00,2.996017178201490605e+00
8.851487823408831224e-01,4.486610660107995252e-01,5.935656113978186710e+00,3.008644255859549865e+00
8.921737726769218835e-01,4.505344752322144042e-01,5.982764495835156460e+00,3.021207017195182587e+00
8.991987630129606446e-01,4.523983523998590939e-01,6.029872877692126210e+00,3.033705858211012796e+00
9.062237533489994057e-01,4.542527559623260047e-01,6.076981259549095959e+00,3.046141170853289726e+00
9.132487436850381668e-01,4.560977438613146862e-01,6.124089641406065709e+00,3.058513343669125639e+00
9.202737340210769279e-01,4.579333736296450907e-01,6.171198023263035459e+00,3.070822762463755407e+00
9.272987243571156890e-01,4.597597024892697837e-01,6.218306405120005209e+00,3.083069810957792090e+00
9.343237146931544501e-01,4.615767874492859857e-01,6.265414786976974959e+00,3.095254871444475420e+00
9.413487050291932112e-01,4.633846854039480601e-01,6.312523168833944709e+00,3.107378325446930489e+00
9.483736953652319723e-01,4.651834532306796666e-01,6.359631550690914459e+00,3.119440554375416674e+00
9.553986857012707334e-01,4.669731478863499152e-01,6.406739932547884209e+00,3.131441940172942751e+00
9.624236760373094945e-01,4.687538264637140517e-01,6.453848314404853959e+00,3.143382865693745032e+00
9.694486663733482557e-01,4.705255461544211593e-01,6.500956696261823708e+00,3.155263714455226243e+00
9.764736567093870168e-01,4.722883641780389885e-01,6.548065078118793458e+00,3.167084870162006016e+00
9.834986470454257779e-01,4.740423377099290403e-01,6.595173459975763208e+00,3.178846716222264668e+00
9.905236373814645390e-01,4.757875238091219816e-01,6.642281841832732958e+00,3.190549635264088746e+00
9.975486277175033001e-01,4.775239793461935611e-01,6.689390223689702708e+00,3.202194008651817025e+00
1.004573618053542061e+00,4.792517609311400806e-01,6.736498605546672458e+00,3.213780216002387835e+00
1.011598608389580711e+00,4.809709248412529781e-01,6.783606987403642208e+00,3.225308634701677502e+00
1.018623598725619583e+00,4.826815269489958538e-01,6.830715369260611958e+00,3.236779639420856558e+00
1.025648589061658233e+00,4.843836226498784425e-01,6.877823751117581708e+00,3.248193601632724636e+00
1.032673579397697106e+00,4.860772667903332511e-01,6.924932132974551457e+00,3.259550889128062678e+00
1.039698569733735756e+00,4.877625135955909741e-01,6.972040514831521207e+00,3.270851865531979819e+00
1.046723560069774628e+00,4.894394165975549660e-01,7.019148896688490957e+00,3.282096889820250052e+00
1.053748550405813278e+00,4.911080285626781561e-01,7.066257278545460707e+00,3.293286315835667999e+00
1.060773540741852150e+00,4.927684014218980946e-01,7.113365660402430457e+00,3.304420491818205630e+00
1.067798531077890800e+00,4.944205862341713442e-01,7.160474042259400207e+00,3.315499760160479426e+00
1.074823521413929672e+00,4.960646332127362501e-01,7.207582424116369957e+00,3.326524457583864613e+00
1.081848511749968322e+00,4.977005917693832493e-01,7.254690805973339707e+00,3.337494915435363918e+00
1.088873502086007194e+00,4.993285105591291906e-01,7.301799187830309457e+00,3.348411459987186145e+00
1.095898492422045845e+00,5.009484375248905996e-01,7.348907569687279207e+00,3.359274412736317217e+00
1.102923482758084717e+00,5.025604199421569440e-01,7.396015951544248956e+00,3.370084090704091651e+00
1.109948473094123367e+00,5.041645044636645645e-01,7.443124333401218706e+00,3.380840806735767146e+00
1.116973463430162239e+00,5.057607371640701066e-01,7.490232715258188456e+00,3.391544869800100059e+00
1.123998453766200889e+00,5.073491635846244519e-01,7.537341097115158206e+00,3.402196585288916442e+00
1.131023444102239539e+00,5.089298287778453167e-01,7.584449478972127068e+00,3.412796255316684402e+00
1.138048434438278189e+00,5.105027773521920720e-01,7.631557860829096818e+00,3.423344179020090916e+00
1.145073424774317061e+00,5.120680535167384528e-01,7.678666242686066568e+00,3.433840652857611531e+00
1.152098415110355711e+00,5.136257011258463789e-01,7.725774624543036317e+00,3.444285970909084948e+00
1.159123405446394584e+00,5.151757637238394416e-01,7.772883006400006067e+00,3.454680425175286729e+00
1.166148395782433234e+00,5.167182845895623711e-01,7.819991388256975817e+00,3.465024305876736044e+00
1.173173386118472106e+00,5.182533067742820521e-01,7.867099770113945567e+00,3.475317901707853707e+00
1.180198376454510756e+00,5.197808731130023618e-01,7.914208151970915317e+00,3.485561499912840144e+00
1.187223366790549628e+00,5.213010262196086098e-01,7.961316533827885067e+00,3.495755386253108554e+00
1.194248357126588500e+00,5.228138084808220398e-01,8.008424915684855705e+00,3.505899844966752443e+00
1.201273347462627150e+00,5.243192620501567758e-01,8.055533297541824567e+00,3.515995158728016268e+00
1.208298337798666022e+00,5.258174288418753228e-01,8.102641679398795205e+00,3.526041608606765632e+00
1.215323328134704672e+00,5.273083505249441805e-01,8.149750061255764066e+00,3.536039474027951268e+00
1.222348318470743544e+00,5.287920685169892332e-01,8.196858443112734705e+00,3.545989032731077906e+00
1.229373308806782195e+00,5.302686239782516964e-01,8.243966824969703566e+00,3.555890560729672689e+00
1.236398299142821067e+00,5.317380578055439511e-01,8.291075206826674204e+00,3.565744332270754047e+00
1.243423289478859717e+00,5.332004106262050458e-01,8.338183588683643066e+00,3.575550619794299223e+00
1.250448279814898589e+00,5.346557227920565314e-01,8.385291970540613704e+00,3.585309693892710037e+00
1.257473270150937239e+00,5.361040343733582958e-01,8.432400352397582566e+00,3.595021823270287076e+00
1.264498260486976111e+00,5.375453851527637328e-01,8.479508734254553204e+00,3.604687274702688349e+00
1.271523250823014761e+00,5.389798146192759098e-01,8.526617116111522066e+00,3.614306312996404813e+00
1.278548241159053633e+00,5.404073619622189462e-01,8.573725497968492704e+00,3.623879200948330936e+00
1.285573231495092283e+00,5.418280660657265324e-01,8.620833879825461565e+00,3.633406199308806706e+00
1.292598221831131156e+00,5.432419655047920903e-01,8.667942261682432203e+00,3.642887566755130369e+00
1.299623212167169806e+00,5.446490985420388009e-01,8.715050643539401065e+00,3.652323559869898428e+00
1.306648202503208678e+00,5.460495031245261588e-01,8.762159025396371703e+00,3.661714433119592993e+00
1.313673192839247106e+00,5.474432168805583032e-01,8.809267407253340565e+00,3.671060438833174455e+00
1.320698183175286200e+00,5.488302771164894622e-01,8.856375789110311203e+00,3.680361827180664402e+00
1.327723173511324628e+00,5.502107208135325056e-01,8.903484170967280065e+00,3.689618846151742737e+00
1.334748163847363722e+00,5.515845846245643891e-01,8.950592552824250703e+00,3.698831741534323037e+00
1.341773154183402150e+00,5.529519048709341522e-01,8.997700934681219564e+00,3.708000756893150118e+00
1.348798144519440800e+00,5.543127175392695838e-01,9.044809316538188426e+00,3.717126133548386502e+00
1.355823134855479672e+00,5.556670582782843315e-01,9.091917698395159064e+00,3.726208110554198871e+00
1.362848125191518323e+00,5.570149623955845675e-01,9.139026080252127926e+00,3.735246924677345870e+00
1.369873115527557195e+00,5.583564648544764308e-01,9.186134462109098564e+00,3.744242810375770780e+00
1.376898105863595845e+00,5.596916002707732485e-01,9.233242843966067426e+00,3.753195999777187097e+00
1.383923096199634717e+00,5.610204029096006462e-01,9.280351225823038064e+00,3.762106722657657887e+00
1.390948086535673367e+00,5.623429066822190903e-01,9.327459607680006926e+00,3.770975206420288384e+00
1.397973076871712239e+00,5.636591451441393952e-01,9.374567989536977564e+00,3.779801676082584549e+00
1.404998067207750889e+00,5.649691514999070074e-01,9.421676371393946425e+00,3.788586354308541626e+00
1.412023057543789761e+00,5.662729586129718884e-01,9.468784753250917063e+00,3.797329461474825418e+00
1.419048047879828411e+00,5.675705990160648806e-01,9.515893135107885925e+00,3.806031215740356188e+00
1.426073038215867284e+00,5.688621049215749625e-01,9.563001516964856563e+00,3.814691833115896102e+00
1.433098028551905934e+00,5.701475082319247267e-01,9.610109898821825425e+00,3.823311527533627796e+00
1.440123018887944806e+00,5.714268405499488557e-01,9.657218280678796063e+00,3.831890510916746262e+00
1.447148009223983456e+00,5.727001331892710434e-01,9.704326662535764925e+00,3.840428993249047629e+00
1.454172999560022328e+00,5.739674171846796957e-01,9.751435044392735563e+00,3.848927182644508171e+00
1.461197989896060978e+00,5.752287233025062951e-01,9.798543426249704424e+00,3.857385285416876197e+00
1.468222980232099850e+00,5.764840820510012120e-01,9.845651808106675063e+00,3.865803506149252833e+00
1.475247970568138500e+00,5.777335236907118476e-01,9.892760189963643924e+00,3.874182047763685688e+00
1.482272960904177372e+00,5.789770782448585562e-01,9.939868571820614562e+00,3.882521111590746532e+00
1.489297951240216022e+00,5.802147755097118997e-01,9.986976953677583424e+00,3.890820897439123627e+00
1.496322941576254895e+00,5.814466450649704576e-01,1.003408533553455406e+01,3.899081603665207840e+00
1.503347931912293545e+00,5.826727162841360830e-01,1.008119371739152292e+01,3.907303427242670768e+00
1.510372922248332417e+00,5.838930183448149958e-01,1.012830209924849356e+01,3.915486563831542366e+00
1.517397912584371067e+00,5.851075802371812351e-01,1.017541048110546242e+01,3.923631207834964219e+00
1.524422902920409939e+00,5.863164307680390763e-01,1.022251886296243306e+01,3.931737552426430415e+00
1.531447893256448589e+00,5.875195985632480911e-01,1.026962724481940192e+01,3.939805789566053207e+00
1.538472883592487461e+00,5.887171120700924742e-01,1.031673562667637256e+01,3.947836110016445854e+00
1.545497873928526111e+00,5.899089995596473734e-01,1.036384400853334142e+01,3.955828703358596599e+00
1.552522864264564983e+00,5.910952891291483269e-01,1.041095239039031206e+01,3.963783758007754177e+00
1.559547854600603634e+00,5.922760087043590360e-01,1.045806077224728092e+01,3.971701461229306229e+00
1.566572844936642506e+00,5.934511860419388052e-01,1.050516915410425156e+01,3.979581999154655048e+00
1.573597835272681156e+00,5.946208487318119795e-01,1.055227753596122042e+01,3.987425556797107973e+00
1.580622825608720028e+00,5.957850241995347185e-01,1.059938591781819106e+01,3.995232318067746924e+00
1.587647815944758678e+00,5.969437397086634345e-01,1.064649429967515992e+01,4.003002465791310804e+00
1.594672806280797550e+00,5.980970223631235649e-01,1.069360268153213056e+01,4.010736181722080573e+00
1.601697796616836200e+00,5.992448991095765676e-01,1.074071106338909942e+01,4.018433646559752326e+00
1.608722786952875072e+00,6.003873967397889144e-01,1.078781944524607006e+01,4.026095039965323252e+00
1.615747777288913722e+00,6.015245418929996424e-01,1.083492782710303892e+01,4.033720540576966940e+00
1.622772767624952595e+00,6.026563610582889030e-01,1.088203620896000956e+01,4.041310326025917554e+00
1.629797757960991245e+00,6.037828805767996299e-01,1.092914459081697842e+01,4.048864572951366370e+00
1.636822748297030117e+00,6.049041266413021090e-01,1.097625297267394906e+01,4.056383456997545878e+00
1.643847738633068767e+00,6.060201252904081626e-01,1.102336135453091792e+01,4.063867152774926161e+00
1.650872728969107639e+00,6.071309024011189992e-01,1.107046973638788856e+01,4.071315833810245088e+00
1.657897719305146289e+00,6.082364836813347608e-01,1.111757811824485742e+01,4.078729672496276493e+00
1.664922709641185161e+00,6.093368946623585192e-01,1.116468650010182806e+01,4.086108840041566381e+00
1.671947699977223811e+00,6.104321606914050458e-01,1.121179488195879692e+01,4.093453506420194010e+00
1.678972690313262683e+00,6.115223069241063625e-01,1.125890326381576756e+01,4.100763840321519638e+00
1.685997680649301111e+00,6.126073583170199566e-01,1.130601164567273642e+01,4.108040009099942935e+00
1.693022670985340206e+00,6.136873396201346642e-01,1.135312002752970706e+01,4.115282178724649853e+00
1.700047661321378634e+00,6.147622753693771092e-01,1.140022840938667592e+01,4.122490513729360373e+00
1.707072651657417728e+00,6.158321898791196958e-01,1.144733679124364656e+01,4.129665177162091361e+00
1.714097641993456156e+00,6.168971072346867146e-01,1.149444517310061542e+01,4.136806330534901655e+00
1.721122632329495028e+00,6.179570512848611141e-01,1.154155355495758606e+01,4.143914133773645148e+00
1.728147622665533678e+00,6.190120456343911615e-01,1.158866193681455492e+01,4.150988745167720317e+00
1.735172613001572550e+00,6.200621136364985464e-01,1.163577031867152556e+01,4.158030321319831302e+00
1.742197603337611200e+00,6.211072783853828216e-01,1.168287870052849442e+01,4.165039017095724105e+00
1.749222593673650072e+00,6.221475627088888238e-01,1.172998708238546506e+01,4.172014985575017043e+00
1.756247584009688723e+00,6.231829891654366849e-01,1.177709546424243392e+01,4.178958378030610099e+00
1.763272574345727595e+00,6.242135800520696165e-01,1.182420384609940456e+01,4.185869343982655977e+00
1.770297564681766245e+00,6.252393574169867740e-01,1.187131222795637342e+01,4.192748031282602206e+00
1.777322555017805117e+00,6.262603430722575304e-01,1.191842060981334406e+01,4.199594586198449164e+00
1.784347545353843767e+00,6.272765586065371934e-01,1.196552899167031292e+01,4.206409153500021425e+00
1.791372535689882639e+00,6.282880253977791707e-01,1.201263737352728356e+01,4.213191876544212455e+00
1.798397526025921289e+00,6.292947646259500205e-01,1.205974575538425242e+01,4.219942897360250633e+00
1.805422516361959939e+00,6.302967972857447254e-01,1.210685413724122128e+01,4.226662356734963488e+00
1.812447506697998811e+00,6.312941441992990788e-01,1.215396251909819192e+01,4.233350394298027730e+00
1.819472497034037461e+00,6.322868260289048470e-01,1.220107090095516078e+01,4.240007148607231713e+00
1.826497487370076334e+00,6.332748632897237107e-01,1.224817928281213142e+01,4.246632757233736122e+00
1.833522477706114984e+00,6.342582763625018716e-01,1.229528766466910028e+01,4.253227356847333773e+00
1.840547468042153856e+00,6.352370855062832167e-01,1.234239604652607092e+01,4.259791083301703196e+00
1.847572458378192506e+00,6.362113108711253684e-01,1.238950442838303978e+01,4.266324071719678201e+00
1.854597448714231378e+00,6.371809725108121825e-01,1.243661281024001042e+01,4.272826456578499688e+00
1.861622439050270028e+00,6.381460903955683550e-01,1.248372119209697928e+01,4.279298371795071887e+00
1.868647429386308900e+00,6.391066844247551559e-01,1.253082957395394992e+01,4.285739950811104038e+00
1.875672419722347550e+00,6.400627744380503747e-01,1.257793795581091878e+01,4.292151326668077083e+00
1.882697410058386422e+00,6.410143802194678830e-01,1.262504633766788942e+01,4.298532632034198997e+00
1.889722400394425073e+00,6.419615214963162453e-01,1.267215471952485828e+01,4.304883999197421041e+00
1.896747390730463945e+00,6.429042179377003619e-01,1.271926310138182892e+01,4.311205560055392461e+00
1.903772381066502595e+00,6.438424891530227789e-01,1.276637148323879778e+01,4.317497446105407199e+00
1.910797371402541467e+00,6.447763546904847765e-01,1.281347986509576842e+01,4.323759788434355045e+00
1.917822361738580117e+00,6.457058340355877890e-01,1.286058824695273728e+01,4.329992717708670114e+00
1.924847352074618989e+00,6.466309466096346048e-01,1.290769662880970792e+01,4.336196364164282890e+00
1.931872342410657639e+00,6.475517117682296764e-01,1.295480501066667678e+01,4.342370857596561606e+00
1.938897332746696511e+00,6.484681487997829841e-01,1.300191339252364742e+01,4.348516327350278488e+00
1.945922323082735161e+00,6.493802769240074602e-01,1.304902177438061628e+01,4.354632902309536924e+00
1.952947313418774034e+00,6.502881152904230744e-01,1.309613015623758692e+01,4.360720710887737717e+00
1.959972303754812684e+00,6.511916829768575887e-01,1.314323853809455578e+01,4.366779881017525788e+00
1.966997294090851556e+00,6.520909989879466462e-01,1.319034691995152642e+01,4.372810540140732449e+00
1.974022284426890206e+00,6.529860822536355247e-01,1.323745530180849528e+01,4.378812815198328323e+00
1.981047274762929078e+00,6.538769516276817795e-01,1.328456368366546592e+01,4.384786832620381603e+00
1.988072265098967728e+00,6.547636258861542213e-01,1.333167206552243478e+01,4.390732718315993210e+00
1.995097255435006600e+00,6.556461237256375751e-01,1.337878044737940542e+01,4.396650597661258431e+00
2.002122245771045250e+00,6.565244637579839004e-01,1.342588882923637428e+01,4.402540595464069284e+00
2.009147236107084122e+00,6.573986644999952889e-01,1.347299721109334492e+01,4.408402835894928096e+00
2.016172226443122550e+00,6.582687443619880119e-01,1.352010559295031378e+01,4.414237442410262169e+00
2.023197216779161423e+00,6.591347216363425687e-01,1.356721397480728442e+01,4.420044537675642538e+00
2.030222207115200295e+00,6.599966144860539563e-01,1.361432235666425328e+01,4.425824243489001830e+00
2.037247197451239167e+00,6.608544409332807179e-01,1.366143073852122392e+01,4.431576680703848581e+00
2.044272187787277595e+00,6.617082188478957683e-01,1.370853912037819278e+01,4.437301969152488645e+00
2.051297178123316467e+00,6.625579659360343321e-01,1.375564750223516342e+01,4.443000227569233296e+00
2.058322168459355339e+00,6.634036997286454351e-01,1.380275588409213228e+01,4.448671573513622413e+00
2.065347158795394211e+00,6.642454375700418412e-01,1.384986426594910291e+01,4.454316123293646790e+00
2.072372149131432639e+00,6.650831966064476575e-01,1.389697264780607178e+01,4.459933991888949123e+00
2.079397139467471511e+00,6.659169937745504919e-01,1.394408102966304241e+01,4.465525292874054308e+00
2.086422129803510384e+00,6.667468457900506129e-01,1.399118941152001128e+01,4.471090138341585529e+00
2.093447120139549256e+00,6.675727691362089988e-01,1.403829779337698191e+01,4.476628638825467021e+00
2.100472110475587684e+00,6.683947800524003835e-01,1.408540617523395078e+01,4.482140903224165029e+00
2.107497100811626556e+00,6.692128945226596404e-01,1.413251455709092141e+01,4.487627038723878137e+00
2.114522091147665428e+00,6.700271282643898152e-01,1.417962293894789028e+01,4.493087150722820056e+00
2.121547081483704300e+00,6.708374967235806174e-01,1.422673132080486091e+01,4.498521342799151057e+00
2.128572071819742728e+00,6.716440150919211760e-01,1.427383970266182978e+01,4.503929716825736840e+00
2.135597062155781600e+00,6.724466983352441751e-01,1.432094808451880041e+01,4.509312373160887510e+00
2.142622052491820472e+00,6.732455612226331265e-01,1.436805646637576928e+01,4.514669410843547226e+00
2.149647042827859345e+00,6.740406183555267550e-01,1.441516484823273991e+01,4.520000927788462519e+00
2.156672033163897773e+00,6.748318841968261594e-01,1.446227323008970878e+01,4.525307020981371942e+00
2.163697023499936645e+00,6.756193731000017522e-01,1.450938161194667941e+01,4.530587786674188600e+00
2.170722013835975517e+00,6.764030993381990875e-01,1.455648999380364828e+01,4.535843320580181803e+00
2.177747004172014389e+00,6.771830771333429144e-01,1.460359837566061891e+01,4.541073718069142728e+00
2.184771994508052817e+00,6.779593206852467802e-01,1.465070675751758777e+01,4.546279074362589157e+00
2.191796984844091689e+00,6.787318442007171937e-01,1.469781513937455841e+01,4.551459484728931137e+00
2.198821975180130561e+00,6.795006619226604538e-01,1.474492352123152727e+01,4.556615044678659743e+00
2.205846965516169433e+00,6.802657881591880340e-01,1.479203190308849791e+01,4.561745850159518056e+00
2.212871955852207861e+00,6.810272373127239653e-01,1.483914028494546677e+01,4.566851997751696146e+00
2.219896946188246734e+00,6.817850239091097775e-01,1.488624866680243741e+01,4.571933584862998501e+00
2.226921936524285606e+00,6.825391626267123257e-01,1.493335704865940627e+01,4.576990709924038114e+00
2.233946926860324478e+00,6.832896683255185177e-01,1.498046543051637691e+01,4.582023472583343526e+00
2.240971917196362906e+00,6.840365560727651451e-01,1.502757381237334577e+01,4.587031973879222235e+00
2.247996907532401778e+00,6.847798411405154884e-01,1.507468219423031641e+01,4.592016316223515027e+00
2.255021897868440650e+00,6.855195389720761812e-01,1.512179057608728527e+01,4.596976603176391230e+00
2.262046888204479078e+00,6.862556651434330579e-01,1.516889895794425414e+01,4.601912939187743135e+00
2.269071878540517950e+00,6.869882353246478113e-01,1.521600733980122477e+01,4.606825429338321065e+00
2.276096868876556378e+00,6.877172652412639753e-01,1.526311572165819364e+01,4.611714179080925291e+00
2.283121859212595250e+00,6.884427706357054699e-01,1.531022410351516427e+01,4.616579293981555310e+00
2.290146849548634123e+00,6.891647672286806969e-01,1.535733248537213314e+01,4.621420879460587550e+00
2.297171839884672995e+00,6.898832706805829718e-01,1.540444086722910377e+01,4.626239040533937974e+00
2.304196830220711423e+00,6.905982965528917328e-01,1.545154924908607263e+01,4.631033881554221132e+00
2.311221820556750295e+00,6.913098602695757489e-01,1.549865763094304327e+01,4.635805505951930527e+00
2.318246810892789167e+00,6.920179770784924411e-01,1.554576601280001213e+01,4.640554015976586122e+00
2.325271801228828039e+00,6.927226620127925338e-01,1.559287439465698277e+01,4.645279512437920921e+00
2.332296791564866467e+00,6.934239298523191541e-01,1.563998277651395163e+01,4.649982094447031145e+00
2.339321781900905339e+00,6.941217950850114837e-01,1.568709115837092227e+01,4.654661859157556592e+00
2.346346772236944211e+00,6.948162718683043027e-01,1.573419954022789113e+01,4.659318901506828148e+00
2.353371762572983084e+00,6.955073739905316410e-01,1.578130792208486177e+01,4.663953313957053481e+00
2.360396752909021512e+00,6.961951148334527550e-01,1.582841630394183063e+01,4.668565186244016729e+00
2.367421743245060384e+00,6.968795073560706266e-01,1.587552468579880127e+01,4.673154605268572404e+00
2.374446733581099256e+00,6.975605641224310594e-01,1.592263306765577013e+01,4.677721655283059832e+00
2.381471723917138128e+00,6.982382973434622109e-01,1.596974144951274077e+01,4.682266418171871614e+00
2.388496714253177000e+00,6.989127189191972622e-01,1.601684983136971141e+01,4.686788973734591579e+00
2.395521704589215428e+00,6.995838404809937572e-01,1.606395821322668027e+01,4.691289399969111429e+00
2.402546694925254300e+00,7.002516734337552728e-01,1.611106659508364913e+01,4.695767773354759811e+00
2.409571685261292728e+00,7.009162289981526461e-01,1.615817497694061800e+01,4.700224169135434948e+00
2.416596675597332045e+00,7.015775182528419807e-01,1.620528335879759041e+01,4.704658661602706182e+00
2.423621665933370473e+00,7.022355521766905362e-01,1.625239174065455927e+01,4.709071324378976797e+00
2.430646656269409345e+00,7.028903416909916269e-01,1.629950012251152813e+01,4.713462230700568689e+00
2.437671646605447773e+00,7.035418977016906217e-01,1.634660850436849699e+01,4.717831453700883415e+00
2.444696636941487089e+00,7.041902311416020632e-01,1.639371688622546941e+01,4.722179066693503735e+00
2.451721627277525517e+00,7.048353530126333366e-01,1.644082526808243827e+01,4.726505143455334235e+00
2.458746617613564389e+00,7.054772744280022323e-01,1.648793364993940713e+01,4.730809758509711749e+00
2.465771607949602817e+00,7.061160066544618363e-01,1.653504203179637599e+01,4.735092987409550425e+00
2.472796598285642133e+00,7.067515611545170939e-01,1.658215041365334841e+01,4.739354907020446817e+00
2.479821588621680561e+00,7.073839496282520178e-01,1.662925879551031727e+01,4.743595595801158638e+00
2.486846578957719434e+00,7.080131840410816002e-01,1.667636717736728613e+01,4.747815133989710112e+00
2.493871569293757862e+00,7.086392766085346517e-01,1.672347555922425499e+01,4.752013603501345607e+00
2.500896559629797178e+00,7.092622397607211138e-01,1.677058394108122741e+01,4.756191087690251784e+00
2.507921549965835606e+00,7.098820861057636433e-01,1.681769232293819627e+01,4.760347671104340428e+00
2.514946540301874478e+00,7.104988283932305304e-01,1.686480070479516513e+01,4.764483439240032148e+00
2.521971530637912906e+00,7.111124794775703917e-01,1.691190908665213399e+01,4.768598478297056964e+00
2.528996520973952222e+00,7.117230522815407578e-01,1.695901746850910641e+01,4.772692874933214924e+00
2.536021511309990650e+00,7.123305597596446548e-01,1.700612585036607527e+01,4.776766716019182901e+00
2.543046501646029522e+00,7.129350148615605232e-01,1.705323423222304413e+01,4.780820088393286760e+00
2.550071491982067950e+00,7.135364304955758019e-01,1.710034261408001299e+01,4.784853078616291278e+00
2.557096482318107267e+00,7.141348194920195125e-01,1.714745099593698541e+01,4.788865772726183856e+00
2.564121472654145695e+00,7.147301945666946210e-01,1.719455937779395427e+01,4.792858255992962668e+00
2.571146462990184567e+00,7.153225682843106226e-01,1.724166775965092313e+01,4.796830612673416816e+00
2.578171453326222995e+00,7.159119530219160144e-01,1.728877614150789199e+01,4.800782925765912701e+00
2.585196443662262311e+00,7.164983609323317681e-01,1.733588452336486441e+01,4.804715276765186616e+00
2.592221433998300739e+00,7.170818039075818051e-01,1.738299290522183327e+01,4.808627745417114241e+00
2.599246424334339611e+00,7.176622935426293370e-01,1.743010128707880213e+01,4.812520409475532723e+00
2.606271414670378039e+00,7.182398411106034608e-01,1.747720966893577099e+01,4.816393344536114007e+00
2.613296405006417356e+00,7.188144575746809872e-01,1.752431805079274341e+01,4.820246624116044210e+00
2.620321395342455784e+00,7.193861536180259364e-01,1.757142643264971227e+01,4.824080319854791021e+00
2.627346385678494212e+00,7.199549396747043639e-01,1.761853481450668113e+01,4.827894501721415210e+00
2.634371376014533084e+00,7.205208259606032950e-01,1.766564319636364999e+01,4.831689238221904326e+00
2.641396366350572400e+00,7.210838225043458838e-01,1.771275157822062241e+01,4.835464596606487753e+00
2.648421356686610828e+00,7.216439391782091262e-01,1.775985996007759127e+01,4.839220643076963313e+00
2.655446347022649256e+00,7.222011857290410175e-01,1.780696834193456013e+01,4.842957442994024753e+00
2.662471337358688128e+00,7.227555718091758230e-01,1.785407672379152899e+01,4.846675061084572356e+00
2.669496327694727444e+00,7.233071070073529008e-01,1.790118510564850141e+01,4.850373561649049314e+00
2.676521318030765872e+00,7.238558008796326382e-01,1.794829348750547027e+01,4.854053008768760336e+00
2.683546308366804301e+00,7.244016629803132767e-01,1.799540186936243913e+01,4.857713466513192024e+00
2.690571298702843173e+00,7.249447028928480696e-01,1.804251025121940799e+01,4.861354999147340372e+00
2.697596289038881601e+00,7.254849302607614403e-01,1.808961863307637685e+01,4.864977671339029364e+00
2.704621279374920917e+00,7.260223548185665843e-01,1.813672701493334927e+01,4.868581548366235801e+00
2.711646269710959345e+00,7.265569864226827379e-01,1.818383539679031813e+01,4.872166696324419455e+00
2.718671260046998217e+00,7.270888350816530066e-01,1.823094377864728699e+01,4.875733182329155646e+00
2.725696250383036645e+00,7.276179109723710514e-01,1.827805216050425585e+01,4.879281074624949532e+00
2.732721240719075961e+00,7.281442244262115171e-01,1.832516054236122827e+01,4.882810442492231395e+00
2.739746231055114389e+00,7.286677859051570172e-01,1.837226892421819713e+01,4.886321356087262480e+00
2.746771221391153261e+00,7.291886059776270246e-01,1.841937730607516599e+01,4.889813886280055755e+00
2.753796211727191690e+00,7.297066952943120910e-01,1.846648568793213485e+01,4.893288104492315327e+00
2.760821202063231006e+00,7.302220645640048469e-01,1.851359406978910727e+01,4.896744082535372300e+00
2.767846192399269434e+00,7.307347245294321114e-01,1.856070245164607613e+01,4.900181892448110865e+00
2.774871182735308306e+00,7.312446859430868917e-01,1.860781083350304499e+01,4.903601606334908602e+00
2.781896173071346734e+00,7.317519595430618251e-01,1.865491921536001385e+01,4.907003296203574116e+00
2.788921163407386050e+00,7.322565560288781805e-01,1.870202759721698627e+01,4.910387033803265133e+00
2.795946153743424478e+00,7.327584860373209663e-01,1.874913597907395513e+01,4.913752890462440348e+00
2.802971144079463350e+00,7.332577601182695970e-01,1.879624436093092399e+01,4.917100936926782850e+00
2.809996134415501778e+00,7.337543887105292262e-01,1.884335274278789285e+01,4.920431243197132432e+00
2.817021124751541095e+00,7.342483821176647441e-01,1.889046112464486527e+01,4.923743878367430327e+00
2.824046115087579523e+00,7.347397504838311111e-01,1.893756950650183413e+01,4.927038910462642640e+00
2.831071105423618395e+00,7.352285037696255632e-01,1.898467788835880299e+01,4.930316406276826768e+00
2.838096095759656823e+00,7.357146517310918510e-01,1.903178627021577185e+01,4.933576431232342685e+00
2.845121086095696139e+00,7.361982039183341264e-01,1.907889465207274426e+01,4.936819049370551049e+00
2.852146076431734567e+00,7.366791696917145416e-01,1.912600303392971313e+01,4.940044323460439202e+00
2.859171066767773439e+00,7.371575582402145610e-01,1.917311141578668199e+01,4.943252315121741347e+00
2.866196057103811867e+00,7.376333785997996051e-01,1.922021979764365085e+01,4.946443084948094260e+00
2.873221047439851183e+00,7.381066396717894662e-01,1.926732817950062326e+01,4.949616692630223191e+00
2.880246037775889612e+00,7.385773502412206204e-01,1.931443656135759213e+01,4.952773197079078926e+00
2.887271028111928484e+00,7.390455189952154225e-01,1.936154494321456099e+01,4.955912656549015693e+00
2.894296018447966912e+00,7.395111545413490806e-01,1.940865332507152985e+01,4.959035128760957534e+00
2.901321008784006228e+00,7.399742654260147434e-01,1.945576170692850226e+01,4.962140671025554006e+00
2.908345999120044656e+00,7.404348601527906970e-01,1.950287008878547113e+01,4.965229340366343891e+00
2.915370989456083528e+00,7.408929472008074502e-01,1.954997847064243999e+01,4.968301193642924218e+00
2.922395979792121956e+00,7.413485350431141541e-01,1.959708685249940885e+01,4.971356287674111307e+00
2.929420970128161272e+00,7.418016321650454659e-01,1.964419523435638126e+01,4.974394679361105354e+00
2.936445960464199700e+00,7.422522470825873020e-01,1.969130361621335013e+01,4.977416425810649692e+00
2.943470950800238572e+00,7.427003883607435908e-01,1.973841199807031899e+01,4.980421584458192719e+00
2.950495941136277001e+00,7.431460646309362428e-01,1.978552037992728785e+01,4.983410213184572335e+00
2.957520931472316317e+00,7.435892845983569366e-01,1.983262876178426026e+01,4.986382370365312511e+00
2.964545921808354745e+00,7.440300570357456511e-01,1.987973714364122912e+01,4.989338114828904658e+00
2.971570912144393617e+00,7.444683907744432672e-01,1.992684552549819799e+01,4.992277505796808512e+00
2.978595902480432045e+00,7.449042946954130828e-01,1.997395390735516685e+01,4.995200602823241631e+00
2.985620892816471361e+00,7.453377777202611076e-01,2.002106228921213926e+01,4.998107465734966226e+00
2.992645883152509789e+00,7.457688488022594653e-01,2.006817067106910812e+01,5.000998154571091092e+00
2.999670873488548217e+00,7.461975169173683531e-01,2.011527905292607699e+01,5.003872729522869101e+00
3.006695863824587089e+00,7.466237910552555590e-01,2.016238743478304585e+01,5.006731250873471595e+00
3.013720854160626406e+00,7.470476802103219738e-01,2.020949581664001826e+01,5.009573778937809863e+00
3.020745844496664834e+00,7.474691933727186655e-01,2.025660419849698712e+01,5.012400374002297987e+00
3.027770834832703262e+00,7.478883395193731687e-01,2.030371258035395599e+01,5.015211096264673429e+00
3.034795825168742134e+00,7.483051276050090017e-01,2.035082096221092485e+01,5.018006005773778533e+00
3.041820815504781450e+00,7.487195665531664046e-01,2.039792934406789726e+01,5.020785162369346466e+00
3.048845805840819878e+00,7.491316652472272963e-01,2.044503772592486612e+01,5.023548625621812924e+00
3.055870796176858306e+00,7.495414325214345697e-01,2.049214610778183498e+01,5.026296454772099409e+00
3.062895786512897178e+00,7.499488771522300201e-01,2.053925448963880385e+01,5.029028708673520143e+00
3.069920776848936494e+00,7.503540078520709589e-01,2.058636287149577626e+01,5.031745445750321011e+00
3.076945767184974923e+00,7.507568332659685373e-01,2.063347125335274512e+01,5.034446723974467908e+00
3.083970757521013351e+00,7.511573619684576153e-01,2.068057963520971398e+01,5.037132600845320773e+00
3.090995747857052223e+00,7.515556024605631880e-01,2.072768801706668285e+01,5.039803133369297861e+00
3.098020738193091095e+00,7.519515631667706979e-01,2.077479639892365526e+01,5.042458378039555100e+00
3.105045728529129967e+00,7.523452524319965695e-01,2.082190478078062412e+01,5.045098390815673461e+00
3.112070718865168395e+00,7.527366785185567455e-01,2.086901316263759298e+01,5.047723227103328547e+00
3.119095709201207267e+00,7.531258496031365546e-01,2.091612154449456185e+01,5.050332941733969960e+00
3.126120699537246139e+00,7.535127737737599141e-01,2.096322992635153426e+01,5.052927588944501558e+00
3.133145689873285011e+00,7.538974590267589759e-01,2.101033830820850312e+01,5.055507222356957264e+00
3.140170680209323439e+00,7.542799132637435511e-01,2.105744669006547198e+01,5.058071894958179548e+00
3.147195670545362312e+00,7.546601442885710886e-01,2.110455507192244085e+01,5.060621659079497903e+00
3.154220660881400740e+00,7.550381598043144349e-01,2.115166345377940971e+01,5.063156566376401102e+00
3.161245651217440056e+00,7.554139674102348101e-01,2.119877183563638212e+01,5.065676667808231670e+00
3.168270641553478484e+00,7.557875745988714700e-01,2.124588021749335098e+01,5.068182013618676152e+00
3.175295631889517356e+00,7.561589887571992241e-01,2.129298859935031984e+01,5.070672653343520686e+00
3.182320622225555784e+00,7.565282171796011701e-01,2.134009698120728871e+01,5.073148635897649861e+00
3.189345612561595100e+00,7.568952670861752718e-01,2.138720536306426112e+01,5.075610009697803626e+00
3.196370602897633528e+00,7.572601456412930698e-01,2.143431374492122998e+01,5.078056822787029745e+00
3.203395593233672400e+00,7.576228599721598345e-01,2.148142212677819884e+01,5.080489122959146897e+00
3.210420583569710828e+00,7.579834171873727211e-01,2.152853050863516771e+01,5.082906957883189136e+00
3.217445573905750145e+00,7.583418243954812565e-01,2.157563889049214012e+01,5.085310375227872548e+00
3.224470564241788573e+00,7.586980887235459381e-01,2.162274727234910898e+01,5.087699422786043257e+00
3.231495554577827445e+00,7.590522173356981650e-01,2.166985565420607784e+01,5.090074148599139647e+00
3.238520544913865873e+00,7.594042174516988375e-01,2.171696403606304671e+01,5.092434601081642143e+00
3.245545535249905189e+00,7.597540963654972890e-01,2.176407241792001912e+01,5.094780829145524770e+00
3.252570525585943617e+00,7.601018614637928827e-01,2.181118079977698798e+01,5.097112882324728922e+00
3.259595515921982489e+00,7.604475202445911686e-01,2.185828918163395684e+01,5.099430810899594491e+00
3.266620506258020917e+00,7.607910803357658125e-01,2.190539756349092571e+01,5.101734666021336295e+00
3.273645496594060234e+00,7.611325495134757535e-01,2.195250594534789812e+01,5.104024499835544404e+00
3.280670486930098662e+00,7.614719357132688771e-01,2.199961432720486698e+01,5.106300365556642795e+00
3.287695477266137534e+00,7.618092470135108263e-01,2.204672270906183584e+01,5.108562317356768467e+00
3.294720467602175962e+00,7.621444916028148331e-01,2.209383109091880470e+01,5.110810410147359484e+00
3.301745457938215278e+00,7.624776777463704303e-01,2.214093947277577712e+01,5.113044699353359590e+00
3.308770448274253706e+00,7.628088137522776035e-01,2.218804785463274598e+01,5.115265240687465464e+00
3.315795438610292578e+00,7.631379079378787234e-01,2.223515623648971484e+01,5.117472089924349099e+00
3.322820428946331006e+00,7.634649685960879228e-01,2.228226461834668370e+01,5.119665302674873963e+00
3.329845419282370322e+00,7.637900039617255832e-01,2.232937300020365612e+01,5.121844934160333374e+00
3.336870409618408750e+00,7.641130221778488218e-01,2.237648138206062498e+01,5.124011038986673761e+00
3.343895399954447623e+00,7.644340312620826472e-01,2.242358976391759384e+01,5.126163670918716164e+00
3.350920390290486051e+00,7.647530390729541105e-01,2.247069814577456270e+01,5.128302882654395489e+00
3.357945380626525367e+00,7.650700532762211292e-01,2.251780652763153512e+01,5.130428725598972228e+00
3.364970370962563795e+00,7.653850813112060836e-01,2.256491490948850398e+01,5.132541249639267278e+00
3.371995361298602223e+00,7.656981303571280817e-01,2.261202329134547284e+01,5.134640502917894089e+00
3.379020351634641095e+00,7.660092073004169944e-01,2.265913167320244170e+01,5.136726531614072222e+00
3.386045341970680411e+00,7.663183187225589554e-01,2.270624005505941412e+01,5.138799379862120986e+00
3.393070332306718839e+00,7.666254709331531414e-01,2.275334843691638298e+01,5.140859089973130125e+00
3.400095322642757267e+00,7.669306700184057579e-01,2.280045681877335184e+01,5.142905702760157460e+00
3.407120312978796139e+00,7.672339218900869895e-01,2.284756520063032070e+01,5.144939257866520066e+00
3.414145303314835456e+00,7.675352323344900585e-01,2.289467358248729312e+01,5.146959794094109419e+00
3.421170293650873884e+00,7.678346070613923935e-01,2.294178196434426198e+01,5.148967349731715437e+00
3.428195283986912312e+00,7.681320517530106917e-01,2.298889034620123084e+01,5.150961962883309653e+00
3.435220274322951184e+00,7.684275721129647518e-01,2.303599872805819970e+01,5.152943671796388792e+00
3.442245264658990056e+00,7.687211739152319812e-01,2.308310710991517212e+01,5.154912515190257061e+00
3.449270254995028928e+00,7.690128630531097853e-01,2.313021549177214098e+01,5.156868532584357290e+00
3.456295245331067356e+00,7.693026455881726289e-01,2.317732387362910984e+01,5.158811764626570096e+00
3.463320235667106228e+00,7.695905277992320936e-01,2.322443225548607870e+01,5.160742253421529036e+00
3.470345226003145100e+00,7.698765162312951604e-01,2.327154063734305112e+01,5.162660042858930431e+00
3.477370216339183973e+00,7.701606177442644752e-01,2.331864901920001998e+01,5.164565178940106804e+00
3.484395206675222401e+00,7.704428395468904123e-01,2.336575740105698884e+01,5.166457710005702531e+00
3.491420197011261273e+00,7.707231891725154771e-01,2.341286578291395770e+01,5.168337686573022616e+00
3.498445187347300145e+00,7.710016744197867311e-01,2.345997416477093012e+01,5.170205160938458278e+00
3.505470177683339017e+00,7.712783032908362424e-01,2.350708254662789898e+01,5.172060186762936773e+00
3.512495168019377445e+00,7.715530839294596488e-01,2.355419092848486784e+01,5.173902818657356129e+00
3.519520158355416317e+00,7.718260245592944990e-01,2.360129931034183670e+01,5.175733111768021644e+00
3.526545148691455189e+00,7.720971334219983717e-01,2.364840769219880912e+01,5.177551121362077069e+00
3.533570139027494061e+00,7.723664187154288818e-01,2.369551607405577798e+01,5.179356902412950880e+00
3.540595129363532489e+00,7.726338885318219107e-01,2.374262445591274684e+01,5.181150509185791009e+00
3.547620119699571362e+00,7.728995507959691702e-01,2.378973283776971570e+01,5.182931994822893351e+00
3.554645110035610234e+00,7.731634132033989859e-01,2.383684121962668812e+01,5.184701410929152487e+00
3.561670100371649106e+00,7.734254831585524181e-01,2.388394960148365698e+01,5.186458807157482198e+00
3.568695090707687534e+00,7.736857677129644895e-01,2.393105798334062584e+01,5.188204230794267957e+00
3.575720081043726406e+00,7.739442735041571764e-01,2.397816636519759470e+01,5.189937726349596048e+00
3.582745071379765278e+00,7.742010067190061573e-01,2.402527474705456711e+01,5.191659335311594070e+00
3.589770061715804150e+00,7.744559731303549688e-01,2.407238312891153598e+01,5.193369096391961648e+00
3.596795052051842578e+00,7.747091781675748967e-01,2.411949151076850484e+01,5.195067045999134159e+00
3.603820042387881450e+00,7.749606269888099641e-01,2.416659989262547370e+01,5.196753218722740542e+00
3.610845032723919878e+00,7.752103245532123710e-01,2.421370827448244256e+01,5.198427647818006037e+00
3.617870023059959195e+00,7.754582756931877041e-01,2.426081665633941498e+01,5.200090365690215322e+00
3.624895013395997623e+00,7.757044851866331525e-01,2.430792503819638384e+01,5.201741404379128575e+00
3.631920003732036495e+00,7.759489578291794976e-01,2.435503342005335270e+01,5.203380796043423295e+00
3.638944994068074923e+00,7.761916985064321040e-01,2.440214180191032156e+01,5.205008573445133457e+00
3.645969984404114239e+00,7.764327122662114666e-01,2.444925018376729398e+01,5.206624770434078009e+00
3.652994974740152667e+00,7.766720043907940907e-01,2.449635856562426284e+01,5.208229422432298250e+00
3.660019965076191539e+00,7.769095804691529272e-01,2.454346694748123170e+01,5.209822566918489883e+00
3.667044955412229967e+00,7.771454464691606168e-01,2.459057532933820056e+01,5.211404243912184597e+00
3.674069945748269284e+00,7.773796088006538207e-01,2.463768371119517298e+01,5.212974496396648227e+00
3.681094936084307712e+00,7.776120743135761515e-01,2.468479209305214184e+01,5.214533370306430271e+00
3.688119926420346584e+00,7.778428502311647286e-01,2.473190047490911070e+01,5.216080914079321396e+00
3.695144916756385012e+00,7.780719440739665149e-01,2.477900885676607956e+01,5.217617178146820578e+00
3.702169907092424328e+00,7.782993635838215685e-01,2.482611723862305197e+01,5.219142214424381976e+00
3.709194897428462756e+00,7.785251166478436291e-01,2.487322562048002084e+01,5.220656075801638707e+00
3.716219887764501628e+00,7.787492112224009277e-01,2.492033400233698970e+01,5.222158815632633733e+00
3.723244878100540056e+00,7.789716552570987718e-01,2.496744238419395856e+01,5.223650487226058736e+00
3.730269868436579372e+00,7.791924566187583556e-01,2.501455076605093097e+01,5.225131143335468131e+00
3.737294858772617800e+00,7.794116230154017888e-01,2.506165914790789984e+01,5.226600835649538368e+00
3.744319849108656229e+00,7.796291619202283529e-01,2.510876752976486870e+01,5.228059614282264178e+00
3.751344839444695101e+00,7.798450804956005289e-01,2.515587591162183756e+01,5.229507527263220545e+00
3.758369829780734417e+00,7.800593855170770974e-01,2.520298429347880997e+01,5.230944620028144421e+00
3.765394820116772845e+00,7.802720833077411156e-01,2.525009267533577884e+01,5.232370934978548327e+00
3.772419810452811273e+00,7.804831797399188753e-01,2.529720105719274770e+01,5.233786511493246252e+00
3.779444800788850145e+00,7.806926802999876180e-01,2.534430943904971656e+01,5.235191386362943788e+00
3.786469791124889461e+00,7.809005901613723655e-01,2.539141782090668897e+01,5.236585594279742573e+00
3.793494781460927889e+00,7.811069142575715052e-01,2.543852620276365784e+01,5.237969168326838343e+00
3.800519771796966317e+00,7.813116573551821542e-01,2.548563458462062670e+01,5.239342140468215447e+00
3.807544762133005189e+00,7.815148241269254115e-01,2.553274296647759556e+01,5.240704542038339575e+00
3.814569752469044062e+00,7.817164192246703891e-01,2.557985134833456797e+01,5.242056404231849598e+00
3.821594742805082934e+00,7.819164473524605752e-01,2.562695973019153683e+01,5.243397758593254743e+00
3.828619733141121362e+00,7.821149133395374209e-01,2.567406811204850570e+01,5.244728637506621105e+00
3.835644723477160234e+00,7.823118222133663702e-01,2.572117649390547456e+01,5.246049074685270597e+00
3.842669713813199106e+00,7.825071792726625564e-01,2.576828487576244697e+01,5.247359105661479894e+00
3.849694704149237978e+00,7.827009901591056584e-01,2.581539325761941583e+01,5.248658768267385533e+00
3.856719694485276406e+00,7.828932608976705287e-01,2.586250163947638470e+01,5.249948102905437786e+00
3.863744684821315278e+00,7.830839978611607854e-01,2.590961002133335356e+01,5.251227152310565138e+00
3.870769675157354150e+00,7.832732077063578879e-01,2.595671840319032597e+01,5.252495961122004786e+00
3.877794665493393023e+00,7.834608973091617967e-01,2.600382678504729483e+01,5.253754575448363440e+00
3.884819655829431451e+00,7.836470736997324105e-01,2.605093516690426370e+01,5.255003042432689675e+00
3.891844646165470323e+00,7.838317439976296708e-01,2.609804354876123256e+01,5.256241409817532073e+00
3.898869636501509195e+00,7.840149153469544441e-01,2.614515193061820497e+01,5.257469725510008018e+00
3.905894626837548067e+00,7.841965948514912910e-01,2.619226031247517383e+01,5.258688037146879601e+00
3.912919617173586495e+00,7.843767895098460174e-01,2.623936869433214270e+01,5.259896391659598436e+00
3.919944607509625367e+00,7.845555061505901095e-01,2.628647707618911156e+01,5.261094834839395773e+00
3.926969597845664239e+00,7.847327513673989507e-01,2.633358545804608397e+01,5.262283410902329095e+00
3.933994588181703111e+00,7.849085314550653392e-01,2.638069383990305283e+01,5.263462162060200455e+00
3.941019578517741540e+00,7.850828523703333728e-01,2.642780222176002169e+01,5.264631128257915016e+00
3.948044568853780412e+00,7.852557197594777216e-01,2.647491060361699056e+01,5.265790347358424661e+00
3.955069559189819284e+00,7.854271390137195219e-01,2.652201898547396297e+01,5.266939855514333857e+00
3.962094549525858156e+00,7.855971153258148876e-01,2.656912736733093183e+01,5.268079687547375656e+00
3.969119539861896584e+00,7.857656537466434221e-01,2.661623574918790069e+01,5.269209877327884151e+00
3.976144530197935456e+00,7.859327592417957309e-01,2.666334413104486956e+01,5.270330458154258935e+00
3.983169520533974328e+00,7.860984367481629320e-01,2.671045251290184197e+01,5.271441463132446437e+00
3.990194510870013200e+00,7.862626912305228366e-01,2.675756089475881083e+01,5.272542925555395499e+00
3.997219501206051628e+00,7.864255277381299036e-01,2.680466927661577969e+01,5.273634879282542265e+00
4.004244491542090501e+00,7.865869514613037516e-01,2.685177765847274856e+01,5.274717359119281745e+00
4.011269481878129817e+00,7.867469677880104539e-01,2.689888604032972097e+01,5.275790401196389645e+00
4.018294472214168245e+00,7.869055823563477770e-01,2.694599442218668983e+01,5.276854043321985266e+00
4.025319462550206673e+00,7.870628010672268138e-01,2.699310280404365869e+01,5.277908325066567485e+00
4.032344452886245101e+00,7.872186300460495278e-01,2.704021118590062756e+01,5.278953287506031877e+00
4.039369443222284417e+00,7.873730755947438986e-01,2.708731956775759997e+01,5.279988972900028443e+00
4.046394433558322845e+00,7.875261441437028109e-01,2.713442794961456883e+01,5.281015424369670974e+00
4.053419423894362161e+00,7.876778422037264971e-01,2.718153633147153769e+01,5.282032685575269504e+00
4.060444414230400589e+00,7.878281763179607600e-01,2.722864471332850655e+01,5.283040800394039671e+00
4.067469404566439017e+00,7.879771530138411917e-01,2.727575309518547542e+01,5.284039812597845831e+00
4.074494394902478334e+00,7.881247787550321737e-01,2.732286147704244783e+01,5.285029765530914858e+00
4.081519385238516762e+00,7.882710598933685420e-01,2.736996985889941669e+01,5.286010701787562382e+00
4.088544375574555190e+00,7.884160026207954752e-01,2.741707824075638555e+01,5.286982662889913698e+00
4.095569365910593618e+00,7.885596129230721951e-01,2.746418662261335442e+01,5.287945688977442771e+00
4.102594356246632934e+00,7.887018965590402164e-01,2.751129500447032683e+01,5.288899818667955444e+00
4.109619346582672250e+00,7.888428590839389187e-01,2.755840338632729569e+01,5.289845089213935481e+00
4.116644336918710678e+00,7.889825058843186190e-01,2.760551176818426455e+01,5.290781536736665736e+00
4.123669327254749106e+00,7.891208422131718025e-01,2.765262015004123342e+01,5.291709196461815701e+00
4.130694317590788422e+00,7.892578732250674634e-01,2.769972853189820583e+01,5.292628102955040603e+00
4.137719307926826851e+00,7.893936040112835562e-01,2.774683691375517469e+01,5.293538290357578724e+00
4.144744298262865279e+00,7.895280396349395602e-01,2.779394529561214355e+01,5.294439792621841612e+00
4.151769288598903707e+00,7.896611851661292647e-01,2.784105367746911242e+01,5.295332643747010515e+00
4.158794278934943023e+00,7.897930457170541096e-01,2.788816205932608483e+01,5.296216878014632812e+00
4.165819269270981451e+00,7.899236264771434257e-01,2.793527044118305369e+01,5.297092530224131401e+00
4.172844259607020767e+00,7.900529327449553607e-01,2.798237882304002255e+01,5.297959635906730469e+00
4.179869249943059195e+00,7.901809699363842032e-01,2.802948720489699141e+01,5.298818231380489685e+00
4.186894240279098511e+00,7.903077435684630059e-01,2.807659558675396383e+01,5.299668353641687091e+00
4.193919230615136939e+00,7.904332592396070556e-01,2.812370396861093269e+01,5.300510040232336628e+00
4.200944220951175367e+00,7.905575226098344732e-01,2.817081235046790155e+01,5.301343329107551128e+00
4.207969211287213795e+00,7.906805393809911431e-01,2.821792073232487041e+01,5.302168258502931053e+00
4.214994201623253112e+00,7.908023152769746433e-01,2.826502911418184283e+01,5.302984866801954134e+00
4.222019191959291540e+00,7.909228560239572881e-01,2.831213749603881169e+01,5.303793192403350787e+00
4.229044182295330856e+00,7.910421673306099466e-01,2.835924587789578055e+01,5.304593273588489311e+00
4.236069172631369284e+00,7.911602548683263070e-01,2.840635425975274941e+01,5.305385148388765515e+00
4.243094162967408600e+00,7.912771242522605997e-01,2.845346264160972183e+01,5.306168854458441331e+00
4.250119153303447028e+00,7.913927810345843250e-01,2.850057102346669069e+01,5.306944429029426757e+00
4.257144143639485456e+00,7.915072307192011491e-01,2.854767940532365955e+01,5.307711909009959150e+00
4.264169133975523884e+00,7.916204787822477273e-01,2.859478778718062841e+01,5.308471331122071035e+00
4.271194124311563201e+00,7.917325306927054385e-01,2.864189616903760083e+01,5.309222732039815540e+00
4.278219114647601629e+00,7.918433919330133408e-01,2.868900455089456969e+01,5.309966148527489160e+00
4.285244104983640945e+00,7.919530680196812389e-01,2.873611293275153855e+01,5.310701617577862521e+00
4.292269095319679373e+00,7.920615645239007518e-01,2.878322131460850741e+01,5.311429176550392484e+00
4.299294085655718689e+00,7.921688870921597125e-01,2.883032969646547983e+01,5.312148863309458235e+00
4.306319075991757117e+00,7.922750414668524588e-01,2.887743807832244869e+01,5.312860716362573399e+00
4.313344066327795545e+00,7.923800335056331301e-01,2.892454646017941755e+01,5.313564774990163109e+00
4.320369056663833973e+00,7.924838691873224983e-01,2.897165484203638641e+01,5.314261079285174993e+00
4.327394046999873289e+00,7.925865545993070471e-01,2.901876322389335883e+01,5.314949670068580545e+00
4.334419037335911717e+00,7.926880959211408673e-01,2.906587160575032769e+01,5.315630588779410637e+00
4.341444027671951034e+00,7.927884994080965919e-01,2.911297998760729655e+01,5.316303877364451758e+00
4.348469018007989462e+00,7.928877713747252143e-01,2.916008836946426541e+01,5.316969578168002641e+00
4.355494008344028778e+00,7.929859181784090216e-01,2.920719675132123783e+01,5.317627733821577607e+00
4.362518998680067206e+00,7.930829462029187482e-01,2.925430513317820669e+01,5.318278387133651641e+00
4.369543989016105634e+00,7.931788618419686188e-01,2.930141351503517555e+01,5.318921580979377062e+00
4.376568979352144062e+00,7.932736714825967539e-01,2.934852189689214441e+01,5.319557358189135776e+00
4.383593969688183378e+00,7.933673814815590530e-01,2.939563027874911683e+01,5.320185761390245460e+00
4.390618960024221806e+00,7.934599981188237283e-01,2.944273866060608569e+01,5.320806832695097022e+00
4.397643950360261123e+00,7.935515275394918744e-01,2.948984704246305455e+01,5.321420613311685699e+00
4.404668940696299551e+00,7.936419756950682247e-01,2.953695542432002341e+01,5.322027143149782979e+00
4.411693931032338867e+00,7.937313482847258017e-01,2.958406380617699583e+01,5.322626460427065886e+00
4.418718921368377295e+00,7.938196506965782273e-01,2.963117218803396469e+01,5.323218601275302220e+00
4.425743911704415723e+00,7.939068879489467045e-01,2.967828056989093355e+01,5.323803599346494941e+00
4.432768902040454151e+00,7.939930646316288865e-01,2.972538895174790241e+01,5.324381485419039883e+00
4.439793892376493467e+00,7.940781848482004746e-01,2.977249733360487483e+01,5.324952287010813023e+00
4.446818882712531895e+00,7.941622522094788916e-01,2.981960571546184369e+01,5.325516028335337104e+00
4.453843873048571211e+00,7.942452700150841594e-01,2.986671409731881255e+01,5.326072731519300163e+00
4.460868863384609639e+00,7.943272415409963205e-01,2.991382247917578141e+01,5.326622418530861935e+00
4.467893853720648956e+00,7.944081703340940548e-01,2.996093086103275382e+01,5.327165113154784137e+00
4.474918844056687384e+00,7.944880605066997337e-01,3.000803924288972269e+01,5.327700842967595385e+00
4.481943834392725812e+00,7.945669170311198126e-01,3.005514762474669155e+01,5.328229641312731246e+00
4.488968824728764240e+00,7.946447460341924396e-01,3.010225600660366041e+01,5.328751549275719590e+00
4.495993815064803556e+00,7.947215550918255156e-01,3.014936438846063282e+01,5.329266617659300209e+00
4.503018805400841984e+00,7.947973535060026684e-01,3.019647277031760169e+01,5.329774908840982484e+00
4.510043795736881300e+00,7.948721522780974880e-01,3.024358115217457055e+01,5.330276496594092528e+00
4.517068786072919728e+00,7.949459634913781381e-01,3.029068953403153941e+01,5.330771461946957501e+00
4.524093776408958156e+00,7.950187995163611188e-01,3.033779791588850827e+01,5.331259887854142399e+00
4.531118766744997473e+00,7.950906722118732395e-01,3.038490629774548069e+01,5.331741853838907197e+00
4.538143757081035901e+00,7.951615921261130371e-01,3.043201467960244955e+01,5.332217430635665778e+00
4.545168747417074329e+00,7.952315676977164127e-01,3.047912306145941841e+01,5.332686674832464391e+00
4.552193737753112757e+00,7.953006044568171617e-01,3.052623144331638727e+01,5.333149623513432580e+00
4.559218728089152073e+00,7.953687042345033431e-01,3.057333982517335969e+01,5.333606288957533970e+00
4.566243718425190501e+00,7.954358647419953465e-01,3.062044820703032855e+01,5.334056655816604042e+00
4.573268708761229817e+00,7.955020804269162804e-01,3.066755658888729741e+01,5.334500686857355234e+00
4.580293699097268245e+00,7.955673440082430270e-01,3.071466497074426627e+01,5.334938333254492626e+00
4.587318689433307561e+00,7.956316480523945023e-01,3.076177335260123868e+01,5.335369545159696081e+00
4.594343679769345989e+00,7.956949865493270213e-01,3.080888173445820755e+01,5.335794282270640565e+00
4.601368670105384417e+00,7.957573564886245565e-01,3.085599011631517641e+01,5.336212524399992496e+00
4.608393660441422846e+00,7.958187594355925487e-01,3.090309849817214527e+01,5.336624282044422962e+00
4.615418650777462162e+00,7.958792030874936030e-01,3.095020688002911768e+01,5.337029606820455463e+00
4.622443641113500590e+00,7.959387021265693640e-01,3.099731526188608655e+01,5.337428597184687540e+00
4.629468631449539906e+00,7.959972769234988643e-01,3.104442364374305541e+01,5.337821389739403344e+00
4.636493621785578334e+00,7.960549512243789705e-01,3.109153202560002427e+01,5.338208143721861809e+00
4.643518612121617650e+00,7.961117497858327674e-01,3.113864040745699668e+01,5.338589025145735967e+00
4.650543602457656078e+00,7.961676960101169431e-01,3.118574878931396555e+01,5.338964190942550481e+00
4.657568592793694506e+00,7.962228095802272865e-01,3.123285717117093441e+01,5.339333773103104086e+00
4.664593583129732934e+00,7.962771040951366341e-01,3.127996555302790327e+01,5.339697862819778429e+00
4.671618573465772251e+00,7.963305848709627544e-01,3.132707393488487568e+01,5.340056495741548837e+00
4.678643563801810679e+00,7.963832485721095145e-01,3.137418231674184455e+01,5.340409649500479361e+00
4.685668554137849995e+00,7.964350854221140530e-01,3.142129069859881341e+01,5.340757258537284891e+00
4.692693544473888423e+00,7.964860819590858787e-01,3.146839908045578227e+01,5.341099232578832456e+00
4.699718534809927739e+00,7.965362237976850723e-01,3.151550746231275468e+01,5.341435475159498125e+00
4.706743525145966167e+00,7.965854983911012654e-01,3.156261584416972354e+01,5.341765902142520339e+00
4.713768515482004595e+00,7.966338977930315091e-01,3.160972422602669241e+01,5.342090460241352368e+00
4.720793505818043023e+00,7.966814213634220154e-01,3.165683260788366127e+01,5.342409145163903972e+00
4.727818496154082339e+00,7.967280772250486809e-01,3.170394098974063368e+01,5.342722011380117486e+00
4.734843486490120767e+00,7.967738808516968696e-01,3.175104937159760254e+01,5.343029162654548081e+00
4.741868476826160084e+00,7.968188526351309697e-01,3.179815775345457141e+01,5.343330735730874359e+00
4.748893467162198512e+00,7.968630154187693604e-01,3.184526613531154027e+01,5.343626883793147542e+00
4.755918457498237828e+00,7.969063920313625982e-01,3.189237451716851268e+01,5.343917759927057531e+00
4.762943447834276256e+00,7.969490028206686061e-01,3.193948289902548154e+01,5.344203500581184763e+00
4.769968438170314684e+00,7.969908632446491836e-01,3.198659128088245041e+01,5.344484209413971953e+00
4.776993428506354000e+00,7.970319825451968043e-01,3.203369966273942282e+01,5.344759948399967264e+00
4.784018418842392428e+00,7.970723646502099191e-01,3.208080804459638813e+01,5.345030743878985469e+00
4.791043409178430856e+00,7.971120097845285635e-01,3.212791642645336054e+01,5.345296597358765389e+00
4.798068399514470173e+00,7.971509160999331600e-01,3.217502480831033296e+01,5.345557496445461965e+00
4.805093389850508601e+00,7.971890813051429880e-01,3.222213319016729827e+01,5.345813425774140981e+00
4.812118380186547917e+00,7.972265042953380343e-01,3.226924157202427068e+01,5.346064377936066592e+00
4.819143370522585457e+00,7.972631866409878310e-01,3.231634995388123599e+01,5.346310363462539961e+00
4.826168360858624773e+00,7.972991330084266970e-01,3.236345833573820840e+01,5.346551413645198814e+00
4.833193351194664089e+00,7.973343504521491765e-01,3.241056671759518082e+01,5.346787575790275859e+00
4.840218341530701629e+00,7.973688475371735196e-01,3.245767509945214613e+01,5.347018907333316307e+00
4.847243331866740945e+00,7.974026334605308630e-01,3.250478348130911854e+01,5.347245469948035179e+00
4.854268322202780261e+00,7.974357171727545213e-01,3.255189186316609096e+01,5.347467323655176408e+00
4.861293312538818689e+00,7.974681065215557529e-01,3.259900024502305627e+01,5.347684521080146247e+00
4.868318302874858006e+00,7.974998078028781023e-01,3.264610862688002868e+01,5.347897104442464133e+00
4.875343293210895546e+00,7.975308261366766960e-01,3.269321700873699399e+01,5.348105108075673186e+00
4.882368283546934862e+00,7.975611661005432840e-01,3.274032539059396640e+01,5.348308562676318267e+00
4.889393273882974178e+00,7.975908323700566793e-01,3.278743377245093882e+01,5.348507499598030179e+00
4.896418264219011718e+00,7.976198303591301997e-01,3.283454215430790413e+01,5.348701955145584996e+00
4.903443254555051034e+00,7.976481668450886575e-01,3.288165053616487654e+01,5.348891974766560864e+00
4.910468244891090350e+00,7.976758502438060505e-01,3.292875891802184896e+01,5.349077614896367905e+00
4.917493235227128778e+00,7.977028900650952048e-01,3.297586729987881426e+01,5.349258939306182903e+00
4.924518225563168095e+00,7.977292960702535574e-01,3.302297568173578668e+01,5.349436013453592764e+00
4.931543215899205634e+00,7.977550774195745209e-01,3.307008406359275199e+01,5.349608898765956688e+00
4.938568206235244951e+00,7.977802418198646217e-01,3.311719244544972440e+01,5.349777646923798535e+00
4.945593196571284267e+00,7.978047947349203861e-01,3.316430082730669682e+01,5.349942294566403689e+00
4.952618186907321807e+00,7.978287394630358964e-01,3.321140920916366213e+01,5.350102863811565079e+00
4.959643177243361123e+00,7.978520786518851216e-01,3.325851759102063454e+01,5.350259372414132741e+00
4.966668167579399551e+00,7.978748161765915059e-01,3.330562597287759985e+01,5.350411846360018764e+00
4.973693157915438867e+00,7.978969590241550280e-01,3.335273435473457226e+01,5.350560332502849903e+00
4.980718148251477295e+00,7.979185191710127523e-01,3.339984273659154468e+01,5.350704911154561039e+00
4.987743138587515723e+00,7.979395147966739099e-01,3.344695111844850999e+01,5.350845704223826438e+00
4.994768128923555039e+00,7.979599681385671772e-01,3.349405950030548240e+01,5.350982860831034138e+00
5.001793119259594356e+00,7.979799008223649182e-01,3.354116788216245482e+01,5.351116525994238593e+00
5.008818109595631896e+00,7.979993289450640903e-01,3.358827626401942013e+01,5.351246807657144444e+00
5.015843099931671212e+00,7.980182581582111467e-01,3.363538464587639254e+01,5.351373743718053966e+00
5.022868090267709640e+00,7.980366792493859274e-01,3.368249302773335785e+01,5.351497272400055571e+00
5.029893080603748956e+00,7.980545691399572039e-01,3.372960140959033026e+01,5.351617238941801524e+00
5.036918070939787384e+00,7.980718994362601126e-01,3.377670979144730268e+01,5.351733452940238500e+00
5.043943061275825812e+00,7.980886465560355081e-01,3.382381817330426799e+01,5.351845756256776276e+00
5.050968051611865128e+00,7.981048018732067595e-01,3.387092655516124040e+01,5.351954091046422946e+00
5.057993041947904445e+00,7.981203813255721702e-01,3.391803493701821282e+01,5.352058564185322886e+00
5.065018032283941984e+00,7.981354271524178090e-01,3.396514331887517812e+01,5.352159458922894686e+00
5.072043022619981301e+00,7.981499959975006941e-01,3.401225170073215054e+01,5.352257155102469355e+00
5.079068012956019729e+00,7.981641433985474654e-01,3.405936008258911585e+01,5.352352025150528547e+00
5.086093003292059045e+00,7.981779082079408782e-01,3.410646846444608826e+01,5.352444329604495898e+00
5.093117993628097473e+00,7.981912980730528906e-01,3.415357684630306068e+01,5.352534119746337637e+00
5.100142983964135901e+00,7.982042871931853689e-01,3.420068522816002599e+01,5.352621222560991932e+00
5.107167974300175217e+00,7.982168320274884987e-01,3.424779361001699840e+01,5.352705346070977477e+00
5.114192964636214533e+00,7.982288909515455888e-01,3.429490199187397081e+01,5.352786211150086793e+00
5.121217954972252073e+00,7.982404439425109244e-01,3.434201037373093612e+01,5.352863683528545913e+00
5.128242945308291389e+00,7.982515088821808824e-01,3.438911875558790854e+01,5.352937883118618068e+00
5.135267935644329818e+00,7.982621376960969961e-01,3.443622713744487385e+01,5.353009158124090838e+00
5.142292925980369134e+00,7.982723950412924374e-01,3.448333551930184626e+01,5.353077942123952937e+00
5.149317916316407562e+00,7.982823349416791059e-01,3.453044390115881868e+01,5.353144597393304061e+00
5.156342906652445990e+00,7.982919779368120583e-01,3.457755228301578398e+01,5.353209261666881602e+00
5.163367896988485306e+00,7.983012999808797305e-01,3.462466066487275640e+01,5.353271773697591662e+00
5.170392887324524622e+00,7.983102486883636439e-01,3.467176904672972881e+01,5.353331782197122024e+00
5.177417877660562162e+00,7.983187694496691744e-01,3.471887742858669412e+01,5.353388920962884434e+00
5.184442867996601478e+00,7.983268318136886865e-01,3.476598581044366654e+01,5.353442985794966802e+00
5.191467858332639906e+00,7.983344505038423300e-01,3.481309419230063185e+01,5.353494075426104004e+00
5.198492848668679223e+00,7.983416806151175660e-01,3.486020257415760426e+01,5.353542559313843263e+00
5.205517839004717651e+00,7.983485942424947135e-01,3.490731095601457667e+01,5.353588920914773119e+00
5.212542829340756079e+00,7.983552554022244063e-01,3.495441933787154198e+01,5.353633589510906177e+00
5.219567819676795395e+00,7.983616972257927547e-01,3.500152771972851440e+01,5.353676787276311799e+00
5.226592810012834711e+00,7.983679163827454017e-01,3.504863610158548681e+01,5.353718491877534014e+00
5.233617800348872251e+00,7.983738856668357586e-01,3.509574448344245212e+01,5.353758520874142945e+00
5.240642790684911567e+00,7.983795693103068469e-01,3.514285286529942454e+01,5.353796634413687805e+00
5.247667781020949995e+00,7.983849375884543020e-01,3.518996124715638985e+01,5.353832633167392885e+00
5.254692771356988423e+00,7.983899750695125919e-01,3.523706962901336226e+01,5.353866413652481171e+00
5.261717761693027740e+00,7.983946813347901905e-01,3.528417801087033467e+01,5.353897973061278570e+00
5.268742752029066168e+00,7.983990703961023616e-01,3.533128639272729998e+01,5.353927405354619751e+00
5.275767742365105484e+00,7.984031696554347857e-01,3.537839477458427240e+01,5.353954894285525512e+00
5.282792732701144800e+00,7.984070155215960973e-01,3.542550315644124481e+01,5.353980684005231083e+00
5.289817723037182340e+00,7.984106455456749796e-01,3.547261153829821012e+01,5.354005026324903938e+00
5.296842713373221656e+00,7.984140900584500988e-01,3.551971992015518254e+01,5.354028124637550512e+00
5.303867703709260084e+00,7.984173653541787319e-01,3.556682830201214784e+01,5.354050088209668878e+00
5.310892694045298512e+00,7.984204744433304191e-01,3.561393668386912026e+01,5.354070937228953220e+00
5.317917684381337828e+00,7.984234133239872522e-01,3.566104506572609267e+01,5.354090644859225812e+00
5.324942674717376256e+00,7.984261777038113017e-01,3.570815344758305798e+01,5.354109182316805438e+00
5.331967665053415573e+00,7.984287678198890292e-01,3.575526182944003040e+01,5.354126551191551897e+00
5.338992655389454889e+00,7.984311882291941220e-01,3.580237021129700281e+01,5.354142782041750870e+00
5.346017645725492429e+00,7.984334455362881444e-01,3.584947859315396812e+01,5.354157919156460999e+00
5.353042636061531745e+00,7.984355461037323520e-01,3.589658697501094053e+01,5.354172005201927931e+00
5.360067626397570173e+00,7.984374943809199321e-01,3.594369535686790584e+01,5.354185070015020642e+00
5.367092616733608601e+00,7.984392919918795739e-01,3.599080373872487826e+01,5.354197124486196557e+00
5.374117607069647917e+00,7.984409369917554455e-01,3.603791212058185067e+01,5.354208155573585870e+00
5.381142597405686345e+00,7.984424243139294219e-01,3.608502050243881598e+01,5.354218129301315798e+00
5.388167587741725661e+00,7.984437499548492356e-01,3.613212888429578840e+01,5.354227018822250272e+00
5.395192578077763201e+00,7.984449169706708815e-01,3.617923726615275370e+01,5.354234844630447299e+00
5.402217568413802518e+00,7.984459406548553018e-01,3.622634564800972612e+01,5.354241709281237327e+00
5.409242558749841834e+00,7.984468468467430524e-01,3.627345402986669853e+01,5.354247786048811797e+00
5.416267549085880262e+00,7.984476630542000075e-01,3.632056241172366384e+01,5.354253259396206666e+00
5.423292539421918690e+00,7.984484087797176777e-01,3.636767079358063626e+01,5.354258260103790690e+00
5.430317529757958006e+00,7.984490906460849358e-01,3.641477917543760867e+01,5.354262832582850073e+00
5.437342520093996434e+00,7.984497069666286473e-01,3.646188755729457398e+01,5.354266965522843869e+00
5.444367510430035750e+00,7.984502551357229860e-01,3.650899593915154639e+01,5.354270641450892931e+00
5.451392500766073290e+00,7.984507373138065578e-01,3.655610432100851170e+01,5.354273874854527548e+00
5.458417491102112606e+00,7.984511601662748204e-01,3.660321270286548412e+01,5.354276710430747599e+00
5.465442481438151923e+00,7.984515315391680357e-01,3.665032108472245653e+01,5.354279200793755855e+00
5.472467471774190351e+00,7.984518574272786440e-01,3.669742946657942184e+01,5.354281386143602717e+00
5.479492462110228779e+00,7.984521414154364116e-01,3.674453784843639426e+01,5.354283290519543215e+00
5.486517452446268095e+00,7.984523860411784080e-01,3.679164623029336667e+01,5.354284930937866172e+00
5.493542442782306523e+00,7.984525942295436218e-01,3.683875461215033198e+01,5.354286327013381808e+00
5.500567433118345839e+00,7.984527697702400451e-01,3.688586299400730439e+01,5.354287504159223055e+00
5.507592423454383379e+00,7.984529167724478960e-01,3.693297137586426970e+01,5.354288489930848272e+00
5.514617413790422695e+00,7.984530389980039056e-01,3.698007975772124212e+01,5.354289309554491005e+00
5.521642404126462012e+00,7.984531395564136158e-01,3.702718813957821453e+01,5.354289983881961312e+00
5.528667394462500440e+00,7.984532210947581365e-01,3.707429652143517984e+01,5.354290530664132852e+00
5.535692384798538868e+00,7.984532860788785547e-01,3.712140490329215226e+01,5.354290966436512811e+00
5.542717375134578184e+00,7.984533369469717368e-01,3.716851328514912467e+01,5.354291307549232215e+00
5.549742365470616612e+00,7.984533760509731071e-01,3.721562166700608998e+01,5.354291569773967474e+00
5.556767355806655928e+00,7.984534055466572244e-01,3.726273004886306239e+01,5.354291767566972560e+00
5.563792346142693468e+00,7.984534273166998819e-01,3.730983843072002770e+01,5.354291913553149485e+00
5.570817336478732784e+00,7.984534429583530768e-01,3.735694681257700012e+01,5.354292018443396195e+00
5.577842326814772100e+00,7.984534537913513530e-01,3.740405519443397253e+01,5.354292091087627270e+00
5.584867317150809640e+00,7.984534608913815834e-01,3.745116357629093784e+01,5.354292138699213943e+00
5.591892307486848956e+00,7.984534651771973968e-01,3.749827195814791025e+01,5.354292167439160366e+00
5.598917297822888273e+00,7.984534675140636528e-01,3.754538034000488267e+01,5.354292183109785164e+00
5.605942288158926701e+00,7.984534687856064128e-01,3.759248872186184798e+01,5.354292191636533360e+00
5.612967278494966017e+00,7.984534698904762751e-01,3.763959710371882039e+01,5.354292199045601386e+00
