x_m,r_m,x_over_rt,r_over_rt
# M4.19 vitiated-air nozzle [euler] inviscid design wall (AxisMachCFDWall)
# R=2, L_U=6, L_c=9 (r_t units), M_d=4.19; r_t=0.210505 m
# throat x=0.000000 m r=0.210505 m; exit x=5.239861 m r=0.798452 m
-1.368282500000000068e+00,7.999189999999999356e-01,-6.500000000000000000e+00,3.799999999999999822e+00
-1.364653103448275839e+00,7.999189999999999356e-01,-6.482758620689654805e+00,3.799999999999999822e+00
-1.361023706896551833e+00,7.999189999999999356e-01,-6.465517241379310498e+00,3.799999999999999822e+00
-1.357394310344827604e+00,7.999189999999999356e-01,-6.448275862068965303e+00,3.799999999999999822e+00
-1.353764913793103597e+00,7.999189999999999356e-01,-6.431034482758620996e+00,3.799999999999999822e+00
-1.350135517241379368e+00,7.999189999999999356e-01,-6.413793103448275801e+00,3.799999999999999822e+00
-1.346506120689655139e+00,7.999189999999999356e-01,-6.396551724137930606e+00,3.799999999999999822e+00
-1.342876724137931133e+00,7.999189999999999356e-01,-6.379310344827586299e+00,3.799999999999999822e+00
-1.339247327586206904e+00,7.999189999999999356e-01,-6.362068965517241104e+00,3.799999999999999822e+00
-1.335617931034482897e+00,7.999189999999999356e-01,-6.344827586206896797e+00,3.799999999999999822e+00
-1.331988534482758668e+00,7.999189999999999356e-01,-6.327586206896551602e+00,3.799999999999999822e+00
-1.328359137931034661e+00,7.999189999999999356e-01,-6.310344827586207295e+00,3.799999999999999822e+00
-1.324729741379310433e+00,7.999189999999999356e-01,-6.293103448275862100e+00,3.799999999999999822e+00
-1.321100344827586204e+00,7.999189999999999356e-01,-6.275862068965516904e+00,3.799999999999999822e+00
-1.317470948275862197e+00,7.999189999999999356e-01,-6.258620689655172598e+00,3.799999999999999822e+00
-1.313841551724137968e+00,7.999189999999999356e-01,-6.241379310344827402e+00,3.799999999999999822e+00
-1.310212155172413739e+00,7.999189999999999356e-01,-6.224137931034483096e+00,3.799999999999999822e+00
-1.306582758620689733e+00,7.999189999999999356e-01,-6.206896551724137900e+00,3.799999999999999822e+00
-1.302953362068965504e+00,7.999189999999999356e-01,-6.189655172413792705e+00,3.799999999999999822e+00
-1.299323965517241497e+00,7.999189999999999356e-01,-6.172413793103448398e+00,3.799999999999999822e+00
-1.295694568965517268e+00,7.999189999999999356e-01,-6.155172413793103203e+00,3.799999999999999822e+00
-1.292065172413793039e+00,7.999189999999999356e-01,-6.137931034482758896e+00,3.799999999999999822e+00
-1.288435775862069033e+00,7.999189999999999356e-01,-6.120689655172413701e+00,3.799999999999999822e+00
-1.284806379310344804e+00,7.999189999999999356e-01,-6.103448275862069394e+00,3.799999999999999822e+00
-1.281176982758620797e+00,7.999189999999999356e-01,-6.086206896551724199e+00,3.799999999999999822e+00
-1.277547586206896568e+00,7.999189999999999356e-01,-6.068965517241379004e+00,3.799999999999999822e+00
-1.273918189655172339e+00,7.999189999999999356e-01,-6.051724137931034697e+00,3.799999999999999822e+00
-1.270288793103448333e+00,7.999189999999999356e-01,-6.034482758620689502e+00,3.799999999999999822e+00
-1.266659396551724104e+00,7.999189999999999356e-01,-6.017241379310345195e+00,3.799999999999999822e+00
-1.263030000000000097e+00,7.999189999999999356e-01,-6.000000000000000000e+00,3.799999999999999822e+00
-1.256683115577889254e+00,7.999184956920248890e-01,-5.969849246231155426e+00,3.799997604294552911e+00
-1.250336231155778854e+00,7.999149911821190617e-01,-5.939698492462311741e+00,3.799980956186879588e+00
-1.243989346733668233e+00,7.999055565105230858e-01,-5.909547738693467167e+00,3.799936136958851574e+00
-1.237642462311557834e+00,7.998873377713417998e-01,-5.879396984924623482e+00,3.799849589184778775e+00
-1.231295577889447213e+00,7.998575564811912786e-01,-5.849246231155778908e+00,3.799708113732174208e+00
-1.224948693467336591e+00,7.998135089478441984e-01,-5.819095477386934334e+00,3.799498866762519800e+00
-1.218601809045226192e+00,7.997525656388763116e-01,-5.788944723618090649e+00,3.799209356732031750e+00
-1.212254924623115571e+00,7.996721705503123667e-01,-5.758793969849246075e+00,3.798827441392424564e+00
-1.205908040201005171e+00,7.995698405752722504e-01,-5.728643216080402389e+00,3.798341324791678186e+00
-1.199561155778894550e+00,7.994431648726170181e-01,-5.698492462311557816e+00,3.797739554274801144e+00
-1.193214271356783929e+00,7.992898042355950361e-01,-5.668341708542713242e+00,3.797011017484596795e+00
-1.186867386934673307e+00,7.991074904604880125e-01,-5.638190954773869557e+00,3.796144939362428694e+00
-1.180520502512562686e+00,7.988940257152574720e-01,-5.608040201005024983e+00,3.795130879148986836e+00
-1.174173618090452287e+00,7.986472819081897878e-01,-5.577889447236181297e+00,3.793958727385049023e+00
-1.167826733668341666e+00,7.983652000565433227e-01,-5.547738693467336724e+00,3.792618702912250672e+00
-1.161479849246231044e+00,7.980457896551937935e-01,-5.517587939698492150e+00,3.791101349873845283e+00
-1.155132964824120645e+00,7.976871280452811908e-01,-5.487437185929648464e+00,3.789397534715475580e+00
-1.148786080402010024e+00,7.972873597828551429e-01,-5.457286432160803891e+00,3.787498443185934427e+00
-1.142439195979899624e+00,7.968446960075206142e-01,-5.427135678391960205e+00,3.785395577337928419e+00
-1.136092311557789003e+00,7.963574138110854905e-01,-5.396984924623115631e+00,3.783080752528849455e+00
-1.129745427135678382e+00,7.958238556062049440e-01,-5.366834170854271058e+00,3.780546094421533443e+00
-1.123398542713567982e+00,7.952424284950286859e-01,-5.336683417085427372e+00,3.777784035985029654e+00
-1.117051658291457139e+00,7.946116036378466640e-01,-5.306532663316582799e+00,3.774787314495364310e+00
-1.110704773869346740e+00,7.939299156217347608e-01,-5.276381909547739113e+00,3.771548968536304614e+00
-1.104357889447236118e+00,7.931959618292018233e-01,-5.246231155778894539e+00,3.768062335000127661e+00
-1.098011005025125497e+00,7.924084018068344726e-01,-5.216080402010049966e+00,3.764321046088380029e+00
-1.091664120603015098e+00,7.915659566339444675e-01,-5.185929648241206280e+00,3.760319026312650248e+00
-1.085317236180904477e+00,7.906674082912135137e-01,-5.155778894472361706e+00,3.756050489495325717e+00
-1.078970351758793855e+00,7.897115990293408494e-01,-5.125628140703517133e+00,3.751509935770366067e+00
-1.072623467336683456e+00,7.886974307376878324e-01,-5.095477386934673447e+00,3.746692148584061410e+00
-1.066276582914572835e+00,7.876238643129249706e-01,-5.065326633165828873e+00,3.741592191695802594e+00
-1.059929698492462435e+00,7.864899190276772867e-01,-5.035175879396985188e+00,3.736205406178842559e+00
-1.053582814070351814e+00,7.852946718991713482e-01,-5.005025125628140614e+00,3.730527407421065256e+00
-1.047235929648241193e+00,7.840372570578805211e-01,-4.974874371859296929e+00,3.724554082125747900e+00
-1.040889045226130571e+00,7.827168651161712232e-01,-4.944723618090452355e+00,3.718281585312326332e+00
-1.034542160804019950e+00,7.813327425369493984e-01,-4.914572864321607781e+00,3.711706337317163040e+00
-1.028195276381909551e+00,7.798841910023062152e-01,-4.884422110552764096e+00,3.704825020794309864e+00
-1.021848391959798930e+00,7.783705667821638752e-01,-4.854271356783919522e+00,3.697634577716272020e+00
-1.015501507537688308e+00,7.767912801029224212e-01,-4.824120603015074948e+00,3.690132206374777013e+00
-1.009154623115577909e+00,7.751457945161056573e-01,-4.793969849246231263e+00,3.682315358381537784e+00
-1.002807738693467288e+00,7.734336262670062911e-01,-4.763819095477386689e+00,3.674181735669016291e+00
-9.964608542713568884e-01,7.716543436633334085e-01,-4.733668341708543004e+00,3.665729287491192423e+00
-9.901139698492461561e-01,7.698075664438577270e-01,-4.703517587939698430e+00,3.656956207424325811e+00
-9.837670854271357568e-01,7.678929651470576268e-01,-4.673366834170854744e+00,3.647860930367723409e+00
-9.774202010050251355e-01,7.659102604797652925e-01,-4.643216080402010171e+00,3.638442129544501746e+00
-9.710733165829145142e-01,7.638592226858135215e-01,-4.613065326633165597e+00,3.628698713502356288e+00
-9.647264321608041149e-01,7.617396709146806444e-01,-4.582914572864321912e+00,3.618629823114323685e+00
-9.583795477386934936e-01,7.595514725901374442e-01,-4.552763819095477338e+00,3.608234828579546694e+00
-9.520326633165828722e-01,7.572945427788927431e-01,-4.522613065326632764e+00,3.597513326424040869e+00
-9.456857788944723620e-01,7.549688435592400992e-01,-4.492462311557789079e+00,3.586465136501461259e+00
-9.393388944723617406e-01,7.525743833897028390e-01,-4.462311557788944505e+00,3.575090298993861548e+00
-9.329920100502513414e-01,7.501112164776815305e-01,-4.432160804020100819e+00,3.563389071412467857e+00
-9.266451256281407201e-01,7.475794421480985719e-01,-4.402010050251256246e+00,3.551361925598435221e+00
-9.202982412060302098e-01,7.449792042120456648e-01,-4.371859296482412560e+00,3.539009544723620060e+00
-9.139513567839195884e-01,7.423106903354286246e-01,-4.341708542713567986e+00,3.526332820291340653e+00
-9.076044723618089671e-01,7.395741314076146322e-01,-4.311557788944723413e+00,3.513332849137144720e+00
-9.012575879396985679e-01,7.367698009100773771e-01,-4.281407035175879727e+00,3.500010930429573452e+00
-8.949107035175879465e-01,7.338980142850435318e-01,-4.251256281407035154e+00,3.486368562670927318e+00
-8.885638190954773252e-01,7.309591283041388943e-01,-4.221105527638190580e+00,3.472407440698030534e+00
-8.822169346733668149e-01,7.279535404370343077e-01,-4.190954773869346894e+00,3.458129452682997318e+00
-8.758700502512561936e-01,7.248816882200920242e-01,-4.160804020100502321e+00,3.443536677133996804e+00
-8.695231658291457943e-01,7.217440486250111809e-01,-4.130653266331658635e+00,3.428631379896017517e+00
-8.631762814070351730e-01,7.185411374274747187e-01,-4.100502512562814061e+00,3.413416011151634066e+00
-8.568293969849247738e-01,7.152735085757946365e-01,-4.070351758793970376e+00,3.397893202421769843e+00
-8.504825125628141524e-01,7.119417535595582436e-01,-4.040201005025125802e+00,3.382065763566462824e+00
-8.441356281407034201e-01,7.085465007782753011e-01,-4.010050251256281229e+00,3.365936679785636265e+00
-8.377887437185929098e-01,7.050884149100222764e-01,-3.979899497487437099e+00,3.349509108619853848e+00
-8.314418592964823995e-01,7.015681962800900395e-01,-3.949748743718592969e+00,3.332786376951093921e+00
-8.250949748743718892e-01,6.979865802296286725e-01,-3.919597989949748840e+00,3.315771978003509091e+00
-8.187480904522613789e-01,6.943443364842948329e-01,-3.889447236180904710e+00,3.298469568344195135e+00
-8.124012060301507576e-01,6.906422685228965630e-01,-3.859296482412060580e+00,3.280882964883953257e+00
-8.060543216080401363e-01,6.868812129460400984e-01,-3.829145728643216007e+00,3.263016141878055887e+00
-7.997074371859296260e-01,6.830620388447764535e-01,-3.798994974874371877e+00,3.244873227927015602e+00
-7.933605527638191157e-01,6.791856471692456765e-01,-3.768844221105527748e+00,3.226458502977343379e+00
-7.870136683417086054e-01,6.752529700973249893e-01,-3.738693467336683618e+00,3.207776395322320173e+00
-7.806667839195980951e-01,6.712649704032737086e-01,-3.708542713567839488e+00,3.188831478602758729e+00
-7.743198994974873628e-01,6.672226408263796094e-01,-3.678391959798994915e+00,3.169628468807769828e+00
-7.679730150753768525e-01,6.631270034396048452e-01,-3.648241206030150785e+00,3.150172221275527207e+00
-7.616261306532663422e-01,6.589791090182325339e-01,-3.618090452261306655e+00,3.130467727694033808e+00
-7.552792462311558319e-01,6.547800364085121227e-01,-3.587939698492462526e+00,3.110520113101884032e+00
-7.489323618090453216e-01,6.505308918963057518e-01,-3.557788944723618396e+00,3.090334632889032207e+00
-7.425854773869347003e-01,6.462328085757345075e-01,-3.527638190954773822e+00,3.069916669797556175e+00
-7.362385929648240790e-01,6.418869457178248972e-01,-3.497487437185929693e+00,3.049271730922424428e+00
-7.298917085427135687e-01,6.374944881391535478e-01,-3.467336683417085563e+00,3.028405444712256589e+00
-7.235448241206030584e-01,6.330566455704947915e-01,-3.437185929648241434e+00,3.007323557970094985e+00
-7.171979396984925481e-01,6.285746520254659186e-01,-3.407035175879397304e+00,2.986031932854164683e+00
-7.108510552763819268e-01,6.240497651691730985e-01,-3.376884422110552730e+00,2.964536543878639741e+00
-7.045041708542714165e-01,6.194832656868580756e-01,-3.346733668341708601e+00,2.942843474914411228e+00
-6.981572864321607952e-01,6.148764566525446451e-01,-3.316582914572864471e+00,2.920958916189851262e+00
-6.918104020100502849e-01,6.102306628976829073e-01,-3.286432160804020342e+00,2.898889161291574368e+00
-6.854635175879397746e-01,6.055472303797971856e-01,-3.256281407035176212e+00,2.876640604165208170e+00
-6.791166331658291533e-01,6.008275255511308366e-01,-3.226130653266331638e+00,2.854219736116153427e+00
-6.727697487437186430e-01,5.960729347272939460e-01,-3.195979899497487509e+00,2.831633142810356052e+00
-6.664228643216080217e-01,5.912848634559074723e-01,-3.165829145728643379e+00,2.808887501275064480e+00
-6.600759798994975114e-01,5.864647358852506098e-01,-3.135678391959799249e+00,2.785989576899601250e+00
-6.537290954773868901e-01,5.816139941329059315e-01,-3.105527638190954676e+00,2.762946220436122591e+00
-6.473822110552763798e-01,5.767340976544070852e-01,-3.075376884422110546e+00,2.739764365000390001e+00
-6.410353266331658695e-01,5.718265226118829370e-01,-3.045226130653266416e+00,2.716451023072529836e+00
-6.346884422110553592e-01,5.668927612427044904e-01,-3.015075376884422287e+00,2.693013283497800447e+00
-6.283415577889447379e-01,5.619343212281314726e-01,-2.984924623115578157e+00,2.669458308487358877e+00
-6.219946733668341166e-01,5.569527250619575875e-01,-2.954773869346733584e+00,2.645793330619023997e+00
-6.156477889447236063e-01,5.519495094191573248e-01,-2.924623115577889454e+00,2.622025649838043648e+00
-6.093009045226130960e-01,5.469262245245312126e-01,-2.894472361809045324e+00,2.598162630457856892e+00
-6.029540201005025857e-01,5.418844335213525154e-01,-2.864321608040201195e+00,2.574211698160863371e+00
-5.966071356783919644e-01,5.368257118400130423e-01,-2.834170854271357065e+00,2.550180336999182895e+00
-5.902602512562813430e-01,5.317516465666694003e-01,-2.804020100502512491e+00,2.526076086395427023e+00
-5.839133668341708328e-01,5.266638358118890251e-01,-2.773869346733668362e+00,2.501906538143459979e+00
-5.775664824120603225e-01,5.215638880792962118e-01,-2.743718592964824232e+00,2.477679333409164464e+00
-5.712195979899498122e-01,5.164534216342180351e-01,-2.713567839195980103e+00,2.453402159731208343e+00
-5.648727135678393019e-01,5.113340638723308240e-01,-2.683417085427135973e+00,2.429082748021808680e+00
-5.585258291457285695e-01,5.062074506883056380e-01,-2.653266331658291399e+00,2.404728869567495320e+00
-5.521789447236180592e-01,5.010752258444552965e-01,-2.623115577889447270e+00,2.380348333029882024e+00
-5.458320603015075489e-01,4.959390403393794666e-01,-2.592964824120603140e+00,2.355948981446423840e+00
-5.394851758793970387e-01,4.908005517766110826e-01,-2.562814070351759010e+00,2.331538689231187345e+00
-5.331382914572865284e-01,4.856614237332628758e-01,-2.532663316582914881e+00,2.307125359175615120e+00
-5.267914070351759070e-01,4.805233251286725737e-01,-2.502512562814070307e+00,2.282716919449288895e+00
-5.204445226130652857e-01,4.753879295930498183e-01,-2.472361809045226178e+00,2.258321320600697568e+00
-5.140976381909547754e-01,4.702569148361219753e-01,-2.442211055276382048e+00,2.233946532558000797e+00
-5.077507537688442651e-01,4.651319620157798318e-01,-2.412060301507537918e+00,2.209600541629794357e+00
-5.014038693467337549e-01,4.600147551067240159e-01,-2.381909547738693789e+00,2.185291347505874171e+00
-4.950569849246230780e-01,4.549069802691114717e-01,-2.351758793969849215e+00,2.161026960258005669e+00
-4.887101005025125677e-01,4.498103252172007127e-01,-2.321608040201005085e+00,2.136815397340684264e+00
-4.823632160804020574e-01,4.447264785879982418e-01,-2.291457286432160956e+00,2.112664680591901600e+00
-4.760163316582914916e-01,4.396571293099048594e-01,-2.261306532663316826e+00,2.088582833233913139e+00
-4.696694472361809813e-01,4.346039659713614722e-01,-2.231155778894472697e+00,2.064577876874000406e+00
-4.633225628140703600e-01,4.295686761894950689e-01,-2.201005025125628123e+00,2.040657828505237692e+00
-4.569756783919597942e-01,4.245529459787657500e-01,-2.170854271356783993e+00,2.016830697507260073e+00
-4.506287939698492839e-01,4.195584591196110380e-01,-2.140703517587939864e+00,1.993104482647020337e+00
-4.442819095477387181e-01,4.145868965270936291e-01,-2.110552763819095734e+00,1.969487169079564115e+00
-4.379350251256282078e-01,4.096399356195465358e-01,-2.080402010050251604e+00,1.945986725348787694e+00
-4.315881407035175865e-01,4.047192496872199508e-01,-2.050251256281407031e+00,1.922611100388209149e+00
-4.252412562814070762e-01,3.998265072609255566e-01,-2.020100502512562901e+00,1.899368220521724160e+00
-4.188943718592965104e-01,3.949633714806853879e-01,-1.989949748743718771e+00,1.876265986464385138e+00
-4.125474874371858891e-01,3.901314994643752532e-01,-1.959798994974874198e+00,1.853312270323152822e+00
-4.062006030150754343e-01,3.853325416763727640e-01,-1.929648241206030512e+00,1.830514912597671184e+00
-3.998537185929648130e-01,3.805681412962016452e-01,-1.899497487437185939e+00,1.807881719181025026e+00
-3.935068341708543582e-01,3.758399335871798197e-01,-1.869346733668342253e+00,1.785420458360513107e+00
-3.871599497487437369e-01,3.711495452650636628e-01,-1.839195979899497679e+00,1.763138857818406402e+00
-3.808130653266331156e-01,3.664985938666944776e-01,-1.809045226130653106e+00,1.741044601632714128e+00
-3.744661809045226608e-01,3.618886871186466903e-01,-1.778894472361809420e+00,1.719145327277958657e+00
-3.681192964824120395e-01,3.573214223058701067e-01,-1.748743718592964846e+00,1.697448622625923775e+00
-3.617724120603016402e-01,3.527983856403396623e-01,-1.718592964824121161e+00,1.675962022946436702e+00
-3.554255276381910189e-01,3.483211516296982890e-01,-1.688442211055276587e+00,1.654693007908117686e+00
-3.490786432160803421e-01,3.438912824459061657e-01,-1.658291457286432014e+00,1.633648998579160461e+00
-3.427317587939699428e-01,3.395103272938845840e-01,-1.628140703517588328e+00,1.612837354428087622e+00
-3.363848743718593215e-01,3.351798217801627011e-01,-1.597989949748743754e+00,1.592265370324518203e+00
-3.300379899497488667e-01,3.309012872815231265e-01,-1.567839195979900069e+00,1.571940273539930821e+00
-3.236911055276382454e-01,3.266762303136492851e-01,-1.537688442211055495e+00,1.551869220748435030e+00
-3.173442211055276241e-01,3.225061418997697826e-01,-1.507537688442210921e+00,1.532059295027528023e+00
-3.109973366834171693e-01,3.183924969393071014e-01,-1.477386934673367236e+00,1.512517502858873319e+00
-3.046504522613065480e-01,3.143367535765189125e-01,-1.447236180904522662e+00,1.493250771129041699e+00
-2.983035678391960932e-01,3.103403525691507125e-01,-1.417085427135678977e+00,1.474265944130308981e+00
-2.919566834170854719e-01,3.064047166570750824e-01,-1.386934673366834403e+00,1.455569780561388527e+00
-2.856097989949748506e-01,3.025312499309441572e-01,-1.356783919597989829e+00,1.437168950528225686e+00
-2.792629145728643958e-01,2.987213372008308276e-01,-1.326633165829146144e+00,1.419070032544741622e+00
-2.729160301507537745e-01,2.949763433648759370e-01,-1.296482412060301570e+00,1.401279510533602224e+00
-2.665691457286433197e-01,2.912976127779365876e-01,-1.266331658291457885e+00,1.383803770826995017e+00
-2.602222613065326984e-01,2.876864686202306176e-01,-1.236180904522613311e+00,1.366649099167386083e+00
-2.538753768844220771e-01,2.841442122659817993e-01,-1.206030150753768737e+00,1.349821677708281431e+00
-2.475284924623116500e-01,2.806721226520660362e-01,-1.175879396984925052e+00,1.333327582014992796e+00
-2.411816080402010287e-01,2.772714556466613911e-01,-1.145728643216080478e+00,1.317172778065420768e+00
-2.348347236180905739e-01,2.739434434178876221e-01,-1.115577889447236792e+00,1.301363119250790401e+00
-2.284878391959799526e-01,2.706892938024575423e-01,-1.085427135678392219e+00,1.285904343376440107e+00
-2.221409547738693313e-01,2.675101896743207197e-01,-1.055276381909547645e+00,1.270802069662576805e+00
-2.157940703517588765e-01,2.644072883133101737e-01,-1.025125628140703959e+00,1.256061795745042620e+00
-2.094471859296482552e-01,2.613817207737883508e-01,-9.949748743718593857e-01,1.241688894676080679e+00
-2.031003015075378282e-01,2.584345912532926004e-01,-9.648241206030157002e-01,1.227688611925097373e+00
-1.967534170854271791e-01,2.555669764611821493e-01,-9.346733668341711265e-01,1.214066062379431266e+00
-1.904065326633165578e-01,2.527799249872855758e-01,-9.045226130653265528e-01,1.200826227345125119e+00
-1.840596482412061308e-01,2.500744566705412342e-01,-8.743718592964828673e-01,1.187973951547665052e+00
-1.777127638190955095e-01,2.474515619676509737e-01,-8.442211055276382936e-01,1.175513940132780544e+00
-1.713658793969850547e-01,2.449122013217206739e-01,-8.140703517587946081e-01,1.163450755667184477e+00
-1.650189949748744334e-01,2.424573045309099117e-01,-7.839195979899500344e-01,1.151788815139354938e+00
-1.586721105527638120e-01,2.400877701170733847e-01,-7.537688442211054607e-01,1.140532386960278366e+00
-1.523252261306533573e-01,2.378044646944116325e-01,-7.236180904522617752e-01,1.129685587964236682e+00
-1.459783417085427359e-01,2.356082223381172625e-01,-6.934673366834172015e-01,1.119252380409573533e+00
-1.396314572864323089e-01,2.334998439530150682e-01,-6.633165829145735159e-01,1.109236568979430793e+00
-1.332845728643216598e-01,2.314800966422151940e-01,-6.331658291457289423e-01,1.099641797782547670e+00
-1.269376884422110385e-01,2.295497130757545856e-01,-6.030150753768843686e-01,1.090471547354003867e+00
-1.205908040201005976e-01,2.277093908592466576e-01,-5.728643216080406830e-01,1.081729131656001819e+00
-1.142439195979899763e-01,2.259597919025238821e-01,-5.427135678391961093e-01,1.073417695078615175e+00
-1.078970351758795354e-01,2.243015417882847917e-01,-5.125628140703524238e-01,1.065540209440558606e+00
-1.015501507537689141e-01,2.227352291407423412e-01,-4.824120603015078501e-01,1.058099470989963820e+00
-9.520326633165827890e-02,2.212614049942663030e-01,-4.522613065326632764e-01,1.051098097405127163e+00
-8.885638190954783799e-02,2.198805821620342105e-01,-4.221105527638195909e-01,1.044538524795298073e+00
-8.250949748743721668e-02,2.185932346046719488e-01,-3.919597989949750172e-01,1.038423004701417796e+00
-7.616261306532677577e-02,2.173997967989030888e-01,-3.618090452261313317e-01,1.032753601096900731e+00
-6.981572864321615446e-02,2.163006631061943630e-01,-3.316582914572867580e-01,1.027532187388396245e+00
-6.346884422110551927e-02,2.152961871414037498e-01,-3.015075376884421843e-01,1.022760443416563803e+00
-5.712195979899507836e-02,2.143866811414205653e-01,-2.713567839195984988e-01,1.018439852456809014e+00
-5.077507537688445705e-02,2.135724153338181552e-01,-2.412060301507539251e-01,1.014571698220080975e+00
-4.442819095477382879e-02,2.128536173054968172e-01,-2.110552763819093514e-01,1.011157061853622530e+00
-3.808130653266338789e-02,2.122304713713311641e-01,-1.809045226130656658e-01,1.008196818941740958e+00
-3.173442211055275963e-02,2.117031179428147114e-01,-1.507537688442210921e-01,1.005691636506566233e+00
-2.538753768844232220e-02,2.112716528967047702e-01,-1.206030150753774066e-01,1.003641970008811057e+00
-1.904065326633169394e-02,2.109361269436744180e-01,-9.045226130653283292e-02,1.002048060348563752e+00
-1.269376884422106742e-02,2.106965449969487036e-01,-6.030150753768825922e-02,1.000909930866006547e+00
-6.346884422110626520e-03,2.105528655409640848e-01,-3.015075376884457370e-02,1.000227384342244008e+00
0.000000000000000000e+00,2.105050000000000532e-01,0.000000000000000000e+00,1.000000000000000222e+00
6.558023206567269864e-03,2.105725859886606044e-01,3.115376454985520696e-02,1.000321065954065780e+00
1.311604641313453973e-02,2.107306343779204727e-01,6.230752909971041392e-02,1.001071871822144299e+00
1.967406961970181306e-02,2.109888108524449191e-01,9.346129364956562435e-02,1.002298334255456780e+00
2.623209282626907946e-02,2.113403947068686894e-01,1.246150581994208278e-01,1.003968526670951711e+00
3.279011603283635279e-02,2.117893822323130004e-01,1.557688227492760313e-01,1.006101433373615794e+00
3.934813923940362612e-02,2.123358360845294390e-01,1.869225872991312487e-01,1.008697352008405712e+00
4.590616244597089252e-02,2.129812607264765512e-01,2.180763518489864383e-01,1.011763429498000244e+00
5.246418565253815891e-02,2.137263403222950942e-01,2.492301163988416557e-01,1.015302915951141749e+00
5.902220885910543224e-02,2.145733395148911593e-01,2.803838809486968731e-01,1.019326569510895952e+00
6.558023206567270558e-02,2.155248245987581024e-01,3.115376454985520627e-01,1.023846581310458692e+00
7.213825527223996503e-02,2.165813828782132133e-01,3.426914100484072523e-01,1.028865741327822159e+00
7.869627847880725224e-02,2.177467578267930637e-01,3.738451745982624974e-01,1.034401832862844373e+00
8.525430168537451170e-02,2.190217677286845910e-01,4.049989391481176870e-01,1.040458743158996668e+00
9.181232489194178503e-02,2.204077513126997401e-01,4.361527036979728766e-01,1.047042831822045716e+00
9.837034809850905837e-02,2.219049372977704992e-01,4.673064682478281218e-01,1.054155185376929316e+00
1.049283713050763178e-01,2.235095906892423379e-01,4.984602327976833114e-01,1.061778060802557322e+00
1.114863945116436050e-01,2.252169339333714437e-01,5.296139973475385565e-01,1.069888762420709405e+00
1.180444177182108645e-01,2.270200064984306820e-01,5.607677618973937461e-01,1.078454224357761948e+00
1.246024409247781378e-01,2.289081513824731962e-01,5.919215264472489357e-01,1.087423820728596446e+00
1.311604641313454112e-01,2.308706892003825895e-01,6.230752909971041253e-01,1.096746819317273136e+00
1.377184873379126706e-01,2.328982619883743499e-01,6.542290555469593150e-01,1.106378765294764310e+00
1.442765105444799301e-01,2.349821255164123712e-01,6.853828200968145046e-01,1.116278119362544174e+00
1.508345337510472173e-01,2.371143745682981474e-01,7.165365846466698052e-01,1.126407327941370218e+00
1.573925569576145045e-01,2.392882315328917209e-01,7.476903491965249948e-01,1.136734194118390162e+00
1.639505801641817639e-01,2.414981390294864416e-01,7.788441137463801844e-01,1.147232317662223888e+00
1.705086033707490234e-01,2.437395286544858930e-01,8.099978782962353741e-01,1.157879996458449412e+00
1.770666265773162829e-01,2.460082353687399193e-01,8.411516428460905637e-01,1.168657444567777093e+00
1.836246497838835701e-01,2.483004610663172018e-01,8.723054073959457533e-01,1.179546619160196652e+00
1.901826729904508573e-01,2.506131818969449254e-01,9.034591719458010539e-01,1.190533155492482065e+00
1.967406961970181167e-01,2.529438708796909463e-01,9.346129364956562435e-01,1.201605049189762520e+00
2.032987194035853762e-01,2.552901129578940553e-01,9.657667010455114331e-01,1.212750827571288381e+00
2.098567426101526356e-01,2.576497103963513724e-01,9.969204655953666228e-01,1.223960050337765670e+00
2.164147658167199506e-01,2.600207776417075012e-01,1.028074230145221923e+00,1.235223760203831400e+00
2.229727890232872101e-01,2.624016537633934720e-01,1.059227994695077113e+00,1.246534066950397701e+00
2.295308122298544695e-01,2.647908236510018165e-01,1.090381759244932303e+00,1.257883773074282452e+00
2.360888354364217290e-01,2.671868833962652845e-01,1.121535523794787492e+00,1.269266209335955464e+00
2.426468586429890162e-01,2.695885377020372231e-01,1.152689288344642682e+00,1.280675222450949891e+00
2.492048818495562756e-01,2.719946169535695235e-01,1.183843052894497871e+00,1.292105256186644180e+00
2.557629050561235351e-01,2.744040779829847176e-01,1.214996817444353061e+00,1.303551354993870648e+00
2.623209282626908223e-01,2.768159871517876236e-01,1.246150581994208251e+00,1.315009083640709786e+00
2.688789514692580540e-01,2.792294956883004664e-01,1.277304346544063440e+00,1.326474410053445130e+00
2.754369746758253412e-01,2.816438098168193571e-01,1.308458111093918630e+00,1.337943563415687764e+00
2.819949978823926284e-01,2.840581805456560138e-01,1.339611875643773820e+00,1.349412985656663899e+00
2.885530210889598601e-01,2.864719307288169925e-01,1.370765640193629009e+00,1.360879460007206498e+00
2.951110442955272029e-01,2.888844734007217641e-01,1.401919404743484421e+00,1.372340198098485953e+00
3.016690675020944346e-01,2.912952608671170451e-01,1.433073169293339610e+00,1.383792598119365502e+00
3.082270907086617218e-01,2.937037033030022726e-01,1.464226933843194800e+00,1.395233858117395087e+00
3.147851139152290090e-01,2.961091675840261117e-01,1.495380698393049990e+00,1.406660970447381809e+00
3.213431371217962407e-01,2.985110865351859877e-01,1.526534462942905179e+00,1.418071240755259810e+00
3.279011603283635279e-01,3.009090596566542097e-01,1.557688227492760369e+00,1.429462766474212998e+00
3.344591835349307596e-01,3.033028212526320821e-01,1.588841992042615558e+00,1.440834285421401351e+00
3.410172067414980468e-01,3.056921229200360024e-01,1.619995756592470748e+00,1.452184617562699342e+00
3.475752299480653340e-01,3.080766495278692285e-01,1.651149521142325938e+00,1.463512265874298723e+00
3.541332531546325657e-01,3.104560427360872343e-01,1.682303285692181127e+00,1.474815528068631254e+00
3.606912763611998529e-01,3.128299674156999055e-01,1.713457050242036317e+00,1.486092812121801998e+00
3.672492995677671401e-01,3.151981525730379041e-01,1.744610814791891507e+00,1.497342830683536796e+00
3.738073227743343718e-01,3.175603720864476620e-01,1.775764579341746696e+00,1.508564509567219991e+00
3.803653459809017146e-01,3.199164055625822178e-01,1.806918343891602108e+00,1.519756801798447743e+00
3.869233691874689463e-01,3.222660154381336572e-01,1.838072108441457297e+00,1.530918578837242139e+00
3.934813923940362335e-01,3.246089663744247122e-01,1.869225872991312487e+00,1.542048722711691910e+00
4.000394156006035207e-01,3.269450609465733293e-01,1.900379637541167677e+00,1.553146295558648582e+00
4.065974388071707524e-01,3.292741662980445128e-01,1.931533402091022866e+00,1.564210666245668735e+00
4.131554620137380396e-01,3.315962015467523449e-01,1.962687166640878056e+00,1.575241450543941157e+00
4.197134852203052713e-01,3.339111009299794430e-01,1.993840931190733246e+00,1.586238336048927389e+00
4.262715084268726140e-01,3.362187770808972576e-01,2.024994695740588657e+00,1.597200907726169294e+00
4.328295316334399012e-01,3.385191054630722896e-01,2.056148460290443847e+00,1.608128573967707586e+00
4.393875548400071329e-01,3.408119382190191726e-01,2.087302224840299036e+00,1.619020632379369440e+00
4.459455780465744201e-01,3.430971240368440589e-01,2.118455989390154226e+00,1.629876364156880086e+00
4.525036012531416518e-01,3.453745244100470124e-01,2.149609753940009416e+00,1.640695111327745259e+00
4.590616244597089390e-01,3.476440180162950755e-01,2.180763518489864605e+00,1.651476297552528782e+00
4.656196476662762262e-01,3.499054991712731155e-01,2.211917283039719795e+00,1.662219420779901258e+00
4.721776708728434579e-01,3.521588759552758963e-01,2.243071047589574984e+00,1.672924044347050554e+00
4.787356940794107452e-01,3.544040683397930991e-01,2.274224812139430174e+00,1.683589788080060323e+00
4.852937172859780324e-01,3.566410063140964537e-01,2.305378576689285364e+00,1.694216319394296955e+00
4.918517404925452641e-01,3.588696280118246484e-01,2.336532341239140553e+00,1.704803344394787201e+00
4.984097636991125513e-01,3.610898778375699059e-01,2.367686105788995743e+00,1.715350598976603580e+00
5.049677869056797830e-01,3.633017045940127310e-01,2.398839870338850933e+00,1.725857839927853243e+00
5.115258101122470702e-01,3.655050597492214282e-01,2.429993634888706122e+00,1.736324836698517560e+00
5.180838333188143574e-01,3.676998967227581572e-01,2.461147399438561312e+00,1.746751368009112237e+00
5.246418565253816446e-01,3.698861712105740995e-01,2.492301163988416501e+00,1.757137223394095615e+00
5.311998797319489318e-01,3.720638416597943365e-01,2.523454928538271691e+00,1.767482205457325595e+00
5.377579029385161080e-01,3.742328697441828500e-01,2.554608693088126881e+00,1.777786132130746877e+00
5.443159261450833952e-01,3.763932208396090218e-01,2.585762457637982070e+00,1.788048838933084861e+00
5.508739493516506824e-01,3.785448644995114131e-01,2.616916222187837260e+00,1.798270181228528664e+00
5.574319725582179696e-01,3.806877749303643199e-01,2.648069986737692449e+00,1.808450036485424572e+00
5.639899957647852569e-01,3.828219314671422735e-01,2.679223751287547639e+00,1.818588306534962395e+00
5.705480189713524330e-01,3.849473190401787037e-01,2.710377515837402829e+00,1.828684919788977625e+00
5.771060421779197203e-01,3.870639283947669984e-01,2.741531280387258018e+00,1.838739832283161846e+00
5.836640653844870075e-01,3.891717556432011116e-01,2.772685044937113208e+00,1.848753025549042084e+00
5.902220885910544057e-01,3.912708015372205472e-01,2.803838809486968842e+00,1.858724503157742403e+00
5.967801117976215819e-01,3.933610707286065988e-01,2.834992574036824031e+00,1.868654287207461184e+00
6.033381350041888691e-01,3.954425710297788665e-01,2.866146338586679221e+00,1.878542414810949301e+00
6.098961582107561563e-01,3.975153126743912191e-01,2.897300103136534410e+00,1.888388934582984735e+00
6.164541814173234435e-01,3.995793075779272563e-01,2.928453867686389600e+00,1.898193903127846305e+00
6.230122046238907307e-01,4.016345685982984359e-01,2.959607632236244790e+00,1.907957381526797169e+00
6.295702278304580179e-01,4.036811087964510825e-01,2.990761396786099979e+00,1.917679431825614955e+00
6.361282510370251941e-01,4.057189407261889702e-01,3.021915161335955169e+00,1.927360113660905760e+00
6.426862742435924813e-01,4.077480760821264316e-01,3.053068925885810359e+00,1.936999482587712595e+00
6.492442974501597686e-01,4.097685258935194752e-01,3.084222690435665548e+00,1.946597591000306382e+00
6.558023206567270558e-01,4.117803008438622459e-01,3.115376454985520738e+00,1.956154489650422823e+00
6.623603438632943430e-01,4.137834115923075262e-01,3.146530219535375927e+00,1.965670229174164785e+00
6.689183670698615192e-01,4.157778690950872380e-01,3.177683984085231117e+00,1.975144861618903347e+00
6.754763902764288064e-01,4.177636849269318886e-01,3.208837748635086307e+00,1.984578441970175966e+00
6.820344134829960936e-01,4.197408716024917941e-01,3.239991513184941496e+00,1.993971029678591078e+00
6.885924366895633808e-01,4.217094428977573584e-01,3.271145277734796686e+00,2.003322690186728927e+00
6.951504598961306680e-01,4.236694141714462680e-01,3.302299042284651875e+00,2.012633496455885851e+00
7.017084831026979552e-01,4.256208026650387666e-01,3.333452806834507065e+00,2.021903530391386372e+00
7.082665063092651314e-01,4.275636275995081670e-01,3.364606571384362255e+00,2.031132883302098069e+00
7.148245295158324186e-01,4.294979100156281482e-01,3.395760335934217444e+00,2.040321655141816848e+00
7.213825527223997058e-01,4.314236725666131811e-01,3.426914100484072634e+00,2.049469953524206911e+00
7.279405759289669930e-01,4.333409393103339613e-01,3.458067865033927824e+00,2.058577892735725889e+00
7.344985991355342803e-01,4.352497355015331193e-01,3.489221629583783013e+00,2.067645592748548200e+00
7.410566223421014564e-01,4.371500873840397094e-01,3.520375394133638203e+00,2.076673178233484851e+00
7.476146455486687437e-01,4.390420219829843651e-01,3.551529158683493392e+00,2.085660777572905022e+00
7.541726687552360309e-01,4.409255668970156194e-01,3.582682923233348582e+00,2.094608521873663864e+00
7.607306919618034291e-01,4.428007500905166705e-01,3.613836687783204216e+00,2.103516543980032072e+00
7.672887151683707163e-01,4.446675996922863638e-01,3.644990452333059405e+00,2.112384977517333784e+00
7.738467383749378925e-01,4.465261438748258094e-01,3.676144216882914595e+00,2.121213956318499960e+00
7.804047615815051797e-01,4.483764108580283736e-01,3.707297981432769785e+00,2.130003614441597026e+00
7.869627847880724669e-01,4.502184289419352003e-01,3.738451745982624974e+00,2.138754086325432624e+00
7.935208079946397541e-01,4.520522265399206652e-01,3.769605510532480164e+00,2.147465506947201508e+00
8.000788312012070413e-01,4.538778322118802722e-01,3.800759275082335353e+00,2.156138011980144320e+00
8.066368544077742175e-01,4.556952746974169965e-01,3.831913039632190543e+00,2.164771737951198372e+00
8.131948776143415047e-01,4.575045829490297922e-01,3.863066804182045733e+00,2.173366822398659526e+00
8.197529008209087920e-01,4.593057861652993235e-01,3.894220568731900922e+00,2.181923404029829872e+00
8.263109240274760792e-01,4.610989138240756957e-01,3.925374333281756112e+00,2.190441622878676053e+00
8.328689472340433664e-01,4.628839957153534912e-01,3.956528097831611301e+00,2.198921620462000792e+00
8.394269704406105426e-01,4.646610619642729256e-01,3.987681862381466491e+00,2.207363539888710147e+00
8.459849936471779408e-01,4.664301430258654402e-01,4.018835626931322125e+00,2.215767525834851703e+00
8.525430168537452280e-01,4.681912696672659857e-01,4.049989391481177314e+00,2.224133724459115058e+00
8.591010400603125152e-01,4.699444729493459372e-01,4.081143156031032504e+00,2.232462283315578944e+00
8.656590632668798024e-01,4.716897842083464520e-01,4.112296920580887694e+00,2.240753351266461468e+00
8.722170864734469786e-01,4.734272350375106631e-01,4.143450685130742883e+00,2.249007078394863246e+00
8.787751096800142658e-01,4.751568572687164815e-01,4.174604449680598073e+00,2.257223615917514969e+00
8.853331328865815530e-01,4.768786829541090122e-01,4.205758214230453262e+00,2.265403116097522762e+00
8.918911560931488403e-01,4.785927443477341336e-01,4.236911978780308452e+00,2.273545732157117971e+00
8.984491792997161275e-01,4.802990738871656395e-01,4.268065743330163642e+00,2.281651618190378539e+00
9.050072025062833037e-01,4.819977041723363942e-01,4.299219507880018831e+00,2.289720929062665444e+00
9.115652257128505909e-01,4.836886679191893523e-01,4.330373272429874021e+00,2.297753820190443719e+00
9.181232489194178781e-01,4.853719978828826553e-01,4.361527036979729210e+00,2.305750447176469375e+00
9.246812721259851653e-01,4.870477267756140316e-01,4.392680801529584400e+00,2.313710965419415455e+00
9.312392953325524525e-01,4.887158871844015096e-01,4.423834566079439590e+00,2.321635529723291569e+00
9.377973185391197397e-01,4.903765114888624099e-01,4.454988330629294779e+00,2.329524293906854560e+00
9.443553417456869159e-01,4.920296317789944474e-01,4.486142095179149969e+00,2.337377410413028045e+00
9.509133649522542031e-01,4.936752797729567210e-01,4.517295859729005159e+00,2.345195029918323737e+00
9.574713881588214903e-01,4.953134867348497061e-01,4.548449624278860348e+00,2.352977300942256544e+00
9.640294113653887775e-01,4.969442833924946346e-01,4.579603388828715538e+00,2.360724369456757010e+00
9.705874345719560647e-01,4.985676998554694483e-01,4.610757153378570727e+00,2.368436378496802774e+00
9.771454577785232409e-01,5.001837655590449794e-01,4.641910917928425917e+00,2.376113467894088060e+00
9.837034809850905281e-01,5.017925093422451743e-01,4.673064682478281107e+00,2.383755774647847936e+00
9.902615041916578154e-01,5.033939596287718699e-01,4.704218447028136296e+00,2.391363433784337023e+00
9.968195273982251026e-01,5.049881446182755695e-01,4.735372211577991486e+00,2.398936579265459557e+00
1.003377550604792390e+00,5.065750924776407649e-01,4.766525976127846675e+00,2.406475344897464286e+00
1.009935573811359566e+00,5.081548315322692577e-01,4.797679740677701865e+00,2.413979865239634481e+00
1.016493597017926964e+00,5.097273904573657033e-01,4.828833505227557055e+00,2.421450276512984168e+00
1.023051620224494140e+00,5.112927984692200445e-01,4.859987269777412244e+00,2.428886717508942805e+00
1.029609643431061317e+00,5.128510855164930549e-01,4.891141034327267434e+00,2.436289330498055072e+00
1.036167666637628715e+00,5.144022824715004383e-01,4.922294798877122624e+00,2.443658262138668658e+00
1.042725689844195891e+00,5.159464213208426742e-01,4.953448563426977813e+00,2.450993664382521420e+00
1.049283713050763289e+00,5.174835353025406537e-01,4.984602327976833003e+00,2.458295695126199831e+00
1.055841736257330465e+00,5.190136587919077504e-01,5.015756092526688192e+00,2.465564517668975775e+00
1.062399759463897864e+00,5.205368270105088513e-01,5.046909857076543382e+00,2.472800299330224494e+00
1.068957782670465040e+00,5.220530757192428650e-01,5.078063621626398572e+00,2.480003209991415325e+00
1.075515805877032216e+00,5.235624409114066902e-01,5.109217386176253761e+00,2.487173420638021604e+00
1.082073829083599614e+00,5.250649585057677315e-01,5.140371150726108951e+00,2.494311101901464323e+00
1.088631852290166790e+00,5.265606640396275351e-01,5.171524915275964140e+00,2.501416422601019374e+00
1.095189875496734189e+00,5.280495923618923060e-01,5.202678679825819330e+00,2.508489548285752324e+00
1.101747898703301365e+00,5.295317773261399852e-01,5.233832444375674520e+00,2.515530639776442534e+00
1.108305921909868541e+00,5.310072514836887692e-01,5.264986208925529709e+00,2.522539851707507275e+00
1.114863945116435939e+00,5.324760457769330824e-01,5.296139973475384899e+00,2.529517331070203046e+00
1.121421968323003115e+00,5.339381892795835860e-01,5.327293738025240089e+00,2.536463215978639774e+00
1.127979991529570514e+00,5.353937092364330352e-01,5.358447502575095278e+00,2.543377635858687480e+00
1.134538014736137690e+00,5.368426313777253656e-01,5.389601267124950468e+00,2.550260712941380792e+00
1.141096037942704866e+00,5.382849802682555529e-01,5.420755031674805657e+00,2.557112563921311033e+00
1.147654061149272264e+00,5.397207796565783866e-01,5.451908796224660847e+00,2.563933301615536120e+00
1.154212084355839441e+00,5.411500528242136898e-01,5.483062560774516037e+00,2.570723036622473145e+00
1.160770107562406839e+00,5.425728229348518727e-01,5.514216325324371226e+00,2.577481878980793173e+00
1.167328130768974015e+00,5.439891133835614845e-01,5.545370089874226416e+00,2.584209939828324476e+00
1.173886153975541191e+00,5.453989481459942112e-01,5.576523854424081605e+00,2.590907333060945117e+00
1.180444177182108811e+00,5.468023521275928722e-01,5.607677618973937683e+00,2.597574176991486627e+00
1.187002200388675988e+00,5.481993515127919769e-01,5.638831383523792873e+00,2.604210596008607936e+00
1.193560223595243164e+00,5.495899740980697556e-01,5.669985148073648062e+00,2.610816722158949776e+00
1.200118246801810562e+00,5.509742494031598659e-01,5.701138912623503252e+00,2.617392695675446301e+00
1.206676270008377738e+00,5.523522084152371336e-01,5.732292677173358442e+00,2.623938663762082513e+00
1.213234293214945136e+00,5.537238832405642075e-01,5.763446441723213631e+00,2.630454778939047333e+00
1.219792316421512313e+00,5.550893067545227266e-01,5.794600206273068821e+00,2.636941197380217705e+00
1.226350339628079711e+00,5.564485122516515947e-01,5.825753970822924011e+00,2.643398077250666667e+00
1.232908362834646887e+00,5.578015330956781481e-01,5.856907735372779200e+00,2.649825577044147007e+00
1.239466386041214063e+00,5.591484023695523220e-01,5.888061499922634390e+00,2.656223853920582911e+00
1.246024409247781461e+00,5.604891525254820372e-01,5.919215264472489579e+00,2.662593062043571379e+00
1.252582432454348638e+00,5.618238150349651461e-01,5.950369029022344769e+00,2.668933350917864988e+00
1.259140455660916036e+00,5.631524200388250412e-01,5.981522793572199959e+00,2.675244863726871536e+00
1.265698478867483212e+00,5.644749959985184695e-01,6.012676558122055148e+00,2.681527735676199953e+00
1.272256502074050388e+00,5.657915694298490950e-01,6.043830322671910338e+00,2.687782092728672190e+00
1.278814525280617787e+00,5.671021649834037115e-01,6.074984087221765527e+00,2.694008051986431340e+00
1.285372548487184963e+00,5.684068057461617585e-01,6.106137851771620717e+00,2.700205723123734636e+00
1.291930571693752361e+00,5.697055135604571774e-01,6.137291616321475907e+00,2.706375209902174284e+00
1.298488594900319537e+00,5.709983093429497059e-01,6.168445380871331096e+00,2.712516611685944490e+00
1.305046618106886713e+00,5.722852134035956162e-01,6.199599145421186286e+00,2.718630024957106261e+00
1.311604641313454112e+00,5.735662457646166779e-01,6.230752909971041476e+00,2.724715544830843328e+00
1.318162664520021288e+00,5.748414264794721174e-01,6.261906674520896665e+00,2.730773266570732716e+00
1.324720687726588686e+00,5.761107759518258042e-01,6.293060439070751855e+00,2.736803287103991789e+00
1.331278710933155862e+00,5.773743152545202095e-01,6.324214203620607044e+00,2.742805706536757704e+00
1.337836734139723038e+00,5.786320664485430365e-01,6.355367968170462234e+00,2.748780629669333564e+00
1.344394757346290437e+00,5.798840528938330463e-01,6.386521732720317424e+00,2.754728167472663358e+00
1.350952780552857613e+00,5.811302994094698082e-01,6.417675497270172613e+00,2.760648437849313908e+00
1.357510803759425011e+00,5.823708321280587352e-01,6.448829261820027803e+00,2.766541564941729536e+00
1.364068826965992187e+00,5.836056782542130561e-01,6.479983026369882992e+00,2.772407677984908059e+00
1.370626850172559363e+00,5.848348658205230199e-01,6.511136790919738182e+00,2.778246910147136539e+00
1.377184873379126762e+00,5.860584234435224360e-01,6.542290555469593372e+00,2.784059397370715505e+00
1.383742896585693938e+00,5.872763800796561018e-01,6.573444320019448561e+00,2.789845277212684049e+00
1.390300919792261336e+00,5.884887647812486744e-01,6.604598084569303751e+00,2.795604687685559586e+00
1.396858942998828512e+00,5.896956064524723207e-01,6.635751849119158940e+00,2.801337766098060733e+00
1.403416966205395910e+00,5.908969336053139232e-01,6.666905613669014130e+00,2.807044647895840850e+00
1.409974989411963087e+00,5.920927741155429525e-01,6.698059378218869320e+00,2.812725465502210920e+00
1.416533012618530263e+00,5.932831549786999892e-01,6.729213142768724509e+00,2.818380347158974786e+00
1.423091035825097661e+00,5.944681020811334315e-01,6.760366907318579699e+00,2.824009415838737436e+00
1.429649059031664837e+00,5.956476401176229452e-01,6.791520671868434889e+00,2.829612788853580252e+00
1.436207082238232235e+00,5.968217926971625120e-01,6.822674436418290078e+00,2.835190578357580815e+00
1.442765105444799412e+00,5.979905824844404805e-01,6.853828200968145268e+00,2.840742892018909060e+00
1.449323128651366588e+00,5.991540313416501284e-01,6.884981965518000457e+00,2.846269833693499507e+00
1.455881151857933986e+00,6.003121604703031133e-01,6.916135730067855647e+00,2.851771504098729704e+00
1.462439175064501162e+00,6.014649905530417007e-01,6.947289494617710837e+00,2.857248001487098676e+00
1.468997198271068561e+00,6.026125418954507706e-01,6.978443259167566026e+00,2.862699422319900933e+00
1.475555221477635737e+00,6.037548345678713790e-01,7.009597023717421216e+00,2.868125861940910681e+00
1.482113244684202913e+00,6.048918885472127638e-01,7.040750788267276405e+00,2.873527415250054506e+00
1.488671267890770311e+00,6.060237238587642405e-01,7.071904552817131595e+00,2.878904177377089368e+00
1.495229291097337487e+00,6.071503607179551398e-01,7.103058317366986785e+00,2.884256244355027921e+00
1.501787314303904886e+00,6.082718196595030546e-01,7.134212081916841974e+00,2.889583713733654857e+00
1.508345337510472062e+00,6.093881215775320825e-01,7.165365846466697164e+00,2.894886684770110463e+00
1.514903360717039460e+00,6.104992876770093391e-01,7.196519611016553242e+00,2.900165258198187157e+00
1.521461383923606858e+00,6.116053394127518583e-01,7.227673375566408431e+00,2.905419535938585263e+00
1.528019407130174034e+00,6.127062984283826452e-01,7.258827140116263621e+00,2.910649620808924531e+00
1.534577430336741433e+00,6.138021864952838413e-01,7.289980904666118811e+00,2.915855616233741898e+00
1.541135453543308609e+00,6.148930254515532212e-01,7.321134669215974000e+00,2.921037625954505668e+00
1.547693476749875785e+00,6.159788371409571361e-01,7.352288433765829190e+00,2.926195753739612382e+00
1.554251499956443183e+00,6.170596433518863444e-01,7.383442198315684379e+00,2.931330103094398343e+00
1.560809523163010359e+00,6.181354657563109534e-01,7.414595962865539569e+00,2.936440776971145361e+00
1.567367546369577758e+00,6.192063258487350286e-01,7.445749727415394759e+00,2.941527877479086062e+00
1.573925569576144934e+00,6.202722448851886172e-01,7.476903491965249948e+00,2.946591505594587268e+00
1.580483592782712110e+00,6.213332438286477410e-01,7.508057256515105138e+00,2.951631760901868073e+00
1.587041615989279508e+00,6.223893433350881077e-01,7.539211021064960327e+00,2.956648741526747948e+00
1.593599639195846684e+00,6.234405637764766084e-01,7.570364785614815517e+00,2.961642544245868702e+00
1.600157662402414083e+00,6.244869252683871164e-01,7.601518550164670707e+00,2.966613264617881551e+00
1.606715685608981259e+00,6.255284476976308294e-01,7.632672314714525896e+00,2.971560997114704339e+00
1.613273708815548435e+00,6.265651507498860573e-01,7.663826079264381086e+00,2.976485835252778323e+00
1.619831732022115833e+00,6.275970539373268986e-01,7.694979843814236276e+00,2.981387871724314742e+00
1.626389755228683009e+00,6.286241766262521402e-01,7.726133608364091465e+00,2.986267198528548938e+00
1.632947778435250408e+00,6.296465380647163768e-01,7.757287372913946655e+00,2.991123907102997137e+00
1.639505801641817584e+00,6.306641574101584657e-01,7.788441137463801844e+00,2.995958088454708790e+00
1.646063824848384760e+00,6.316770537570308708e-01,7.819594902013657034e+00,3.000769833291517585e+00
1.652621848054952158e+00,6.326852461644153491e-01,7.850748666563512224e+00,3.005559232153228510e+00
1.659179871261519335e+00,6.336887536809464594e-01,7.881902431113367413e+00,3.010326375530018250e+00
1.665737894468086733e+00,6.346875953519925950e-01,7.913056195663222603e+00,3.015071353896547013e+00
1.672295917674653909e+00,6.356817902101444817e-01,7.944209960213077792e+00,3.019794257666775117e+00
1.678853940881221085e+00,6.366713572635203100e-01,7.975363724762932982e+00,3.024495177138406987e+00
1.685411964087788483e+00,6.376563154840652059e-01,8.006517489312788172e+00,3.029174202437306729e+00
1.691969987294355882e+00,6.386366837958485920e-01,8.037671253862644249e+00,3.033831423461906596e+00
1.698528010500923058e+00,6.396124810633634361e-01,8.068825018412498551e+00,3.038466929827621232e+00
1.705086033707490456e+00,6.405837260798252775e-01,8.099978782962354629e+00,3.043080810811264580e+00
1.711644056914057632e+00,6.415504375554704763e-01,8.131132547512208930e+00,3.047673155295458347e+00
1.718202080120625030e+00,6.425126341058550183e-01,8.162286312062065008e+00,3.052244051713047579e+00
1.724760103327191985e+00,6.434703342401518755e-01,8.193440076611919309e+00,3.056793587991505579e+00
1.731318126533759605e+00,6.444235563494546959e-01,8.224593841161775387e+00,3.061321851497373903e+00
1.737876149740326559e+00,6.453723186961343172e-01,8.255747605711629689e+00,3.065828928985697921e+00
1.744434172946893957e+00,6.463166394112872526e-01,8.286901370261485766e+00,3.070314906587906734e+00
1.750992196153461133e+00,6.472565365007970639e-01,8.318055134811340068e+00,3.074779869840607471e+00
1.757550219360028532e+00,6.481920278527071311e-01,8.349208899361196146e+00,3.079223903720610611e+00
1.764108242566595708e+00,6.491231312445993051e-01,8.380362663911050447e+00,3.083647092679980606e+00
1.770666265773163106e+00,6.500498643509723395e-01,8.411516428460906525e+00,3.088049520681087401e+00
1.777224288979730282e+00,6.509722447506215426e-01,8.442670193010760826e+00,3.092431271231664613e+00
1.783782312186297681e+00,6.518902899340175416e-01,8.473823957560616904e+00,3.096792427419859717e+00
1.790340335392864635e+00,6.528040173106847144e-01,8.504977722110471205e+00,3.101133071949287334e+00
1.796898358599432255e+00,6.537134442165806192e-01,8.536131486660327283e+00,3.105453287174084309e+00
1.803456381805999209e+00,6.546185879214744263e-01,8.567285251210181585e+00,3.109753155133960778e+00
1.810014405012566607e+00,6.555194656363259043e-01,8.598439015760037663e+00,3.114032757589253908e+00
1.816572428219133784e+00,6.564160945202153208e-01,8.629592780309891964e+00,3.118292176053848230e+00
1.823130451425701182e+00,6.573084916829743385e-01,8.660746544859748042e+00,3.122531491807673643e+00
1.829688474632268358e+00,6.581966741823578326e-01,8.691900309409602343e+00,3.126750785883270378e+00
1.836246497838835756e+00,6.590806590201921944e-01,8.723054073959458421e+00,3.130950139047491643e+00
1.842804521045402932e+00,6.599604631385141973e-01,8.754207838509312722e+00,3.135129631783160509e+00
1.849362544251970331e+00,6.608361034157103076e-01,8.785361603059168800e+00,3.139289344270731252e+00
1.855920567458537285e+00,6.617075966626561057e-01,8.816515367609023102e+00,3.143429356369948913e+00
1.862478590665104905e+00,6.625749596188557078e-01,8.847669132158879179e+00,3.147549747601509296e+00
1.869036613871671859e+00,6.634382089485789669e-01,8.878822896708733481e+00,3.151650597128709652e+00
1.875594637078239479e+00,6.642973612370043357e-01,8.909976661258589559e+00,3.155731983739124225e+00
1.882152660284806434e+00,6.651524329863539586e-01,8.941130425808443860e+00,3.159793985826246487e+00
1.888710683491373832e+00,6.660034406120362016e-01,8.972284190358299938e+00,3.163836681371160697e+00
1.895268706697941008e+00,6.668504004384846473e-01,9.003437954908154239e+00,3.167860147922779035e+00
1.901826729904508406e+00,6.676933286913003807e-01,9.034591719458010317e+00,3.171864462560511022e+00
1.908384753111075582e+00,6.685322414836827321e-01,9.065745484007864619e+00,3.175849701829803529e+00
1.914942776317642981e+00,6.693671548015287520e-01,9.096899248557720696e+00,3.179815941671356061e+00
1.921500799524210157e+00,6.701980844885149224e-01,9.128053013107574998e+00,3.183763257350252562e+00
1.928058822730777555e+00,6.710250462311763142e-01,9.159206777657431076e+00,3.187691723385080333e+00
1.934616845937344509e+00,6.718480555439872992e-01,9.190360542207285377e+00,3.191601413477054283e+00
1.941174869143912129e+00,6.726671277544411520e-01,9.221514306757141455e+00,3.195492400439139846e+00
1.947732892350479084e+00,6.734822779881308730e-01,9.252668071306995756e+00,3.199364756125179454e+00
1.954290915557046482e+00,6.742935211538285678e-01,9.283821835856851834e+00,3.203218551359011013e+00
1.960848938763613658e+00,6.751008719285664927e-01,9.314975600406706135e+00,3.207053855863597036e+00
1.967406961970181056e+00,6.759043447427169893e-01,9.346129364956562213e+00,3.210870738190147566e+00
1.973964985176748232e+00,6.767039537661860837e-01,9.377283129506416515e+00,3.214669265652531305e+00
1.980523008383315631e+00,6.774997129124141759e-01,9.408436894056272592e+00,3.218449504346282630e+00
1.987081031589882807e+00,6.782916358751645003e-01,9.439590658606126894e+00,3.222211519323363138e+00
1.993639054796450205e+00,6.790797361745906091e-01,9.470744423155982972e+00,3.225955374811004805e+00
2.000197078003017381e+00,6.798640272035051391e-01,9.501898187705837273e+00,3.229681134431510614e+00
2.006755101209584780e+00,6.806445222736487999e-01,9.533051952255693351e+00,3.233388861422050731e+00
2.013313124416151734e+00,6.814212346619575866e-01,9.564205716805547652e+00,3.237078618854457357e+00
2.019871147622719132e+00,6.821941776568331006e-01,9.595359481355403730e+00,3.240750469855030236e+00
2.026429170829286530e+00,6.829633646044113160e-01,9.626513245905259808e+00,3.244404477824333277e+00
2.032987194035853928e+00,6.837288089548289038e-01,9.657667010455114109e+00,3.248040706656986298e+00
2.039545217242421327e+00,6.844905243084955515e-01,9.688820775004970187e+00,3.251659220961476304e+00
2.046103240448988281e+00,6.852485244623586214e-01,9.719974539554824489e+00,3.255260086279939458e+00
2.052661263655555679e+00,6.860028234549768733e-01,9.751128304104680566e+00,3.258843369302282245e+00
2.059219286862122633e+00,6.867534355885627217e-01,9.782282068654534868e+00,3.262409137970892381e+00
2.065777310068690475e+00,6.875003754029609393e-01,9.813435833204390946e+00,3.265957461357027025e+00
2.072335333275257430e+00,6.882436576341179890e-01,9.844589597754245247e+00,3.269488409463518597e+00
2.078893356481824828e+00,6.889832971721189248e-01,9.875743362304101325e+00,3.273002053025433788e+00
2.085451379688391782e+00,6.897193090192275111e-01,9.906897126853955626e+00,3.276498463310741016e+00
2.092009402894959180e+00,6.904517082479271206e-01,9.938050891403811704e+00,3.279977711920985861e+00
2.098567426101526578e+00,6.911805099589579671e-01,9.969204655953666006e+00,3.283439870591947862e+00
2.105125449308093977e+00,6.919057292393566705e-01,1.000035842050352208e+01,3.286885010994307521e+00
2.111683472514660931e+00,6.926273811204965991e-01,1.003151218505337638e+01,3.290313204534318192e+00
2.118241495721228329e+00,6.933454805361262130e-01,1.006266594960323246e+01,3.293724522154467760e+00
2.124799518927795727e+00,6.940600422804081848e-01,1.009381971415308676e+01,3.297119034134145199e+00
2.131357542134363126e+00,6.947710809663851794e-01,1.012497347870294284e+01,3.300496809892331296e+00
2.137915565340930080e+00,6.954786109930791715e-01,1.015612724325279714e+01,3.303857917831306779e+00
2.144473588547497478e+00,6.961826465312883627e-01,1.018728100780265322e+01,3.307202425269178292e+00
2.151031611754064432e+00,6.968832015156514181e-01,1.021843477235250752e+01,3.310530398402182328e+00
2.157589634960631830e+00,6.975802896368957784e-01,1.024958853690236360e+01,3.313841902267859574e+00
2.164147658167199229e+00,6.982739243340855273e-01,1.028074230145221790e+01,3.317137000708227923e+00
2.170705681373766627e+00,6.989641187868719241e-01,1.031189606600207398e+01,3.320415756332970147e+00
2.177263704580333581e+00,6.996508859077390508e-01,1.034304983055192828e+01,3.323678230482596696e+00
2.183821727786900979e+00,7.003342383342541222e-01,1.037420359510178436e+01,3.326924483191630255e+00
2.190379750993468377e+00,7.010141884213152430e-01,1.040535735965163866e+01,3.330154573151779207e+00
2.196937774200035776e+00,7.016907482334003854e-01,1.043651112420149474e+01,3.333368557675116417e+00
2.203495797406602730e+00,7.023639295368150348e-01,1.046766488875134904e+01,3.336566492657253136e+00
2.210053820613170128e+00,7.030337437929561339e-01,1.049881865330120512e+01,3.339748432545337042e+00
2.216611843819737082e+00,7.037002021697363885e-01,1.052997241785105942e+01,3.342914430392325276e+00
2.223169867026304480e+00,7.043633155891462216e-01,1.056112618240091550e+01,3.346064538082925477e+00
2.229727890232871879e+00,7.050230947859104091e-01,1.059227994695076980e+01,3.349198806612244006e+00
2.236285913439439277e+00,7.056795503664262670e-01,1.062343371150062588e+01,3.352317286365769089e+00
2.242843936646006231e+00,7.063326928676996186e-01,1.065458747605048018e+01,3.355420027399347305e+00
2.249401959852573629e+00,7.069825328162837597e-01,1.068574124060033625e+01,3.358507079719169397e+00
2.255959983059141027e+00,7.076290807872153144e-01,1.071689500515019056e+01,3.361578493561745873e+00
2.262518006265708426e+00,7.082723474629530891e-01,1.074804876970004663e+01,3.364634319673894147e+00
2.269076029472275380e+00,7.089123436923133736e-01,1.077920253424990094e+01,3.367674609592709700e+00
2.275634052678842778e+00,7.095490805494090170e-01,1.081035629879975701e+01,3.370699415925555442e+00
2.282192075885409732e+00,7.101825693925856164e-01,1.084151006334961131e+01,3.373708792630035536e+00
2.288750099091977575e+00,7.108128219203538878e-01,1.087266382789946739e+01,3.376702795279702851e+00
2.295308122298544529e+00,7.114398501888151705e-01,1.090381759244932169e+01,3.379681481146838085e+00
2.301866145505111927e+00,7.120636665684351163e-01,1.093497135699917777e+01,3.382644908997102906e+00
2.308424168711678881e+00,7.126842836863296338e-01,1.096612512154903207e+01,3.385593138815370828e+00
2.314982191918246279e+00,7.133017143683214600e-01,1.099727888609888815e+01,3.388526231530469612e+00
2.321540215124813678e+00,7.139159715810008411e-01,1.102843265064874245e+01,3.391444248739938772e+00
2.328098238331381076e+00,7.145270683737823258e-01,1.105958641519859853e+01,3.394347252434775086e+00
2.334656261537948030e+00,7.151350178209663344e-01,1.109074017974845283e+01,3.397235304724193661e+00
2.341214284744515428e+00,7.157398329637936207e-01,1.112189394429830891e+01,3.400108467560360115e+00
2.347772307951082382e+00,7.163415267525080621e-01,1.115304770884816321e+01,3.402966802463162743e+00
2.354330331157650225e+00,7.169401119884123430e-01,1.118420147339801929e+01,3.405810370244946039e+00
2.360888354364217623e+00,7.175356012659441785e-01,1.121535523794787537e+01,3.408639230735346803e+00
2.367446377570784577e+00,7.181280069191949833e-01,1.124650900249772967e+01,3.411453442527232038e+00
2.374004400777351975e+00,7.187173410018414810e-01,1.127766276704758575e+01,3.414253062881363654e+00
2.380562423983918929e+00,7.193036153020723189e-01,1.130881653159744005e+01,3.417038147797307968e+00
2.387120447190486328e+00,7.198868413627294016e-01,1.133997029614729612e+01,3.419808752109115613e+00
2.393678470397053726e+00,7.204670305014807541e-01,1.137112406069715043e+01,3.422564929581153770e+00
2.400236493603621124e+00,7.210441938309879450e-01,1.140227782524700650e+01,3.425306733003909532e+00
2.406794516810188078e+00,7.216183422790766189e-01,1.143343158979686081e+01,3.428034214289810588e+00
2.413352540016755476e+00,7.221894866089056952e-01,1.146458535434671688e+01,3.430747424569039694e+00
2.419910563223322875e+00,7.227576374391392333e-01,1.149573911889657118e+01,3.433446414285358017e+00
2.426468586429890273e+00,7.233228052641127448e-01,1.152689288344642726e+01,3.436131233291906284e+00
2.433026609636457227e+00,7.238850004740057242e-01,1.155804664799628156e+01,3.438801930947035679e+00
2.439584632843024625e+00,7.244442333749472329e-01,1.158920041254613764e+01,3.441458556209815445e+00
2.446142656049591579e+00,7.250005142059178231e-01,1.162035417709599194e+01,3.444101157720329098e+00
2.452700679256159422e+00,7.255538531437883965e-01,1.165150794164584802e+01,3.446729783823607285e+00
2.459258702462726376e+00,7.261042603016150121e-01,1.168266170619570232e+01,3.449344482561530700e+00
2.465816725669293774e+00,7.266517457264883850e-01,1.171381547074555840e+01,3.451945301662613375e+00
2.472374748875860728e+00,7.271963193973826067e-01,1.174496923529541270e+01,3.454532288531781514e+00
2.478932772082428126e+00,7.277379912230027559e-01,1.177612299984526878e+01,3.457105490240149681e+00
2.485490795288995525e+00,7.282767710396339522e-01,1.180727676439512308e+01,3.459664953514804520e+00
2.492048818495562923e+00,7.288126686089899664e-01,1.183843052894497916e+01,3.462210724728581379e+00
2.498606841702129877e+00,7.293456936160607196e-01,1.186958429349483346e+01,3.464742849889839604e+00
2.505164864908697275e+00,7.298758556669617814e-01,1.190073805804468954e+01,3.467261374632250259e+00
2.511722888115264229e+00,7.304031642867825358e-01,1.193189182259454384e+01,3.469766344204567865e+00
2.518280911321832072e+00,7.309276289189148290e-01,1.196304558714439992e+01,3.472257803467446724e+00
2.524838934528399026e+00,7.314492589428572833e-01,1.199419935169425422e+01,3.474735796978015934e+00
2.531396957734966424e+00,7.319680637205464580e-01,1.202535311624411030e+01,3.477200369209977993e+00
2.537954980941533378e+00,7.324840526493651138e-01,1.205650688079396460e+01,3.479651564805420705e+00
2.544513004148100777e+00,7.329972352152460680e-01,1.208766064534382068e+01,3.482089428827087385e+00
2.551071027354668175e+00,7.335076210457776025e-01,1.211881440989367498e+01,3.484514007010653280e+00
2.557629050561235573e+00,7.340152199633085406e-01,1.214996817444353105e+01,3.486925346016999772e+00
2.564187073767802527e+00,7.345200420380527673e-01,1.218112193899338536e+01,3.489323493684486355e+00
2.570745096974369925e+00,7.350220976411947493e-01,1.221227570354324143e+01,3.491708499281227507e+00
2.577303120180936880e+00,7.355213974979953884e-01,1.224342946809309574e+01,3.494080413757370884e+00
2.583861143387504722e+00,7.360179527408949873e-01,1.227458323264295181e+01,3.496439289997363531e+00
2.590419166594071676e+00,7.365117749618015353e-01,1.230573699719280611e+01,3.498785183068342963e+00
2.596977189800639074e+00,7.370028762302016645e-01,1.233689076174266219e+01,3.501118150306176346e+00
2.603535213007206028e+00,7.374912689966696133e-01,1.236804452629251649e+01,3.503438250857080050e+00
2.610093236213773427e+00,7.379769659371596680e-01,1.239919829084237257e+01,3.505745544937933555e+00
2.616651259420340825e+00,7.384599797938505850e-01,1.243035205539222687e+01,3.508040093080214916e+00
2.623209282626908223e+00,7.389403232159906798e-01,1.246150581994208295e+01,3.510321955373937541e+00
2.629767305833475177e+00,7.394180086007411390e-01,1.249265958449193725e+01,3.512591190711579880e+00
2.636325329040042575e+00,7.398930479340224409e-01,1.252381334904179333e+01,3.514847856032029760e+00
2.642883352246609974e+00,7.403654526313584450e-01,1.255496711359164763e+01,3.517092005564516288e+00
2.649441375453177372e+00,7.408352333787218136e-01,1.258612087814150371e+01,3.519323690072548416e+00
2.655999398659744326e+00,7.413023999733765468e-01,1.261727464269135801e+01,3.521542956097843291e+00
2.662557421866311724e+00,7.417669611649962969e-01,1.264842840724121409e+01,3.523749845205559339e+00
2.669115445072878678e+00,7.422289245317491568e-01,1.267958217179106839e+01,3.525944393395639587e+00
2.675673468279446077e+00,7.426882965558457839e-01,1.271073593634092447e+01,3.528126631461702800e+00
2.682231491486013475e+00,7.431450828653390905e-01,1.274188970089077877e+01,3.530296586139707316e+00
2.688789514692580873e+00,7.435992884945553660e-01,1.277304346544063485e+01,3.532454281345124070e+00
2.695347537899148271e+00,7.440509181445640330e-01,1.280419722999049092e+01,3.534599739410294372e+00
2.701905561105715226e+00,7.444999764436462941e-01,1.283535099454034523e+01,3.536732982321780128e+00
2.708463584312282624e+00,7.449464682077636679e-01,1.286650475909020130e+01,3.538854032957714502e+00
2.715021607518850022e+00,7.453903987010255250e-01,1.289765852364005561e+01,3.540962916325149035e+00
2.721579630725417420e+00,7.458317738961589560e-01,1.292881228818991168e+01,3.543059660797410970e+00
2.728137653931984374e+00,7.462706007349768633e-01,1.295996605273976598e+01,3.545144299351449479e+00
2.734695677138551773e+00,7.467068873887017233e-01,1.299111981728962206e+01,3.547216870804502431e+00
2.741253700345118727e+00,7.471406434838202548e-01,1.302227358183947636e+01,3.549277420887011036e+00
2.747811723551686569e+00,7.475718800832223954e-01,1.305342734638933244e+01,3.551326002153024408e+00
2.754369746758253523e+00,7.480006094225359892e-01,1.308458111093918674e+01,3.553362672727659710e+00
2.760927769964820921e+00,7.484268446119555218e-01,1.311573487548904282e+01,3.555387494890646316e+00
2.767485793171387876e+00,7.488505993379237502e-01,1.314688864003889712e+01,3.557400533659170971e+00
2.774043816377955274e+00,7.492718875648148869e-01,1.317804240458875320e+01,3.559401855370726953e+00
2.780601839584522672e+00,7.496907232366168961e-01,1.320919616913860750e+01,3.561391526265964558e+00
2.787159862791090070e+00,7.501071199786131238e-01,1.324034993368846358e+01,3.563369611071533605e+00
2.793717885997657024e+00,7.505210907990652602e-01,1.327150369823831788e+01,3.565336171582932590e+00
2.800275909204224423e+00,7.509326477908954134e-01,1.330265746278817396e+01,3.567291265247359622e+00
2.806833932410791821e+00,7.513418018336432969e-01,1.333381122733802826e+01,3.569234943747860100e+00
2.813391955617359219e+00,7.517485623374861037e-01,1.336496499188788434e+01,3.571167251787302543e+00
2.819949978823926173e+00,7.521529372434475613e-01,1.339611875643773864e+01,3.573088227089368907e+00
2.826508002030493572e+00,7.525549332493474131e-01,1.342727252098759472e+01,3.574997901471924422e+00
2.833066025237060526e+00,7.529545560629115064e-01,1.345842628553744902e+01,3.576896302049412224e+00
2.839624048443627924e+00,7.533518106549511595e-01,1.348958005008730510e+01,3.578783452435577050e+00
2.846182071650195322e+00,7.537467015125411951e-01,1.352073381463715940e+01,3.580659373946182722e+00
2.852740094856762720e+00,7.541392328921983079e-01,1.355188757918701548e+01,3.582524086801730512e+00
2.859298118063329674e+00,7.545294090730612080e-01,1.358304134373686978e+01,3.584377611330188174e+00
2.865856141269897073e+00,7.549172346100679887e-01,1.361419510828672585e+01,3.586219969169701649e+00
2.872414164476464471e+00,7.553027145871351600e-01,1.364534887283658016e+01,3.588051184471319655e+00
2.878972187683031869e+00,7.556858548691498534e-01,1.367650263738643623e+01,3.589871285096077891e+00
2.885530210889598823e+00,7.560666622959482108e-01,1.370765640193629054e+01,3.591680303536487262e+00
2.892088234096166222e+00,7.564451446644199217e-01,1.373881016648614661e+01,3.593478276831523655e+00
2.898646257302733176e+00,7.568213105919658901e-01,1.376996393103600091e+01,3.595265245917987240e+00
2.905204280509300574e+00,7.571951693722065446e-01,1.380111769558585699e+01,3.597041254945044564e+00
2.911762303715867972e+00,7.575667308306855974e-01,1.383227146013571129e+01,3.598806350588753755e+00
2.918320326922435370e+00,7.579360051805742460e-01,1.386342522468556737e+01,3.600560581366591073e+00
2.924878350129002325e+00,7.583030028783779297e-01,1.389457898923542167e+01,3.602303996951986331e+00
2.931436373335569723e+00,7.586677344796404210e-01,1.392573275378527775e+01,3.604036647488850331e+00
2.937994396542137121e+00,7.590302104946484718e-01,1.395688651833513205e+01,3.605758582906099630e+00
2.944552419748704519e+00,7.593904412441390139e-01,1.398804028288498813e+01,3.607469852232199070e+00
2.951110442955271473e+00,7.597484367194666799e-01,1.401919404743484243e+01,3.609170502930888702e+00
2.957668466161838872e+00,7.601042065013311477e-01,1.405034781198469851e+01,3.610860580515100171e+00
2.964226489368405826e+00,7.604577597722671500e-01,1.408150157653455281e+01,3.612540128606290590e+00
2.970784512574973668e+00,7.608091053519475677e-01,1.411265534108440889e+01,3.614209189102147501e+00
2.977342535781540622e+00,7.611582517328525643e-01,1.414380910563426319e+01,3.615867802346037330e+00
2.983900558988108020e+00,7.615052071159417180e-01,1.417496287018411927e+01,3.617516007296461833e+00
2.990458582194674975e+00,7.618499794463263752e-01,1.420611663473397357e+01,3.619153841696522100e+00
2.997016605401242373e+00,7.621925764489400068e-01,1.423727039928382965e+01,3.620781342243367451e+00
3.003574628607809771e+00,7.625330056642091181e-01,1.426842416383368395e+01,3.622398544757650107e+00
3.010132651814377169e+00,7.628712744837259363e-01,1.429957792838354003e+01,3.624005484352989193e+00
3.016690675020944123e+00,7.632073901859484089e-01,1.433073169293339433e+01,3.625602195605559963e+00
3.023248698227511522e+00,7.635413599731212253e-01,1.436188545748325041e+01,3.627188712729489950e+00
3.029806721434078920e+00,7.638731910122249502e-01,1.439303922203310648e+01,3.628765069771382912e+00
3.036364744640646318e+00,7.642028904779787357e-01,1.442419298658296078e+01,3.630331300814606532e+00
3.042922767847213716e+00,7.645304655959633822e-01,1.445534675113281686e+01,3.631887440184144555e+00
3.049480791053780671e+00,7.648559236857405130e-01,1.448650051568267116e+01,3.633433522651436043e+00
3.056038814260348069e+00,7.651792722039743033e-01,1.451765428023252724e+01,3.634969583639221291e+00
3.062596837466915023e+00,7.655005187875526529e-01,1.454880804478238154e+01,3.636495659426392191e+00
3.069154860673482865e+00,7.658196712967069164e-01,1.457996180933223762e+01,3.638011787352827486e+00
3.075712883880049819e+00,7.661367378581337428e-01,1.461111557388209192e+01,3.639518006024245356e+00
3.082270907086617218e+00,7.664517269078896522e-01,1.464226933843194800e+01,3.641014355515971967e+00
3.088828930293184172e+00,7.667646472147470194e-01,1.467342310298180230e+01,3.642500877483893618e+00
3.095386953499751570e+00,7.670755078097619695e-01,1.470457686753165838e+01,3.643977614829871037e+00
3.101944976706318968e+00,7.673843178485032501e-01,1.473573063208151268e+01,3.645444611047258920e+00
3.108502999912886366e+00,7.676910864670800638e-01,1.476688439663136876e+01,3.646901909536970798e+00
3.115061023119453321e+00,7.679958226381627950e-01,1.479803816118122306e+01,3.648349552923507044e+00
3.121619046326020719e+00,7.682985350270041813e-01,1.482919192573107914e+01,3.649787582370985106e+00
3.128177069532587673e+00,7.685992318474610396e-01,1.486034569028093344e+01,3.651216036899175954e+00
3.134735092739155515e+00,7.688979207180157704e-01,1.489149945483078952e+01,3.652634952699535642e+00
3.141293115945722469e+00,7.691946085177961967e-01,1.492265321938064382e+01,3.654044362451230210e+00
3.147851139152289868e+00,7.694893012432093560e-01,1.495380698393049990e+01,3.655444294640076919e+00
3.154409162358856822e+00,7.697820039131005876e-01,1.498496074848035420e+01,3.656834773108005088e+00
3.160967185565424220e+00,7.700727206990198859e-01,1.501611451303021028e+01,3.658215817671883752e+00
3.167525208771991618e+00,7.703614552122231007e-01,1.504726827758006458e+01,3.659587445486915058e+00
3.174083231978559017e+00,7.706482108045361601e-01,1.507842204212992065e+01,3.660949672475885208e+00
3.180641255185125971e+00,7.709329908692278410e-01,1.510957580667977496e+01,3.662302514758451366e+00
3.187199278391693369e+00,7.712157991418809866e-01,1.514072957122963103e+01,3.663645990080430348e+00
3.193757301598260323e+00,7.714966400012653880e-01,1.517188333577948534e+01,3.664980119243084200e+00
3.200315324804828165e+00,7.717755187702121100e-01,1.520303710032934141e+01,3.666304927532419988e+00
3.206873348011395120e+00,7.720524420164834867e-01,1.523419086487919571e+01,3.667620446148469160e+00
3.213431371217962518e+00,7.723274178496427611e-01,1.526534462942905179e+01,3.668926713615556778e+00
3.219989394424529472e+00,7.726004560824673018e-01,1.529649839397890609e+01,3.670223776549095263e+00
3.226547417631096870e+00,7.728715679892170787e-01,1.532765215852876217e+01,3.671511688507242521e+00
3.233105440837664268e+00,7.731407658781331849e-01,1.535880592307861647e+01,3.672790507960063788e+00
3.239663464044231667e+00,7.734080626548148762e-01,1.538995968762847255e+01,3.674060296215362342e+00
3.246221487250798621e+00,7.736734713855977219e-01,1.542111345217832685e+01,3.675321115344517775e+00
3.252779510457366019e+00,7.739370048609350849e-01,1.545226721672818293e+01,3.676573026108335362e+00
3.259337533663932973e+00,7.741986751587731641e-01,1.548342098127803723e+01,3.677816085882868347e+00
3.265895556870500815e+00,7.744584932079319195e-01,1.551457474582789331e+01,3.679050346585268638e+00
3.272453580077067770e+00,7.747164683515219696e-01,1.554572851037774761e+01,3.680275852599805386e+00
3.279011603283635168e+00,7.749726079445463656e-01,1.557688227492760369e+01,3.681492638866280309e+00
3.285569626490202122e+00,7.752269172988176527e-01,1.560803603947745799e+01,3.682700730618358786e+00
3.292127649696769520e+00,7.754794000882208049e-01,1.563918980402731407e+01,3.683900145308761420e+00
3.298685672903336918e+00,7.757300588445774636e-01,1.567034356857716837e+01,3.685090894964857977e+00
3.305243696109904317e+00,7.759788954544405426e-01,1.570149733312702445e+01,3.686272988548683127e+00
3.311801719316471271e+00,7.762259116558847261e-01,1.573265109767687875e+01,3.687446434316927313e+00
3.318359742523038669e+00,7.764711095353016290e-01,1.576380486222673483e+01,3.688611242180953376e+00
3.324917765729606067e+00,7.767144920241911832e-01,1.579495862677658913e+01,3.689767426066797640e+00
3.331475788936173466e+00,7.769560633959542439e-01,1.582611239132644521e+01,3.690915006275167887e+00
3.338033812142740420e+00,7.771958297547227890e-01,1.585726615587629951e+01,3.692054011803628466e+00
3.344591835349307818e+00,7.774337993064619479e-01,1.588841992042615558e+01,3.693184481634459893e+00
3.351149858555874772e+00,7.776699820598312884e-01,1.591957368497600989e+01,3.694306463313609346e+00
3.357707881762442170e+00,7.779043892952997030e-01,1.595072744952586596e+01,3.695420010428729363e+00
3.364265904969010013e+00,7.781370330248893463e-01,1.598188121407572204e+01,3.696525180042703695e+00
3.370823928175576967e+00,7.783679254519236812e-01,1.601303497862557634e+01,3.697622030127187820e+00
3.377381951382144365e+00,7.785970784307735260e-01,1.604418874317543242e+01,3.698710616996145006e+00
3.383939974588711763e+00,7.788245029266036568e-01,1.607534250772528850e+01,3.699790992739382389e+00
3.390497997795278717e+00,7.790502084751187439e-01,1.610649627227514102e+01,3.700863202656083040e+00
3.397056021001846116e+00,7.792742026460592886e-01,1.613765003682499710e+01,3.701927282706155786e+00
3.403614044208413514e+00,7.794964906782482217e-01,1.616880380137485318e+01,3.702983257776529147e+00
3.410172067414980912e+00,7.797170757194967772e-01,1.619995756592470926e+01,3.704031142820820133e+00
3.416730090621547422e+00,7.799359593942172264e-01,1.623111133047456178e+01,3.705070945555769324e+00
3.423288113828115264e+00,7.801531423914677132e-01,1.626226509502441786e+01,3.706102669254733861e+00
3.429846137034682663e+00,7.803686250529963120e-01,1.629341885957427394e+01,3.707126315541180883e+00
3.436404160241250061e+00,7.805824079612848632e-01,1.632457262412413002e+01,3.708141887182180518e+00
3.442962183447816571e+00,7.807944925275932535e-01,1.635572638867398254e+01,3.709149390881894881e+00
3.449520206654383969e+00,7.810048815800050281e-01,1.638688015322383862e+01,3.710148840075081722e+00
3.456078229860951367e+00,7.812135799462103236e-01,1.641803391777369470e+01,3.711140257695590527e+00
3.462636253067519210e+00,7.814205948416337311e-01,1.644918768232355077e+01,3.712123678020159634e+00
3.469194276274085720e+00,7.816259356473502784e-01,1.648034144687340330e+01,3.713099145613407259e+00
3.475752299480653118e+00,7.818296133923456903e-01,1.651149521142325938e+01,3.714066712868319797e+00
3.482310322687220516e+00,7.820316402201299422e-01,1.654264897597311545e+01,3.715026437472411569e+00
3.488868345893787914e+00,7.822320288553531453e-01,1.657380274052297153e+01,3.715978379873889459e+00
3.495426369100354869e+00,7.824307920704181019e-01,1.660495650507282406e+01,3.716922600747811778e+00
3.501984392306922267e+00,7.826279421520970780e-01,1.663611026962268014e+01,3.717859158462255564e+00
3.508542415513489665e+00,7.828234903681443591e-01,1.666726403417253621e+01,3.718788106544473226e+00
3.515100438720057063e+00,7.830174464494555897e-01,1.669841779872239229e+01,3.719709491220900333e+00
3.521658461926624017e+00,7.832098183250275625e-01,1.672957156327224482e+01,3.720623350158084541e+00
3.528216485133191416e+00,7.834006123280046197e-01,1.676072532782210089e+01,3.721529713441507958e+00
3.534774508339758814e+00,7.835898335367083023e-01,1.679187909237195697e+01,3.722428605195640561e+00
3.541332531546326212e+00,7.837774861186688202e-01,1.682303285692181305e+01,3.723320045218255547e+00
3.547890554752892722e+00,7.839635736746579653e-01,1.685418662147166557e+01,3.724204050614750017e+00
3.554448577959460565e+00,7.841480995827228018e-01,1.688534038602152165e+01,3.725080637432473640e+00
3.561006601166027963e+00,7.843310673422184687e-01,1.691649415057137773e+01,3.725949822295044900e+00
3.567564624372595361e+00,7.845124809173814606e-01,1.694764791512123381e+01,3.726811624034495729e+00
3.574122647579161871e+00,7.846923450342303541e-01,1.697880167967108633e+01,3.727666065101685966e+00
3.580680670785729269e+00,7.848706652359784819e-01,1.700995544422094241e+01,3.728513171829545669e+00
3.587238693992297112e+00,7.850474477533712081e-01,1.704110920877079849e+01,3.729352973817112282e+00
3.593796717198864510e+00,7.852226993564306312e-01,1.707226297332065457e+01,3.730185503225246890e+00
3.600354740405431020e+00,7.853964272061689789e-01,1.710341673787050709e+01,3.731010794072202597e+00
3.606912763611998418e+00,7.855686387063093301e-01,1.713457050242036317e+01,3.731828881529224429e+00
3.613470786818565816e+00,7.857393413550024519e-01,1.716572426697021925e+01,3.732639801216134590e+00
3.620028810025133215e+00,7.859085425965509630e-01,1.719687803152007533e+01,3.733443588496952348e+00
3.626586833231700169e+00,7.860762496796344090e-01,1.722803179606992785e+01,3.734240277806391450e+00
3.633144856438267567e+00,7.862424695830995125e-01,1.725918556061978393e+01,3.735029902297330562e+00
3.639702879644834965e+00,7.864072090328424469e-01,1.729033932516964001e+01,3.735812493921011335e+00
3.646260902851402363e+00,7.865704745369753725e-01,1.732149308971949608e+01,3.736588083594096776e+00
3.652818926057969318e+00,7.867322724211899265e-01,1.735264685426934861e+01,3.737356701366665312e+00
3.659376949264536716e+00,7.868926088641190475e-01,1.738380061881920469e+01,3.738118376590195080e+00
3.665934972471104114e+00,7.870514899326992442e-01,1.741495438336906076e+01,3.738873138085552661e+00
3.672492995677671512e+00,7.872089216175331972e-01,1.744610814791891684e+01,3.739621014310981817e+00
3.679051018884238466e+00,7.873649098691040127e-01,1.747726191246876937e+01,3.740362033534139652e+00
3.685609042090805865e+00,7.875194606453441715e-01,1.750841567701862544e+01,3.741096224058070518e+00
3.692167065297373263e+00,7.876725799776074233e-01,1.753956944156848152e+01,3.741823614534606879e+00
3.698725088503940661e+00,7.878242740411807166e-01,1.757072320611833760e+01,3.742544234299331141e+00
3.705283111710508059e+00,7.879745492258682926e-01,1.760187697066819368e+01,3.743258113706886991e+00
3.711841134917074569e+00,7.881234122065791103e-01,1.763303073521804620e+01,3.743965284466303167e+00
3.718399158123642412e+00,7.882708700139111624e-01,1.766418449976790228e+01,3.744665779976300790e+00
3.724957181330209810e+00,7.884169301047256884e-01,1.769533826431775836e+01,3.745359635660557629e+00
3.731515204536777208e+00,7.885616004218406472e-01,1.772649202886761444e+01,3.746046889251279932e+00
3.738073227743343718e+00,7.887048893426852336e-01,1.775764579341746696e+01,3.746727580545285097e+00
3.744631250949911117e+00,7.888468054802656448e-01,1.778879955796732304e+01,3.747401750458495773e+00
3.751189274156478959e+00,7.889873574549518542e-01,1.781995332251717912e+01,3.748069439941815517e+00
3.757747297363046357e+00,7.891265536659605173e-01,1.785110708706703520e+01,3.748730688895562935e+00
3.764305320569612867e+00,7.892644020628403201e-01,1.788226085161688772e+01,3.749385535083918697e+00
3.770863343776180265e+00,7.894009099169568833e-01,1.791341461616674380e+01,3.750034013049366344e+00
3.777421366982747664e+00,7.895360835934602806e-01,1.794456838071659988e+01,3.750676153029430804e+00
3.783979390189315062e+00,7.896699283702397487e-01,1.797572214526645595e+01,3.751311980096623699e+00
3.790537413395882016e+00,7.898024484947158141e-01,1.800687590981630848e+01,3.751941514428235980e+00
3.797095436602449414e+00,7.899336474194951219e-01,1.803802967436616456e+01,3.752564772425809991e+00
3.803653459809016812e+00,7.900635280555532436e-01,1.806918343891602063e+01,3.753181767917879608e+00
3.810211483015584211e+00,7.901920930254414666e-01,1.810033720346587671e+01,3.753792513362824934e+00
3.816769506222151165e+00,7.903193449164876982e-01,1.813149096801572924e+01,3.754397021051698147e+00
3.823327529428718563e+00,7.904452865340015899e-01,1.816264473256558531e+01,3.754995304311069315e+00
3.829885552635285961e+00,7.905699211524715997e-01,1.819379849711544139e+01,3.755587378696333190e+00
3.836443575841853360e+00,7.906932527344952000e-01,1.822495226166529747e+01,3.756173263031734155e+00
3.843001599048420314e+00,7.908152860900542480e-01,1.825610602621515000e+01,3.756752980166999656e+00
3.849559622254987712e+00,7.909360270188392494e-01,1.828725979076500607e+01,3.757326557653449139e+00
3.856117645461555110e+00,7.910554824522039175e-01,1.831841355531486215e+01,3.757894028418345744e+00
3.862675668668122508e+00,7.911736605951176227e-01,1.834956731986471823e+01,3.758455431439241767e+00
3.869233691874689018e+00,7.912905710681191751e-01,1.838072108441457075e+01,3.759010812418323244e+00
3.875791715081256417e+00,7.914062250449418467e-01,1.841187484896442683e+01,3.759560224436198084e+00
3.882349738287824259e+00,7.915206352217931673e-01,1.844302861351428291e+01,3.760103727805958140e+00
3.888907761494391657e+00,7.916338152438107123e-01,1.847418237806413899e+01,3.760641387348570230e+00
3.895465784700958167e+00,7.917457788613081471e-01,1.850533614261399151e+01,3.761173268384637947e+00
3.902023807907525565e+00,7.918565390711375107e-01,1.853648990716384759e+01,3.761699432655459585e+00
3.908581831114092964e+00,7.919661072580492789e-01,1.856764367171370367e+01,3.762219934244076303e+00
3.915139854320660806e+00,7.920744923360540923e-01,1.859879743626355975e+01,3.762734815496326046e+00
3.921697877527227316e+00,7.921816998950590438e-01,1.862995120081341227e+01,3.763244102966955662e+00
3.928255900733794714e+00,7.922877316403100778e-01,1.866110496536326835e+01,3.763747804756704340e+00
3.934813923940362113e+00,7.923925859738745192e-01,1.869225872991312443e+01,3.764245913274622879e+00
3.941371947146929511e+00,7.924962592558142394e-01,1.872341249446298050e+01,3.764738411229254567e+00
3.947929970353496465e+00,7.925987471137948548e-01,1.875456625901283303e+01,3.765225277849908014e+00
3.954487993560063863e+00,7.927000457527020316e-01,1.878572002356268911e+01,3.765706495107964624e+00
3.961046016766631261e+00,7.928001532642549032e-01,1.881687378811254518e+01,3.766182053938172292e+00
3.967604039973198660e+00,7.928990709271773740e-01,1.884802755266240126e+01,3.766651960415084766e+00
3.974162063179765614e+00,7.929968041394801492e-01,1.887918131721225379e+01,3.767116240181849207e+00
3.980720086386333012e+00,7.930933621638776021e-01,1.891033508176210987e+01,3.767574937240814048e+00
3.987278109592900410e+00,7.931887572820824905e-01,1.894148884631196594e+01,3.768028109936023107e+00
3.993836132799467808e+00,7.932830039165164049e-01,1.897264261086182202e+01,3.768475826780914417e+00
4.000394156006034763e+00,7.933761177520154417e-01,1.900379637541167455e+01,3.768918162286004847e+00
4.006952179212602161e+00,7.934681148575392085e-01,1.903495013996153062e+01,3.769355192786580933e+00
4.013510202419169559e+00,7.935590108158026013e-01,1.906610390451138670e+01,3.769786992308033380e+00
4.020068225625736957e+00,7.936488199830716850e-01,1.909725766906124278e+01,3.770213629049531612e+00
4.026626248832303467e+00,7.937375549931319219e-01,1.912841143361109530e+01,3.770635163027633130e+00
4.033184272038870866e+00,7.938252263317268076e-01,1.915956519816095138e+01,3.771051644054662866e+00
4.039742295245438264e+00,7.939118419125810178e-01,1.919071896271080746e+01,3.771463109724619400e+00
4.046300318452005662e+00,7.939974066534257746e-01,1.922187272726066354e+01,3.771869583399091397e+00
4.052858341658573060e+00,7.940819220536546874e-01,1.925302649181051962e+01,3.772271072200920283e+00
4.059416364865140459e+00,7.941653859566445428e-01,1.928418025636037214e+01,3.772667565885107432e+00
4.065974388071707857e+00,7.942477933104470367e-01,1.931533402091022822e+01,3.773059040452469315e+00
4.072532411278275255e+00,7.943291377234040773e-01,1.934648778546008430e+01,3.773445465539555510e+00
4.079090434484842653e+00,7.944094131037195972e-01,1.937764155000994037e+01,3.773826812207404124e+00
4.085648457691409163e+00,7.944886152991649242e-01,1.940879531455979290e+01,3.774203060730932258e+00
4.092206480897976562e+00,7.945667437367404107e-01,1.943994907910964898e+01,3.774574208388116414e+00
4.098764504104543960e+00,7.946438029701946570e-01,1.947110284365950506e+01,3.774940276811451945e+00
4.105322527311111358e+00,7.947198030883110276e-01,1.950225660820936113e+01,3.775301313927512670e+00
4.111880550517677868e+00,7.947947583760943679e-01,1.953341037275921366e+01,3.775657387596942360e+00
4.118438573724245266e+00,7.948686855706966758e-01,1.956456413730906974e+01,3.776008577329263982e+00
4.124996596930813553e+00,7.949416021113837605e-01,1.959571790185892581e+01,3.776354965969377364e+00
4.131554620137380951e+00,7.950135243895027903e-01,1.962687166640878189e+01,3.776696631384065750e+00
4.138112643343947461e+00,7.950844660332192504e-01,1.965802543095863442e+01,3.777033638313670671e+00
4.144670666550514859e+00,7.951544368946773522e-01,1.968917919550849049e+01,3.777366033560615399e+00
4.151228689757082257e+00,7.952234435528394707e-01,1.972033296005834657e+01,3.777693848378135932e+00
4.157786712963649656e+00,7.952914903226198096e-01,1.975148672460820265e+01,3.778017103264149412e+00
4.164344736170216166e+00,7.953585802788357695e-01,1.978264048915805517e+01,3.778335812825518669e+00
4.170902759376783564e+00,7.954247162801587612e-01,1.981379425370791125e+01,3.778649990642306555e+00
4.177460782583350962e+00,7.954899019755460321e-01,1.984494801825776733e+01,3.778959654048816397e+00
4.184018805789918360e+00,7.955541424433121289e-01,1.987610178280762341e+01,3.779264827169483532e+00
4.190576828996485759e+00,7.956174440177591345e-01,1.990725554735747593e+01,3.779565540095290554e+00
4.197134852203053157e+00,7.956798138374721052e-01,1.993840931190733201e+01,3.779861826737949571e+00
4.203692875409620555e+00,7.957412593851035387e-01,1.996956307645718809e+01,3.780153722643659453e+00
4.210250898616187953e+00,7.958017880271640587e-01,2.000071684100704417e+01,3.780441262806888414e+00
4.216808921822754463e+00,7.958614065728425446e-01,2.003187060555689669e+01,3.780724479574558927e+00
4.223366945029321862e+00,7.959201210960065165e-01,2.006302437010675277e+01,3.781003401800463237e+00
4.229924968235889260e+00,7.959779371948660920e-01,2.009417813465660885e+01,3.781278056078791749e+00
4.236482991442456658e+00,7.960348603625901909e-01,2.012533189920646493e+01,3.781548468504739358e+00
4.243041014649023168e+00,7.960908963598828381e-01,2.015648566375631745e+01,3.781814666444421213e+00
4.249599037855591455e+00,7.961460515872066379e-01,2.018763942830617353e+01,3.782076680303112504e+00
4.256157061062158853e+00,7.962003333917988535e-01,2.021879319285602961e+01,3.782334544983724012e+00
4.262715084268726251e+00,7.962537499470654367e-01,2.024994695740588568e+01,3.782588299313866642e+00
4.269273107475292761e+00,7.963063097312431671e-01,2.028110072195573821e+01,3.782837983569241391e+00
4.275831130681860159e+00,7.963580209539558030e-01,2.031225448650559429e+01,3.783083636749510870e+00
4.282389153888427558e+00,7.964088909826054774e-01,2.034340825105545036e+01,3.783325293853378568e+00
4.288947177094994956e+00,7.964589257843234238e-01,2.037456201560530644e+01,3.783562983227588106e+00
4.295505200301561466e+00,7.965081297697935714e-01,2.040571578015515897e+01,3.783796725825009144e+00
4.302063223508128864e+00,7.965565066527243721e-01,2.043686954470501504e+01,3.784026539287543844e+00
4.308621246714696262e+00,7.966040607076734226e-01,2.046802330925487112e+01,3.784252443921395592e+00
4.315179269921263661e+00,7.966507980430844738e-01,2.049917707380472720e+01,3.784474468744611464e+00
4.321737293127831059e+00,7.966967278710269662e-01,2.053033083835457973e+01,3.784692657518951897e+00
4.328295316334398457e+00,7.967418633938778694e-01,2.056148460290443580e+01,3.784907072962057306e+00
4.334853339540965855e+00,7.967862205982987334e-01,2.059263836745429188e+01,3.785117791018259403e+00
4.341411362747533254e+00,7.968298153679536089e-01,2.062379213200414796e+01,3.785324887142603068e+00
4.347969385954099764e+00,7.968726604165610183e-01,2.065494589655400048e+01,3.785528421731365167e+00
4.354527409160667162e+00,7.969147622212069404e-01,2.068609966110385656e+01,3.785728425553820387e+00
4.361085432367234560e+00,7.969561182930865462e-01,2.071725342565371264e+01,3.785924886786948385e+00
4.367643455573801958e+00,7.969967175954737471e-01,2.074840719020356872e+01,3.786117753000991737e+00
4.374201478780369357e+00,7.970365448692866561e-01,2.077956095475342480e+01,3.786306951707972157e+00
4.380759501986936755e+00,7.970755856718204635e-01,2.081071471930327732e+01,3.786492414298094911e+00
4.387317525193504153e+00,7.971138314214375464e-01,2.084186848385313340e+01,3.786674100004453702e+00
4.393875548400071551e+00,7.971512841829917484e-01,2.087302224840298948e+01,3.786852018636097661e+00
4.400433571606638949e+00,7.971879583866990915e-01,2.090417601295284555e+01,3.787026238743493423e+00
4.406991594813205460e+00,7.972238779941712705e-01,2.093532977750269808e+01,3.787196874155821735e+00
4.413549618019772858e+00,7.972590726457431387e-01,2.096648354205255416e+01,3.787364065678930025e+00
4.420107641226340256e+00,7.972935737939870204e-01,2.099763730660241023e+01,3.787527962727664566e+00
4.426665664432907654e+00,7.973274109128357656e-01,2.102879107115226631e+01,3.787688705317383331e+00
4.433223687639474164e+00,7.973606085176513369e-01,2.105994483570211884e+01,3.787846409907846823e+00
4.439781710846041562e+00,7.973931843048988055e-01,2.109109860025197491e+01,3.788001160565776626e+00
4.446339734052608961e+00,7.974251475226692421e-01,2.112225236480183099e+01,3.788153001224052741e+00
4.452897757259177247e+00,7.974564973459336015e-01,2.115340612935168707e+01,3.788301927963390714e+00
4.459455780465743757e+00,7.974872217705939459e-01,2.118455989390153960e+01,3.788447883758551793e+00
4.466013803672311155e+00,7.975173002377239362e-01,2.121571365845139567e+01,3.788590770944746833e+00
4.472571826878878554e+00,7.975467100276953936e-01,2.124686742300125175e+01,3.788730481592814225e+00
4.479129850085445952e+00,7.975754331924443941e-01,2.127802118755110783e+01,3.788866930440818237e+00
4.485687873292012462e+00,7.976034634547350954e-01,2.130917495210096035e+01,3.789000087668868311e+00
4.492245896498579860e+00,7.976308112059056210e-01,2.134032871665081643e+01,3.789130002640819228e+00
4.498803919705147258e+00,7.976575012060712622e-01,2.137148248120067251e+01,3.789256792979127653e+00
4.505361942911714657e+00,7.976835660054945043e-01,2.140263624575052859e+01,3.789380613313196644e+00
4.511919966118282055e+00,7.977090390674249631e-01,2.143379001030038111e+01,3.789501622609557696e+00
4.518477989324849453e+00,7.977339480698373286e-01,2.146494377485023719e+01,3.789619952351902743e+00
4.525036012531416851e+00,7.977583107936639939e-01,2.149609753940009327e+01,3.789735687008213727e+00
4.531594035737984250e+00,7.977821354489589289e-01,2.152725130394994935e+01,3.789848865580195181e+00
4.538152058944550760e+00,7.978054221650104916e-01,2.155840506849980187e+01,3.789959488682029143e+00
4.544710082151118158e+00,7.978281645080003148e-01,2.158955883304965795e+01,3.790067525749983623e+00
4.551268105357685556e+00,7.978503513682416726e-01,2.162071259759951403e+01,3.790172924007703781e+00
4.557826128564252954e+00,7.978719704150836201e-01,2.165186636214937010e+01,3.790275624878666427e+00
4.564384151770819464e+00,7.978930125591446876e-01,2.168302012669922263e+01,3.790375585183937357e+00
4.570942174977386863e+00,7.979134764936431923e-01,2.171417389124907871e+01,3.790472798715675218e+00
4.577500198183955149e+00,7.979333727819560851e-01,2.174532765579893479e+01,3.790567315655001490e+00
4.584058221390522547e+00,7.979527237486507829e-01,2.177648142034879086e+01,3.790659242054349232e+00
4.590616244597089057e+00,7.979715581943503944e-01,2.180763518489864339e+01,3.790748714730530988e+00
4.597174267803656456e+00,7.979899051731347281e-01,2.183878894944849947e+01,3.790835871704400173e+00
4.603732291010223854e+00,7.980077878729997520e-01,2.186994271399835554e+01,3.790920823130090600e+00
4.610290314216791252e+00,7.980252194279999767e-01,2.190109647854821162e+01,3.791003631400679197e+00
4.616848337423357762e+00,7.980422025029889621e-01,2.193225024309806415e+01,3.791084309175501765e+00
4.623406360629925160e+00,7.980587300142453211e-01,2.196340400764792022e+01,3.791162822803474164e+00
4.629964383836492559e+00,7.980747859651801113e-01,2.199455777219777630e+01,3.791239096293105071e+00
4.636522407043059957e+00,7.980903486080453968e-01,2.202571153674763238e+01,3.791313026332131741e+00
4.643080430249627355e+00,7.981053995973107495e-01,2.205686530129748490e+01,3.791384525770460368e+00
4.649638453456194753e+00,7.981199355382057048e-01,2.208801906584734098e+01,3.791453578481298603e+00
4.656196476662762151e+00,7.981339793894127732e-01,2.211917283039719706e+01,3.791520293529430763e+00
4.662754499869329550e+00,7.981475844311778367e-01,2.215032659494705314e+01,3.791584924021651926e+00
4.669312523075896060e+00,7.981608172348827468e-01,2.218148035949690566e+01,3.791647786204046078e+00
4.675870546282463458e+00,7.981737314381510684e-01,2.221263412404676174e+01,3.791709134881124488e+00
4.682428569489030856e+00,7.981863415930006145e-01,2.224378788859661782e+01,3.791769039181970058e+00
4.688986592695598254e+00,7.981986101379560106e-01,2.227494165314647390e+01,3.791827320671508961e+00
4.695544615902164765e+00,7.982104682862903866e-01,2.230609541769632642e+01,3.791883652579703057e+00
4.702102639108732163e+00,7.982218505159649480e-01,2.233724918224618250e+01,3.791937723645352420e+00
4.708660662315300449e+00,7.982327286374165665e-01,2.236840294679603858e+01,3.791989399954474038e+00
4.715218685521867847e+00,7.982431285274174115e-01,2.239955671134589466e+01,3.792038804434181731e+00
4.721776708728435246e+00,7.982531121768361437e-01,2.243071047589575073e+01,3.792086231570918287e+00
4.728334731935001756e+00,7.982627490268819903e-01,2.246186424044560326e+01,3.792132011243827705e+00
4.734892755141569154e+00,7.982720886147801620e-01,2.249301800499545934e+01,3.792176378778557400e+00
4.741450778348136552e+00,7.982811493789674362e-01,2.252417176954531541e+01,3.792219421766549470e+00
4.748008801554703950e+00,7.982899289608730298e-01,2.255532553409517149e+01,3.792261129003458464e+00
4.754566824761270460e+00,7.982984187328960868e-01,2.258647929864502402e+01,3.792301459504031413e+00
4.761124847967837859e+00,7.983066160852080317e-01,2.261763306319488009e+01,3.792340400870326533e+00
4.767682871174405257e+00,7.983145248628802371e-01,2.264878682774473617e+01,3.792377971368282363e+00
4.774240894380972655e+00,7.983221467026588858e-01,2.267994059229459225e+01,3.792414178773230393e+00
4.780798917587540053e+00,7.983294717014219888e-01,2.271109435684444477e+01,3.792448976040578401e+00
4.787356940794107452e+00,7.983364751808647020e-01,2.274224812139430085e+01,3.792482245936508622e+00
4.793914964000674850e+00,7.983431293726059863e-01,2.277340188594415693e+01,3.792513856547854001e+00
4.800472987207242248e+00,7.983494207613954785e-01,2.280455565049401301e+01,3.792543743670675038e+00
4.807031010413808758e+00,7.983553654558041002e-01,2.283570941504386553e+01,3.792571983828432192e+00
4.813589033620376156e+00,7.983610078695482226e-01,2.286686317959372161e+01,3.792598788007639943e+00
4.820147056826943555e+00,7.983664016459279811e-01,2.289801694414357769e+01,3.792624411039775989e+00
4.826705080033510953e+00,7.983715881578324902e-01,2.292917070869343377e+01,3.792649049465962818e+00
4.833263103240078351e+00,7.983765825405204630e-01,2.296032447324328629e+01,3.792672775185959910e+00
4.839821126446645749e+00,7.983813795827978677e-01,2.299147823779314237e+01,3.792695563444088425e+00
4.846379149653213148e+00,7.983859677175145775e-01,2.302263200234299845e+01,3.792717359290822543e+00
4.852937172859780546e+00,7.983903419134642521e-01,2.305378576689285453e+01,3.792738138825511474e+00
4.859495196066347056e+00,7.983945076931152629e-01,2.308493953144270705e+01,3.792757928282536106e+00
4.866053219272914454e+00,7.983984772009353748e-01,2.311609329599256313e+01,3.792776785353960012e+00
4.872611242479481852e+00,7.984022643385602080e-01,2.314724706054241921e+01,3.792794776079239316e+00
4.879169265686049251e+00,7.984058805402985959e-01,2.317840082509227528e+01,3.792811954776839301e+00
4.885727288892615761e+00,7.984093316697037368e-01,2.320955458964212781e+01,3.792828349301459401e+00
4.892285312099183159e+00,7.984126152672907928e-01,2.324070835419198389e+01,3.792843947969362972e+00
4.898843335305750557e+00,7.984157197208845425e-01,2.327186211874183996e+01,3.792858695617132625e+00
4.905401358512318843e+00,7.984186294320356758e-01,2.330301588329169604e+01,3.792872518144631666e+00
4.911959381718885354e+00,7.984213328702325363e-01,2.333416964784154857e+01,3.792885360776383052e+00
4.918517404925452752e+00,7.984238295766864502e-01,2.336532341239140464e+01,3.792897221332920399e+00
4.925075428132020150e+00,7.984261308566812376e-01,2.339647717694126072e+01,3.792908153519779724e+00
4.931633451338587548e+00,7.984282555771523571e-01,2.342763094149111680e+01,3.792918246963978834e+00
4.938191474545154058e+00,7.984302255591775310e-01,2.345878470604096933e+01,3.792927605326132490e+00
4.944749497751721456e+00,7.984320617511027063e-01,2.348993847059082540e+01,3.792936328120960265e+00
4.951307520958288855e+00,7.984337812846608040e-01,2.352109223514068148e+01,3.792944496732432835e+00
4.957865544164856253e+00,7.984353948700168013e-01,2.355224599969053756e+01,3.792952162038986330e+00
4.964423567371423651e+00,7.984369065665715137e-01,2.358339976424039008e+01,3.792959343324726174e+00
4.970981590577991049e+00,7.984383171600162310e-01,2.361455352879024616e+01,3.792966044322064967e+00
4.977539613784558448e+00,7.984396282524960364e-01,2.364570729334010224e+01,3.792972272641961240e+00
4.984097636991125846e+00,7.984408444560188167e-01,2.367686105788995832e+01,3.792978050193671624e+00
4.990655660197692356e+00,7.984419719643088831e-01,2.370801482243981084e+01,3.792983406400365354e+00
4.997213683404259754e+00,7.984430161172724194e-01,2.373916858698966692e+01,3.792988366629165053e+00
5.003771706610827152e+00,7.984439799993275910e-01,2.377032235153952300e+01,3.792992945532541071e+00
5.010329729817394551e+00,7.984448653819727904e-01,2.380147611608937908e+01,3.792997151525962618e+00
5.016887753023961061e+00,7.984456744453485300e-01,2.383262988063923160e+01,3.793000994966146067e+00
5.023445776230528459e+00,7.984464109073523552e-01,2.386378364518908768e+01,3.793004493514891884e+00
5.030003799437095857e+00,7.984470796551347282e-01,2.389493740973894376e+01,3.793007670388516939e+00
5.036561822643664144e+00,7.984476858225171281e-01,2.392609117428879983e+01,3.793010549975141199e+00
5.043119845850231542e+00,7.984482340982475002e-01,2.395724493883865591e+01,3.793013154548573684e+00
5.049677869056798052e+00,7.984487286636543502e-01,2.398839870338850844e+01,3.793015503972135161e+00
5.056235892263365450e+00,7.984491733732701491e-01,2.401955246793836452e+01,3.793017616556709548e+00
5.062793915469932848e+00,7.984495718967529188e-01,2.405070623248822059e+01,3.793019509734937067e+00
5.069351938676500247e+00,7.984499277430202602e-01,2.408185999703807667e+01,3.793021200175863861e+00
5.075909961883066757e+00,7.984502442400105426e-01,2.411301376158792920e+01,3.793022703688798458e+00
5.082467985089634155e+00,7.984505245249128302e-01,2.414416752613778527e+01,3.793024035176897790e+00
5.089026008296201553e+00,7.984507715622253254e-01,2.417532129068764135e+01,3.793025208722953678e+00
5.095584031502768951e+00,7.984509881712495982e-01,2.420647505523749743e+01,3.793026237720004801e+00
5.102142054709336350e+00,7.984511770447261236e-01,2.423762881978734995e+01,3.793027134959863655e+00
5.108700077915903748e+00,7.984513407485110958e-01,2.426878258433720603e+01,3.793027912631581788e+00
5.115258101122471146e+00,7.984514817153799404e-01,2.429993634888706211e+01,3.793028582292011563e+00
5.121816124329038544e+00,7.984516022415567571e-01,2.433109011343691819e+01,3.793029154849323348e+00
5.128374147535605054e+00,7.984517044884249515e-01,2.436224387798677071e+01,3.793029640571126571e+00
5.134932170742172453e+00,7.984517904856163195e-01,2.439339764253662679e+01,3.793030049099148648e+00
5.141490193948739851e+00,7.984518621335453537e-01,2.442455140708648287e+01,3.793030389461273355e+00
5.148048217155307249e+00,7.984519212050598114e-01,2.445570517163633895e+01,3.793030670079379885e+00
5.154606240361873759e+00,7.984519693466782808e-01,2.448685893618619147e+01,3.793030898775223037e+00
5.161164263568442045e+00,7.984520080778352291e-01,2.451801270073604755e+01,3.793031082766847639e+00
5.167722286775009444e+00,7.984520387876438141e-01,2.454916646528590363e+01,3.793031228653209297e+00
5.174280309981576842e+00,7.984520627323343778e-01,2.458032022983575970e+01,3.793031342402006345e+00
5.180838333188143352e+00,7.984520810410004055e-01,2.461147399438561223e+01,3.793031429376976238e+00
5.187396356394710750e+00,7.984520947297913951e-01,2.464262775893546831e+01,3.793031494405317616e+00
5.193954379601278148e+00,7.984521047138550820e-01,2.467378152348532439e+01,3.793031541834422260e+00
5.200512402807845547e+00,7.984521117999424655e-01,2.470493528803518046e+01,3.793031575496745855e+00
5.207070426014412057e+00,7.984521166633787859e-01,2.473608905258503299e+01,3.793031598600407506e+00
5.213628449220979455e+00,7.984521198348500937e-01,2.476724281713488907e+01,3.793031613666421720e+00
5.220186472427546853e+00,7.984521217364802803e-01,2.479839658168474514e+01,3.793031622700079541e+00
5.226744495634114251e+00,7.984521227493794893e-01,2.482955034623460122e+01,3.793031627511838089e+00
5.233302518840681650e+00,7.984521232675070301e-01,2.486070411078445375e+01,3.793031629973193208e+00
5.239860542047249048e+00,7.984521236981937387e-01,2.489185787533430982e+01,3.793031632019162380e+00
