x_m,r_m,x_over_rt,r_over_rt
# M4.19 vitiated-air nozzle [euler] inviscid design wall (AxisMachCFDWall)
# R=2, L_U=6, L_c=10 (r_t units), M_d=4.75; r_t=0.165252 m
# throat x=0.000000 m r=0.165252 m; exit x=5.429500 m r=0.798450 m
-1.074138000000000037e+00,6.279576000000000047e-01,-6.500000000000000000e+00,3.799999999999999822e+00
-1.071288827586206915e+00,6.279576000000000047e-01,-6.482758620689654805e+00,3.799999999999999822e+00
-1.068439655172413794e+00,6.279576000000000047e-01,-6.465517241379310498e+00,3.799999999999999822e+00
-1.065590482758620672e+00,6.279576000000000047e-01,-6.448275862068965303e+00,3.799999999999999822e+00
-1.062741310344827772e+00,6.279576000000000047e-01,-6.431034482758620996e+00,3.799999999999999822e+00
-1.059892137931034428e+00,6.279576000000000047e-01,-6.413793103448275801e+00,3.799999999999999822e+00
-1.057042965517241306e+00,6.279576000000000047e-01,-6.396551724137930606e+00,3.799999999999999822e+00
-1.054193793103448407e+00,6.279576000000000047e-01,-6.379310344827586299e+00,3.799999999999999822e+00
-1.051344620689655285e+00,6.279576000000000047e-01,-6.362068965517241104e+00,3.799999999999999822e+00
-1.048495448275862163e+00,6.279576000000000047e-01,-6.344827586206896797e+00,3.799999999999999822e+00
-1.045646275862069041e+00,6.279576000000000047e-01,-6.327586206896551602e+00,3.799999999999999822e+00
-1.042797103448275919e+00,6.279576000000000047e-01,-6.310344827586207295e+00,3.799999999999999822e+00
-1.039947931034482798e+00,6.279576000000000047e-01,-6.293103448275862100e+00,3.799999999999999822e+00
-1.037098758620689676e+00,6.279576000000000047e-01,-6.275862068965516904e+00,3.799999999999999822e+00
-1.034249586206896554e+00,6.279576000000000047e-01,-6.258620689655172598e+00,3.799999999999999822e+00
-1.031400413793103432e+00,6.279576000000000047e-01,-6.241379310344827402e+00,3.799999999999999822e+00
-1.028551241379310532e+00,6.279576000000000047e-01,-6.224137931034483096e+00,3.799999999999999822e+00
-1.025702068965517189e+00,6.279576000000000047e-01,-6.206896551724137900e+00,3.799999999999999822e+00
-1.022852896551724067e+00,6.279576000000000047e-01,-6.189655172413792705e+00,3.799999999999999822e+00
-1.020003724137931167e+00,6.279576000000000047e-01,-6.172413793103448398e+00,3.799999999999999822e+00
-1.017154551724138045e+00,6.279576000000000047e-01,-6.155172413793103203e+00,3.799999999999999822e+00
-1.014305379310344923e+00,6.279576000000000047e-01,-6.137931034482758896e+00,3.799999999999999822e+00
-1.011456206896551802e+00,6.279576000000000047e-01,-6.120689655172413701e+00,3.799999999999999822e+00
-1.008607034482758680e+00,6.279576000000000047e-01,-6.103448275862069394e+00,3.799999999999999822e+00
-1.005757862068965558e+00,6.279576000000000047e-01,-6.086206896551724199e+00,3.799999999999999822e+00
-1.002908689655172436e+00,6.279576000000000047e-01,-6.068965517241379004e+00,3.799999999999999822e+00
-1.000059517241379314e+00,6.279576000000000047e-01,-6.051724137931034697e+00,3.799999999999999822e+00
-9.972103448275861926e-01,6.279576000000000047e-01,-6.034482758620689502e+00,3.799999999999999822e+00
-9.943611724137931818e-01,6.279576000000000047e-01,-6.017241379310345195e+00,3.799999999999999822e+00
-9.915120000000000600e-01,6.279576000000000047e-01,-6.000000000000000000e+00,3.799999999999999822e+00
-9.865295276381909062e-01,6.279572041048835374e-01,-5.969849246231155426e+00,3.799997604294552911e+00
-9.815470552763819745e-01,6.279544529717943080e-01,-5.939698492462311741e+00,3.799980956186879588e+00
-9.765645829145729317e-01,6.279470465047242156e-01,-5.909547738693467167e+00,3.799936136958851574e+00
-9.715821105527638890e-01,6.279327443119631091e-01,-5.879396984924623482e+00,3.799849589184778775e+00
-9.665996381909548463e-01,6.279093652104692502e-01,-5.849246231155778908e+00,3.799708113732174208e+00
-9.616171658291456925e-01,6.278747867302399976e-01,-5.819095477386934334e+00,3.799498866762519800e+00
-9.566346934673367608e-01,6.278269446186817149e-01,-5.788944723618090649e+00,3.799209356732031750e+00
-9.516522211055277181e-01,6.277638323449810098e-01,-5.758793969849246075e+00,3.798827441392424564e+00
-9.466697487437186753e-01,6.276835006044744203e-01,-5.728643216080402389e+00,3.798341324791678186e+00
-9.416872763819096326e-01,6.275840568230194316e-01,-5.698492462311557816e+00,3.797739554274801144e+00
-9.367048040201004788e-01,6.274636646613646063e-01,-5.668341708542713242e+00,3.797011017484596795e+00
-9.317223316582915471e-01,6.273205435195201574e-01,-5.638190954773869557e+00,3.796144939362428694e+00
-9.267398592964823933e-01,6.271529680411284113e-01,-5.608040201005024983e+00,3.795130879148986836e+00
-9.217573869346734616e-01,6.269592676178341595e-01,-5.577889447236181297e+00,3.793958727385049023e+00
-9.167749145728644189e-01,6.267378258936552315e-01,-5.547738693467336724e+00,3.792618702912250672e+00
-9.117924422110552651e-01,6.264870802693527363e-01,-5.517587939698492150e+00,3.791101349873845283e+00
-9.068099698492463334e-01,6.262055214068018572e-01,-5.487437185929648464e+00,3.789397534715475580e+00
-9.018274974874371797e-01,6.258916927333620928e-01,-5.457286432160803891e+00,3.787498443185934427e+00
-8.968450251256282479e-01,6.255441899462473865e-01,-5.427135678391960205e+00,3.785395577337928419e+00
-8.918625527638192052e-01,6.251616605168974772e-01,-5.396984924623115631e+00,3.783080752528849455e+00
-8.868800804020100514e-01,6.247428031953472516e-01,-5.366834170854271058e+00,3.780546094421533443e+00
-8.818976080402011197e-01,6.242863675145982061e-01,-5.336683417085427372e+00,3.777784035985029654e+00
-8.769151356783919660e-01,6.237911532949880211e-01,-5.306532663316582799e+00,3.774787314495364310e+00
-8.719326633165830343e-01,6.232560101485614679e-01,-5.276381909547739113e+00,3.771548968536304614e+00
-8.669501909547738805e-01,6.226798369834410929e-01,-5.246231155778894539e+00,3.768062335000127661e+00
-8.619677185929648378e-01,6.220615815081970146e-01,-5.216080402010049966e+00,3.764321046088380029e+00
-8.569852462311559060e-01,6.214002397362181629e-01,-5.185929648241206280e+00,3.760319026312650248e+00
-8.520027738693467523e-01,6.206948554900816317e-01,-5.155778894472361706e+00,3.756050489495325717e+00
-8.470203015075377095e-01,6.199445199059245848e-01,-5.125628140703517133e+00,3.751509935770366067e+00
-8.420378291457286668e-01,6.191483709378133860e-01,-5.095477386934673447e+00,3.746692148584061410e+00
-8.370553567839196241e-01,6.183055928621148389e-01,-5.065326633165828873e+00,3.741592191695802594e+00
-8.320728844221106923e-01,6.174154157818660948e-01,-5.035175879396985188e+00,3.736205406178842559e+00
-8.270904120603015386e-01,6.164771151311458919e-01,-5.005025125628140614e+00,3.730527407421065256e+00
-8.221079396984926069e-01,6.154900111794441298e-01,-4.974874371859296929e+00,3.724554082125747900e+00
-8.171254673366834531e-01,6.144534685360325543e-01,-4.944723618090452355e+00,3.718281585312326332e+00
-8.121429949748744104e-01,6.133668956543358863e-01,-4.914572864321607781e+00,3.711706337317163040e+00
-8.071605226130653676e-01,6.122297443363012848e-01,-4.884422110552764096e+00,3.704825020794309864e+00
-8.021780502512563249e-01,6.110415092367694756e-01,-4.854271356783919522e+00,3.697634577716272020e+00
-7.971955778894471711e-01,6.098017273678446593e-01,-4.824120603015074948e+00,3.690132206374777013e+00
-7.922131055276382394e-01,6.085099776032659724e-01,-4.793969849246231263e+00,3.682315358381537784e+00
-7.872306331658291967e-01,6.071658801827762852e-01,-4.763819095477386689e+00,3.674181735669016291e+00
-7.822481608040201539e-01,6.057690962164945514e-01,-4.733668341708543004e+00,3.665729287491192423e+00
-7.772656884422111112e-01,6.043193271892847163e-01,-4.703517587939698430e+00,3.656956207424325811e+00
-7.722832160804021795e-01,6.028163144651270677e-01,-4.673366834170854744e+00,3.647860930367723409e+00
-7.673007437185930257e-01,6.012598387914880327e-01,-4.643216080402010171e+00,3.638442129544501746e+00
-7.623182713567838720e-01,5.996497198036914167e-01,-4.613065326633165597e+00,3.628698713502356288e+00
-7.573357989949749403e-01,5.979858155292882005e-01,-4.582914572864321912e+00,3.618629823114323685e+00
-7.523533266331658975e-01,5.962680218924273357e-01,-4.552763819095477338e+00,3.608234828579546694e+00
-7.473708542713567438e-01,5.944962722182256520e-01,-4.522613065326632764e+00,3.597513326424040869e+00
-7.423883819095478120e-01,5.926705367371395416e-01,-4.492462311557789079e+00,3.586465136501461259e+00
-7.374059095477386583e-01,5.907908220893336448e-01,-4.462311557788944505e+00,3.575090298993861548e+00
-7.324234371859297266e-01,5.888571708290532003e-01,-4.432160804020100819e+00,3.563389071412467857e+00
-7.274409648241206838e-01,5.868696609289926203e-01,-4.402010050251256246e+00,3.551361925598435221e+00
-7.224584924623116411e-01,5.848284052846677294e-01,-4.371859296482412560e+00,3.539009544723620060e+00
-7.174760201005025984e-01,5.827335512187846733e-01,-4.341708542713567986e+00,3.526332820291340653e+00
-7.124935477386934446e-01,5.805852799856114910e-01,-4.311557788944723413e+00,3.513332849137144720e+00
-7.075110753768845129e-01,5.783838062753479115e-01,-4.281407035175879727e+00,3.500010930429573452e+00
-7.025286030150754701e-01,5.761293777184961495e-01,-4.251256281407035154e+00,3.486368562670927318e+00
-6.975461306532663164e-01,5.738222743902309242e-01,-4.221105527638190580e+00,3.472407440698030534e+00
-6.925636582914573847e-01,5.714628083147706983e-01,-4.190954773869346894e+00,3.458129452682997318e+00
-6.875811859296482309e-01,5.690513229697472530e-01,-4.160804020100502321e+00,3.443536677133996804e+00
-6.825987135678392992e-01,5.665881927905767057e-01,-4.130653266331658635e+00,3.428631379896017517e+00
-6.776162412060301454e-01,5.640738226748298612e-01,-4.100502512562814061e+00,3.413416011151634066e+00
-6.726337688442212137e-01,5.615086474866023414e-01,-4.070351758793970376e+00,3.397893202421769843e+00
-6.676512964824121710e-01,5.588931315608851591e-01,-4.040201005025125802e+00,3.382065763566462824e+00
-6.626688241206030172e-01,5.562277682079359575e-01,-4.010050251256281229e+00,3.365936679785636265e+00
-6.576863517587939745e-01,5.535130792176481407e-01,-3.979899497487437099e+00,3.349509108619853848e+00
-6.527038793969849317e-01,5.507496143639222241e-01,-3.949748743718592969e+00,3.332786376951093921e+00
-6.477214070351758890e-01,5.479379509090359646e-01,-3.919597989949748840e+00,3.315771978003509091e+00
-6.427389346733669573e-01,5.450786931080149333e-01,-3.889447236180904710e+00,3.298469568344195135e+00
-6.377564623115579145e-01,5.421724717130030902e-01,-3.859296482412060580e+00,3.280882964883953257e+00
-6.327739899497487608e-01,5.392199434776325795e-01,-3.829145728643216007e+00,3.263016141878055887e+00
-6.277915175879397180e-01,5.362217906613951923e-01,-3.798994974874371877e+00,3.244873227927015602e+00
-6.228090452261306753e-01,5.331787205340119407e-01,-3.768844221105527748e+00,3.226458502977343379e+00
-6.178265728643216326e-01,5.300914648798040751e-01,-3.738693467336683618e+00,3.207776395322320173e+00
-6.128441005025127009e-01,5.269607795020631036e-01,-3.708542713567839488e+00,3.188831478602758729e+00
-6.078616281407035471e-01,5.237874437274215866e-01,-3.678391959798994915e+00,3.169628468807769828e+00
-6.028791557788945044e-01,5.205722599102234893e-01,-3.648241206030150785e+00,3.150172221275527207e+00
-5.978966834170854616e-01,5.173160529368945326e-01,-3.618090452261306655e+00,3.130467727694033808e+00
-5.929142110552764189e-01,5.140196697303125450e-01,-3.587939698492462526e+00,3.110520113101884032e+00
-5.879317386934673761e-01,5.106839787541783693e-01,-3.557788944723618396e+00,3.090334632889032207e+00
-5.829492663316583334e-01,5.073098695173857697e-01,-3.527638190954773822e+00,3.069916669797556175e+00
-5.779667939698492907e-01,5.038982520783925612e-01,-3.497487437185929693e+00,3.049271730922424428e+00
-5.729843216080402479e-01,5.004500565495898501e-01,-3.467336683417085563e+00,3.028405444712256589e+00
-5.680018492462312052e-01,4.969662326016741627e-01,-3.437185929648241434e+00,3.007323557970094985e+00
-5.630193768844221625e-01,4.934477489680164641e-01,-3.407035175879397304e+00,2.986031932854164683e+00
-5.580369045226131197e-01,4.898955929490330097e-01,-3.376884422110552730e+00,2.964536543878639741e+00
-5.530544321608040770e-01,4.863107699165563069e-01,-3.346733668341708601e+00,2.942843474914411228e+00
-5.480719597989950342e-01,4.826943028182053563e-01,-3.316582914572864471e+00,2.920958916189851262e+00
-5.430894874371859915e-01,4.790472316817552811e-01,-3.286432160804020342e+00,2.898889161291574368e+00
-5.381070150753769488e-01,4.753706131195090112e-01,-3.256281407035176212e+00,2.876640604165208170e+00
-5.331245427135679060e-01,4.716655198326666354e-01,-3.226130653266331638e+00,2.854219736116153427e+00
-5.281420703517588633e-01,4.679330401156969743e-01,-3.195979899497487509e+00,2.831633142810356052e+00
-5.231595979899498206e-01,4.641742773607069883e-01,-3.165829145728643379e+00,2.808887501275064480e+00
-5.181771256281407778e-01,4.603903495618129060e-01,-3.135678391959799249e+00,2.785989576899601250e+00
-5.131946532663316241e-01,4.565823888195101321e-01,-3.105527638190954676e+00,2.762946220436122591e+00
-5.082121809045226923e-01,4.527515408450444867e-01,-3.075376884422110546e+00,2.739764365000390001e+00
-5.032297085427136496e-01,4.488989644647817245e-01,-3.045226130653266416e+00,2.716451023072529836e+00
-4.982472361809046069e-01,4.450258311245785525e-01,-3.015075376884422287e+00,2.693013283497800447e+00
-4.932647638190955641e-01,4.411333243941530369e-01,-2.984924623115578157e+00,2.669458308487358877e+00
-4.882822914572864659e-01,4.372226394714549547e-01,-2.954773869346733584e+00,2.645793330619023997e+00
-4.832998190954774231e-01,4.332949826870364229e-01,-2.924623115577889454e+00,2.622025649838043648e+00
-4.783173467336683804e-01,4.293515710084218062e-01,-2.894472361809045324e+00,2.598162630457856892e+00
-4.733348743718593377e-01,4.253936315444790117e-01,-2.864321608040201195e+00,2.574211698160863371e+00
-4.683524020100503504e-01,4.214224010497890083e-01,-2.834170854271357065e+00,2.550180336999182895e+00
-4.633699296482411967e-01,4.174391254290171216e-01,-2.804020100502512491e+00,2.526076086395427023e+00
-4.583874572864322094e-01,4.134450592412830527e-01,-2.773869346733668362e+00,2.501906538143459979e+00
-4.534049849246231667e-01,4.094414652045312852e-01,-2.743718592964824232e+00,2.477679333409164464e+00
-4.484225125628141240e-01,4.054296136999016587e-01,-2.713567839195980103e+00,2.453402159731208343e+00
-4.434400402010050812e-01,4.014107822760999422e-01,-2.683417085427135973e+00,2.429082748021808680e+00
-4.384575678391959830e-01,3.973862551537677423e-01,-2.653266331658291399e+00,2.404728869567495320e+00
-4.334750954773869402e-01,3.933573227298540753e-01,-2.623115577889447270e+00,2.380348333029882024e+00
-4.284926231155779530e-01,3.893252810819844423e-01,-2.592964824120603140e+00,2.355948981446423840e+00
-4.235101507537689103e-01,3.852914314728321798e-01,-2.562814070351759010e+00,2.331538689231187345e+00
-4.185276783919598675e-01,3.812570798544887563e-01,-2.532663316582914881e+00,2.307125359175615120e+00
-4.135452060301507693e-01,3.772235363728339008e-01,-2.502512562814070307e+00,2.282716919449288895e+00
-4.085627336683417266e-01,3.731921148719065107e-01,-2.472361809045226178e+00,2.258321320600697568e+00
-4.035802613065326838e-01,3.691641323982747802e-01,-2.442211055276382048e+00,2.233946532558000797e+00
-3.985977889447236966e-01,3.651409087054067748e-01,-2.412060301507537918e+00,2.209600541629794357e+00
-3.936153165829146539e-01,3.611237657580407268e-01,-2.381909547738693789e+00,2.185291347505874171e+00
-3.886328442211055556e-01,3.571140272365559976e-01,-2.351758793969849215e+00,2.161026960258005669e+00
-3.836503718592965129e-01,3.531130180413427633e-01,-2.321608040201005085e+00,2.136815397340684264e+00
-3.786678994974874701e-01,3.491220637971729213e-01,-2.291457286432160956e+00,2.112664680591901600e+00
-3.736854271356784274e-01,3.451424903575706082e-01,-2.261306532663316826e+00,2.088582833233913139e+00
-3.687029547738694402e-01,3.411756233091823298e-01,-2.231155778894472697e+00,2.064577876874000406e+00
-3.637204824120603419e-01,3.372227874761475341e-01,-2.201005025125628123e+00,2.040657828505237692e+00
-3.587380100502512992e-01,3.332853064244697405e-01,-2.170854271356783993e+00,2.016830697507260073e+00
-3.537555376884422564e-01,3.293645019663854479e-01,-2.140703517587939864e+00,1.993104482647020337e+00
-3.487730653266332137e-01,3.254616936647361514e-01,-2.110552763819095734e+00,1.969487169079564115e+00
-3.437905929648242265e-01,3.215781983373378616e-01,-2.080402010050251604e+00,1.945986725348787694e+00
-3.388081206030150727e-01,3.177153295613523443e-01,-2.050251256281407031e+00,1.922611100388209149e+00
-3.338256482412060855e-01,3.138743971776559727e-01,-2.020100502512562901e+00,1.899368220521724160e+00
-3.288431758793970427e-01,3.100567067952125777e-01,-1.989949748743718771e+00,1.876265986464385138e+00
-3.238607035175879445e-01,3.062635592954416897e-01,-1.959798994974874198e+00,1.853312270323152822e+00
-3.188782311557789573e-01,3.024962503365903888e-01,-1.929648241206030512e+00,1.830514912597671184e+00
-3.138957587939698590e-01,2.987560698581027685e-01,-1.899497487437185939e+00,1.807881719181025026e+00
-3.089132864321609273e-01,2.950443015849915085e-01,-1.869346733668342253e+00,1.785420458360513107e+00
-3.039308140703518291e-01,2.913622225322073378e-01,-1.839195979899497679e+00,1.763138857818406402e+00
-2.989483417085427308e-01,2.877111025090092755e-01,-1.809045226130653106e+00,1.741044601632714128e+00
-2.939658693467337436e-01,2.840922036233372583e-01,-1.778894472361809420e+00,1.719145327277958657e+00
-2.889833969849246453e-01,2.805067797861791612e-01,-1.748743718592964846e+00,1.697448622625923775e+00
-2.840009246231157136e-01,2.769560762159445910e-01,-1.718592964824121161e+00,1.675962022946436702e+00
-2.790184522613065599e-01,2.734413289428322957e-01,-1.688442211055276587e+00,1.654693007908117686e+00
-2.740359798994974616e-01,2.699637643132034581e-01,-1.658291457286432014e+00,1.633648998579160461e+00
-2.690535075376885299e-01,2.665245984939503265e-01,-1.628140703517588328e+00,1.612837354428087622e+00
-2.640710351758794316e-01,2.631250369768672881e-01,-1.597989949748743754e+00,1.592265370324518203e+00
-2.590885628140704444e-01,2.597662740830206651e-01,-1.567839195979900069e+00,1.571940273539930821e+00
-2.541060904522613462e-01,2.564494924671203990e-01,-1.537688442211055495e+00,1.551869220748435030e+00
-2.491236180904522479e-01,2.531758626218890695e-01,-1.507537688442210921e+00,1.532059295027528023e+00
-2.441411457286432884e-01,2.499465423824345500e-01,-1.477386934673367236e+00,1.512517502858873319e+00
-2.391586733668341902e-01,2.467626764306164178e-01,-1.447236180904522662e+00,1.493250771129041699e+00
-2.341762010050252307e-01,2.436253957994218289e-01,-1.417085427135678977e+00,1.474265944130308981e+00
-2.291937286432161325e-01,2.405358173773305963e-01,-1.386934673366834403e+00,1.455569780561388527e+00
-2.242112562814070342e-01,2.374950434126903709e-01,-1.356783919597989829e+00,1.437168950528225686e+00
-2.192287839195980748e-01,2.345041610180836622e-01,-1.326633165829146144e+00,1.419070032544741622e+00
-2.142463115577889765e-01,2.315642416746988563e-01,-1.296482412060301570e+00,1.401279510533602224e+00
-2.092638391959800170e-01,2.286763407367025935e-01,-1.266331658291457885e+00,1.383803770826995017e+00
-2.042813668341709188e-01,2.258414969356088986e-01,-1.236180904522613311e+00,1.366649099167386083e+00
-1.992988944723617928e-01,2.230607318846489495e-01,-1.206030150753768737e+00,1.349821677708281431e+00
-1.943164221105528333e-01,2.203350495831415956e-01,-1.175879396984925052e+00,1.333327582014992796e+00
-1.893339497487437351e-01,2.176654359208669287e-01,-1.145728643216080478e+00,1.317172778065420768e+00
-1.843514773869347756e-01,2.150528581824316388e-01,-1.115577889447236792e+00,1.301363119250790401e+00
-1.793690050251256773e-01,2.124982645516435009e-01,-1.085427135678392219e+00,1.285904343376440107e+00
-1.743865326633165791e-01,2.100025836158801451e-01,-1.055276381909547645e+00,1.270802069662576805e+00
-1.694040603015076196e-01,2.075667238704597961e-01,-1.025125628140703959e+00,1.256061795745042620e+00
-1.644215879396985214e-01,2.051915732230117084e-01,-9.949748743718593857e-01,1.241688894676080679e+00
-1.594391155778895619e-01,2.028779984978462125e-01,-9.648241206030157002e-01,1.227688611925097373e+00
-1.544566432160804637e-01,2.006268449403257881e-01,-9.346733668341711265e-01,1.214066062379431266e+00
-1.494741708542713654e-01,1.984389357212366367e-01,-9.045226130653265528e-01,1.200826227345125119e+00
-1.444916984924624059e-01,1.963150714411547593e-01,-8.743718592964828673e-01,1.187973951547665052e+00
-1.395092261306532799e-01,1.942560296348222748e-01,-8.442211055276382936e-01,1.175513940132780544e+00
-1.345267537688443482e-01,1.922625642755135811e-01,-8.140703517587946081e-01,1.163450755667184477e+00
-1.295442814070352222e-01,1.903354052794087037e-01,-7.839195979899500344e-01,1.151788815139354938e+00
-1.245618090452261240e-01,1.884752580099599284e-01,-7.537688442211054607e-01,1.140532386960278366e+00
-1.195793366834171645e-01,1.866828027822660385e-01,-7.236180904522617752e-01,1.129685587964236682e+00
-1.145968643216080662e-01,1.849586943674428607e-01,-6.934673366834172015e-01,1.119252380409573533e+00
-1.096143919597991068e-01,1.833035614969888982e-01,-6.633165829145735159e-01,1.109236568979430793e+00
-1.046319195979900085e-01,1.817180063671615664e-01,-6.331658291457289423e-01,1.099641797782547670e+00
-9.964944723618089639e-02,1.802026041433438530e-01,-6.030150753768843686e-01,1.090471547354003867e+00
-9.466697487437195080e-02,1.787579024644176118e-01,-5.728643216080406830e-01,1.081729131656001819e+00
-8.968450251256283867e-02,1.773844209471313327e-01,-5.427135678391961093e-01,1.073417695078615175e+00
-8.470203015075387920e-02,1.760826506904712152e-01,-5.125628140703524238e-01,1.065540209440558606e+00
-7.971955778894478095e-02,1.748530537800335183e-01,-4.824120603015078501e-01,1.058099470989963820e+00
-7.473708542713568270e-02,1.736960627923920808e-01,-4.522613065326632764e-01,1.051098097405127163e+00
-6.975461306532672323e-02,1.726120802994726144e-01,-4.221105527638195909e-01,1.044538524795298073e+00
-6.477214070351761110e-02,1.716014783729186977e-01,-3.919597989949750172e-01,1.038423004701417796e+00
-5.978966834170865857e-02,1.706645980884650415e-01,-3.618090452261313317e-01,1.032753601096900731e+00
-5.480719597989955338e-02,1.698017490303072585e-01,-3.316582914572867580e-01,1.027532187388396245e+00
-4.982472361809044820e-02,1.690132087954740181e-01,-3.015075376884421843e-01,1.022760443416563803e+00
-4.484225125628149566e-02,1.682992224981926244e-01,-2.713567839195984988e-01,1.018439852456809014e+00
-3.985977889447239048e-02,1.676600022742648355e-01,-2.412060301507539251e-01,1.014571698220080975e+00
-3.487730653266328529e-02,1.670957267854348283e-01,-2.110552763819093514e-01,1.011157061853622530e+00
-2.989483417085432929e-02,1.666065407237605767e-01,-1.809045226130656658e-01,1.008196818941740958e+00
-2.491236180904522410e-02,1.661925543159830931e-01,-1.507537688442210921e-01,1.005691636506566233e+00
-1.992988944723626810e-02,1.658538428278960586e-01,-1.206030150753774066e-01,1.003641970008811057e+00
-1.494741708542716464e-02,1.655904460687208646e-01,-9.045226130653283292e-02,1.002048060348563752e+00
-9.964944723618061190e-03,1.654023678954693322e-01,-6.030150753768825922e-02,1.000909930866006547e+00
-4.982472361809103453e-03,1.652895757173245272e-01,-3.015075376884457370e-02,1.000227384342244008e+00
0.000000000000000000e+00,1.652519999999999822e-01,0.000000000000000000e+00,9.999999999999998890e-01
6.795369302748504106e-03,1.653403271276978614e-01,4.112125301205736549e-02,1.000534499598781490e+00
1.359073860549700821e-02,1.655612520794186582e-01,8.224250602411473099e-02,1.001871396893342592e+00
2.038610790824551405e-02,1.659120293178480698e-01,1.233637590361720965e-01,1.003994077638080462e+00
2.718147721099401642e-02,1.663955379631627818e-01,1.644850120482294620e-01,1.006919964437118953e+00
3.397684651374252573e-02,1.670144572813906381e-01,2.056062650602868414e-01,1.010665270504385038e+00
4.077221581649102811e-02,1.677760426740212973e-01,2.467275180723441930e-01,1.015273900915095062e+00
4.756758511923952354e-02,1.686823755445273632e-01,2.878487710844015446e-01,1.020758450999245781e+00
5.436295442198803285e-02,1.697473694488940144e-01,3.289700240964589240e-01,1.027203116748323763e+00
6.115832372473654216e-02,1.709818741077799575e-01,3.700912771085163033e-01,1.034673553771088717e+00
6.795369302748505147e-02,1.724043042684144655e-01,4.112125301205736827e-01,1.043281196405577260e+00
7.474906233023353996e-02,1.740424085337341775e-01,4.523337831326310066e-01,1.053193961548024582e+00
8.154443163298205621e-02,1.759244987493806534e-01,4.934550361446883859e-01,1.064583174481281036e+00
8.833980093573054471e-02,1.780433905928343330e-01,5.345762891567457098e-01,1.077405360254849009e+00
9.513517023847904708e-02,1.803389614373454020e-01,5.756975421688030892e-01,1.091296694970986136e+00
1.019305395412275633e-01,1.827540364579735843e-01,6.168187951808604685e-01,1.105911192953631828e+00
1.087259088439760657e-01,1.852536002540101367e-01,6.579400481929178479e-01,1.121036963268281950e+00
1.155212781467245681e-01,1.878171396491484790e-01,6.990613012049752273e-01,1.136549873218771767e+00
1.223166474494730843e-01,1.904304102117221342e-01,7.401825542170326067e-01,1.152363724564435588e+00
1.291120167522215867e-01,1.930833962024659511e-01,7.813038072290899860e-01,1.168417908421477192e+00
1.359073860549701029e-01,1.957689873074723308e-01,8.224250602411473654e-01,1.184669397692447390e+00
1.427027553577185914e-01,1.984810832933155966e-01,8.635463132532046338e-01,1.201081277644540313e+00
1.494981246604670799e-01,2.012150314332366574e-01,9.046675662652620131e-01,1.217625392934649220e+00
1.562934939632155962e-01,2.039668812265568176e-01,9.457888192773193925e-01,1.234277837645273879e+00
1.630888632659641124e-01,2.067331963396510652e-01,9.869100722893767719e-01,1.251017817270901666e+00
1.698842325687126009e-01,2.095111179759406861e-01,1.028031325301434151e+00,1.267828032192897414e+00
1.766796018714610894e-01,2.122982225556183100e-01,1.069152578313491420e+00,1.284693816447717962e+00
1.834749711742096334e-01,2.150924052163406264e-01,1.110273831325548910e+00,1.301602432747201998e+00
1.902703404769580942e-01,2.178916888677959462e-01,1.151395084337606178e+00,1.318541916998256847e+00
1.970657097797066382e-01,2.206941749462065783e-01,1.192516337349663669e+00,1.335500780300429513e+00
2.038610790824551267e-01,2.234983721637096854e-01,1.233637590361720937e+00,1.352469998328066580e+00
2.106564483852036429e-01,2.263031864006967708e-01,1.274758843373778427e+00,1.369442950165182582e+00
2.174518176879521314e-01,2.291075390568976800e-01,1.315880096385835696e+00,1.386413108808956407e+00
2.242471869907006199e-01,2.319103262676393551e-01,1.357001349397892964e+00,1.403373794372469563e+00
2.310425562934491361e-01,2.347105300391377491e-01,1.398122602409950455e+00,1.420318846604808005e+00
2.378379255961976246e-01,2.375071410854341092e-01,1.439243855422007723e+00,1.437242157949278010e+00
2.446332948989461686e-01,2.402991727957152490e-01,1.480365108434065213e+00,1.454137758064744990e+00
2.514286642016946294e-01,2.430859932482972718e-01,1.521486361446122482e+00,1.471001822963094341e+00
2.582240335044431734e-01,2.458673830814465389e-01,1.562607614458179972e+00,1.487833025206632964e+00
2.650194028071916619e-01,2.486428964874089487e-01,1.603728867470237240e+00,1.504628667050377233e+00
2.718147721099402059e-01,2.514114874707795155e-01,1.644850120482294731e+00,1.521382418795412583e+00
2.786101414126886944e-01,2.541721949266530500e-01,1.685971373494351999e+00,1.538088464446137005e+00
2.854055107154371829e-01,2.569248582257371294e-01,1.727092626506409268e+00,1.554745831976236836e+00
2.922008800181856714e-01,2.596696990290279783e-01,1.768213879518466758e+00,1.571355862737080056e+00
2.989962493209341599e-01,2.624064363790079568e-01,1.809335132530524026e+00,1.587916856552465061e+00
3.057916186236827039e-01,2.651341898264622521e-01,1.850456385542581517e+00,1.604423485503728930e+00
3.125869879264311924e-01,2.678521491828518286e-01,1.891577638554638785e+00,1.620870846845132496e+00
3.193823572291797364e-01,2.705600584935488606e-01,1.932698891566696275e+00,1.637257391702060083e+00
3.261777265319282249e-01,2.732580493375537656e-01,1.973820144578753544e+00,1.653583916306935686e+00
3.329730958346767133e-01,2.759462706633539764e-01,2.014941397590810812e+00,1.669851322001270510e+00
3.397684651374252018e-01,2.786247043598183981e-01,2.056062650602868302e+00,1.686059499188018229e+00
3.465638344401737458e-01,2.812931935049870491e-01,2.097183903614925793e+00,1.702207498275282838e+00
3.533592037429221788e-01,2.839515018666416979e-01,2.138305156626982839e+00,1.718293889735928781e+00
3.601545730456707228e-01,2.865993612992246420e-01,2.179426409639040330e+00,1.734317050923587233e+00
3.669499423484192668e-01,2.892365097657445538e-01,2.220547662651097820e+00,1.750275396157048080e+00
3.737453116511677553e-01,2.918627199029855124e-01,2.261668915663155310e+00,1.766167549578737450e+00
3.805406809539161883e-01,2.944778046511590253e-01,2.302790168675212357e+00,1.781992379221788658e+00
3.873360502566647323e-01,2.970816133839605522e-01,2.343911421687269847e+00,1.797748973591608790e+00
3.941314195594132763e-01,2.996740276430298611e-01,2.385032674699327337e+00,1.813436615853543987e+00
4.009267888621617093e-01,3.022549568724096636e-01,2.426153927711384384e+00,1.829054758020536076e+00
4.077221581649102533e-01,3.048243341530063599e-01,2.467275180723441874e+00,1.844602995140792956e+00
4.145175274676587418e-01,3.073821119370480637e-01,2.508396433735499365e+00,1.860081039485440790e+00
4.213128967704072858e-01,3.099282577825458462e-01,2.549517686747556855e+00,1.875488694736195727e+00
4.281082660731557188e-01,3.124627500877522612e-01,2.590638939759613901e+00,1.890825830173022082e+00
4.349036353759042628e-01,3.149855738260756710e-01,2.631760192771671392e+00,1.906092354864544314e+00
4.416990046786528068e-01,3.174967164998706015e-01,2.672881445783728882e+00,1.921288193182960624e+00
4.484943739814012398e-01,3.199961660116326656e-01,2.714002698795785928e+00,1.936413271921868740e+00
4.552897432841497838e-01,3.224839108028966783e-01,2.755123951807843419e+00,1.951467521136788896e+00
4.620851125868982723e-01,3.249599403841118561e-01,2.796245204819900909e+00,1.966450877351631599e+00
4.688804818896468163e-01,3.274242458674153089e-01,2.837366457831958400e+00,1.981363286782703348e+00
4.756758511923952493e-01,3.298768204994043107e-01,2.878487710844015446e+00,1.996204708562705932e+00
4.824712204951437933e-01,3.323176601939094588e-01,2.919608963856072936e+00,2.010975117964741266e+00
4.892665897978923373e-01,3.347467640647674436e-01,2.960730216868130427e+00,2.025674509626312680e+00
4.960619591006407703e-01,3.371641349585932645e-01,3.001851469880187473e+00,2.040302900773323547e+00
5.028573284033892588e-01,3.395697799875538880e-01,3.042972722892244963e+00,2.054860334444084558e+00
5.096526977061378583e-01,3.419637110618354292e-01,3.084093975904302454e+00,2.069346882711467384e+00
5.164480670088863468e-01,3.443459453564509665e-01,3.125215228916359944e+00,2.083762649507727271e+00
5.232434363116348353e-01,3.467165053269652963e-01,3.166336481928416990e+00,2.098107770719660259e+00
5.300388056143833237e-01,3.490754182859588384e-01,3.207457734940474481e+00,2.112382411625631118e+00
5.368341749171318122e-01,3.514227159195892902e-01,3.248578987952531971e+00,2.126586763970113925e+00
5.436295442198804118e-01,3.537584338039259646e-01,3.289700240964589462e+00,2.140721043036852400e+00
5.504249135226287892e-01,3.560826109212838486e-01,3.330821493976646508e+00,2.154785484722023359e+00
5.572202828253773887e-01,3.583952891765567195e-01,3.371942746988703998e+00,2.168780342607391720e+00
5.640156521281258772e-01,3.606965129135520365e-01,3.413064000000761489e+00,2.182705885033476179e+00
5.708110214308743657e-01,3.629863284313243343e-01,3.454185253012818535e+00,2.196562392172707767e+00
5.776063907336228542e-01,3.652647835005093935e-01,3.495306506024876025e+00,2.210350153102591086e+00
5.844017600363713427e-01,3.675319268796597982e-01,3.536427759036933516e+00,2.224069462878874415e+00
5.911971293391199422e-01,3.697878078431565130e-01,3.577549012048991006e+00,2.237720619678772227e+00
5.979924986418683197e-01,3.720324758720645608e-01,3.618670265061048053e+00,2.251303922930218970e+00
6.047878679446169192e-01,3.742659806193787686e-01,3.659791518073105543e+00,2.264819673101558628e+00
6.115832372473654077e-01,3.764883719457862710e-01,3.700912771085163033e+00,2.278268171917956941e+00
6.183786065501138962e-01,3.786996999567057154e-01,3.742034024097220080e+00,2.291649722585540339e+00
6.251739758528623847e-01,3.809000150393287432e-01,3.783155277109277570e+00,2.304964630015544191e+00
6.319693451556108732e-01,3.830893678996580287e-01,3.824276530121335060e+00,2.318213201048447303e+00
6.387647144583594727e-01,3.852678095995473173e-01,3.865397783133392551e+00,2.331395744678111726e+00
6.455600837611078502e-01,3.874353915937416848e-01,3.906519036145449597e+00,2.344512572275927909e+00
6.523554530638564497e-01,3.895921657669167981e-01,3.947640289157507087e+00,2.357563997814954071e+00
6.591508223666049382e-01,3.917381844707190641e-01,3.988761542169564578e+00,2.370550338094056464e+00
6.659461916693534267e-01,3.938735005607887918e-01,4.029882795181621624e+00,2.383471912961953709e+00
6.727415609721020262e-01,3.959981674294035248e-01,4.071004048193679559e+00,2.396329045514750344e+00
6.795369302748504037e-01,3.981122390054639970e-01,4.112125301205736605e+00,2.409122062095853334e+00
6.863322995775988922e-01,4.002157697204967723e-01,4.153246554217793651e+00,2.421851292090242413e+00
6.931276688803474917e-01,4.023088144696307933e-01,4.194367807229851586e+00,2.434517067688322989e+00
6.999230381830959802e-01,4.043914285725487279e-01,4.235489060241908632e+00,2.447119723649630263e+00
7.067184074858443577e-01,4.064636677344390936e-01,4.276610313253965678e+00,2.459659597066535142e+00
7.135137767885929572e-01,4.085255880069471046e-01,4.317731566266023613e+00,2.472137027127944364e+00
7.203091460913414457e-01,4.105772457491266847e-01,4.358852819278080659e+00,2.484552354883006853e+00
7.271045153940899342e-01,4.126186975883926467e-01,4.399974072290137705e+00,2.496905923004820504e+00
7.338998846968385337e-01,4.146500003814714286e-01,4.441095325302195640e+00,2.509198075554131879e+00
7.406952539995869111e-01,4.166712111753532732e-01,4.482216578314252686e+00,2.521429157743042548e+00
7.474906233023355107e-01,4.186823871682429088e-01,4.523337831326310621e+00,2.533599515698707894e+00
7.542859926050839992e-01,4.206835856692374143e-01,4.564459084338367667e+00,2.545709496219334067e+00
7.610813619078323766e-01,4.226748640428097947e-01,4.605580337350424713e+00,2.557759446438226281e+00
7.678767312105809761e-01,4.246562796306027066e-01,4.646701590362482648e+00,2.569749713350535369e+00
7.746721005133294646e-01,4.266278896681076072e-01,4.687822843374539694e+00,2.581680643309052670e+00
7.814674698160779531e-01,4.285897512012747934e-01,4.728944096386596740e+00,2.593552581519587008e+00
7.882628391188265526e-01,4.305419210031221078e-01,4.770065349398654675e+00,2.605365871536332811e+00
7.950582084215749301e-01,4.324844554903450877e-01,4.811186602410711721e+00,2.617120854757249759e+00
8.018535777243234186e-01,4.344174106399258939e-01,4.852307855422768768e+00,2.628817869919431338e+00
8.086489470270720181e-01,4.363408419057434040e-01,4.893429108434826702e+00,2.640457252594482274e+00
8.154443163298205066e-01,4.382548041351815304e-01,4.934550361446883748e+00,2.652039334683885752e+00
8.222396856325688841e-01,4.401593514857395917e-01,4.975671614458940795e+00,2.663564443914382629e+00
8.290350549353174836e-01,4.420545373416420731e-01,5.016792867470998729e+00,2.675032903333345757e+00
8.358304242380659721e-01,4.439404142306155876e-01,5.057914120483055775e+00,2.686445030805167722e+00
8.426257935408145716e-01,4.458170337597568977e-01,5.099035373495113710e+00,2.697801138623174833e+00
8.494211628435630601e-01,4.476844466544250278e-01,5.140156626507170756e+00,2.709101533744977530e+00
8.562165321463114376e-01,4.495427028790533464e-01,5.181277879519227803e+00,2.720346518523547807e+00
8.630119014490600371e-01,4.513918517665950758e-01,5.222399132531285737e+00,2.731536391490541948e+00
8.698072707518085256e-01,4.532319421479849009e-01,5.263520385543342783e+00,2.742671448139719192e+00
8.766026400545570141e-01,4.550630224815986891e-01,5.304641638555399830e+00,2.753751981710349295e+00
8.833980093573056136e-01,4.568851409827135446e-01,5.345762891567457764e+00,2.764778283970623640e+00
8.901933786600539911e-01,4.586983457529690278e-01,5.386884144579514810e+00,2.775750646001071242e+00
8.969887479628024796e-01,4.605026849098264874e-01,5.428005397591571857e+00,2.786669358977963640e+00
9.037841172655510791e-01,4.622982067160297803e-01,5.469126650603629791e+00,2.797534714956731339e+00
9.105794865682995676e-01,4.640849597090663248e-01,5.510247903615686837e+00,2.808347007655376704e+00
9.173748558710481671e-01,4.658629928306259327e-01,5.551369156627744772e+00,2.819106533237878409e+00
9.241702251737965446e-01,4.676323555559736556e-01,5.592490409639801818e+00,2.829813591097073644e+00
9.309655944765450331e-01,4.693930980046796542e-01,5.633611662651858865e+00,2.840468484524723447e+00
9.377609637792936326e-01,4.711452709240360193e-01,5.674732915663916799e+00,2.851071520611163645e+00
9.445563330820421211e-01,4.728889255491085519e-01,5.715854168675973845e+00,2.861623009398424955e+00
9.513517023847904985e-01,4.746241134460673639e-01,5.756975421688030892e+00,2.872123262932172238e+00
9.581470716875390981e-01,4.763508863554531403e-01,5.798096674700088826e+00,2.882572594313249414e+00
9.649424409902875865e-01,4.780692960354452903e-01,5.839217927712145872e+00,2.892971316749239019e+00
9.717378102930360750e-01,4.797793941051294309e-01,5.880339180724202919e+00,2.903319742606016440e+00
9.785331795957846746e-01,4.814812318877647601e-01,5.921460433736260853e+00,2.913618182459302819e+00
9.853285488985330520e-01,4.831748602540512638e-01,5.962581686748317900e+00,2.923866944146220614e+00
9.921239182012815405e-01,4.848603294653977547e-01,6.003702939760374946e+00,2.934066331816847839e+00
9.989192875040301400e-01,4.865376890171885793e-01,6.044824192772432880e+00,2.944216644985770515e+00
1.005714656806778518e+00,4.882069874820514910e-01,6.085945445784489927e+00,2.954318177583638683e+00
1.012510026109527228e+00,4.898682723531253558e-01,6.127066698796547861e+00,2.964371217008721970e+00
1.019305395412275717e+00,4.915215898895151092e-01,6.168187951808604907e+00,2.974376043191701680e+00
1.026100764715023983e+00,4.931669850230402385e-01,6.209309204820661954e+00,2.984332928031371512e+00
1.032896134017772694e+00,4.948045014279074394e-01,6.250430457832719888e+00,2.994242135816252759e+00
1.039691503320521182e+00,4.964341816575849053e-01,6.291551710844776935e+00,3.004103924052869967e+00
1.046486872623269671e+00,4.980560672844531744e-01,6.332672963856833981e+00,3.013918544310829173e+00
1.053282241926018159e+00,4.996701990394588067e-01,6.373794216868891915e+00,3.023686243067913004e+00
1.060077611228766647e+00,5.012766169517661741e-01,6.414915469880948962e+00,3.033407262555165129e+00
1.066872980531515136e+00,5.028753604884099726e-01,6.456036722893006008e+00,3.043081841601976922e+00
1.073668349834263624e+00,5.044664686939470677e-01,6.497157975905063942e+00,3.052710216481174132e+00
1.080463719137012113e+00,5.060499803301103938e-01,6.538279228917120989e+00,3.062292621754111099e+00
1.087259088439760824e+00,5.076259340154599675e-01,6.579400481929178923e+00,3.071829291115750316e+00
1.094054457742509090e+00,5.091943683650359542e-01,6.620521734941235970e+00,3.081320458239754867e+00
1.100849827045257578e+00,5.107553221300102919e-01,6.661642987953293016e+00,3.090766357623570659e+00
1.107645196348006289e+00,5.123088343373404241e-01,6.702764240965350950e+00,3.100167225433521967e+00
1.114440565650754777e+00,5.138549444272063615e-01,6.743885493977407997e+00,3.109523300336494156e+00
1.121235934953503044e+00,5.153936923371358336e-01,6.785006746989465043e+00,3.118834824009002915e+00
1.128031304256251754e+00,5.169251184571798108e-01,6.826128000001522977e+00,3.128102040865949007e+00
1.134826673559000243e+00,5.184492635367027313e-01,6.867249253013580024e+00,3.137325197496567242e+00
1.141622042861748731e+00,5.199661685894495511e-01,6.908370506025637070e+00,3.146504542089956669e+00
1.148417412164497220e+00,5.214758747986136811e-01,6.949491759037695005e+00,3.155640323860610774e+00
1.155212781467245708e+00,5.229784234219064798e-01,6.990613012049752051e+00,3.164732792473957446e+00
1.162008150769994197e+00,5.244738556966235254e-01,7.031734265061809097e+00,3.173782197471882505e+00
1.168803520072742685e+00,5.259622127447143303e-01,7.072855518073867032e+00,3.182788787698268784e+00
1.175598889375491174e+00,5.274435354778495011e-01,7.113976771085924078e+00,3.191752810724526768e+00
1.182394258678239884e+00,5.289178645024890102e-01,7.155098024097982012e+00,3.200674512275125227e+00
1.189189627980988151e+00,5.303852400249503551e-01,7.196219277110039059e+00,3.209554135653125861e+00
1.195984997283736639e+00,5.318457017564774958e-01,7.237340530122096105e+00,3.218391921165719261e+00
1.202780366586485350e+00,5.332992888183063496e-01,7.278461783134154039e+00,3.227188105549744446e+00
1.209575735889233838e+00,5.347460396469344568e-01,7.319583036146211086e+00,3.235942921398436756e+00
1.216371105191982105e+00,5.361859919152134335e-01,7.360704289158268132e+00,3.244656596683933802e+00
1.223166474494730815e+00,5.376191825270930646e-01,7.401825542170326067e+00,3.253329354725468026e+00
1.229961843797479304e+00,5.390456476637789374e-01,7.442946795182383113e+00,3.261961414468683707e+00
1.236757213100227792e+00,5.404654228344536460e-01,7.484068048194440159e+00,3.270552990792568782e+00
1.243552582402976281e+00,5.418785429270012166e-01,7.525189301206498094e+00,3.279104294816408860e+00
1.250347951705724769e+00,5.432850422587310879e-01,7.566310554218555140e+00,3.287615534206733248e+00
1.257143321008473258e+00,5.446849546271034237e-01,7.607431807230612186e+00,3.296086913484275183e+00
1.263938690311221746e+00,5.460783133604517614e-01,7.648553060242670121e+00,3.304518634330911198e+00
1.270734059613970235e+00,5.474651513687094351e-01,7.689674313254727167e+00,3.312910895896626684e+00
1.277529428916718945e+00,5.488455011941313355e-01,7.730795566266785102e+00,3.321263895106451702e+00
1.284324798219467212e+00,5.502193950620217766e-01,7.771916819278842148e+00,3.329577826967430099e+00
1.291120167522215700e+00,5.515868649314553673e-01,7.813038072290899194e+00,3.337852884875555759e+00
1.297915536824964411e+00,5.529479425460031017e-01,7.854159325302957129e+00,3.346089260922730624e+00
1.304710906127712899e+00,5.543026594844568944e-01,7.895280578315014175e+00,3.354287146203718262e+00
1.311506275430461166e+00,5.556510472110061105e-01,7.936401831327071221e+00,3.362446731119780985e+00
1.318301644733209876e+00,5.569931371121167318e-01,7.977523084339129156e+00,3.370568205601848444e+00
1.325097014035958365e+00,5.583289605010292034e-01,8.018644337351187090e+00,3.378651759137735855e+00
1.331892383338706853e+00,5.596585486100240647e-01,8.059765590363243248e+00,3.386697580725340995e+00
1.338687752641455342e+00,5.609819325822508196e-01,8.100886843375301183e+00,3.394705858823196198e+00
1.345483121944204052e+00,5.622991434635529195e-01,8.142008096387359117e+00,3.402676781301000375e+00
1.352278491246952319e+00,5.636102121942946352e-01,8.183129349399415275e+00,3.410610535390159459e+00
1.359073860549700807e+00,5.649151696011892598e-01,8.224250602411473210e+00,3.418507307634335302e+00
1.365869229852449518e+00,5.662140463891246478e-01,8.265371855423531144e+00,3.426367283839981681e+00
1.372664599155197784e+00,5.675068731329901972e-01,8.306493108435587303e+00,3.434190649026881204e+00
1.379459968457946273e+00,5.687936802695040539e-01,8.347614361447645237e+00,3.441977587378694636e+00
1.386255337760694983e+00,5.700744980890402047e-01,8.388735614459703172e+00,3.449728282193499584e+00
1.393050707063443250e+00,5.713493567274539053e-01,8.429856867471759330e+00,3.457442915834324726e+00
1.399846076366191960e+00,5.726182861579102168e-01,8.470978120483817264e+00,3.465121669679702698e+00
1.406641445668940449e+00,5.738813161827094333e-01,8.512099373495875199e+00,3.472764724074198117e+00
1.413436814971688715e+00,5.751384764251408210e-01,8.553220626507931357e+00,3.480372258279117670e+00
1.420232184274437426e+00,5.763897963219140053e-01,8.594341879519989291e+00,3.487944450426705423e+00
1.427027553577185914e+00,5.776353051169542674e-01,8.635463132532047226e+00,3.495481477482597743e+00
1.433822922879934181e+00,5.788750318556874497e-01,8.676584385544103384e+00,3.502983515211237631e+00
1.440618292182682891e+00,5.801090053793449552e-01,8.717705638556161318e+00,3.510450738141413840e+00
1.447413661485431380e+00,5.813372543192656394e-01,8.758826891568219253e+00,3.517883319531779573e+00
1.454209030788179868e+00,5.825598070911996995e-01,8.799948144580275411e+00,3.525281431336380944e+00
1.461004400090928357e+00,5.837766918896122315e-01,8.841069397592333345e+00,3.532645244170189880e+00
1.467799769393677067e+00,5.849879366819863424e-01,8.882190650604391280e+00,3.539974927274625038e+00
1.474595138696425334e+00,5.861935692031255973e-01,8.923311903616447438e+00,3.547270648483077604e+00
1.481390507999173822e+00,5.873936169494587967e-01,8.964433156628505373e+00,3.554532574186447302e+00
1.488185877301922533e+00,5.885881071733423120e-01,9.005554409640563307e+00,3.561760869298660648e+00
1.494981246604671021e+00,5.897770668773636427e-01,9.046675662652621241e+00,3.568955697222203405e+00
1.501776615907419288e+00,5.909605228086443063e-01,9.087796915664677400e+00,3.576117219813643722e+00
1.508571985210167998e+00,5.921385014531442836e-01,9.128918168676735334e+00,3.583245597349165035e+00
1.515367354512916487e+00,5.933110290300097622e-01,9.170039421688793269e+00,3.590340988490364538e+00
1.522162723815664753e+00,5.944781314883059720e-01,9.211160674700849427e+00,3.597403550264480554e+00
1.528958093118413464e+00,5.956398345126985294e-01,9.252281927712907361e+00,3.604433438098773035e+00
1.535753462421161952e+00,5.967961635342835525e-01,9.293403180724965296e+00,3.611430805886062245e+00
1.542548831723910441e+00,5.979471437417674951e-01,9.334524433737021454e+00,3.618395806052377317e+00
1.549344201026658929e+00,5.990928000926448727e-01,9.375645686749079388e+00,3.625328589624602582e+00
1.556139570329407640e+00,6.002331573243788743e-01,9.416766939761137323e+00,3.632229306298131899e+00
1.562934939632155906e+00,6.013682399655806421e-01,9.457888192773193481e+00,3.639098104504517650e+00
1.569730308934904395e+00,6.024980723471872190e-01,9.499009445785251415e+00,3.645935131479117963e+00
1.576525678237653105e+00,6.036226786136423828e-01,9.540130698797309350e+00,3.652740533328748818e+00
1.583321047540401372e+00,6.047420827340750371e-01,9.581251951809365508e+00,3.659514455099333041e+00
1.590116416843149860e+00,6.058563085134782700e-01,9.622373204821423442e+00,3.666257040843549309e+00
1.596911786145898571e+00,6.069653796038895210e-01,9.663494457833481377e+00,3.672968433688484691e+00
1.603707155448646837e+00,6.080693195155686404e-01,9.704615710845537535e+00,3.679648775903278324e+00
1.610502524751395548e+00,6.091681516281783892e-01,9.745736963857595470e+00,3.686298208966780177e+00
1.617297894054144036e+00,6.102618992019623878e-01,9.786858216869653404e+00,3.692916873635189834e+00
1.624093263356892303e+00,6.113505853886159747e-01,9.827979469881709562e+00,3.699504910007842096e+00
1.630888632659641013e+00,6.124342332389537402e-01,9.869100722893767497e+00,3.706062457573607194e+00
1.637684001962389502e+00,6.135128657062721702e-01,9.910221975905825431e+00,3.712589655231235408e+00
1.644479371265137768e+00,6.145865056488485356e-01,9.951343228917881589e+00,3.719086641304483631e+00
1.651274740567886479e+00,6.156551758324301238e-01,9.992464481929939524e+00,3.725553553557173991e+00
1.658070109870634967e+00,6.167188989327250237e-01,1.003358573494199746e+01,3.731990529208269791e+00
1.664865479173383678e+00,6.177776975378915791e-01,1.007470698795405539e+01,3.738397704946939015e+00
1.671660848476131944e+00,6.188315941510292850e-01,1.011582824096611155e+01,3.744775216947626717e+00
1.678456217778880655e+00,6.198806111926665752e-01,1.015694949397816949e+01,3.751123200885111864e+00
1.685251587081629143e+00,6.209247710032532730e-01,1.019807074699022742e+01,3.757441791949587717e+00
1.692046956384377410e+00,6.219640958456498225e-01,1.023919200000228358e+01,3.763731124861725341e+00
1.698842325687126120e+00,6.229986079076159644e-01,1.028031325301434151e+01,3.769991333887734886e+00
1.705637694989874609e+00,6.240283293043017432e-01,1.032143450602639945e+01,3.776222552854438419e+00
1.712433064292622875e+00,6.250532820807385148e-01,1.036255575903845561e+01,3.782424915164345869e+00
1.719228433595371586e+00,6.260734882143260682e-01,1.040367701205051354e+01,3.788598553810701208e+00
1.726023802898120074e+00,6.270889696172931016e-01,1.044479826506257147e+01,3.794743601392377208e+00
1.732819172200868563e+00,6.280997481366012991e-01,1.048591951807462763e+01,3.800860190113289239e+00
1.739614541503617051e+00,6.291058455421565387e-01,1.052704077108668557e+01,3.806948451711062553e+00
1.746409910806365762e+00,6.301072835069497780e-01,1.056816202409874350e+01,3.813008517336853753e+00
1.753205280109114028e+00,6.311040835864946130e-01,1.060928327711079966e+01,3.819040517430921433e+00
1.760000649411862517e+00,6.320962671982668368e-01,1.065040453012285759e+01,3.825044581598206594e+00
1.766796018714611227e+00,6.330838556011399998e-01,1.069152578313491553e+01,3.831020838483890856e+00
1.773591388017359494e+00,6.340668698748238574e-01,1.073264703614697169e+01,3.836969415648971538e+00
1.780386757320107982e+00,6.350453308993028179e-01,1.077376828915902962e+01,3.842890439445832751e+00
1.787182126622856693e+00,6.360192593342723910e-01,1.081488954217108756e+01,3.848784034893812933e+00
1.793977495925604959e+00,6.369886755985775251e-01,1.085601079518314371e+01,3.854650325554773715e+00
1.800772865228353670e+00,6.379535998496500548e-01,1.089713204819520165e+01,3.860489433408672788e+00
1.807568234531102158e+00,6.389140519629464832e-01,1.093825330120725958e+01,3.866301478729131436e+00
1.814363603833850425e+00,6.398700515113852072e-01,1.097937455421931574e+01,3.872086579959002961e+00
1.821158973136599135e+00,6.408216177447851880e-01,1.102049580723137367e+01,3.877844853585948659e+00
1.827954342439347624e+00,6.417687695693021777e-01,1.106161706024343161e+01,3.883576414017997802e+00
1.834749711742096334e+00,6.427115255272272121e-01,1.110273831325548954e+01,3.889281373461302760e+00
1.841545081044844601e+00,6.436499037881788787e-01,1.114385956626754570e+01,3.894959841866838524e+00
1.848340450347593089e+00,6.445839221729031676e-01,1.118498081927960364e+01,3.900611927074426610e+00
1.855135819650341800e+00,6.455135981915425258e-01,1.122610207229166157e+01,3.906237735044311155e+00
1.861931188953090066e+00,6.464389490825724893e-01,1.126722332530371773e+01,3.911837370092782429e+00
1.868726558255838777e+00,6.473599918517385365e-01,1.130834457831577566e+01,3.917410935127795479e+00
1.875521927558587265e+00,6.482767433109924982e-01,1.134946583132783360e+01,3.922958531884590982e+00
1.882317296861335532e+00,6.491892201174314092e-01,1.139058708433988976e+01,3.928480261161325426e+00
1.889112666164084242e+00,6.500974388122328085e-01,1.143170833735194769e+01,3.933976223054684862e+00
1.895908035466832731e+00,6.510014158595930356e-01,1.147282959036400563e+01,3.939446517195513753e+00
1.902703404769580997e+00,6.519011676856637516e-01,1.151395084337606178e+01,3.944891242984434054e+00
1.909498774072329708e+00,6.527967107174890149e-01,1.155507209638811972e+01,3.950310499827469179e+00
1.916294143375078196e+00,6.536880614219430230e-01,1.159619334940017765e+01,3.955704387371668851e+00
1.923089512677826685e+00,6.545752363446658562e-01,1.163731460241223381e+01,3.961073005740721964e+00
1.929884881980575173e+00,6.554582521490018854e-01,1.167843585542429174e+01,3.966416455770591654e+00
1.936680251283323884e+00,6.563371256549365151e-01,1.171955710843634968e+01,3.971734839245131710e+00
1.943475620586072150e+00,6.572118738770843516e-01,1.176067836144840584e+01,3.977028259125967136e+00
1.950270989888820639e+00,6.580825140438040233e-01,1.180179961446046377e+01,3.982296819668167398e+00
1.957066359191569349e+00,6.589490635759781556e-01,1.184292086747252171e+01,3.987540626291834034e+00
1.963861728494317616e+00,6.598115400524624530e-01,1.188404212048457786e+01,3.992759785373020343e+00
1.970657097797066104e+00,6.606699611751440937e-01,1.192516337349663580e+01,3.997954404032290299e+00
1.977452467099814815e+00,6.615243447340072303e-01,1.196628462650869373e+01,4.003124589923312548e+00
1.984247836402563081e+00,6.623747085721940486e-01,1.200740587952074989e+01,4.008270451021433978e+00
1.991043205705311570e+00,6.632210705510669380e-01,1.204852713253280783e+01,4.013392095412260829e+00
1.997838575008060280e+00,6.640634485152701050e-01,1.208964838554486576e+01,4.018489631080229607e+00
2.004633944310808769e+00,6.649018602577936310e-01,1.213076963855692370e+01,4.023563165697199295e+00
2.011429313613557035e+00,6.657363234850338651e-01,1.217189089156897985e+01,4.028612806411019598e+00
2.018224682916305746e+00,6.665668557818570372e-01,1.221301214458103779e+01,4.033638659634116053e+00
2.025020052219054456e+00,6.673934745766605392e-01,1.225413339759309572e+01,4.038640830832065376e+00
2.031815421521802723e+00,6.682161971064360939e-01,1.229525465060515188e+01,4.043619424312177912e+00
2.038610790824551433e+00,6.690350403818305924e-01,1.233637590361720981e+01,4.048574543012069427e+00
2.045406160127299700e+00,6.698500211522108172e-01,1.237749715662926775e+01,4.053506288288255099e+00
2.052201529430047966e+00,6.706611558718852395e-01,1.241861840964132391e+01,4.058414759711744146e+00
2.058996898732796677e+00,6.714684606831780034e-01,1.245973966265338184e+01,4.063300054965615971e+00
2.065792268035545387e+00,6.722719514285022679e-01,1.250086091566543978e+01,4.068162269918078167e+00
2.072587637338293653e+00,6.730716436700573402e-01,1.254198216867749593e+01,4.073001498741662729e+00
2.079383006641042364e+00,6.738675527096723572e-01,1.258310342168955387e+01,4.077817834033308664e+00
2.086178375943791075e+00,6.746596936086514118e-01,1.262422467470161180e+01,4.082611366934448149e+00
2.092973745246539341e+00,6.754480812076150142e-01,1.266534592771366796e+01,4.087382187251076715e+00
2.099769114549287607e+00,6.762327301463454399e-01,1.270646718072572590e+01,4.092130383573847396e+00
2.106564483852036318e+00,6.770136548836296342e-01,1.274758843373778383e+01,4.096856043398140912e+00
2.113359853154784584e+00,6.777908697171023400e-01,1.278870968674983999e+01,4.101559253244150050e+00
2.120155222457533295e+00,6.785643888030912230e-01,1.282983093976189792e+01,4.106240098776965830e+00
2.126950591760282006e+00,6.793342261764585555e-01,1.287095219277395586e+01,4.110898664926648571e+00
2.133745961063030272e+00,6.801003957704465641e-01,1.291207344578601202e+01,4.115535036008317604e+00
2.140541330365778983e+00,6.808629114365204460e-01,1.295319469879806995e+01,4.120149295842231219e+00
2.147336699668527249e+00,6.816217869642104965e-01,1.299431595181012788e+01,4.124741527873855951e+00
2.154132068971275515e+00,6.823770361009577901e-01,1.303543720482218404e+01,4.129311815293961629e+00
2.160927438274024226e+00,6.831286725713415775e-01,1.307655845783424198e+01,4.133860241154972748e+00
2.167722807576772936e+00,6.838767100897517048e-01,1.311767971084629991e+01,4.138386888447653789e+00
2.174518176879521647e+00,6.846211623640543475e-01,1.315880096385835785e+01,4.142891840123292369e+00
2.181313546182269913e+00,6.853620430974038946e-01,1.319992221687041400e+01,4.147375179104663800e+00
2.188108915485018180e+00,6.860993659900360697e-01,1.324104346988247194e+01,4.151836988296880193e+00
2.194904284787766890e+00,6.868331447410620516e-01,1.328216472289452987e+01,4.156277350598250209e+00
2.201699654090515157e+00,6.875633930502594859e-01,1.332328597590658603e+01,4.160696348911113951e+00
2.208495023393263867e+00,6.882901246198669387e-01,1.336440722891864397e+01,4.165094066152705388e+00
2.215290392696012578e+00,6.890133531563762403e-01,1.340552848193070190e+01,4.169470585265995233e+00
2.222085761998760844e+00,6.897330923723252738e-01,1.344664973494275806e+01,4.173825989230540046e+00
2.228881131301509555e+00,6.904493559880915399e-01,1.348777098795481599e+01,4.178160361073339324e+00
2.235676500604257821e+00,6.911621577336841682e-01,1.352889224096687393e+01,4.182473783879675722e+00
2.242471869907006088e+00,6.918715113505377046e-01,1.357001349397893009e+01,4.186766340803970365e+00
2.249267239209754798e+00,6.925774305933042330e-01,1.361113474699098802e+01,4.191038115080629289e+00
2.256062608512503509e+00,6.932799292316468298e-01,1.365225600000304595e+01,4.195289190034896976e+00
2.262857977815251775e+00,6.939790210520271341e-01,1.369337725301510211e+01,4.199519649093669926e+00
2.269653347118000486e+00,6.946747198580593974e-01,1.373449850602716005e+01,4.203729575787641615e+00
2.276448716420749196e+00,6.953670394606162874e-01,1.377561975903921798e+01,4.207919053691430378e+00
2.283244085723497463e+00,6.960559936576024009e-01,1.381674101205127414e+01,4.212088166301178660e+00
2.290039455026245729e+00,6.967415962122623929e-01,1.385786226506333207e+01,4.216236996903289125e+00
2.296834824328994440e+00,6.974238608314796695e-01,1.389898351807539001e+01,4.220365628443103034e+00
2.303630193631742706e+00,6.981028011440774117e-01,1.394010477108744617e+01,4.224474143393589287e+00
2.310425562934491417e+00,6.987784306791183786e-01,1.398122602409950410e+01,4.228562623624030792e+00
2.317220932237240127e+00,6.994507628442044878e-01,1.402234727711156204e+01,4.232631150268707287e+00
2.324016301539988394e+00,7.001198109037781725e-01,1.406346853012361819e+01,4.236679803595587934e+00
2.330811670842737104e+00,7.007855879574218516e-01,1.410458978313567613e+01,4.240708662875014134e+00
2.337607040145485371e+00,7.014481069181572881e-01,1.414571103614773406e+01,4.244717806248379688e+00
2.344402409448233637e+00,7.021073804907471683e-01,1.418683228915979022e+01,4.248707310596828712e+00
2.351197778750982348e+00,7.027634211499934613e-01,1.422795354217184816e+01,4.252677251409927806e+00
2.357993148053731058e+00,7.034162411190395536e-01,1.426907479518390609e+01,4.256627702654367518e+00
2.364788517356479769e+00,7.040658523476691633e-01,1.431019604819596402e+01,4.260558736642637179e+00
2.371583886659228035e+00,7.047122664907333744e-01,1.435131730120802018e+01,4.264470423902483986e+00
2.378379255961976302e+00,7.053554948945118808e-01,1.439243855422007812e+01,4.268362833094376363e+00
2.385174625264725012e+00,7.059955486158073779e-01,1.443355980723213605e+01,4.272236031127050637e+00
2.391969994567473279e+00,7.066324384615596532e-01,1.447468106024419221e+01,4.276090083397233066e+00
2.398765363870221989e+00,7.072661750300329730e-01,1.451580231325625014e+01,4.279925054038879573e+00
2.405560733172970700e+00,7.078967687520034691e-01,1.455692356626830808e+01,4.283741006172411936e+00
2.412356102475718966e+00,7.085242299319444159e-01,1.459804481928036424e+01,4.287538002153948646e+00
2.419151471778467677e+00,7.091485687892141732e-01,1.463916607229242217e+01,4.291316103824547312e+00
2.425946841081215943e+00,7.097697954992435720e-01,1.468028732530448011e+01,4.295075372759443511e+00
2.432742210383964210e+00,7.103879202347215260e-01,1.472140857831653626e+01,4.298815870517279869e+00
2.439537579686712920e+00,7.110029532067830838e-01,1.476252983132859420e+01,4.302537658889351135e+00
2.446332948989461631e+00,7.116149047061958166e-01,1.480365108434065213e+01,4.306240800148837700e+00
2.453128318292209897e+00,7.122237851445464285e-01,1.484477233735270829e+01,4.309925357300040893e+00
2.459923687594958608e+00,7.128296050954284757e-01,1.488589359036476623e+01,4.313591394327623618e+00
2.466719056897706874e+00,7.134323753356291986e-01,1.492701484337682416e+01,4.317238976445847420e+00
2.473514426200455585e+00,7.140321068863152432e-01,1.496813609638888032e+01,4.320868170347803350e+00
2.480309795503203851e+00,7.146288110528488113e-01,1.500925734940093825e+01,4.324479044446353448e+00
2.487105164805952562e+00,7.152224994407437864e-01,1.505037860241299619e+01,4.328071668970685515e+00
2.493900534108700828e+00,7.158131839250455597e-01,1.509149985542505235e+01,4.331646115781022210e+00
2.500695903411449539e+00,7.164008766056998434e-01,1.513262110843711028e+01,4.335202458098539324e+00
2.507491272714198249e+00,7.169855897625797558e-01,1.517374236144916821e+01,4.338740770233218136e+00
2.514286642016946516e+00,7.175673358105125743e-01,1.521486361446122437e+01,4.342261127311696889e+00
2.521082011319694782e+00,7.181461272543067098e-01,1.525598486747328231e+01,4.345763605005123154e+00
2.527877380622443493e+00,7.187219766437773494e-01,1.529710612048534024e+01,4.349248279256997307e+00
2.534672749925192203e+00,7.192948965287743190e-01,1.533822737349739818e+01,4.352715226011027561e+00
2.541468119227940470e+00,7.198648994142097246e-01,1.537934862650945433e+01,4.356164520938988538e+00
2.548263488530689180e+00,7.204319977150824839e-01,1.542046987952151227e+01,4.359596239168557652e+00
2.555058857833437891e+00,7.209962037115065225e-01,1.546159113253357020e+01,4.363010455011173683e+00
2.561854227136186157e+00,7.215575295037373049e-01,1.550271238554562636e+01,4.366407241689887364e+00
2.568649596438934424e+00,7.221159869671992526e-01,1.554383363855768430e+01,4.369786671067213746e+00
2.575444965741683134e+00,7.226715877075111649e-01,1.558495489156974223e+01,4.373148813372976562e+00
2.582240335044431401e+00,7.232243430156132247e-01,1.562607614458179839e+01,4.376493736932764556e+00
2.589035704347180111e+00,7.237742638311777110e-01,1.566719739759385632e+01,4.379821507946515702e+00
2.595831073649928822e+00,7.243213607453955483e-01,1.570831865060591426e+01,4.383132190505382830e+00
2.602626442952677088e+00,7.248656440317783334e-01,1.574943990361797042e+01,4.386425846778122306e+00
2.609421812255425799e+00,7.254071236795073263e-01,1.579056115663002835e+01,4.389702537212906819e+00
2.616217181558174065e+00,7.259458094267869921e-01,1.583168240964208628e+01,4.392962320739155935e+00
2.623012550860922332e+00,7.264817107941972107e-01,1.587280366265414244e+01,4.396205254969363097e+00
2.629807920163671042e+00,7.270148371180438218e-01,1.591392491566620038e+01,4.399431396400913741e+00
2.636603289466419753e+00,7.275451975837131657e-01,1.595504616867825831e+01,4.402640800617923844e+00
2.643398658769168019e+00,7.280728012590230724e-01,1.599616742169031447e+01,4.405833522493058929e+00
2.650194028071916730e+00,7.285976571275755154e-01,1.603728867470237418e+01,4.409009616389365505e+00
2.656989397374664996e+00,7.291197741221100426e-01,1.607840992771442856e+01,4.412169136362101618e+00
2.663784766677413707e+00,7.296391611578537661e-01,1.611953118072648650e+01,4.415312136360550532e+00
2.670580135980161973e+00,7.301558271658767918e-01,1.616065243373854443e+01,4.418438670429869042e+00
2.677375505282910684e+00,7.306697811264403208e-01,1.620177368675060237e+01,4.421548792912886050e+00
2.684170874585659394e+00,7.311810321023475279e-01,1.624289493976266030e+01,4.424642558651922464e+00
2.690966243888408105e+00,7.316895892698266346e-01,1.628401619277471823e+01,4.427720023175674591e+00
2.697761613191155927e+00,7.321954619287953658e-01,1.632513744578677262e+01,4.430781242761329786e+00
2.704556982493904638e+00,7.326986594895695815e-01,1.636625869879883055e+01,4.433826274354134789e+00
2.711352351796652904e+00,7.331991914556732493e-01,1.640737995181088849e+01,4.436855175463372269e+00
2.718147721099401615e+00,7.336970674066251030e-01,1.644850120482294642e+01,4.439868004058196149e+00
2.724943090402150325e+00,7.341922969807200827e-01,1.648962245783500435e+01,4.442864818463437615e+00
2.731738459704899036e+00,7.346848898578166587e-01,1.653074371084706229e+01,4.445845677255443995e+00
2.738533829007646858e+00,7.351748557421196040e-01,1.657186496385911667e+01,4.448810639157889213e+00
2.745329198310395569e+00,7.356622043449663195e-01,1.661298621687117461e+01,4.451759762937611775e+00
2.752124567613144279e+00,7.361469453676092733e-01,1.665410746988323254e+01,4.454693107300421673e+00
2.758919936915892546e+00,7.366290884840029918e-01,1.669522872289529047e+01,4.457610730786937481e+00
2.765715306218641256e+00,7.371086433235863877e-01,1.673634997590734841e+01,4.460512691668399476e+00
2.772510675521389967e+00,7.375856194540691968e-01,1.677747122891940634e+01,4.463399047842502299e+00
2.779306044824137789e+00,7.380600263642157488e-01,1.681859248193146072e+01,4.466269856729211618e+00
2.786101414126886500e+00,7.385318734466322921e-01,1.685971373494351866e+01,4.469125175166607455e+00
2.792896783429635210e+00,7.390011699819611923e-01,1.690083498795557659e+01,4.471965059315234470e+00
2.799692152732383921e+00,7.394679251358220462e-01,1.694195624096763453e+01,4.474789564639593209e+00
2.806487522035132187e+00,7.399321479712143157e-01,1.698307749397969246e+01,4.477598745983191186e+00
2.813282891337880898e+00,7.403938474636683198e-01,1.702419874699175040e+01,4.480392657660229538e+00
2.820078260640629608e+00,7.408530325164173203e-01,1.706532000000380833e+01,4.483171353547414029e+00
2.826873629943377431e+00,7.413097119755713837e-01,1.710644125301586271e+01,4.485934887175775820e+00
2.833668999246126141e+00,7.417638946452889126e-01,1.714756250602792065e+01,4.488683311822482480e+00
2.840464368548874852e+00,7.422155893029509510e-01,1.718868375903997858e+01,4.491416680602660527e+00
2.847259737851623118e+00,7.426648047143319387e-01,1.722980501205203652e+01,4.494135046561202884e+00
2.854055107154371829e+00,7.431115496487753491e-01,1.727092626506409445e+01,4.496838462764597644e+00
2.860850476457120539e+00,7.435558328943623341e-01,1.731204751807615239e+01,4.499526982392723085e+00
2.867645845759868362e+00,7.439976632730885830e-01,1.735316877108820677e+01,4.502200658830686208e+00
2.874441215062617072e+00,7.444370496560348549e-01,1.739429002410026470e+01,4.504859545760624862e+00
2.881236584365365783e+00,7.448740009785399518e-01,1.743541127711232264e+01,4.507503697253527619e+00
2.888031953668114493e+00,7.453085262553431622e-01,1.747653253012438057e+01,4.510133167860861825e+00
2.894827322970862760e+00,7.457406345920546409e-01,1.751765378313643851e+01,4.512748012683989174e+00
2.901622692273611470e+00,7.461703351763439018e-01,1.755877503614849644e+01,4.515348287320842147e+00
2.908418061576359737e+00,7.465976372526845761e-01,1.759989628916055082e+01,4.517934047713096035e+00
2.915213430879108003e+00,7.470225500953124875e-01,1.764101754217260876e+01,4.520505349982526511e+00
2.922008800181856714e+00,7.474450829811883912e-01,1.768213879518466669e+01,4.523062250267400053e+00
2.928804169484605424e+00,7.478652451629547171e-01,1.772326004819672463e+01,4.525604804558823524e+00
2.935599538787354135e+00,7.482830458418967545e-01,1.776438130120878256e+01,4.528133068537123052e+00
2.942394908090102401e+00,7.486984941409006167e-01,1.780550255422084049e+01,4.530647097408204260e+00
2.949190277392850668e+00,7.491115990774127598e-01,1.784662380723289488e+01,4.533146945739916944e+00
2.955985646695598934e+00,7.495223695363998351e-01,1.788774506024495281e+01,4.535632667298427734e+00
2.962781015998347645e+00,7.499308142433067648e-01,1.792886631325701075e+01,4.538104314884580326e+00
2.969576385301096355e+00,7.503369417370165939e-01,1.796998756626906868e+01,4.540561940170264599e+00
2.976371754603845066e+00,7.507407603428113418e-01,1.801110881928112661e+01,4.543005593534791053e+00
2.983167123906593332e+00,7.511422781453269693e-01,1.805223007229318455e+01,4.545435323901235058e+00
2.989962493209342043e+00,7.515415029624796794e-01,1.809335132530524248e+01,4.547851178578653730e+00
2.996757862512090309e+00,7.519384423374446680e-01,1.813447257831729686e+01,4.550253203213544317e+00
3.003553231814838576e+00,7.523331035677546241e-01,1.817559383132935480e+01,4.552641441965934455e+00
3.010348601117587286e+00,7.527254937461794748e-01,1.821671508434141273e+01,4.555015937756755839e+00
3.017143970420335997e+00,7.531156198019234305e-01,1.825783633735347067e+01,4.557376732517146145e+00
3.023939339723084707e+00,7.535034885418210315e-01,1.829895759036552860e+01,4.559723867437737610e+00
3.030734709025832974e+00,7.538891066915359707e-01,1.834007884337758654e+01,4.562057383217969608e+00
3.037530078328581240e+00,7.542724809367560290e-01,1.838120009638964092e+01,4.564377320315372799e+00
3.044325447631329506e+00,7.546536179643908993e-01,1.842232134940169885e+01,4.566683719194871038e+00
3.051120816934078217e+00,7.550325245037683430e-01,1.846344260241375679e+01,4.568976620578076187e+00
3.057916186236826928e+00,7.554092073678319030e-01,1.850456385542581472e+01,4.571256065692590020e+00
3.064711555539575638e+00,7.557836734943376156e-01,1.854568510843787266e+01,4.573522096521298153e+00
3.071506924842323905e+00,7.561559299870495021e-01,1.858680636144993059e+01,4.575774756051663061e+00
3.078302294145072171e+00,7.565259841569379473e-01,1.862792761446198497e+01,4.578014088525027780e+00
3.085097663447820882e+00,7.568938435629546380e-01,1.866904886747404291e+01,4.580240139683359857e+00
3.091893032750569148e+00,7.572595160379338441e-01,1.871017012048610084e+01,4.582452956925990861e+00
3.098688402053317859e+00,7.576230096691607407e-01,1.875129137349815878e+01,4.584652589192026007e+00
3.105483771356066569e+00,7.579843327575531697e-01,1.879241262651021671e+01,4.586839086713341729e+00
3.112279140658815280e+00,7.583434937757591587e-01,1.883353387952227465e+01,4.589012500761014302e+00
3.119074509961563102e+00,7.587005013262523301e-01,1.887465513253432903e+01,4.591172883391743120e+00
3.125869879264311813e+00,7.590553640994296414e-01,1.891577638554638696e+01,4.593320287194282869e+00
3.132665248567060523e+00,7.594080908317066836e-01,1.895689763855844490e+01,4.595454765035864142e+00
3.139460617869808789e+00,7.597586902636157546e-01,1.899801889157050283e+01,4.597576369808630048e+00
3.146255987172557500e+00,7.601071710978999363e-01,1.903914014458256077e+01,4.599685154176045287e+00
3.153051356475306211e+00,7.604535419576124999e-01,1.908026139759461870e+01,4.601781170319345193e+00
3.159846725778054921e+00,7.607978113442108725e-01,1.912138265060667663e+01,4.603864469683942140e+00
3.166642095080802743e+00,7.611399875956548211e-01,1.916250390361873102e+01,4.605935102725865704e+00
3.173437464383551454e+00,7.614800788445019730e-01,1.920362515663078895e+01,4.607993118658182397e+00
3.180232833686299720e+00,7.618180929767318643e-01,1.924474640964284688e+01,4.610038565201824312e+00
3.187028202989048431e+00,7.621540376084915414e-01,1.928586766265490482e+01,4.612071488444868805e+00
3.193823572291797142e+00,7.624879201067710222e-01,1.932698891566696275e+01,4.614091932967655296e+00
3.200618941594545852e+00,7.628197476268087085e-01,1.936811016867902069e+01,4.616099942069134876e+00
3.207414310897293674e+00,7.631495271500980948e-01,1.940923142169107507e+01,4.618095557996865885e+00
3.214209680200042385e+00,7.634772655223972526e-01,1.945035267470313300e+01,4.620078822177021927e+00
3.221005049502791096e+00,7.638029694917365386e-01,1.949147392771519094e+01,4.622049775444390995e+00
3.227800418805539362e+00,7.641266457464293005e-01,1.953259518072724887e+01,4.624008458272391486e+00
3.234595788108288072e+00,7.644483009530790296e-01,1.957371643373930681e+01,4.625954911003067771e+00
3.241391157411036783e+00,7.647679417945890679e-01,1.961483768675136474e+01,4.627889174077100876e+00
3.248186526713784605e+00,7.650855750081712037e-01,1.965595893976341912e+01,4.629811288263810276e+00
3.254981896016533316e+00,7.654012074233541574e-01,1.969708019277547706e+01,4.631721294891161023e+00
3.261777265319282026e+00,7.657148459999935097e-01,1.973820144578753499e+01,4.633619236075771752e+00
3.268572634622030737e+00,7.660264978662632007e-01,1.977932269879959293e+01,4.635505154952818785e+00
3.275368003924779003e+00,7.663361703519488977e-01,1.982044395181165086e+01,4.637379095877501634e+00
3.282163373227527714e+00,7.666438709854606071e-01,1.986156520482370880e+01,4.639241104406969463e+00
3.288958742530275536e+00,7.669496074520520956e-01,1.990268645783576318e+01,4.641091227047491330e+00
3.295754111833024247e+00,7.672533875461056141e-01,1.994380771084782111e+01,4.642929510965710271e+00
3.302549481135772957e+00,7.675552191233849797e-01,1.998492896385987905e+01,4.644756003699712643e+00
3.309344850438521668e+00,7.678551100532882145e-01,2.002605021687193698e+01,4.646570752870090359e+00
3.316140219741269934e+00,7.681530681711019604e-01,2.006717146988399492e+01,4.648373805891014676e+00
3.322935589044018645e+00,7.684491012302526736e-01,2.010829272289605285e+01,4.650165209681290435e+00
3.329730958346767355e+00,7.687432168545621503e-01,2.014941397590811079e+01,4.651945010375439615e+00
3.336526327649515178e+00,7.690354224904990543e-01,2.019053522892016517e+01,4.653713253034752917e+00
3.343321696952263888e+00,7.693257253594324441e-01,2.023165648193222310e+01,4.655469981358364429e+00
3.350117066255012599e+00,7.696141324098847436e-01,2.027277773494428104e+01,4.657215237394311202e+00
3.356912435557761309e+00,7.699006502697860466e-01,2.031389898795633897e+01,4.658949061250611479e+00
3.363707804860509576e+00,7.701852852018868933e-01,2.035502024096839691e+01,4.660671490825447627e+00
3.370503174163258286e+00,7.704680430994740314e-01,2.039614149398045484e+01,4.662382561781242885e+00
3.377298543466006553e+00,7.707489295453671119e-01,2.043726274699250922e+01,4.664082307901671776e+00
3.384093912768754819e+00,7.710279498859774483e-01,2.047838400000456716e+01,4.665770761539814515e+00
3.390889282071503530e+00,7.713051093055968144e-01,2.051950525301662509e+01,4.667447954067707627e+00
3.397684651374252240e+00,7.715804129006896828e-01,2.056062650602868302e+01,4.669113916325912328e+00
3.404480020677000951e+00,7.718538657541842429e-01,2.060174775904074096e+01,4.670768679073077578e+00
3.411275389979749217e+00,7.721254730097630858e-01,2.064286901205279889e+01,4.672412273435498697e+00
3.418070759282497484e+00,7.723952399461548879e-01,2.068399026506485328e+01,4.674044731356684856e+00
3.424866128585245750e+00,7.726631720514245405e-01,2.072511151807691121e+01,4.675666086046913250e+00
3.431661497887994461e+00,7.729292750972656112e-01,2.076623277108896914e+01,4.677276372432802809e+00
3.438456867190743171e+00,7.731935552132901401e-01,2.080735402410102708e+01,4.678875627606867482e+00
3.445252236493491882e+00,7.734560189613051140e-01,2.084847527711308501e+01,4.680463891276989585e+00
3.452047605796240148e+00,7.737166734018203762e-01,2.088959653012514295e+01,4.682041206168883640e+00
3.458842975098988415e+00,7.739755260916604263e-01,2.093071778313719733e+01,4.683607618011644824e+00
3.465638344401737125e+00,7.742325849992823805e-01,2.097183903614925526e+01,4.685163175025309101e+00
3.472433713704485392e+00,7.744878584057436344e-01,2.101296028916131320e+01,4.686707927321567269e+00
3.479229083007234102e+00,7.747413548055613886e-01,2.105408154217337113e+01,4.688241926303835072e+00
3.486024452309982813e+00,7.749930828075675127e-01,2.109520279518542907e+01,4.689765224067287797e+00
3.492819821612731523e+00,7.752430510357688487e-01,2.113632404819748700e+01,4.691277872798930382e+00
3.499615190915479790e+00,7.754912680302047390e-01,2.117744530120954494e+01,4.692779924177647999e+00
3.506410560218228056e+00,7.757377421478035551e-01,2.121856655422159932e+01,4.694271428774256627e+00
3.513205929520976323e+00,7.759824814632417800e-01,2.125968780723365725e+01,4.695752435451563400e+00
3.520001298823725033e+00,7.762254936698015362e-01,2.130080906024571519e+01,4.697222990764417183e+00
3.526796668126473744e+00,7.764667859802288907e-01,2.134193031325777312e+01,4.698683138359770695e+00
3.533592037429222454e+00,7.767063650287232557e-01,2.138305156626983106e+01,4.700132918383578939e+00
3.540387406731970721e+00,7.769442368113722575e-01,2.142417281928188899e+01,4.701572367120350648e+00
3.547182776034718987e+00,7.771804067411975936e-01,2.146529407229394337e+01,4.703001517326250713e+00
3.553978145337467698e+00,7.774148797561070134e-01,2.150641532530600131e+01,4.704420398882355414e+00
3.560773514640215964e+00,7.776476604294523254e-01,2.154753657831805924e+01,4.705829039463681696e+00
3.567568883942964675e+00,7.778787530805819639e-01,2.158865783133011718e+01,4.707227465208178252e+00
3.574364253245713385e+00,7.781081618853996629e-01,2.162977908434217511e+01,4.708615701385760133e+00
3.581159622548462096e+00,7.783358909869200204e-01,2.167090033735423305e+01,4.709993773067314926e+00
3.587954991851209918e+00,7.785619446058217319e-01,2.171202159036628743e+01,4.711361705793707166e+00
3.594750361153958629e+00,7.787863271510067076e-01,2.175314284337834536e+01,4.712719526244805834e+00
3.601545730456707339e+00,7.790090433301539719e-01,2.179426409639040330e+01,4.714067262908490541e+00
3.608341099759455606e+00,7.792300982602766712e-01,2.183538534940246123e+01,4.715404946749671034e+00
3.615136469062204316e+00,7.794494975776856682e-01,2.187650660241451916e+01,4.716732611875714909e+00
3.621931838364953027e+00,7.796672475176624761e-01,2.191762785542657710e+01,4.718050296018580170e+00
3.628727207667700849e+00,7.798833548806279881e-01,2.195874910843863148e+01,4.719358040330089210e+00
3.635522576970449560e+00,7.800978269332464743e-01,2.199987036145068942e+01,4.720655888783472420e+00
3.642317946273198270e+00,7.803106713051194410e-01,2.204099161446274735e+01,4.721943887548225582e+00
3.649113315575946537e+00,7.805218958854887035e-01,2.208211286747480528e+01,4.723222084365022333e+00
3.655908684878695247e+00,7.807315087199317993e-01,2.212323412048686322e+01,4.724490527920580440e+00
3.662704054181443958e+00,7.809395179070629522e-01,2.216435537349892115e+01,4.725749267222562722e+00
3.669499423484192668e+00,7.811459314952308164e-01,2.220547662651097909e+01,4.726998350974455754e+00
3.676294792786940491e+00,7.813507573792157768e-01,2.224659787952303347e+01,4.728237826950449474e+00
3.683090162089689201e+00,7.815540031969324675e-01,2.228771913253509140e+01,4.729467741370346090e+00
3.689885531392437912e+00,7.817556762261235193e-01,2.232884038554714934e+01,4.730688138274413923e+00
3.696680900695186178e+00,7.819557832832141342e-01,2.236996163855920727e+01,4.731899058911324119e+00
3.703476269997934889e+00,7.821543306686624675e-01,2.241108289157126521e+01,4.733100541407440964e+00
3.710271639300683599e+00,7.823513242171850068e-01,2.245220414458332314e+01,4.734292621070758322e+00
3.717067008603431422e+00,7.825467693846476225e-01,2.249332539759537752e+01,4.735475330916706582e+00
3.723862377906180132e+00,7.827406713361086954e-01,2.253444665060743546e+01,4.736648702200933592e+00
3.730657747208928843e+00,7.829330350338685740e-01,2.257556790361949339e+01,4.737812764952124667e+00
3.737453116511677553e+00,7.831238653255138127e-01,2.261668915663155133e+01,4.738967548504791516e+00
3.744248485814425820e+00,7.833131670319645190e-01,2.265781040964360926e+01,4.740113082032075376e+00
3.751043855117174530e+00,7.835009450355215899e-01,2.269893166265566720e+01,4.741249395078556361e+00
3.757839224419922353e+00,7.836872043679113942e-01,2.274005291566772158e+01,4.742376518093041504e+00
3.764634593722671063e+00,7.838719502983341192e-01,2.278117416867977951e+01,4.743494482961380321e+00
3.771429963025419774e+00,7.840551884212693112e-01,2.282229542169183745e+01,4.744603323537804229e+00
3.778225332328168484e+00,7.842369247253346831e-01,2.286341667470389538e+01,4.745703076061619008e+00
3.785020701630916751e+00,7.844171655744748284e-01,2.290453792771595332e+01,4.746793779043368744e+00
3.791816070933665461e+00,7.845959176282520930e-01,2.294565918072801125e+01,4.747875472782490114e+00
3.798611440236413728e+00,7.847731877567692971e-01,2.298678043374006563e+01,4.748948198852475322e+00
3.805406809539161994e+00,7.849489829555854614e-01,2.302790168675212357e+01,4.750011999585998623e+00
3.812202178841910705e+00,7.851233102606371972e-01,2.306902293976418150e+01,4.751066917560073044e+00
3.818997548144659415e+00,7.852961766631545437e-01,2.311014419277623944e+01,4.752112995081176017e+00
3.825792917447408126e+00,7.854675890245799152e-01,2.315126544578829737e+01,4.753150273670393666e+00
3.832588286750156392e+00,7.856375539914861594e-01,2.319238669880035530e+01,4.754178793548557103e+00
3.839383656052905103e+00,7.858060779104947269e-01,2.323350795181241324e+01,4.755198593121382267e+00
3.846179025355653369e+00,7.859731667434672886e-01,2.327462920482446762e+01,4.756209708466265340e+00
3.852974394658401636e+00,7.861388260030582886e-01,2.331575045783652556e+01,4.757212172942283601e+00
3.859769763961150346e+00,7.863030607799296190e-01,2.335687171084858349e+01,4.758206017354885908e+00
3.866565133263899057e+00,7.864658758321044774e-01,2.339799296386064142e+01,4.759191270496601511e+00
3.873360502566647767e+00,7.866272756796243160e-01,2.343911421687269936e+01,4.760167959719847630e+00
3.880155871869396034e+00,7.867872646992062347e-01,2.348023546988475729e+01,4.761136111509731705e+00
3.886951241172144300e+00,7.869458472189010401e-01,2.352135672289681168e+01,4.762095752056864306e+00
3.893746610474892567e+00,7.871030276127534142e-01,2.356247797590886961e+01,4.763046907830182697e+00
3.900541979777641277e+00,7.872588103954573091e-01,2.360359922892092754e+01,4.763989606149742428e+00
3.907337349080389988e+00,7.874132003170161154e-01,2.364472048193298548e+01,4.764923875759543570e+00
3.914132718383138698e+00,7.875662024574020537e-01,2.368584173494504341e+01,4.765849747400346281e+00
3.920928087685886965e+00,7.877178223186586115e-01,2.372696298795710135e+01,4.766767254367018758e+00
3.927723456988635231e+00,7.878680658675081272e-01,2.376808424096915573e+01,4.767676432766369210e+00
3.934518826291383942e+00,7.880169394740270672e-01,2.380920549398121366e+01,4.768577321146049819e+00
3.941314195594132208e+00,7.881644498165700785e-01,2.385032674699327160e+01,4.769469959919214297e+00
3.948109564896880919e+00,7.883106037857517956e-01,2.389144800000532953e+01,4.770354390783480447e+00
3.954904934199629629e+00,7.884554083884338649e-01,2.393256925301738747e+01,4.771230656139918480e+00
3.961700303502378340e+00,7.885988706517048641e-01,2.397369050602944540e+01,4.772098798511998474e+00
3.968495672805126162e+00,7.887409975268655504e-01,2.401481175904149978e+01,4.772958859964572476e+00
3.975291042107874873e+00,7.888817957934131098e-01,2.405593301205355772e+01,4.773810881522844163e+00
3.982086411410623139e+00,7.890212719630227411e-01,2.409705426506561565e+01,4.774654902591331407e+00
3.988881780713371850e+00,7.891594321842992921e-01,2.413817551807767359e+01,4.775490960377479333e+00
3.995677150016120560e+00,7.892962821792718353e-01,2.417929677108973152e+01,4.776319089507369497e+00
4.002472519318868827e+00,7.894318272859092156e-01,2.422041802410178946e+01,4.777139322282993206e+00
4.009267888621617537e+00,7.895660725552023917e-01,2.426153927711384739e+01,4.777951689269735347e+00
4.016063257924365359e+00,7.896990228514049193e-01,2.430266053012590177e+01,4.778756219902965618e+00
4.022858627227114070e+00,7.898306829522767636e-01,2.434378178313795971e+01,4.779552943094647510e+00
4.029653996529862781e+00,7.899610576493225622e-01,2.438490303615001764e+01,4.780341887839920645e+00
4.036449365832611491e+00,7.900901518480346608e-01,2.442602428916207558e+01,4.781123083823703546e+00
4.043244735135360202e+00,7.902179706681338178e-01,2.446714554217413351e+01,4.781896562027290187e+00
4.050040104438108912e+00,7.903445195438103532e-01,2.450826679518619144e+01,4.782662355334944770e+00
4.056835473740856735e+00,7.904698043222883053e-01,2.454938804819824583e+01,4.783420499130348169e+00
4.063630843043605445e+00,7.905938313168968667e-01,2.459050930121030376e+01,4.784171031617752590e+00
4.070426212346354156e+00,7.907166072415539038e-01,2.463163055422236170e+01,4.784913993425519152e+00
4.077221581649102866e+00,7.908381390972799574e-01,2.467275180723441963e+01,4.785649426919371230e+00
4.084016950951851577e+00,7.909584340567897831e-01,2.471387306024647756e+01,4.786377375504016207e+00
4.090812320254599399e+00,7.910774993490823359e-01,2.475499431325853550e+01,4.787097882924759240e+00
4.097607689557348110e+00,7.911953421440318657e-01,2.479611556627058988e+01,4.787810992569117907e+00
4.104403058860095932e+00,7.913119694369779022e-01,2.483723681928264782e+01,4.788516746768437748e+00
4.111198428162844642e+00,7.914273879333176831e-01,2.487835807229470575e+01,4.789215186099518462e+00
4.117993797465593353e+00,7.915416039331391040e-01,2.491947932530676368e+01,4.789906348686485238e+00
4.124789166768342064e+00,7.916546232286195695e-01,2.496060057831882162e+01,4.790590269579911187e+00
4.131584536071090774e+00,7.917664510973844161e-01,2.500172183133087955e+01,4.791266980716629043e+00
4.138379905373838596e+00,7.918770923964314479e-01,2.504284308434293393e+01,4.791936511488099626e+00
4.145175274676587307e+00,7.919865516710596909e-01,2.508396433735499187e+01,4.792598889399581452e+00
4.151970643979336018e+00,7.920948332638710898e-01,2.512508559036704980e+01,4.793254140729739987e+00
4.158766013282084728e+00,7.922019414237736479e-01,2.516620684337910774e+01,4.793902291190264897e+00
4.165561382584833439e+00,7.923078804149861210e-01,2.520732809639116567e+01,4.794543366585494404e+00
4.172356751887582149e+00,7.924126546260389370e-01,2.524844934940322361e+01,4.795177393472023653e+00
4.179152121190329972e+00,7.925162686787735611e-01,2.528957060241528154e+01,4.795804399818298869e+00
4.185947490493078682e+00,7.926187275310785374e-01,2.533069185542733592e+01,4.796424415626306725e+00
4.192742859795827393e+00,7.927200365112073710e-01,2.537181310843939386e+01,4.797037473139249997e+00
4.199538229098575215e+00,7.928202012563256851e-01,2.541293436145145179e+01,4.797643606469668143e+00
4.206333598401323925e+00,7.929192276309926513e-01,2.545405561446350973e+01,4.798242851106144791e+00
4.213128967704072636e+00,7.930171216454100502e-01,2.549517686747556766e+01,4.798835243418596797e+00
4.219924337006821347e+00,7.931138893736680018e-01,2.553629812048762560e+01,4.799420820163556201e+00
4.226719706309569169e+00,7.932095368719959128e-01,2.557741937349967998e+01,4.799999617989469947e+00
4.233515075612317879e+00,7.933040700970050985e-01,2.561854062651173791e+01,4.800571672941961410e+00
4.240310444915066590e+00,7.933974948239961300e-01,2.565966187952379585e+01,4.801137019969477393e+00
4.247105814217815301e+00,7.934898165780052137e-01,2.570078313253585378e+01,4.801695692506021906e+00
4.253901183520564011e+00,7.935810406541454753e-01,2.574190438554791172e+01,4.802247722594252366e+00
4.260696552823312722e+00,7.936711722263092295e-01,2.578302563855996965e+01,4.802793141543274302e+00
4.267491922126060544e+00,7.937602164681594186e-01,2.582414689157202403e+01,4.803331980660805023e+00
4.274287291428809255e+00,7.938481786741712343e-01,2.586526814458408197e+01,4.803864271985641032e+00
4.281082660731557965e+00,7.939350643806748486e-01,2.590638939759613990e+01,4.804390049020131670e+00
4.287878030034305787e+00,7.940208794868964803e-01,2.594751065060819784e+01,4.804909347462641200e+00
4.294673399337054498e+00,7.941056303760000157e-01,2.598863190362025577e+01,4.805422205940018898e+00
4.301468768639803208e+00,7.941893240324977565e-01,2.602975315663231370e+01,4.805928666718089382e+00
4.308264137942551031e+00,7.942719680741543442e-01,2.607087440964436809e+01,4.806428775894720395e+00
4.315059507245299741e+00,7.943535705801195723e-01,2.611199566265642602e+01,4.806922582359787199e+00
4.321854876548048452e+00,7.944341398437120283e-01,2.615311691566848395e+01,4.807410136299179015e+00
4.328650245850797162e+00,7.945136841225882707e-01,2.619423816868054189e+01,4.807891487682982579e+00
4.335445615153545873e+00,7.945922113889168914e-01,2.623535942169259982e+01,4.808366684753690556e+00
4.342240984456294584e+00,7.946697290795459168e-01,2.627648067470465776e+01,4.808835772514377105e+00
4.349036353759043294e+00,7.947462438461748713e-01,2.631760192771671569e+01,4.809298791216898294e+00
4.355831723061791116e+00,7.948217613083258248e-01,2.635872318072877007e+01,4.809755774867025657e+00
4.362627092364539827e+00,7.948962859108189560e-01,2.639984443374082801e+01,4.810206750361985861e+00
4.369422461667288538e+00,7.949698211105369339e-01,2.644096568675288594e+01,4.810651738620633111e+00
4.376217830970036360e+00,7.950423697234972886e-01,2.648208693976494388e+01,4.811090756683714886e+00
4.383013200272785070e+00,7.951139342804746102e-01,2.652320819277700181e+01,4.811523819865868745e+00
4.389808569575533781e+00,7.951845173826221913e-01,2.656432944578905975e+01,4.811950943907620903e+00
4.396603938878281603e+00,7.952541220570937819e-01,2.660545069880111413e+01,4.812372147127379485e+00
4.403399308181030314e+00,7.953227521126641220e-01,2.664657195181317206e+01,4.812787452573427771e+00
4.410194677483779024e+00,7.953904124870071479e-01,2.668769320482523000e+01,4.813196890125427174e+00
4.416990046786527735e+00,7.954571094145904686e-01,2.672881445783728793e+01,4.813600497510410747e+00
4.423785416089276445e+00,7.955228501913369499e-01,2.676993571084934587e+01,4.813998318878663696e+00
4.430580785392025156e+00,7.955876427988141097e-01,2.681105696386140380e+01,4.814390402529554969e+00
4.437376154694772978e+00,7.956514955240024944e-01,2.685217821687345818e+01,4.814776798610621356e+00
4.444171523997521689e+00,7.957144165790706047e-01,2.689329946988551612e+01,4.815157556816683559e+00
4.450966893300270399e+00,7.957764137211444933e-01,2.693442072289757405e+01,4.815532724088933847e+00
4.457762262603019110e+00,7.958374938724150915e-01,2.697554197590963199e+01,4.815902342316069173e+00
4.464557631905766932e+00,7.958976627987368602e-01,2.701666322892168992e+01,4.816266446389374067e+00
4.471353001208515643e+00,7.959569251619500463e-01,2.705778448193374786e+01,4.816625064519340249e+00
4.478148370511264353e+00,7.960152849149586540e-01,2.709890573494580224e+01,4.816978220626428886e+00
4.484943739814012176e+00,7.960727457401893803e-01,2.714002698795786017e+01,4.817325936994343749e+00
4.491739109116760886e+00,7.961293114881768940e-01,2.718114824096991811e+01,4.817668236924072644e+00
4.498534478419509597e+00,7.961849866161521128e-01,2.722226949398197604e+01,4.818005147387941278e+00
4.505329847722258307e+00,7.962397766266005039e-01,2.726339074699403398e+01,4.818336701683492151e+00
4.512125217025007018e+00,7.962936884740760002e-01,2.730451200000609191e+01,4.818662941895262897e+00
4.518920586327754840e+00,7.963467306356520892e-01,2.734563325301814629e+01,4.818983919321110143e+00
4.525715955630503551e+00,7.963989127211561492e-01,2.738675450603020423e+01,4.819299692113596656e+00
4.532511324933252261e+00,7.964502449894842462e-01,2.742787575904226216e+01,4.819610322353037546e+00
4.539306694236000972e+00,7.965007378638706559e-01,2.746899701205432009e+01,4.819915873114217320e+00
4.546102063538749682e+00,7.965504014471560534e-01,2.751011826506637803e+01,4.820216405533100712e+00
4.552897432841498393e+00,7.965992450371124356e-01,2.755123951807843596e+01,4.820511975873891686e+00
4.559692802144246215e+00,7.966472766711215625e-01,2.759236077109049390e+01,4.820802632773712126e+00
4.566488171446994926e+00,7.966945029339885798e-01,2.763348202410254828e+01,4.821088416079614802e+00
4.573283540749742748e+00,7.967409290826151791e-01,2.767460327711460621e+01,4.821369357603025207e+00
4.580078910052491459e+00,7.967865592264656849e-01,2.771572453012666415e+01,4.821645482211807554e+00
4.586874279355240169e+00,7.968313965084709016e-01,2.775684578313872208e+01,4.821916808924980202e+00
4.593669648657988880e+00,7.968754432859315173e-01,2.779796703615078002e+01,4.822183352007427537e+00
4.600465017960737590e+00,7.969187013119266583e-01,2.783908828916283795e+01,4.822445122067669843e+00
4.607260387263485413e+00,7.969611719494025248e-01,2.788020954217489233e+01,4.822702127353390544e+00
4.614055756566234123e+00,7.970028565228446382e-01,2.792133079518695027e+01,4.822954375879533018e+00
4.620851125868982834e+00,7.970437567577542959e-01,2.796245204819900820e+01,4.823201878087734151e+00
4.627646495171731544e+00,7.970838752270242855e-01,2.800357330121106614e+01,4.823444649547504959e+00
4.634441864474480255e+00,7.971232157973152654e-01,2.804469455422312407e+01,4.823682713657415633e+00
4.641237233777228965e+00,7.971617840753777440e-01,2.808581580723518201e+01,4.823916104345954636e+00
4.648032603079976788e+00,7.971995878121854728e-01,2.812693706024723639e+01,4.824144868517085349e+00
4.654827972382725498e+00,7.972366368872537690e-01,2.816805831325929432e+01,4.824369065955351310e+00
4.661623341685474209e+00,7.972729427452781570e-01,2.820917956627135226e+01,4.824588765916770328e+00
4.668418710988222031e+00,7.973085177269195745e-01,2.825030081928341019e+01,4.824804043079173432e+00
4.675214080290970742e+00,7.973433743985558486e-01,2.829142207229546813e+01,4.825014973486286607e+00
4.682009449593719452e+00,7.973775248820350603e-01,2.833254332530752606e+01,4.825221630491824953e+00
4.688804818896467275e+00,7.974109801992300683e-01,2.837366457831958044e+01,4.825424080793152548e+00
4.695600188199215985e+00,7.974437498232139765e-01,2.841478583133163838e+01,4.825622381715282572e+00
4.702395557501964696e+00,7.974758415752237761e-01,2.845590708434369631e+01,4.825816580587368065e+00
4.709190926804713406e+00,7.975072616099070366e-01,2.849702833735575425e+01,4.826006714653420460e+00
4.715986296107462117e+00,7.975380144021396722e-01,2.853814959036781218e+01,4.826192810992542270e+00
4.722781665410210827e+00,7.975681027338853424e-01,2.857927084337987012e+01,4.826374886439409373e+00
4.729577034712959538e+00,7.975975277184508272e-01,2.862039209639192805e+01,4.826552947731046039e+00
4.736372404015707360e+00,7.976262892217002021e-01,2.866151334940398243e+01,4.826726994055746012e+00
4.743167773318456071e+00,7.976543868270320470e-01,2.870263460241604037e+01,4.826897022892503664e+00
4.749963142621204781e+00,7.976818209114776570e-01,2.874375585542809830e+01,4.827063036522871720e+00
4.756758511923952604e+00,7.977085937230389279e-01,2.878487710844015623e+01,4.827225048550328523e+00
4.763553881226701314e+00,7.977347104552577894e-01,2.882599836145221417e+01,4.827383090402886268e+00
4.770349250529450025e+00,7.977601800699863910e-01,2.886711961446427210e+01,4.827537216311974078e+00
4.777144619832197847e+00,7.977850148801525210e-01,2.890824086747632649e+01,4.827687500787599895e+00
4.783939989134946558e+00,7.978092292222233040e-01,2.894936212048838442e+01,4.827834030584944536e+00
4.790735358437695268e+00,7.978328380422616828e-01,2.899048337350044235e+01,4.827976896148074459e+00
4.797530727740443979e+00,7.978558554819157322e-01,2.903160462651250029e+01,4.828116183053250410e+00
4.804326097043192689e+00,7.978782935269209675e-01,2.907272587952455822e+01,4.828251963830519244e+00
4.811121466345941400e+00,7.979001615077072618e-01,2.911384713253661616e+01,4.828384294941708177e+00
4.817916835648689222e+00,7.979214670021632649e-01,2.915496838554867054e+01,4.828513222243381087e+00
4.824712204951437933e+00,7.979422170898371469e-01,2.919608963856072847e+01,4.828638788576459895e+00
4.831507574254186643e+00,7.979624196121903879e-01,2.923721089157278641e+01,4.828761041392481523e+00
4.838302943556935354e+00,7.979820843973824962e-01,2.927833214458484434e+01,4.828880040165216769e+00
4.845098312859683176e+00,7.980012235633963114e-01,2.931945339759690228e+01,4.828995858224991444e+00
4.851893682162431887e+00,7.980198494823486088e-01,2.936057465060896021e+01,4.829108570439985648e+00
4.858689051465180597e+00,7.980379718237651243e-01,2.940169590362101459e+01,4.829218235324020725e+00
4.865484420767928420e+00,7.980555945624474568e-01,2.944281715663307253e+01,4.829324876930066957e+00
4.872279790070677130e+00,7.980727130662824687e-01,2.948393840964513046e+01,4.829428467227521615e+00
4.879075159373425841e+00,7.980893134698447966e-01,2.952505966265718840e+01,4.829528922311649985e+00
4.885870528676174551e+00,7.981053782013854958e-01,2.956618091566924633e+01,4.829626135849402147e+00
4.892665897978923262e+00,7.981208940796955531e-01,2.960730216868130427e+01,4.829720028076486038e+00
4.899461267281671972e+00,7.981358605193848987e-01,2.964842342169336220e+01,4.829810595450492627e+00
4.906256636584419795e+00,7.981502973818961344e-01,2.968954467470541658e+01,4.829897958160240812e+00
4.913052005887168505e+00,7.981642464720309915e-01,2.973066592771747452e+01,4.829982369181800905e+00
4.919847375189917216e+00,7.981777603717717939e-01,2.977178718072953245e+01,4.830064146707886863e+00
4.926642744492665926e+00,7.981908873801183413e-01,2.981290843374159039e+01,4.830143583013327024e+00
4.933438113795413749e+00,7.982036563605137136e-01,2.985402968675364832e+01,4.830220852761319961e+00
4.940233483098162459e+00,7.982160635056012588e-01,2.989515093976570626e+01,4.830295932912165746e+00
4.947028852400911170e+00,7.982280739006613057e-01,2.993627219277776064e+01,4.830368612184186894e+00
4.953824221703658992e+00,7.982396389230242972e-01,2.997739344578981857e+01,4.830438596343912927e+00
4.960619591006407703e+00,7.982507160647225319e-01,3.001851469880187651e+01,4.830505628160158160e+00
4.967414960309156413e+00,7.982612885026009186e-01,3.005963595181393444e+01,4.830569605829889035e+00
4.974210329611905124e+00,7.982713769803266857e-01,3.010075720482599237e+01,4.830630654880586405e+00
4.981005698914653834e+00,7.982810308367139784e-01,3.014187845783805031e+01,4.830689073879371520e+00
4.987801068217401657e+00,7.982903102593968958e-01,3.018299971085010469e+01,4.830745227043526491e+00
4.994596437520150367e+00,7.982992681855060058e-01,3.022412096386216263e+01,4.830799434714895924e+00
5.001391806822899078e+00,7.983079346150983024e-01,3.026524221687422056e+01,4.830851878434743618e+00
5.008187176125647788e+00,7.983163139158447885e-01,3.030636346988627849e+01,4.830902584633436803e+00
5.014982545428396499e+00,7.983243924350400533e-01,3.034748472289833643e+01,4.830951470693486627e+00
5.021777914731145209e+00,7.983321471946411840e-01,3.038860597591039436e+01,4.830998397566390601e+00
5.028573284033893032e+00,7.983395543234901304e-01,3.042972722892244875e+01,4.831043220799083215e+00
5.035368653336641742e+00,7.983465953057389264e-01,3.047084848193450668e+01,4.831085828345429434e+00
5.042164022639389565e+00,7.983532607635056566e-01,3.051196973494656461e+01,4.831126163456452183e+00
5.048959391942138275e+00,7.983595538363817967e-01,3.055309098795862255e+01,4.831164245130961987e+00
5.055754761244886986e+00,7.983654930949961592e-01,3.059421224097068048e+01,4.831200185746594045e+00
5.062550130547635696e+00,7.983711110990120430e-01,3.063533349398273842e+01,4.831234182333720817e+00
5.069345499850384407e+00,7.983764475148042994e-01,3.067645474699479635e+01,4.831266474928014532e+00
5.076140869153132229e+00,7.983815412344962281e-01,3.071757600000685073e+01,4.831297298879869473e+00
5.082936238455880940e+00,7.983864228876702551e-01,3.075869725301890867e+01,4.831326839540037277e+00
5.089731607758629650e+00,7.983911105295815602e-01,3.079981850603096660e+01,4.831355206167438077e+00
5.096526977061378361e+00,7.983956087971612048e-01,3.084093975904302454e+01,4.831382426821830833e+00
5.103322346364127071e+00,7.983999086191557737e-01,3.088206101205508247e+01,4.831408446609757767e+00
5.110117715666875782e+00,7.984039880117420607e-01,3.092318226506714041e+01,4.831433132499104666e+00
5.116913084969623604e+00,7.984078184893281804e-01,3.096430351807919479e+01,4.831456312113185270e+00
5.123708454272372315e+00,7.984113757894020225e-01,3.100542477109125272e+01,4.831477838630709343e+00
5.130503823575121025e+00,7.984146508921862173e-01,3.104654602410331066e+01,4.831497657469720153e+00
5.137299192877868848e+00,7.984176567009083625e-01,3.108766727711536859e+01,4.831515846712344242e+00
5.144094562180617558e+00,7.984204224582679421e-01,3.112878853012742653e+01,4.831532583316800356e+00
5.150889931483366269e+00,7.984229827911288879e-01,3.116990978313948446e+01,4.831548076822845594e+00
5.157685300786114091e+00,7.984253670600403030e-01,3.121103103615153884e+01,4.831562504901848243e+00
5.164480670088862801e+00,7.984275942885901145e-01,3.125215228916359678e+01,4.831575982672464242e+00
5.171276039391611512e+00,7.984296754914007588e-01,3.129327354217565471e+01,4.831588576788182543e+00
5.178071408694360223e+00,7.984316174449640480e-01,3.133439479518771265e+01,4.831600328256021371e+00
5.184866777997108933e+00,7.984334258515416449e-01,3.137551604819977058e+01,4.831611271582441525e+00
5.191662147299857644e+00,7.984351063431827100e-01,3.141663730121182851e+01,4.831621440849022342e+00
5.198457516602605466e+00,7.984366643319806833e-01,3.145775855422388290e+01,4.831630868806311874e+00
5.205252885905354177e+00,7.984381048046816920e-01,3.149887980723594083e+01,4.831639585630925104e+00
5.212048255208102887e+00,7.984394322449032133e-01,3.154000106024799877e+01,4.831647618454863569e+00
5.218843624510851598e+00,7.984406507042515200e-01,3.158112231326005670e+01,4.831654991795872434e+00
5.225638993813599420e+00,7.984417639048936310e-01,3.162224356627211463e+01,4.831661728178137771e+00
5.232434363116348131e+00,7.984427754742626782e-01,3.166336481928417257e+01,4.831667849552577998e+00
5.239229732419096841e+00,7.984436894746672619e-01,3.170448607229623050e+01,4.831673380501701587e+00
5.246025101721844663e+00,7.984445110307557547e-01,3.174560732530828489e+01,4.831678352036621327e+00
5.252820471024593374e+00,7.984452467250704455e-01,3.178672857832034282e+01,4.831682803990695163e+00
5.259615840327342084e+00,7.984459040804353647e-01,3.182784983133240075e+01,4.831686781887270854e+00
5.266411209630090795e+00,7.984464905017172320e-01,3.186897108434445869e+01,4.831690330535892031e+00
5.273206578932839506e+00,7.984470123081574000e-01,3.191009233735651662e+01,4.831693488176586726e+00
5.280001948235588216e+00,7.984474745678007412e-01,3.195121359036857456e+01,4.831696285477940833e+00
5.286797317538336038e+00,7.984478816512763366e-01,3.199233484338062894e+01,4.831698748888221040e+00
5.293592686841085637e+00,7.984482378364240462e-01,3.203345609639269043e+01,4.831700904294192966e+00
5.300388056143833460e+00,7.984485475649307773e-01,3.207457734940474836e+01,4.831702778574121560e+00
5.307183425446581282e+00,7.984488152695847774e-01,3.211569860241679919e+01,4.831704398552421509e+00
5.313978794749329992e+00,7.984490451333755567e-01,3.215681985542885712e+01,4.831705789541884677e+00
5.320774164052078703e+00,7.984492409701566817e-01,3.219794110844091506e+01,4.831706974621527095e+00
5.327569533354827414e+00,7.984494062970350914e-01,3.223906236145297299e+01,4.831707975074643890e+00
5.334364902657575236e+00,7.984495444491143123e-01,3.228018361446503093e+01,4.831708811083159638e+00
5.341160271960323946e+00,7.984496586418619035e-01,3.232130486747708886e+01,4.831709502105038467e+00
5.347955641263072657e+00,7.984497519341383631e-01,3.236242612048914680e+01,4.831710066650559909e+00
5.354751010565821367e+00,7.984498271641157219e-01,3.240354737350120473e+01,4.831710521894534871e+00
5.361546379868570078e+00,7.984498869135243648e-01,3.244466862651326267e+01,4.831710883459954253e+00
5.368341749171318789e+00,7.984499335332559955e-01,3.248578987952532060e+01,4.831711165572918354e+00
5.375137118474067499e+00,7.984499691878382821e-01,3.252691113253737853e+01,4.831711381331773580e+00
5.381932487776816210e+00,7.984499958734567748e-01,3.256803238554943647e+01,4.831711542816163885e+00
5.388727857079563144e+00,7.984500153738610662e-01,3.260915363856148730e+01,4.831711660820207754e+00
5.395523226382311854e+00,7.984500291961278418e-01,3.265027489157354523e+01,4.831711744463775382e+00
5.402318595685060565e+00,7.984500385533551681e-01,3.269139614458560317e+01,4.831711801087763547e+00
5.409113964987809275e+00,7.984500444625541871e-01,3.273251739759766110e+01,4.831711836846477759e+00
5.415909334290557986e+00,7.984500478839883231e-01,3.277363865060971904e+01,4.831711857550820888e+00
5.422704703593305808e+00,7.984500498175333139e-01,3.281475990362177697e+01,4.831711869251405389e+00
5.429500072896054519e+00,7.984500512881111955e-01,3.285588115663383491e+01,4.831711878150407813e+00
