x_m,r_m,x_over_rt,r_over_rt
# M4.19 vitiated-air nozzle [ns] physical wall = inviscid + delta* normal offset (PhysicalNozzleWall)
# R=2, L_U=6, L_c=8 (r_t units), M_d=4.19; r_t=0.210505 m
# throat x=-0.000967 m r=0.212680 m; exit x=5.032269 m r=0.823474 m
-1.368282500000000068e+00,7.999189999999999356e-01,-6.500000000000000000e+00,3.799999999999999822e+00
-1.364653103448275839e+00,7.999189999999999356e-01,-6.482758620689654805e+00,3.799999999999999822e+00
-1.361023706896551833e+00,7.999189999999999356e-01,-6.465517241379310498e+00,3.799999999999999822e+00
-1.357394310344827604e+00,7.999189999999999356e-01,-6.448275862068965303e+00,3.799999999999999822e+00
-1.353764913793103597e+00,7.999189999999999356e-01,-6.431034482758620996e+00,3.799999999999999822e+00
-1.350135517241379368e+00,7.999189999999999356e-01,-6.413793103448275801e+00,3.799999999999999822e+00
-1.346506120689655139e+00,7.999189999999999356e-01,-6.396551724137930606e+00,3.799999999999999822e+00
-1.342876724137931133e+00,7.999189999999999356e-01,-6.379310344827586299e+00,3.799999999999999822e+00
-1.339247327586206904e+00,7.999189999999999356e-01,-6.362068965517241104e+00,3.799999999999999822e+00
-1.335617931034482897e+00,7.999189999999999356e-01,-6.344827586206896797e+00,3.799999999999999822e+00
-1.331988534482758668e+00,7.999189999999999356e-01,-6.327586206896551602e+00,3.799999999999999822e+00
-1.328359137931034661e+00,7.999189999999999356e-01,-6.310344827586207295e+00,3.799999999999999822e+00
-1.324729741379310433e+00,7.999189999999999356e-01,-6.293103448275862100e+00,3.799999999999999822e+00
-1.321100344827586204e+00,7.999189999999999356e-01,-6.275862068965516904e+00,3.799999999999999822e+00
-1.317470948275862197e+00,7.999189999999999356e-01,-6.258620689655172598e+00,3.799999999999999822e+00
-1.313841551724137968e+00,7.999189999999999356e-01,-6.241379310344827402e+00,3.799999999999999822e+00
-1.310212155172413739e+00,7.999189999999999356e-01,-6.224137931034483096e+00,3.799999999999999822e+00
-1.306582758620689733e+00,7.999189999999999356e-01,-6.206896551724137900e+00,3.799999999999999822e+00
-1.302953362068965504e+00,7.999189999999999356e-01,-6.189655172413792705e+00,3.799999999999999822e+00
-1.299323965517241497e+00,7.999189999999999356e-01,-6.172413793103448398e+00,3.799999999999999822e+00
-1.295694568965517268e+00,7.999189999999999356e-01,-6.155172413793103203e+00,3.799999999999999822e+00
-1.292065172413793039e+00,7.999189999999999356e-01,-6.137931034482758896e+00,3.799999999999999822e+00
-1.288435775862069033e+00,7.999189999999999356e-01,-6.120689655172413701e+00,3.799999999999999822e+00
-1.284806379310344804e+00,7.999189999999999356e-01,-6.103448275862069394e+00,3.799999999999999822e+00
-1.281176982758620797e+00,7.999189999999999356e-01,-6.086206896551724199e+00,3.799999999999999822e+00
-1.277547586206896568e+00,7.999189999999999356e-01,-6.068965517241379004e+00,3.799999999999999822e+00
-1.273918189655172339e+00,7.999189999999999356e-01,-6.051724137931034697e+00,3.799999999999999822e+00
-1.270288793103448333e+00,7.999189999999999356e-01,-6.034482758620689502e+00,3.799999999999999822e+00
-1.266659396551724104e+00,7.999189999999999356e-01,-6.017241379310345195e+00,3.799999999999999822e+00
-1.263030000000000097e+00,7.999189999999999356e-01,-6.000000000000000000e+00,3.799999999999999822e+00
-1.256687976471587476e+00,7.999185145619593929e-01,-5.969872337814244645e+00,3.799997693935817988e+00
-1.250345952943175076e+00,7.999151406759672511e-01,-5.939744675628489290e+00,3.799981666354562915e+00
-1.244003929414762899e+00,7.999060561302434591e-01,-5.909617013442734823e+00,3.799938510392833813e+00
-1.237661905886350500e+00,7.998885104461391782e-01,-5.879489351256979468e+00,3.799855159954106387e+00
-1.231319882357938100e+00,7.998598243011751929e-01,-5.849361689071224113e+00,3.799718886967887954e+00
-1.224977858829525479e+00,7.998173889520817648e-01,-5.819234026885468758e+00,3.799517298648876551e+00
-1.218635835301113302e+00,7.997586656578361541e-01,-5.789106364699714291e+00,3.799238334756115609e+00
-1.212293811772700902e+00,7.996811851027021412e-01,-5.758978702513958936e+00,3.798870264852151735e+00
-1.205951788244288503e+00,7.995825468192689911e-01,-5.728851040328203581e+00,3.798401685562191155e+00
-1.199609764715876103e+00,7.994604186114897537e-01,-5.698723378142448226e+00,3.797821517833257055e+00
-1.193267741187463704e+00,7.993125359777202288e-01,-5.668595715956693759e+00,3.797119004193345582e+00
-1.186925717659051305e+00,7.991367015337575985e-01,-5.638468053770938404e+00,3.796283706010582293e+00
-1.180583694130638905e+00,7.989307844358799482e-01,-5.608340391585183049e+00,3.795305500752380823e+00
-1.174241670602226506e+00,7.986927198038837883e-01,-5.578212729399427694e+00,3.794174579244596668e+00
-1.167899647073814107e+00,7.984205081441243523e-01,-5.548085067213672339e+00,3.792881442930687630e+00
-1.161557623545401929e+00,7.981122147725530080e-01,-5.517957405027917872e+00,3.791416901130866268e+00
-1.155215600016989308e+00,7.977659692377567779e-01,-5.487829742842162517e+00,3.789772068301260344e+00
-1.148873576488576909e+00,7.973799647439971938e-01,-5.457702080656407162e+00,3.787938361293067491e+00
-1.142531552960164509e+00,7.969524575742487071e-01,-5.427574418470651807e+00,3.785907496611713441e+00
-1.136189529431752332e+00,7.964817665132378766e-01,-5.397446756284897340e+00,3.783671487676007139e+00
-1.129847505903339933e+00,7.959662722704816673e-01,-5.367319094099141985e+00,3.781222642077298079e+00
-1.123505482374927533e+00,7.954044169033266387e-01,-5.337191431913386630e+00,3.778553558838634086e+00
-1.117163458846514912e+00,7.947947032399879097e-01,-5.307063769727631275e+00,3.775657125673917314e+00
-1.110821435318102735e+00,7.941356943025873472e-01,-5.276936107541876808e+00,3.772526516247059813e+00
-1.104479411789690335e+00,7.934260127301925314e-01,-5.246808445356121453e+00,3.769155187431142195e+00
-1.098137388261277936e+00,7.926643402018562767e-01,-5.216680783170366098e+00,3.765536876567569635e+00
-1.091795364732865536e+00,7.918494168596542648e-01,-5.186553120984610743e+00,3.761665598725228765e+00
-1.085453341204453137e+00,7.909800407317247872e-01,-5.156425458798855388e+00,3.757535643959643679e+00
-1.079111317676040738e+00,7.900550671553070448e-01,-5.126297796613100921e+00,3.753141574572134154e+00
-1.072769294147628338e+00,7.890734081997800020e-01,-5.096170134427345566e+00,3.748478222368969881e+00
-1.066427270619215939e+00,7.880340320897012418e-01,-5.066042472241590211e+00,3.743540685920530464e+00
-1.060085247090803540e+00,7.869359626278459308e-01,-5.035914810055834856e+00,3.738324327820460091e+00
-1.053743223562391362e+00,7.857782786182452295e-01,-5.005787147870080389e+00,3.732824771944824427e+00
-1.047401200033978741e+00,7.845601132892253693e-01,-4.975659485684325034e+00,3.727037900711267504e+00
-1.041059176505566342e+00,7.832806537164465066e-01,-4.945531823498569679e+00,3.720959852338169949e+00
-1.034717152977153942e+00,7.819391402459410223e-01,-4.915404161312814324e+00,3.714587018103802762e+00
-1.028375129448741543e+00,7.805348659171529313e-01,-4.885276499127058969e+00,3.707916039605486436e+00
-1.022033105920329366e+00,7.790671758859766260e-01,-4.855148836941304502e+00,3.700943806018748283e+00
-1.015691082391916966e+00,7.775354668477948428e-01,-4.825021174755549147e+00,3.693667451356475340e+00
-1.009349058863504345e+00,7.759391864605185152e-01,-4.794893512569793792e+00,3.686084351728075692e+00
-1.003007035335092167e+00,7.742778327676252959e-01,-4.764765850384039325e+00,3.678192122598633151e+00
-9.966650118066797681e-01,7.725509536211974115e-01,-4.734638188198283970e+00,3.669988616048062813e+00
-9.903229882782673688e-01,7.707581461049620719e-01,-4.704510526012528615e+00,3.661471918030270611e+00
-9.839809647498548584e-01,7.688990559573288808e-01,-4.674382863826773260e+00,3.652640345632307550e+00
-9.776389412214424590e-01,7.669733769944292456e-01,-4.644255201641017905e+00,3.643492444333527924e+00
-9.712969176930300597e-01,7.649808505331551212e-01,-4.614127539455262550e+00,3.634026985264744880e+00
-9.649548941646177713e-01,7.629212648141978637e-01,-4.583999877269508083e+00,3.624242962467389972e+00
-9.586128706362053720e-01,7.607944544250866414e-01,-4.553872215083752728e+00,3.614139590152664727e+00
-9.522708471077929726e-01,7.586002997232277334e-01,-4.523744552897997373e+00,3.603716299960702862e+00
-9.459288235793806843e-01,7.563387262589430504e-01,-4.493616890712242906e+00,3.592972738219724071e+00
-9.395868000509682849e-01,7.540097041985086568e-01,-4.463489228526487551e+00,3.581908763205190915e+00
-9.332447765225557745e-01,7.516132477471944018e-01,-4.433361566340732196e+00,3.570524442398966602e+00
-9.269027529941433752e-01,7.491494145723019971e-01,-4.403233904154976841e+00,3.558820049748471437e+00
-9.205607294657309758e-01,7.466183052262036490e-01,-4.373106241969221486e+00,3.546796062925838378e+00
-9.142187059373186875e-01,7.440200625693814684e-01,-4.342978579783467019e+00,3.534453160587071707e+00
-9.078766824089062881e-01,7.413548711934662139e-01,-4.312850917597711664e+00,3.521792219631202148e+00
-9.015346588804938888e-01,7.386229568442752580e-01,-4.282723255411956309e+00,3.508814312459444196e+00
-8.951926353520813784e-01,7.358245858448526633e-01,-4.252595593226200954e+00,3.495520704234353904e+00
-8.888506118236692011e-01,7.329600645185068153e-01,-4.222467931040446487e+00,3.481912850138983995e+00
-8.825085882952568017e-01,7.300297386118497212e-01,-4.192340268854691132e+00,3.467992392636040755e+00
-8.761665647668442913e-01,7.270339927178359751e-01,-4.162212606668935777e+00,3.453761158727042258e+00
-8.698245412384318920e-01,7.239732496988013910e-01,-4.132084944483180422e+00,3.439221157211474367e+00
-8.634825177100194926e-01,7.208479701095015235e-01,-4.101957282297425067e+00,3.424374575945946741e+00
-8.571404941816072043e-01,7.176586516201508559e-01,-4.071829620111670600e+00,3.409223779103350616e+00
-8.507984706531948049e-01,7.144058284394609881e-01,-4.041701957925915245e+00,3.393771304432013469e+00
-8.444564471247822945e-01,7.110900707376804908e-01,-4.011574295740159890e+00,3.378019860514859474e+00
-8.381144235963700062e-01,7.077119840696329822e-01,-3.981446633554404979e+00,3.361972324028564607e+00
-8.317724000679576069e-01,7.042722087977555390e-01,-3.951318971368649624e+00,3.345631737002710437e+00
-8.254303765395452075e-01,7.007714195151383274e-01,-3.921191309182894713e+00,3.329001304078945012e+00
-8.190883530111328081e-01,6.972103244685629031e-01,-3.891063646997139358e+00,3.312084389770137971e+00
-8.127463294827205198e-01,6.935896649815412873e-01,-3.860935984811384447e+00,3.294884515719537887e+00
-8.064043059543080094e-01,6.899102148773542664e-01,-3.830808322625629092e+00,3.277405357959926491e+00
-8.000622824258957211e-01,6.861727799020910235e-01,-3.800680660439874181e+00,3.259650744172780001e+00
-7.937202588974833217e-01,6.823781971476871044e-01,-3.770552998254118826e+00,3.241624650947422026e+00
-7.873782353690709224e-01,6.785273344749630509e-01,-3.740425336068363915e+00,3.223331201040180005e+00
-7.810362118406585230e-01,6.746210899366648084e-01,-3.710297673882608560e+00,3.204774660633546990e+00
-7.746941883122461237e-01,6.706603912005003609e-01,-3.680170011696853205e+00,3.185959436595331873e+00
-7.683521647838337243e-01,6.666461949721799174e-01,-3.650042349511098294e+00,3.166890073737820721e+00
-7.620101412554213249e-01,6.625794864184546551e-01,-3.619914687325342939e+00,3.147571252076932335e+00
-7.556681177270089256e-01,6.584612785901545751e-01,-3.589787025139588028e+00,3.128007784091373367e+00
-7.493260941985965262e-01,6.542926118452282447e-01,-3.559659362953832673e+00,3.108204611981797427e+00
-7.429840706701842379e-01,6.500745532717813191e-01,-3.529531700768077762e+00,3.088166804929960207e+00
-7.366420471417717275e-01,6.458081961111148406e-01,-3.499404038582322407e+00,3.067899556357876811e+00
-7.303000236133594392e-01,6.414946591807652032e-01,-3.469276376396567496e+00,3.047408181186979981e+00
-7.239580000849470398e-01,6.371350862975414531e-01,-3.439148714210812141e+00,3.026698113097272991e+00
-7.176159765565346405e-01,6.327306457005651419e-01,-3.409021052025057230e+00,3.005774901786490538e+00
-7.112739530281222411e-01,6.282825294743089595e-01,-3.378893389839301875e+00,2.984644210229253414e+00
-7.049319294997098417e-01,6.237919529716350331e-01,-3.348765727653546964e+00,2.963311811936224949e+00
-6.985899059712974424e-01,6.192601542368341150e-01,-3.318638065467791609e+00,2.941783588213268796e+00
-6.922478824428850430e-01,6.146883934286646589e-01,-3.288510403282036254e+00,2.920065525420605823e+00
-6.859058589144726437e-01,6.100779522433910085e-01,-3.258382741096281343e+00,2.898163712231971001e+00
-6.795638353860602443e-01,6.054301333378221406e-01,-3.228255078910525988e+00,2.876084336893765858e+00
-6.732218118576479560e-01,6.007462597523515191e-01,-3.198127416724771077e+00,2.853833684484223809e+00
-6.668797883292354456e-01,5.960276743339943950e-01,-3.167999754539015722e+00,2.831418134172558609e+00
-6.605377648008231573e-01,5.912757391594277712e-01,-3.137872092353260811e+00,2.808844156478125242e+00
-6.541957412724107579e-01,5.864918349580285906e-01,-3.107744430167505456e+00,2.786118310529576814e+00
-6.478537177439983585e-01,5.816773605349127019e-01,-3.077616767981750545e+00,2.763247241324019221e+00
-6.415116942155859592e-01,5.768337321939737139e-01,-3.047489105795995190e+00,2.740237676986169824e+00
-6.351696706871736708e-01,5.719623831609217390e-01,-3.017361443610240279e+00,2.717096426027513445e+00
-6.288276471587611605e-01,5.670647630063219147e-01,-2.987233781424484924e+00,2.693830374605457934e+00
-6.224856236303488721e-01,5.621423370686340348e-01,-2.957106119238730013e+00,2.670446483782494607e+00
-6.161436001019364728e-01,5.571965858772500724e-01,-2.926978457052974658e+00,2.646951786785349814e+00
-6.098015765735239624e-01,5.522290045755340326e-01,-2.896850794867219303e+00,2.623353386264145826e+00
-6.034595530451116741e-01,5.472411023438601418e-01,-2.866723132681464392e+00,2.599658451551555505e+00
-5.971175295166992747e-01,5.422344018226523676e-01,-2.836595470495709037e+00,2.575874215921960975e+00
-5.907755059882868753e-01,5.372104385354221634e-01,-2.806467808309954126e+00,2.552007973850607847e+00
-5.844334824598744760e-01,5.321707603118080998e-01,-2.776340146124198771e+00,2.528067078272763446e+00
-5.780914589314620766e-01,5.271169267106140532e-01,-2.746212483938443860e+00,2.504058937842873256e+00
-5.717494354030496773e-01,5.220505084428486153e-01,-2.716084821752688505e+00,2.479991014193718257e+00
-5.654074118746373889e-01,5.169730867947636144e-01,-2.685957159566933594e+00,2.455870819195570931e+00
-5.590653883462248785e-01,5.118862530508926367e-01,-2.655829497381178239e+00,2.431705912215351706e+00
-5.527233648178125902e-01,5.067916079170901034e-01,-2.625701835195423328e+00,2.407503897375787183e+00
-5.463813412894001909e-01,5.016907609435701243e-01,-2.595574173009667973e+00,2.383272420814565695e+00
-5.400393177609877915e-01,4.965853299479452421e-01,-2.565446510823913062e+00,2.359019167943494200e+00
-5.336972942325753921e-01,4.914769404382647866e-01,-2.535318848638157707e+00,2.334751860707654281e+00
-5.273552707041629928e-01,4.863672250360543403e-01,-2.505191186452402352e+00,2.310478254844561263e+00
-5.210132471757505934e-01,4.812578228993545926e-01,-2.475063524266647441e+00,2.286206137143320216e+00
-5.146712236473381941e-01,4.761503791457588619e-01,-2.444935862080892086e+00,2.261943322703778403e+00
-5.083292001189257947e-01,4.710465442754535603e-01,-2.414808199895137175e+00,2.237697652195689280e+00
-5.019871765905133953e-01,4.659479735942558820e-01,-2.384680537709381820e+00,2.213476989117863614e+00
-4.956451530621010515e-01,4.608563266366530464e-01,-2.354552875523626909e+00,2.189289217057329040e+00
-4.893031295336886521e-01,4.557732665888410417e-01,-2.324425213337871554e+00,2.165142236948486065e+00
-4.829611060052763083e-01,4.507004597117630351e-01,-2.294297551152116643e+00,2.141043964332263183e+00
-4.766190824768638534e-01,4.456395747641487826e-01,-2.264169888966361288e+00,2.117002326615276431e+00
-4.702770589484515651e-01,4.405922824255533721e-01,-2.234042226780606377e+00,2.093025260328986725e+00
-4.639350354200391102e-01,4.355602547193949681e-01,-2.203914564594851022e+00,2.069120708388850538e+00
-4.575930118916267664e-01,4.305451644359950536e-01,-2.173786902409096111e+00,2.045296617353483448e+00
-4.512509883632143670e-01,4.255486845556166187e-01,-2.143659240223340756e+00,2.021560934683815702e+00
-4.449089648348019121e-01,4.205724876715023486e-01,-2.113531578037585401e+00,1.997921606002243777e+00
-4.385669413063895683e-01,4.156182454129146442e-01,-2.083403915851830490e+00,1.974386572351795266e+00
-4.322249177779771689e-01,4.106876278681733661e-01,-2.053276253666075135e+00,1.950963767455278441e+00
-4.258828942495648251e-01,4.057823030076948001e-01,-2.023148591480320224e+00,1.927661114974441370e+00
-4.195408707211524812e-01,4.009039361070309559e-01,-1.993020929294565313e+00,1.904486525769131244e+00
-4.131988471927400264e-01,3.960541891699084216e-01,-1.962893267108809958e+00,1.881447895156449501e+00
-4.068568236643276270e-01,3.912347203512657745e-01,-1.932765604923054603e+00,1.858553100169904715e+00
-4.005148001359151722e-01,3.864471833802943790e-01,-1.902637942737299248e+00,1.835809996818576151e+00
-3.941727766075029393e-01,3.816932269834759084e-01,-1.872510280551544781e+00,1.813226417346266883e+00
-3.878307530790904845e-01,3.769744943076207555e-01,-1.842382618365789426e+00,1.790810167490656912e+00
-3.814887295506780851e-01,3.722926223429084414e-01,-1.812254956180034071e+00,1.768569023742469160e+00
-3.751467060222656302e-01,3.676492413459253594e-01,-1.782127293994278716e+00,1.746510730604619255e+00
-3.688046824938532309e-01,3.630459742627025754e-01,-1.751999631808523361e+00,1.724642997851369763e+00
-3.624626589654409425e-01,3.584844361517573463e-01,-1.721871969622768894e+00,1.702973497787498403e+00
-3.561206354370285432e-01,3.539662336071285331e-01,-1.691744307437013539e+00,1.681509862507439390e+00
-3.497786119086160883e-01,3.494929641814186194e-01,-1.661616645251258184e+00,1.660259681154455436e+00
-3.434365883802036890e-01,3.450662158088302345e-01,-1.631488983065502829e+00,1.639230497179783086e+00
-3.370945648517914006e-01,3.406875662282062844e-01,-1.601361320879748362e+00,1.618429805601797167e+00
-3.307525413233790013e-01,3.363585824060671414e-01,-1.571233658693993007e+00,1.597865050265158349e+00
-3.244105177949665464e-01,3.320808199596515520e-01,-1.541105996508237652e+00,1.577543621099981141e+00
-3.180684942665541470e-01,3.278558225799536041e-01,-1.510978334322482297e+00,1.557472851380981904e+00
-3.117264707381419142e-01,3.236851214547629696e-01,-1.480850672136727830e+00,1.537660014986641510e+00
-3.053844472097294593e-01,3.195702346917027037e-01,-1.450723009950972475e+00,1.518112323658358243e+00
-2.990424236813170045e-01,3.155126667412681551e-01,-1.420595347765217120e+00,1.498836924259605130e+00
-2.927004001529046051e-01,3.115139078198657652e-01,-1.390467685579461765e+00,1.479840896035085951e+00
-2.863583766244921502e-01,3.075754333328530321e-01,-1.360340023393706410e+00,1.461131247869898786e+00
-2.800163530960799174e-01,3.036987032975748679e-01,-1.330212361207951943e+00,1.442714915548680032e+00
-2.736743295676674625e-01,2.998851617664050617e-01,-1.300084699022196588e+00,1.424598759014774174e+00
-2.673323060392550632e-01,2.961362362497831913e-01,-1.269957036836441233e+00,1.406789559629382680e+00
-2.609902825108426083e-01,2.924533371392542547e-01,-1.239829374650685878e+00,1.389294017430722672e+00
-2.546482589824303755e-01,2.888378571305071363e-01,-1.209701712464931411e+00,1.372118748393183818e+00
-2.483062354540179484e-01,2.852911706464136832e-01,-1.179574050279176056e+00,1.355270281686485667e+00
-2.419642119256055213e-01,2.818146332600668935e-01,-1.149446388093420701e+00,1.338755056934832322e+00
-2.356221883971930942e-01,2.784095811178211588e-01,-1.119318725907665346e+00,1.322579421476075101e+00
-2.292801648687808336e-01,2.750773303623295085e-01,-1.089191063721910879e+00,1.306749627620861887e+00
-2.229381413403684065e-01,2.718191765555820760e-01,-1.059063401536155524e+00,1.291271829911793567e+00
-2.165961178119559793e-01,2.686363941019477286e-01,-1.028935739350400169e+00,1.276152082382592923e+00
-2.102540942835435522e-01,2.655302356712088141e-01,-9.988080771646448142e-01,1.261396335817243308e+00
-2.039120707551311251e-01,2.625019316216029019e-01,-9.686804149788894591e-01,1.247010435009158424e+00
-1.975700472267188923e-01,2.595526894228618042e-01,-9.385527527931349923e-01,1.233000116020340542e+00
-1.912280236983064374e-01,2.566836930792470439e-01,-9.084250906073796372e-01,1.219371003440521850e+00
-1.848860001698940103e-01,2.538961025525927062e-01,-8.782974284216242822e-01,1.206128607646339557e+00
-1.785439766414815832e-01,2.511910531853421835e-01,-8.481697662358689271e-01,1.193278322060483898e+00
-1.722019531130693504e-01,2.485696551235860030e-01,-8.180421040501144603e-01,1.180825420410850146e+00
-1.658599295846569233e-01,2.460329927401025407e-01,-7.879144418643591052e-01,1.168775053989703494e+00
-1.595179060562444684e-01,2.435821240573972646e-01,-7.577867796786037502e-01,1.157132248912839501e+00
-1.531758825278320413e-01,2.412180801707377586e-01,-7.276591174928483952e-01,1.145901903378721443e+00
-1.468338589994198085e-01,2.389418646711974070e-01,-6.975314553070939283e-01,1.135088784927661631e+00
-1.404918354710073813e-01,2.367544530686903348e-01,-6.674037931213385733e-01,1.124697527700958766e+00
-1.341498119425949542e-01,2.346567922150129271e-01,-6.372761309355832182e-01,1.114732629700068589e+00
-1.278077884141824994e-01,2.326497997268806295e-01,-6.071484687498278632e-01,1.105198450045750125e+00
-1.214657648857700861e-01,2.307343634089679407e-01,-5.770208065640725081e-01,1.096099206237229229e+00
-1.151237413573578394e-01,2.289113406769471004e-01,-5.468931443783180413e-01,1.087438971411354149e+00
-1.087817178289454123e-01,2.271815579805253893e-01,-5.167654821925626862e-01,1.079221671601745314e+00
-1.024396943005329713e-01,2.255458102264862597e-01,-4.866378200068073312e-01,1.071451082997963322e+00
-9.609767077212054420e-02,2.240048602017260249e-01,-4.565101578210519762e-01,1.064130829204655626e+00
-8.975564724370829750e-02,2.225594379962951008e-01,-4.263824956352975093e-01,1.057264378500724966e+00
-8.341362371529587039e-02,2.212102404264340572e-01,-3.962548334495421543e-01,1.050855041098472942e+00
-7.707160018688344327e-02,2.199579304576137484e-01,-3.661271712637867992e-01,1.044905966402763564e+00
-7.072957665847100228e-02,2.188031366275747236e-01,-3.359995090780314442e-01,1.039420140270182369e+00
-6.438755313005876946e-02,2.177464524693647208e-01,-3.058718468922769773e-01,1.034400382268187091e+00
-5.804552960164633540e-02,2.167884359343776324e-01,-2.757441847065216223e-01,1.029849342934265888e+00
-5.170350607323390135e-02,2.159296088153941917e-01,-2.456165225207662672e-01,1.025769501035102227e+00
-4.536148254482147424e-02,2.151704561696185236e-01,-2.154888603350109122e-01,1.022163160825721562e+00
-3.901945901640904019e-02,2.145114257417166104e-01,-1.853611981492555572e-01,1.019032449308646449e+00
-3.267743548799679348e-02,2.139529273868581993e-01,-1.552335359635010903e-01,1.016379313493067649e+00
-2.633541195958436637e-02,2.134953324937513830e-01,-1.251058737777457353e-01,1.014205517653981481e+00
-1.999338843117193579e-02,2.131389734076853670e-01,-9.497821159199038021e-02,1.012512640591365365e+00
-1.365136490275950347e-02,2.128841428535678260e-01,-6.485054940623502517e-02,1.011302072889327164e+00
-7.309341374347260237e-03,2.127310933589600939e-01,-3.472288722048055831e-02,1.010575014175245645e+00
-9.673178459349108605e-04,2.126800366771215145e-01,-4.595225034725592718e-03,1.010332470378953129e+00
5.332101611842502559e-03,2.127875551122541398e-01,2.533004732354339483e-02,1.010843234660716572e+00
1.163152106961991457e-02,2.129388797798306143e-01,5.525531968181238152e-02,1.011562099616781563e+00
1.793094052739732658e-02,2.131843401166712837e-01,8.518059204008136820e-02,1.012728154279809445e+00
2.423035998517474032e-02,2.135175666822747564e-01,1.151058643983503549e-01,1.014311140743805462e+00
3.052977944295215060e-02,2.139439477076173768e-01,1.450311367566193277e-01,1.016336655697571922e+00
3.682919890072956781e-02,2.144624384794727723e-01,1.749564091148883282e-01,1.018799736250791010e+00
4.312861835850698156e-02,2.150756846127428734e-01,2.048816814731573288e-01,1.021712950346751247e+00
4.942803781628439530e-02,2.157867455204494911e-01,2.348069538314263016e-01,1.025090831668841629e+00
5.572745727406180211e-02,2.165968623551952632e-01,2.647322261896952744e-01,1.028939276288901805e+00
6.202687673183921585e-02,2.175107936625721716e-01,2.946574985479642472e-01,1.033280889587288476e+00
6.832629618961663653e-02,2.185329980177553033e-01,3.245827709062332755e-01,1.038136851940596683e+00
7.462571564739405028e-02,2.196669583490770961e-01,3.545080432645022483e-01,1.043523708933645766e+00
8.092513510517145015e-02,2.209200696349232773e-01,3.844333156227712212e-01,1.049476590270650433e+00
8.722455456294887777e-02,2.222969826255722370e-01,4.143585879810402495e-01,1.056017589252379985e+00
9.352397402072629151e-02,2.238023616049742426e-01,4.442838603393092223e-01,1.063168863471054104e+00
9.982339347850369138e-02,2.254355666973696382e-01,4.742091326975781951e-01,1.070927373209043187e+00
1.061228129362811051e-01,2.271889601551114191e-01,5.041344050558471679e-01,1.079256835491372746e+00
1.124222323940585050e-01,2.290486216703563338e-01,5.340596774141160852e-01,1.088091122160311341e+00
1.187216518518359326e-01,2.309958907088653091e-01,5.639849497723851135e-01,1.097341586702763827e+00
1.250210713096133186e-01,2.330151166918411898e-01,5.939102221306540308e-01,1.106933881341731540e+00
1.313204907673907462e-01,2.350940777238909041e-01,6.238354944889230591e-01,1.116809946195534087e+00
1.376199102251681738e-01,2.372220618189814778e-01,6.537607668471920874e-01,1.126918894178197572e+00
1.439193296829455737e-01,2.393902738371750383e-01,6.836860392054610047e-01,1.137218944144676058e+00
1.502187491407230013e-01,2.415936767019029041e-01,7.136113115637300330e-01,1.147686167558504167e+00
1.565181685985004012e-01,2.438266667191907877e-01,7.435365839219990614e-01,1.158293944178004242e+00
1.628175880562778011e-01,2.460846309060258363e-01,7.734618562802679786e-01,1.169020360115084367e+00
1.691170075140552287e-01,2.483647741375786810e-01,8.033871286385370070e-01,1.179852137182388461e+00
1.754164269718326563e-01,2.506634514897485566e-01,8.333124009968060353e-01,1.190771960237279714e+00
1.817158464296100562e-01,2.529785595803512588e-01,8.632376733550749526e-01,1.201769837202685265e+00
1.880152658873874838e-01,2.553076608045234952e-01,8.931629457133439809e-01,1.212834188283050230e+00
1.943146853451648837e-01,2.576486550926441188e-01,9.230882180716128982e-01,1.223955037137569812e+00
2.006141048029422835e-01,2.600001187587423490e-01,9.530134904298819265e-01,1.235125620573109151e+00
2.069135242607197112e-01,2.623600565670226037e-01,9.829387627881509548e-01,1.246336460259958701e+00
2.132129437184971388e-01,2.647276443208966823e-01,1.012864035146419983e+00,1.257583640867897090e+00
2.195123631762745109e-01,2.671009988894713083e-01,1.042789307504688789e+00,1.268858216619421553e+00
2.258117826340519385e-01,2.694794597744084585e-01,1.072714579862957818e+00,1.280157049829735438e+00
2.321112020918293661e-01,2.718614436754850372e-01,1.102639852221226846e+00,1.291472619061233784e+00
2.384106215496067660e-01,2.742466352856268719e-01,1.132565124579495874e+00,1.302803426453656099e+00
2.447100410073841936e-01,2.766340234024070033e-01,1.162490396937764903e+00,1.314144668309099595e+00
2.510094604651615935e-01,2.790228791296067157e-01,1.192415669296033709e+00,1.325492882019936536e+00
2.573088799229389934e-01,2.814121314329240398e-01,1.222340941654302737e+00,1.336842979658079633e+00
2.636082993807163932e-01,2.838010060519772226e-01,1.252266214012571766e+00,1.348191283114307026e+00
2.699077188384938486e-01,2.861895443646593762e-01,1.282191486370840794e+00,1.359537988953513521e+00
2.762071382962712485e-01,2.885769131756580341e-01,1.312116758729109822e+00,1.370879139097209265e+00
2.825065577540487038e-01,2.909629957161348202e-01,1.342042031087378851e+00,1.382214178837247731e+00
2.888059772118260482e-01,2.933466585204543287e-01,1.371967303445647657e+00,1.393537723666679273e+00
2.951053966696035036e-01,2.957274449485927104e-01,1.401892575803916685e+00,1.404847604325753396e+00
3.014048161273809034e-01,2.981053263817489696e-01,1.431817848162185713e+00,1.416143684861399965e+00
3.077042355851583033e-01,3.004795641436218689e-01,1.461743120520454742e+00,1.427422456205894807e+00
3.140036550429357587e-01,3.028503865868249489e-01,1.491668392878723770e+00,1.438685003143986840e+00
3.203030745007131030e-01,3.052172970404762320e-01,1.521593665236992576e+00,1.449928966250094931e+00
3.266024939584905584e-01,3.075796443764493571e-01,1.551518937595261605e+00,1.461151252352435037e+00
3.329019134162679583e-01,3.099375613770330440e-01,1.581444209953530633e+00,1.472352492230745380e+00
3.392013328740453582e-01,3.122906042415777850e-01,1.611369482311799661e+00,1.483530577618478397e+00
3.455007523318228135e-01,3.146383066001826045e-01,1.641294754670068690e+00,1.494683293034287042e+00
3.518001717896002134e-01,3.169807190670921315e-01,1.671220027028337718e+00,1.505810878920178286e+00
3.580995912473776133e-01,3.193173783534935528e-01,1.701145299386606524e+00,1.516911134431455643e+00
3.643990107051550131e-01,3.216478112288377322e-01,1.731070571744875553e+00,1.527981811495393139e+00
3.706984301629324685e-01,3.239722885174318168e-01,1.760995844103144581e+00,1.539024196657712729e+00
3.769978496207098684e-01,3.262906568292553988e-01,1.790921116461413609e+00,1.550037561242038953e+00
3.832972690784872682e-01,3.286023511331237490e-01,1.820846388819682637e+00,1.561019221078472130e+00
3.895966885362646681e-01,3.309077074858828293e-01,1.850771661177951444e+00,1.571970772598669130e+00
3.958961079940420680e-01,3.332065442878479056e-01,1.880696933536220472e+00,1.582891353116780753e+00
4.021955274518195234e-01,3.354982970094395611e-01,1.910622205894489500e+00,1.593778280845773665e+00
4.084949469095969232e-01,3.377830396692759196e-01,1.940547478252758529e+00,1.604631907409685976e+00
4.147943663673743786e-01,3.400608669197224265e-01,1.970472750611027557e+00,1.615452682452779953e+00
4.210937858251517230e-01,3.423316795548029812e-01,2.000398022969296363e+00,1.626240134698952566e+00
4.273932052829291783e-01,3.445947124230173686e-01,2.030323295327565614e+00,1.636990629310550283e+00
4.336926247407065782e-01,3.468506375521522300e-01,2.060248567685834420e+00,1.647707358742795725e+00
4.399920441984839226e-01,3.490993579077187325e-01,2.090173840044103226e+00,1.658389862035195117e+00
4.462914636562614334e-01,3.513404704983590365e-01,2.120099112402372477e+00,1.669036224784965050e+00
4.525908831140387778e-01,3.535737759840855698e-01,2.150024384760641283e+00,1.679645500031284655e+00
4.588903025718162332e-01,3.557995865785227307e-01,2.179949657118910533e+00,1.690219170939040616e+00
4.651897220295936330e-01,3.580178162909140038e-01,2.209874929477179339e+00,1.700756829010778848e+00
4.714891414873710329e-01,3.602283889176205456e-01,2.239800201835448146e+00,1.711258112242562301e+00
4.777885609451484883e-01,3.624312344471302683e-01,2.269725474193717396e+00,1.721722688046033456e+00
4.840879804029258326e-01,3.646262893608216427e-01,2.299650746551986202e+00,1.732150254677188972e+00
4.903873998607033435e-01,3.668134968490819880e-01,2.329576018910255453e+00,1.742540542263043557e+00
4.966868193184806879e-01,3.689928030766390088e-01,2.359501291268524259e+00,1.752893295060160117e+00
5.029862387762580322e-01,3.711642049243699670e-01,2.389426563626793065e+00,1.763208498251205292e+00
5.092856582340354876e-01,3.733265246087491551e-01,2.419351835985062316e+00,1.773480556797934371e+00
5.155850776918129430e-01,3.754805745254699567e-01,2.449277108343331122e+00,1.783713329970641803e+00
5.218844971495903984e-01,3.776265727823123197e-01,2.479202380701600372e+00,1.793907853886189452e+00
5.281839166073677427e-01,3.797644918144530424e-01,2.509127653059869179e+00,1.804063997598408742e+00
5.344833360651451981e-01,3.818943157184568893e-01,2.539052925418138429e+00,1.814181685558333035e+00
5.407827555229226535e-01,3.840160320639110503e-01,2.568978197776407235e+00,1.824260858715522460e+00
5.470821749806999978e-01,3.861296319208166183e-01,2.598903470134676041e+00,1.834301474648187158e+00
5.533815944384774532e-01,3.882351091010478039e-01,2.628828742492945292e+00,1.844303503959753066e+00
5.596810138962547976e-01,3.903324604854360169e-01,2.658754014851214098e+00,1.854266931832669218e+00
5.659804333540322530e-01,3.924216582425456012e-01,2.688679287209483348e+00,1.864191626054229722e+00
5.722798528118097083e-01,3.945015387947665708e-01,2.718604559567752155e+00,1.874072059071122176e+00
5.785792722695870527e-01,3.965732713734744230e-01,2.748529831926020961e+00,1.883913785294764498e+00
5.848786917273645081e-01,3.986368589340192337e-01,2.778455104284290211e+00,1.893716818764491272e+00
5.911781111851418524e-01,4.006923016420709804e-01,2.808380376642559018e+00,1.903481160267314287e+00
5.974775306429193078e-01,4.027396015614426172e-01,2.838305649000828268e+00,1.913206819607337739e+00
6.037769501006967632e-01,4.047787616010506961e-01,2.868230921359097074e+00,1.922893810603314435e+00
6.100763695584741075e-01,4.068097858106706766e-01,2.898156193717365881e+00,1.932542152493625709e+00
6.163757890162515629e-01,4.088326791500078161e-01,2.928081466075635131e+00,1.942151868839257167e+00
6.226752084740289073e-01,4.108474517222568401e-01,2.958006738433903937e+00,1.951723007635243201e+00
6.289746279318063626e-01,4.128540042165662616e-01,2.987932010792173187e+00,1.961255097107271750e+00
6.352740473895838180e-01,4.148514383918761039e-01,3.017857283150441994e+00,1.970743870178267132e+00
6.415734668473611624e-01,4.168407300915502600e-01,3.047782555508710800e+00,1.980193962573574273e+00
6.478728863051386178e-01,4.188219251561897671e-01,3.077707827866980050e+00,1.989605592058097283e+00
6.541723057629159621e-01,4.207950370221168468e-01,3.107633100225248857e+00,1.998978822460829141e+00
6.604717252206934175e-01,4.227600810249434460e-01,3.137558372583518107e+00,2.008313726633303098e+00
6.667711446784708729e-01,4.247170736429208282e-01,3.167483644941786913e+00,2.017610382855138162e+00
6.730705641362482172e-01,4.266660324476108102e-01,3.197408917300055720e+00,2.026868874599704551e+00
6.793699835940256726e-01,4.286069758822577680e-01,3.227334189658324970e+00,2.036089289481284315e+00
6.856694030518030170e-01,4.305399240829808072e-01,3.257259462016593776e+00,2.045271723156128374e+00
6.919688225095805834e-01,4.324648900493111570e-01,3.287184734374863027e+00,2.054416237378262622e+00
6.982682419673579277e-01,4.343809455692302923e-01,3.317110006733131833e+00,2.063518422694141652e+00
7.045676614251353831e-01,4.362889290790338270e-01,3.347035279091401083e+00,2.072582262079446291e+00
7.108670808829127274e-01,4.381889878785831249e-01,3.376960551449669889e+00,2.081608455279366776e+00
7.171665003406900718e-01,4.400811442272037910e-01,3.406885823807938696e+00,2.090597108036406748e+00
7.234659197984676382e-01,4.419654208598314815e-01,3.436811096166207946e+00,2.099548328352445203e+00
7.297653392562449826e-01,4.438418410343881182e-01,3.466736368524476752e+00,2.108462226713798238e+00
7.360647587140224379e-01,4.457104285169681823e-01,3.496661640882746003e+00,2.117338916020846007e+00
7.423641781717997823e-01,4.475712074890533243e-01,3.526586913241014809e+00,2.126178511147256867e+00
7.486635976295772377e-01,4.494242037994786165e-01,3.556512185599283615e+00,2.134981134887430798e+00
7.549630170873546930e-01,4.512694287912866198e-01,3.586437457957552866e+00,2.143746841126275449e+00
7.612624365451320374e-01,4.531064197504393043e-01,3.616362730315821672e+00,2.152473431749551303e+00
7.675618560029094928e-01,4.549351805701083995e-01,3.646288002674090922e+00,2.161160925251696785e+00
7.738612754606868371e-01,4.567562399766841863e-01,3.676213275032359729e+00,2.169811833337375262e+00
7.801606949184642925e-01,4.585696362605451437e-01,3.706138547390628535e+00,2.178426337904302290e+00
7.864601143762417479e-01,4.603753959834301357e-01,3.736063819748897785e+00,2.187004565133512823e+00
7.927595338340190922e-01,4.621735470504028109e-01,3.765989092107166591e+00,2.195546647587481637e+00
7.990589532917965476e-01,4.639641175715206733e-01,3.795914364465435842e+00,2.204052718802501865e+00
8.053583727495738920e-01,4.657471359113792286e-01,3.825839636823704648e+00,2.212522913524045620e+00
8.116577922073513474e-01,4.675226305490328693e-01,3.855764909181973454e+00,2.220957367041318964e+00
8.179572116651288027e-01,4.692906307894529339e-01,3.885690181540242705e+00,2.229356218567031256e+00
8.242566311229061471e-01,4.710511595057660927e-01,3.915615453898511511e+00,2.237719576759535922e+00
8.305560505806836025e-01,4.728033850504430591e-01,3.945540726256780761e+00,2.246043490893057548e+00
8.368554700384609468e-01,4.745480633098000944e-01,3.975465998615049568e+00,2.254331551791169286e+00
8.431548894962385132e-01,4.762853515574024810e-01,4.005391270973318818e+00,2.262584506578952936e+00
8.494543089540158576e-01,4.780152786599144443e-01,4.035316543331587624e+00,2.270802492386947868e+00
8.557537284117934240e-01,4.797378734943143486e-01,4.065241815689857319e+00,2.278985646394690701e+00
8.620531478695707683e-01,4.814531650302683041e-01,4.095167088048126125e+00,2.287134106222029395e+00
8.683525673273481127e-01,4.831611823180043119e-01,4.125092360406394931e+00,2.295248009871520001e+00
8.746519867851255681e-01,4.848619545251058871e-01,4.155017632764663738e+00,2.303327495903213062e+00
8.809514062429029124e-01,4.865555107656208134e-01,4.184942905122932544e+00,2.311372702622839448e+00
8.872508257006804788e-01,4.882418825282121566e-01,4.214868177481202238e+00,2.319383779616694063e+00
8.935502451584578232e-01,4.899210290587197036e-01,4.244793449839471045e+00,2.327360533282913480e+00
8.998496646162351675e-01,4.915921934048075315e-01,4.274718722197739851e+00,2.335299367733818965e+00
9.061490840740126229e-01,4.932562061187664160e-01,4.304643994556008657e+00,2.343204228492275387e+00
9.124485035317899673e-01,4.949131434965921561e-01,4.334569266914277463e+00,2.351075478000960395e+00
9.187479229895675337e-01,4.965630342986864787e-01,4.364494539272547158e+00,2.358913252885615375e+00
9.250473424473448780e-01,4.982059088276768466e-01,4.394419811630815964e+00,2.366717697098296380e+00
9.313467619051223334e-01,4.998417972821069255e-01,4.424345083989084770e+00,2.374488954096610094e+00
9.376461813628996778e-01,5.014707298400700175e-01,4.454270356347353577e+00,2.382227167241015575e+00
9.439456008206770221e-01,5.030927366167488035e-01,4.484195628705622383e+00,2.389932479593115833e+00
9.502450202784545885e-01,5.047078475182897872e-01,4.514120901063892077e+00,2.397605033221490434e+00
9.565444397362319329e-01,5.063160929268690769e-01,4.544046173422160884e+00,2.405244972456089148e+00
9.628438591940093882e-01,5.079175011660624905e-01,4.573971445780429690e+00,2.412852431847521295e+00
9.691432786517867326e-01,5.095112223295653608e-01,4.603896718138698496e+00,2.420423373932046207e+00
9.754426981095640770e-01,5.110981033997319400e-01,4.633821990496967302e+00,2.427961822283232873e+00
9.817421175673416434e-01,5.126782269821523741e-01,4.663747262855236997e+00,2.435468169317367426e+00
9.880415370251189877e-01,5.142516214070755876e-01,4.693672535213505803e+00,2.442942549616757830e+00
9.943409564828964431e-01,5.158183152537066940e-01,4.723597807571774609e+00,2.450385098946374907e+00
1.000640375940673676e+00,5.173783369945491595e-01,4.753523079930043416e+00,2.457795952564305608e+00
1.006939795398451132e+00,5.189317151162569086e-01,4.783448352288312222e+00,2.465175245795857339e+00
1.013239214856228809e+00,5.204784781698423846e-01,4.813373624646581916e+00,2.472523114272071165e+00
1.019538634314006043e+00,5.220186548880293431e-01,4.843298897004850723e+00,2.479839694487206092e+00
1.025838053771783498e+00,5.235522735616586765e-01,4.873224169363119529e+00,2.487125120836363390e+00
1.032137473229560731e+00,5.250793714799741885e-01,4.903149441721388335e+00,2.494379570461386475e+00
1.038436892687338409e+00,5.265993729191053019e-01,4.933074714079658030e+00,2.501600308396975336e+00
1.044736312145115864e+00,5.281125877199689400e-01,4.962999986437926836e+00,2.508788806536514482e+00
1.051035731602893097e+00,5.296193513478969495e-01,4.992925258796195642e+00,2.515946658501683864e+00
1.057335151060670553e+00,5.311196984587628345e-01,5.022850531154464448e+00,2.523074028924551904e+00
1.063634570518448008e+00,5.326136590037139351e-01,5.052775803512733255e+00,2.530171060087475166e+00
1.069933989976225464e+00,5.341012632114817693e-01,5.082701075871002949e+00,2.537237895591466952e+00
1.076233409434002919e+00,5.355825410604163617e-01,5.112626348229271755e+00,2.544274677848109789e+00
1.082532828891780152e+00,5.370575221754897433e-01,5.142551620587540562e+00,2.551281547590269927e+00
1.088832248349557608e+00,5.385262356898942171e-01,5.172476892945809368e+00,2.558258643214622818e+00
1.095131667807335063e+00,5.399887101149375424e-01,5.202402165304078174e+00,2.565206100163595071e+00
1.101431087265112518e+00,5.414449735339520453e-01,5.232327437662347869e+00,2.572124051846521819e+00
1.107730506722889974e+00,5.428949337813672171e-01,5.262252710020616675e+00,2.579012060432613218e+00
1.114029926180667207e+00,5.443379787386867230e-01,5.292177982378885481e+00,2.585867218064590745e+00
1.120329345638444662e+00,5.457748744685846365e-01,5.322103254737154288e+00,2.592693163908622811e+00
1.126628765096222118e+00,5.472056533780652599e-01,5.352028527095423094e+00,2.599490051913566191e+00
1.132928184553999573e+00,5.486303379989437845e-01,5.381953799453692788e+00,2.606257989116381069e+00
1.139227604011777029e+00,5.500489510861764630e-01,5.411879071811961595e+00,2.612997083614054361e+00
1.145527023469554262e+00,5.514615150473221039e-01,5.441804344170230401e+00,2.619707441853267760e+00
1.151826442927331717e+00,5.528680522309389334e-01,5.471729616528499207e+00,2.626389170000422713e+00
1.158125862385109173e+00,5.542685851342386005e-01,5.501654888886768013e+00,2.633042374928094898e+00
1.164425281842886628e+00,5.556631365372046716e-01,5.531580161245037708e+00,2.639667164852163239e+00
1.170724701300664083e+00,5.570517305996489643e-01,5.561505433603306514e+00,2.646263654543355326e+00
1.177024120758441317e+00,5.584343828485195393e-01,5.591430705961575320e+00,2.652831917762141334e+00
1.183323540216218772e+00,5.598107822886690954e-01,5.621355978319844127e+00,2.659370477131987709e+00
1.189622959673996228e+00,5.611807955166864259e-01,5.651281250678112933e+00,2.665878698922526713e+00
1.195922379131773683e+00,5.625449398026892700e-01,5.681206523036382627e+00,2.672359040415615894e+00
1.202221798589551138e+00,5.639032512590822499e-01,5.711131795394651434e+00,2.678811673162548423e+00
1.208521218047328372e+00,5.652557584980687500e-01,5.741057067752920240e+00,2.685236733085051508e+00
1.214820637505105827e+00,5.666024912470630781e-01,5.770982340111189046e+00,2.691634361402641673e+00
1.221120056962883282e+00,5.679434794564045541e-01,5.800907612469457852e+00,2.698004700393836774e+00
1.227419476420660738e+00,5.692787531077421193e-01,5.830832884827727547e+00,2.704347892485889471e+00
1.233718895878438193e+00,5.706083419758314346e-01,5.860758157185996353e+00,2.710664079123210612e+00
1.240018315336215426e+00,5.719322753635525114e-01,5.890683429544265159e+00,2.716953399508574840e+00
1.246317734793992882e+00,5.732505823454545624e-01,5.920608701902533966e+00,2.723215991760074672e+00
1.252617154251770337e+00,5.745632841115272393e-01,5.950533974260802772e+00,2.729451956540354107e+00
1.258916573709547793e+00,5.758699985221035211e-01,5.980459246619072466e+00,2.735659478502189934e+00
1.265215993167325248e+00,5.771707472000031647e-01,6.010384518977341273e+00,2.741838660364376956e+00
1.271515412625102481e+00,5.784659643148113428e-01,6.040309791335610079e+00,2.747991564641273587e+00
1.277814832082879937e+00,5.797556743095308995e-01,6.070235063693878885e+00,2.754118307448901071e+00
1.284114251540657392e+00,5.810398986527536280e-01,6.100160336052147692e+00,2.760218990773395387e+00
1.290413670998434847e+00,5.823186582468521388e-01,6.130085608410417386e+00,2.766293713911081031e+00
1.296713090456212303e+00,5.835919734211049148e-01,6.160010880768686192e+00,2.772342573435808699e+00
1.303012509913989758e+00,5.848598641614469740e-01,6.189936153126954999e+00,2.778365664290382675e+00
1.309311929371766992e+00,5.861223503223358389e-01,6.219861425485223805e+00,2.784363080793025524e+00
1.315611348829544447e+00,5.873794518058672587e-01,6.249786697843492611e+00,2.790334917488265010e+00
1.321910768287321902e+00,5.886311891076776437e-01,6.279711970201762306e+00,2.796281271740232555e+00
1.328210187745099358e+00,5.898775801914860617e-01,6.309637242560031112e+00,2.802202228885233293e+00
1.334509607202876813e+00,5.911182953606474166e-01,6.339562514918299918e+00,2.808096222705624090e+00
1.340809026660654046e+00,5.923532507374397182e-01,6.369487787276568724e+00,2.813962854741881348e+00
1.347108446118431502e+00,5.935829185681402720e-01,6.399413059634837531e+00,2.819804368390965710e+00
1.353407865576208957e+00,5.948073278825767307e-01,6.429338331993107225e+00,2.825620901558522302e+00
1.359707285033986413e+00,5.960265030289365606e-01,6.459263604351376031e+00,2.831412569910152222e+00
1.366006704491763868e+00,5.972404690376904579e-01,6.489188876709644838e+00,2.837179492352630561e+00
1.372306123949541101e+00,5.984492511703559670e-01,6.519114149067913644e+00,2.842921788890316215e+00
1.378605543407318557e+00,5.996528747468173881e-01,6.549039421426182450e+00,2.848639579804837840e+00
1.384904962865096012e+00,6.008513649642229781e-01,6.578964693784452145e+00,2.854332984794769601e+00
1.391204382322873467e+00,6.020447467449969725e-01,6.608889966142720951e+00,2.860002122253614054e+00
1.397503801780650923e+00,6.032330441826501133e-01,6.638815238500989757e+00,2.865647106637135177e+00
1.403803221238428156e+00,6.044162852110304129e-01,6.668740510859258563e+00,2.871268070644547254e+00
1.410102640696205833e+00,6.055943398057562765e-01,6.698665783217528258e+00,2.876864396597497819e+00
1.416402060153983067e+00,6.067667028097609716e-01,6.728591055575797064e+00,2.882433684756946057e+00
1.422701479611760522e+00,6.079340889455754349e-01,6.758516327934065870e+00,2.887979330398686262e+00
1.429000899069537978e+00,6.090964928223556729e-01,6.788441600292334677e+00,2.893501307913615594e+00
1.435300318527315211e+00,6.102539354318853304e-01,6.818366872650603483e+00,2.898999717022804123e+00
1.441599737985092888e+00,6.114064350074100984e-01,6.848292145008873177e+00,2.904474644342937673e+00
1.447899157442870122e+00,6.125540094744049702e-01,6.878217417367141984e+00,2.909926175028645368e+00
1.454198576900647577e+00,6.136966764259325080e-01,6.908142689725410790e+00,2.915354392655435944e+00
1.460497996358425032e+00,6.148344532988863076e-01,6.938067962083679596e+00,2.920759380056940913e+00
1.466797415816202266e+00,6.159673575384090327e-01,6.967993234441948402e+00,2.926141220105978658e+00
1.473096835273979943e+00,6.170954067314795566e-01,6.997918506800218097e+00,2.931499996349158366e+00
1.479396254731757177e+00,6.182186189018564759e-01,7.027843779158486903e+00,2.936835794408002354e+00
1.485695674189534632e+00,6.193370141905620851e-01,7.057769051516755709e+00,2.942148709962053577e+00
1.491995093647312087e+00,6.204499525050285458e-01,7.087694323875024516e+00,2.947435702263739632e+00
1.498294513105089321e+00,6.215579817594676371e-01,7.117619596233293322e+00,2.952699374169105884e+00
1.504593932562866998e+00,6.226612461020899492e-01,7.147544868591563016e+00,2.957940410451485480e+00
1.510893352020644231e+00,6.237597671780478192e-01,7.177470140949831823e+00,2.963158913935763028e+00
1.517192771478421687e+00,6.248535665594909805e-01,7.207395413308100629e+00,2.968354987100026321e+00
1.523492190936199142e+00,6.259426662315226153e-01,7.237320685666369435e+00,2.973528734384088601e+00
1.529791610393976375e+00,6.270270883910303850e-01,7.267245958024638242e+00,2.978680261233844107e+00
1.536091029851754053e+00,6.281068553261245357e-01,7.297171230382907936e+00,2.983809673528536432e+00
1.542390449309531286e+00,6.291819892912280388e-01,7.327096502741176742e+00,2.988917076987378074e+00
1.548689868767308742e+00,6.302525123317247457e-01,7.357021775099445549e+00,2.994002576336546539e+00
1.554989288225086197e+00,6.313184467166663705e-01,7.386947047457714355e+00,2.999066277364748512e+00
1.561288707682863430e+00,6.323798082943539178e-01,7.416872319815983161e+00,3.004108255359036139e+00
1.567588127140641108e+00,6.334363630575128301e-01,7.446797592174252856e+00,3.009127398672301723e+00
1.573887546598418563e+00,6.344878900948229816e-01,7.476722864532521662e+00,3.014122657869518385e+00
1.580186966056195796e+00,6.355349050579286452e-01,7.506648136890790468e+00,3.019096482544018745e+00
1.586486385513973252e+00,6.365774265436766610e-01,7.536573409249059274e+00,3.024048961039769612e+00
1.592785804971750485e+00,6.376154726972621534e-01,7.566498681607328081e+00,3.028980179555175400e+00
1.599085224429528163e+00,6.386490612155824032e-01,7.596423953965597775e+00,3.033890222159009831e+00
1.605384643887305618e+00,6.396782093693311744e-01,7.626349226323866581e+00,3.038779170895376414e+00
1.611684063345082851e+00,6.407029340840740828e-01,7.656274498682135388e+00,3.043647106168851479e+00
1.617983482802860307e+00,6.417232520173071775e-01,7.686199771040404194e+00,3.048494107110554019e+00
1.624282902260637540e+00,6.427391796330774731e-01,7.716125043398673000e+00,3.053320251932626128e+00
1.630582321718415217e+00,6.437507333249820052e-01,7.746050315756942695e+00,3.058125618512538946e+00
1.636881741176192673e+00,6.447579287818595573e-01,7.775975588115211501e+00,3.062910281379822575e+00
1.643181160633969906e+00,6.457607932698286035e-01,7.805900860473480307e+00,3.067674370061654443e+00
1.649480580091747361e+00,6.467587371980085820e-01,7.835826132831749113e+00,3.072415083717767281e+00
1.655779999549524595e+00,6.477522094353689308e-01,7.865751405190017920e+00,3.077134554691665080e+00
1.662079419007302272e+00,6.487413845325866735e-01,7.895676677548287614e+00,3.081833612183020321e+00
1.668378838465079728e+00,6.497262806894776865e-01,7.925601949906556420e+00,3.086512342649712082e+00
1.674678257922856961e+00,6.507069148938871006e-01,7.955527222264825227e+00,3.091170826792176474e+00
1.680977677380634416e+00,6.516833043383505331e-01,7.985452494623094033e+00,3.095809146283226010e+00
1.687277096838411872e+00,6.526554662587076283e-01,8.015377766981362839e+00,3.100427383001389980e+00
1.693576516296189327e+00,6.536234179121418464e-01,8.045303039339632534e+00,3.105025618926589903e+00
1.699875935753966560e+00,6.545871765426943822e-01,8.075228311697900452e+00,3.109603935976315903e+00
1.706175355211744016e+00,6.555467593523217618e-01,8.105153584056170146e+00,3.114162415868134914e+00
1.712474774669521693e+00,6.565021834258528699e-01,8.135078856414439841e+00,3.118701139763202068e+00
1.718774194127298927e+00,6.574534660926156793e-01,8.165004128772707759e+00,3.123220189984160289e+00
1.725073613585076382e+00,6.584005484499122485e-01,8.194929401130977453e+00,3.127719286714863323e+00
1.731373033042853615e+00,6.593428596403561048e-01,8.224854673489245371e+00,3.132195718108150118e+00
1.737672452500631071e+00,6.602810818877027366e-01,8.254779945847515066e+00,3.136652725054999813e+00
1.743971871958408748e+00,6.612152241501657590e-01,8.284705218205784760e+00,3.141090350111236162e+00
1.750271291416185981e+00,6.621453027272440339e-01,8.314630490564052678e+00,3.145508670707318544e+00
1.756570710873963437e+00,6.630713335808849918e-01,8.344555762922322373e+00,3.149907762670173916e+00
1.762870130331740670e+00,6.639933325200164660e-01,8.374481035280590291e+00,3.154287701099814711e+00
1.769169549789518125e+00,6.649113152309750197e-01,8.404406307638859985e+00,3.158648560513883208e+00
1.775468969247295803e+00,6.658252972897010791e-01,8.434331579997129680e+00,3.162990414905589187e+00
1.781768388705073036e+00,6.667352941817868972e-01,8.464256852355397598e+00,3.167313337838943976e+00
1.788067808162850492e+00,6.676413212722862589e-01,8.494182124713667292e+00,3.171617402305343170e+00
1.794367227620627725e+00,6.685433944028766895e-01,8.524107397071935210e+00,3.175902683560374751e+00
1.800666647078405180e+00,6.694415227048471362e-01,8.554032669430204905e+00,3.180169224982053233e+00
1.806966066536182858e+00,6.703354545048986202e-01,8.583957941788474599e+00,3.184415831001157215e+00
1.813265485993960091e+00,6.712250390328855509e-01,8.613883214146742517e+00,3.188641785386976846e+00
1.819564905451737546e+00,6.721107260067807898e-01,8.643808486505012212e+00,3.192849224516190798e+00
1.825864324909514780e+00,6.729925307247732746e-01,8.673733758863280130e+00,3.197038221062555419e+00
1.832163744367292235e+00,6.738704683220227976e-01,8.703659031221549824e+00,3.201208846925359452e+00
1.838463163825069913e+00,6.747445539594346675e-01,8.733584303579819519e+00,3.205361174126195145e+00
1.844762583282847146e+00,6.756148027511815757e-01,8.763509575938087437e+00,3.209495274464651882e+00
1.851062002740624601e+00,6.764812297610138803e-01,8.793434848296357131e+00,3.213611219500790650e+00
1.857361422198401835e+00,6.773438499933919221e-01,8.823360120654625049e+00,3.217709080513013742e+00
1.863660841656179290e+00,6.782026783844419260e-01,8.853285393012894744e+00,3.221788928455105339e+00
1.869960261113956967e+00,6.790577297873247042e-01,8.883210665371164438e+00,3.225850833886723557e+00
1.876259680571734201e+00,6.799090191731163024e-01,8.913135937729432356e+00,3.229894867927680213e+00
1.882559100029511656e+00,6.807565576753604741e-01,8.943061210087702051e+00,3.233921083467663493e+00
1.888858519487288889e+00,6.815999155316094793e-01,8.972986482445969969e+00,3.237927438928336787e+00
1.895157938945066345e+00,6.824393070463832256e-01,9.002911754804239663e+00,3.241914952359246982e+00
1.901457358402844022e+00,6.832749868571837970e-01,9.032837027162509358e+00,3.245884833411006198e+00
1.907756777860621256e+00,6.841069732422784266e-01,9.062762299520777276e+00,3.249837168914174956e+00
1.914056197318398711e+00,6.849352799727774777e-01,9.092687571879046970e+00,3.253772024288152043e+00
1.920355616776175944e+00,6.857599211799084715e-01,9.122612844237314889e+00,3.257689466663065136e+00
1.926655036233953622e+00,6.865809108884283196e-01,9.152538116595584583e+00,3.261589562663254060e+00
1.932954455691731077e+00,6.873982630720379960e-01,9.182463388953854277e+00,3.265472378670521092e+00
1.939253875149508310e+00,6.882119916593393283e-01,9.212388661312122196e+00,3.269337980852422998e+00
1.945553294607285766e+00,6.890221105495559772e-01,9.242313933670391890e+00,3.273186435236958847e+00
1.951852714065062999e+00,6.898286335685486215e-01,9.272239206028659808e+00,3.277017807503615821e+00
1.958152133522840677e+00,6.906315750661319308e-01,9.302164478386929503e+00,3.280832165820915858e+00
1.964451552980618132e+00,6.914309391086963519e-01,9.332089750745199197e+00,3.284629529506170265e+00
1.970750972438395365e+00,6.922261656302233224e-01,9.362015023103467115e+00,3.288407237976405995e+00
1.977050391896172821e+00,6.930177555455449001e-01,9.391940295461736810e+00,3.292167670818008762e+00
1.983349811353950054e+00,6.938058161810218838e-01,9.421865567820004728e+00,3.295911337882814429e+00
1.989649230811727731e+00,6.945903604196206338e-01,9.451790840178274422e+00,3.299638300371110500e+00
1.995948650269505187e+00,6.953714021475683182e-01,9.481716112536544117e+00,3.303348624249154764e+00
2.002248069727282420e+00,6.961489551470505521e-01,9.511641384894812035e+00,3.307042374988957700e+00
2.008547489185060098e+00,6.969230331396778499e-01,9.541566657253081729e+00,3.310719617774769308e+00
2.014846908642837331e+00,6.976936497673046356e-01,9.571491929611349647e+00,3.314380417411959989e+00
2.021146328100614564e+00,6.984608185737797292e-01,9.601417201969619342e+00,3.318024838240325458e+00
2.027445747558392242e+00,6.992245530070425596e-01,9.631342474327889036e+00,3.321652944144046771e+00
2.033745167016169475e+00,6.999848661451985032e-01,9.661267746686156954e+00,3.325264797250414794e+00
2.040044586473947152e+00,7.007417740488136593e-01,9.691193019044426649e+00,3.328860473854842628e+00
2.046344005931724386e+00,7.014951996506023635e-01,9.721118291402696343e+00,3.332439607850655960e+00
2.052643425389501619e+00,7.022446602106331426e-01,9.751043563760964261e+00,3.335999905990989056e+00
2.058942844847279297e+00,7.029907460386798368e-01,9.780968836119233956e+00,3.339544172531197841e+00
2.065242264305056530e+00,7.037334708143843098e-01,9.810894108477501874e+00,3.343072472456161570e+00
2.071541683762834207e+00,7.044728473211955277e-01,9.840819380835771568e+00,3.346584866493411248e+00
2.077841103220611441e+00,7.052088876477616841e-01,9.870744653194041263e+00,3.350081412069840336e+00
2.084140522678388674e+00,7.059416038006837146e-01,9.900669925552309181e+00,3.353562166222577634e+00
2.090439942136166351e+00,7.066710076721242073e-01,9.930595197910578875e+00,3.357027185445116135e+00
2.096739361593943585e+00,7.073971110602556012e-01,9.960520470268846793e+00,3.360476525784449997e+00
2.103038781051721262e+00,7.081199256860060132e-01,9.990445742627116488e+00,3.363910242920624238e+00
2.109338200509498495e+00,7.088394632060343037e-01,1.002037101498538618e+01,3.367328392228376099e+00
2.115637619967275729e+00,7.095557352485142300e-01,1.005029628734365410e+01,3.370731028947123509e+00
2.121937039425053406e+00,7.102687534904216227e-01,1.008022155970192379e+01,3.374118208548118503e+00
2.128236458882830640e+00,7.109782788427968514e-01,1.011014683206019171e+01,3.377488795243803299e+00
2.134535878340608317e+00,7.116841654727442679e-01,1.014007210441846141e+01,3.380842096257781648e+00
2.140835297798385550e+00,7.123868323731619157e-01,1.016999737677673110e+01,3.384180102007847690e+00
2.147134717256162784e+00,7.130862880631663181e-01,1.019992264913499902e+01,3.387502852963902633e+00
2.153434136713940461e+00,7.137825445181499306e-01,1.022984792149326871e+01,3.390810406014820977e+00
2.159733556171717694e+00,7.144756132982686969e-01,1.025977319385153663e+01,3.394102816076904006e+00
2.166032975629495372e+00,7.151655060066471892e-01,1.028969846620980633e+01,3.397380138270574168e+00
2.172332395087272605e+00,7.158522342354475265e-01,1.031962373856807602e+01,3.400642427664176903e+00
2.178631814545049838e+00,7.165358095675776751e-01,1.034954901092634394e+01,3.403889739282096372e+00
2.184931234002827516e+00,7.172162435635639488e-01,1.037947428328461363e+01,3.407122128042392895e+00
2.191230653460604749e+00,7.178935478597722186e-01,1.040939955564288155e+01,3.410339649223402159e+00
2.197530072918382427e+00,7.185677329864378349e-01,1.043932482800115125e+01,3.413542352848805805e+00
2.203829492376159660e+00,7.192388222870582659e-01,1.046925010035942094e+01,3.416730349811444967e+00
2.210128911833936893e+00,7.199063505664301532e-01,1.049917537271768886e+01,3.419901430210352089e+00
2.216428331291714571e+00,7.205706074221518431e-01,1.052910064507595855e+01,3.423056969773410785e+00
2.222727750749491804e+00,7.212317896559884423e-01,1.055902591743422647e+01,3.426197903403664924e+00
2.229027170207269481e+00,7.218899076070601772e-01,1.058895118979249617e+01,3.429324280216907717e+00
2.235326589665047159e+00,7.225449726836273845e-01,1.061887646215076586e+01,3.432436154407863871e+00
2.241626009122823948e+00,7.231969961884339160e-01,1.064880173450903378e+01,3.435533579670002613e+00
2.247925428580601626e+00,7.238459894043712817e-01,1.067872700686730347e+01,3.438616609602485941e+00
2.254224848038378859e+00,7.244919635913357192e-01,1.070865227922557139e+01,3.441685297695236123e+00
2.260524267496156536e+00,7.251349299884100041e-01,1.073857755158384109e+01,3.444739697339302964e+00
2.266823686953934214e+00,7.257748998225616033e-01,1.076850282394211078e+01,3.447779861868181861e+00
2.273123106411711003e+00,7.264118842117363029e-01,1.079842809630037870e+01,3.450805844097462494e+00
2.279422525869488680e+00,7.270458955906261567e-01,1.082835336865864839e+01,3.453817703097912695e+00
2.285721945327265914e+00,7.276768783731834001e-01,1.085827864101691631e+01,3.456815174809070523e+00
2.292021364785043591e+00,7.283043633191007560e-01,1.088820391337518600e+01,3.459796030113777565e+00
2.298320784242821269e+00,7.289288884568679849e-01,1.091812918573345570e+01,3.462762824906144843e+00
2.304620203700598058e+00,7.295504817234963468e-01,1.094805445809172362e+01,3.465715691900412398e+00
2.310919623158375735e+00,7.301691535425157698e-01,1.097797973044999331e+01,3.468654680613362018e+00
2.317219042616152969e+00,7.307849150289749129e-01,1.100790500280826123e+01,3.471579843846820612e+00
2.323518462073930646e+00,7.313977771777246950e-01,1.103783027516653092e+01,3.474491233831617620e+00
2.329817881531708323e+00,7.320077509205522581e-01,1.106775554752480062e+01,3.477388902499001233e+00
2.336117300989485113e+00,7.326148471085409675e-01,1.109768081988306854e+01,3.480272901396836094e+00
2.342416720447262790e+00,7.332190764979570341e-01,1.112760609224133823e+01,3.483143281622560483e+00
2.348716139905040023e+00,7.338204497635233414e-01,1.115753136459960615e+01,3.486000093886242102e+00
2.355015559362817701e+00,7.344189772532409011e-01,1.118745663695787584e+01,3.488843387345863079e+00
2.361314978820595378e+00,7.350146709100299214e-01,1.121738190931614554e+01,3.491673218736039086e+00
2.367614398278372168e+00,7.356072071082723207e-01,1.124730718167441346e+01,3.494488050679424695e+00
2.373913817736149845e+00,7.361966465516587288e-01,1.127723245403268315e+01,3.497288171547748181e+00
2.380213237193927078e+00,7.367832781948080445e-01,1.130715772639095107e+01,3.500074954014432471e+00
2.386512656651704756e+00,7.373671119879187108e-01,1.133708299874922076e+01,3.502848445347705120e+00
2.392812076109482433e+00,7.379481576558745148e-01,1.136700827110749046e+01,3.505608691745443206e+00
2.399111495567259222e+00,7.385264247867540099e-01,1.139693354346575838e+01,3.508355738755630782e+00
2.405410915025036900e+00,7.391019228780364436e-01,1.142685881582402807e+01,3.511089631495861951e+00
2.411710334482814133e+00,7.396746613446619767e-01,1.145678408818229599e+01,3.513810414691632023e+00
2.418009753940591811e+00,7.402446495316663544e-01,1.148670936054056568e+01,3.516518132736354829e+00
2.424309173398369488e+00,7.408118967509514929e-01,1.151663463289883538e+01,3.519212829866043446e+00
2.430608592856146721e+00,7.413764120068639940e-01,1.154655990525710330e+01,3.521894548855675655e+00
2.436908012313923955e+00,7.419382075121280229e-01,1.157648517761537299e+01,3.524563347721564988e+00
2.443207431771701188e+00,7.424972269060332586e-01,1.160641044997364091e+01,3.527218958723228770e+00
2.449506851229478865e+00,7.430529994793382276e-01,1.163633572233191060e+01,3.529859145765365191e+00
2.455806270687256543e+00,7.436060801822006461e-01,1.166626099469018030e+01,3.532486545128147082e+00
2.462105690145033776e+00,7.441564716902970833e-01,1.169618626704844822e+01,3.535101169522325559e+00
2.468405109602811009e+00,7.447041842020432068e-01,1.172611153940671791e+01,3.537703067395279177e+00
2.474704529060588243e+00,7.452492268958512689e-01,1.175603681176498583e+01,3.540292282348881159e+00
2.481003948518365920e+00,7.457916090407105125e-01,1.178596208412325552e+01,3.542868858415289424e+00
2.487303367976143598e+00,7.463313399116560110e-01,1.181588735648152522e+01,3.545432839655381141e+00
2.493602787433920831e+00,7.468684287957658707e-01,1.184581262883979313e+01,3.547984270187244160e+00
2.499902206891698064e+00,7.474028849915429484e-01,1.187573790119806283e+01,3.550523194183240250e+00
2.506201626349475298e+00,7.479347178208879399e-01,1.190566317355633075e+01,3.553049655926880490e+00
2.512501045807252975e+00,7.484639363533813761e-01,1.193558844591460044e+01,3.555563698503035219e+00
2.518800465265030653e+00,7.489905554716050906e-01,1.196551371827287014e+01,3.558065392611126310e+00
2.525099884722807886e+00,7.495141095732068548e-01,1.199543899063113805e+01,3.560552526416032038e+00
2.531399304180585119e+00,7.500349570710254099e-01,1.202536426298940775e+01,3.563026802551128913e+00
2.537698723638362353e+00,7.505532244513706264e-01,1.205528953534767567e+01,3.565488821887226489e+00
2.543998143096140030e+00,7.510689220721793458e-01,1.208521480770594536e+01,3.567938633629506917e+00
2.550297562553917707e+00,7.515820591709567733e-01,1.211514008006421506e+01,3.570376281660562867e+00
2.556596982011694941e+00,7.520926450684611853e-01,1.214506535242248297e+01,3.572801810258479538e+00
2.562896401469472174e+00,7.526006890444761899e-01,1.217499062478075267e+01,3.575215263506692054e+00
2.569195820927249407e+00,7.531062003400129656e-01,1.220491589713902059e+01,3.577616685304448652e+00
2.575495240385027085e+00,7.536091881434109352e-01,1.223484116949729028e+01,3.580006119300781275e+00
2.581794659842804762e+00,7.541096616283710086e-01,1.226476644185555998e+01,3.582383609075181052e+00
2.588094079300581996e+00,7.546076294363985859e-01,1.229469171421382789e+01,3.584749195678955669e+00
2.594393498758359229e+00,7.551031052637108276e-01,1.232461698657209759e+01,3.587102944175724062e+00
2.600692918216136462e+00,7.555957417031590184e-01,1.235454225893036551e+01,3.589443204214432193e+00
2.606992337673914140e+00,7.560856763425090055e-01,1.238446753128863520e+01,3.591770629403144621e+00
2.613291757131691817e+00,7.565731380150859664e-01,1.241439280364690489e+01,3.594086306810222897e+00
2.619591176589469050e+00,7.570581361491176553e-01,1.244431807600517281e+01,3.596390281224282948e+00
2.625890596047246284e+00,7.575406792909821219e-01,1.247424334836344251e+01,3.598682593244731276e+00
2.632190015505023517e+00,7.580207759846068205e-01,1.250416862072171043e+01,3.600963283459332587e+00
2.638489434962801194e+00,7.584984347365137936e-01,1.253409389307998012e+01,3.603232392278158613e+00
2.644788854420578872e+00,7.589736640310271731e-01,1.256401916543824981e+01,3.605489960005829886e+00
2.651088273878356105e+00,7.594464723457986510e-01,1.259394443779651773e+01,3.607736026915268734e+00
2.657387693336133339e+00,7.599168681309672602e-01,1.262386971015478743e+01,3.609970633148700703e+00
2.663687112793910572e+00,7.603848602878658935e-01,1.265379498251305534e+01,3.612193820991738580e+00
2.669986532251688249e+00,7.608504521855190550e-01,1.268372025487132504e+01,3.614405606448868546e+00
2.676285951709465927e+00,7.613133439877578512e-01,1.271364552722959473e+01,3.616604565154071693e+00
2.682585371167243160e+00,7.617736219971646960e-01,1.274357079958786265e+01,3.618791107086124725e+00
2.688884790625020393e+00,7.622315223261059147e-01,1.277349607194613235e+01,3.620966353892334677e+00
2.695184210082797627e+00,7.626870600034846293e-01,1.280342134430440026e+01,3.623130376967219846e+00
2.701483629540575304e+00,7.631402432657840018e-01,1.283334661666266996e+01,3.625283215438037221e+00
2.707783048998352982e+00,7.635910809543134947e-01,1.286327188902093965e+01,3.627424911305258792e+00
2.714082468456130215e+00,7.640395818843135345e-01,1.289319716137920757e+01,3.629555506445516944e+00
2.720381887913907448e+00,7.644857548876036191e-01,1.292312243373747727e+01,3.631675042814202392e+00
2.726681307371684682e+00,7.649296087960659740e-01,1.295304770609574518e+01,3.633783562367002951e+00
2.732980726829462359e+00,7.653711524643677100e-01,1.298297297845401488e+01,3.635881107167847404e+00
2.739280146287240036e+00,7.658103945097269882e-01,1.301289825081228457e+01,3.637967718152666396e+00
2.745579565745017270e+00,7.662473447096241896e-01,1.304282352317055249e+01,3.640043441769194033e+00
2.751878985202794503e+00,7.666816298854652878e-01,1.307274879552882219e+01,3.642106505239615544e+00
2.758178404660571736e+00,7.671134748868898567e-01,1.310267406788709010e+01,3.644157976707868674e+00
2.764477824118349414e+00,7.675430507690155224e-01,1.313259934024535980e+01,3.646198668768036555e+00
2.770777243576127091e+00,7.679703666368300485e-01,1.316252461260362949e+01,3.648228624673190978e+00
2.777076663033904325e+00,7.683954308718902171e-01,1.319244988496189741e+01,3.650247884239758100e+00
2.783376082491681558e+00,7.688182518587461933e-01,1.322237515732016711e+01,3.652256487298383369e+00
2.789675501949458791e+00,7.692388378352478240e-01,1.325230042967843502e+01,3.654254472982816804e+00
2.795974921407236469e+00,7.696571968894919680e-01,1.328222570203670472e+01,3.656241879715408150e+00
2.802274340865014146e+00,7.700733369493416580e-01,1.331215097439497441e+01,3.658218745157320040e+00
2.808573760322791379e+00,7.704872656397010466e-01,1.334207624675324233e+01,3.660185105530515237e+00
2.814873179780568613e+00,7.708989917722226526e-01,1.337200151911151202e+01,3.662141002694580649e+00
2.821172599238346290e+00,7.713084902879273619e-01,1.340192679146978172e+01,3.664086317607312626e+00
2.827472018696123524e+00,7.717153264326996887e-01,1.343185206382804964e+01,3.666018984977552631e+00
2.833771438153901201e+00,7.721199490496779561e-01,1.346177733618631933e+01,3.667941137026094367e+00
2.840070857611678434e+00,7.725223941510219738e-01,1.349170260854458725e+01,3.669852944828018160e+00
2.846370277069455668e+00,7.729226676276359509e-01,1.352162788090285694e+01,3.671754436367953289e+00
2.852669696527233345e+00,7.733207758673968923e-01,1.355155315326112664e+01,3.673645641991386768e+00
2.858969115985010578e+00,7.737167251663803480e-01,1.358147842561939456e+01,3.675526591607706894e+00
2.865268535442788256e+00,7.741105218313323322e-01,1.361140369797766425e+01,3.677397315176990311e+00
2.871567954900565489e+00,7.745021722294745947e-01,1.364132897033593217e+01,3.679257842946602963e+00
2.877867374358342722e+00,7.748916828415898239e-01,1.367125424269420186e+01,3.681108205703379266e+00
2.884166793816120400e+00,7.752790604005301844e-01,1.370117951505247156e+01,3.682948435431605994e+00
2.890466213273897633e+00,7.756643100240181443e-01,1.373110478741073948e+01,3.684778556442926067e+00
2.896765632731675311e+00,7.760471889903906018e-01,1.376103005976900917e+01,3.686597415692694391e+00
2.903065052189452544e+00,7.764276893616348652e-01,1.379095533212727709e+01,3.688404975471532232e+00
2.909364471647229777e+00,7.768060846907461903e-01,1.382088060448554678e+01,3.690202535287742336e+00
2.915663891105007455e+00,7.771823822343068011e-01,1.385080587684381648e+01,3.691990129613580862e+00
2.921963310562784688e+00,7.775565903610773821e-01,1.388073114920208440e+01,3.693767798204685704e+00
2.928262730020562365e+00,7.779287175327145309e-01,1.391065642156035409e+01,3.695535581257996416e+00
2.934562149478339599e+00,7.782987723386318724e-01,1.394058169391862201e+01,3.697293519577358634e+00
2.940861568936117276e+00,7.786667634349470068e-01,1.397050696627689170e+01,3.699041654283494740e+00
2.947160988393894510e+00,7.790326994953927775e-01,1.400043223863516140e+01,3.700780026580807291e+00
2.953460407851671743e+00,7.793965891284391212e-01,1.403035751099342932e+01,3.702508677363669065e+00
2.959759827309449420e+00,7.797584411570938068e-01,1.406028278335169901e+01,3.704227648545610929e+00
2.966059246767226654e+00,7.801181806917626416e-01,1.409020805570996693e+01,3.705936584365039366e+00
2.972358666225004331e+00,7.804754653004345455e-01,1.412013332806823662e+01,3.707633858105197522e+00
2.978658085682781564e+00,7.808307450601484900e-01,1.415005860042650632e+01,3.709321607848500069e+00
2.984957505140558798e+00,7.811840168658283901e-01,1.417998387278477423e+01,3.710999818844342713e+00
2.991256924598336475e+00,7.815352889392428448e-01,1.420990914514304393e+01,3.712668530150081470e+00
2.997556344056113709e+00,7.818845686398173678e-01,1.423983441750131185e+01,3.714327776726526142e+00
3.003855763513891386e+00,7.822318632170833785e-01,1.426975968985958154e+01,3.715977593012438795e+00
3.010155182971668619e+00,7.825771797829460530e-01,1.429968496221785124e+01,3.717618012792788917e+00
3.016454602429445853e+00,7.829205253371688267e-01,1.432961023457611915e+01,3.719249069319820578e+00
3.022754021887223530e+00,7.832619067338774110e-01,1.435953550693438885e+01,3.720870795153927268e+00
3.029053441345000763e+00,7.836013315125488488e-01,1.438946077929265677e+01,3.722483226111250598e+00
3.035352860802778441e+00,7.839387550970605689e-01,1.441938605165092646e+01,3.724086150433769227e+00
3.041652280260555674e+00,7.842738025187099282e-01,1.444931132400919616e+01,3.725677786839789896e+00
3.047951699718332907e+00,7.846068984309039207e-01,1.447923659636746407e+01,3.727260152637247970e+00
3.054251119176110585e+00,7.849380627820800038e-01,1.450916186872573377e+01,3.728833342590817335e+00
3.060550538633887818e+00,7.852673016013946850e-01,1.453908714108400169e+01,3.730397385341890804e+00
3.066849958091665496e+00,7.855946215999249915e-01,1.456901241344227138e+01,3.731952312771311675e+00
3.073149377549442729e+00,7.859200294091460703e-01,1.459893768580054108e+01,3.733498156381777733e+00
3.079448797007219962e+00,7.862435316492467630e-01,1.462886295815880899e+01,3.735034947622368762e+00
3.085748216464997640e+00,7.865651349190938557e-01,1.465878823051707869e+01,3.736562717840877124e+00
3.092047635922774873e+00,7.868848458456367823e-01,1.468871350287534661e+01,3.738081498518499579e+00
3.098347055380552550e+00,7.872026705740269303e-01,1.471863877523361630e+01,3.739591318847661050e+00
3.104646474838329784e+00,7.875185318706172666e-01,1.474856404759188599e+01,3.741091811931390065e+00
3.110945894296107017e+00,7.878321169286277570e-01,1.477848931995015391e+01,3.742581491787025261e+00
3.117245313753884695e+00,7.881438395912702122e-01,1.480841459230842361e+01,3.744062324368875760e+00
3.123544733211661928e+00,7.884537006528192782e-01,1.483833986466669153e+01,3.745534313450128661e+00
3.129844152669439605e+00,7.887617069006852555e-01,1.486826513702496122e+01,3.746997491274246528e+00
3.136143572127216839e+00,7.890678648623222768e-01,1.489819040938323091e+01,3.748451888849777092e+00
3.142442991584994072e+00,7.893721811000106170e-01,1.492811568174149883e+01,3.749897537350707299e+00
3.148742411042771749e+00,7.896746622104465763e-01,1.495804095409976853e+01,3.751334468114517762e+00
3.155041830500548983e+00,7.899753147995300928e-01,1.498796622645803645e+01,3.752762712522411004e+00
3.161341249958326660e+00,7.902741459797149037e-01,1.501789149881630614e+01,3.754182304361962430e+00
3.167640669416103893e+00,7.905711566723028216e-01,1.504781677117457583e+01,3.755593248009799545e+00
3.173940088873881127e+00,7.908661217919901176e-01,1.507774204353284375e+01,3.756994474202465906e+00
3.180239508331658804e+00,7.911590596137277887e-01,1.510766731589111345e+01,3.758386069754769743e+00
3.186538927789436038e+00,7.914501976918133508e-01,1.513759258824938136e+01,3.759769115659073790e+00
3.192838347247213715e+00,7.917395471017372177e-01,1.516751786060765106e+01,3.761143664529285502e+00
3.199137766704990948e+00,7.920271145045325589e-01,1.519744313296592075e+01,3.762509748008515675e+00
3.205437186162768182e+00,7.923129069410063119e-01,1.522736840532418867e+01,3.763867399543983971e+00
3.211736605620545859e+00,7.925969313861864762e-01,1.525729367768245837e+01,3.765216652270428010e+00
3.218036025078323092e+00,7.928791947675434271e-01,1.528721895004072628e+01,3.766557539096664797e+00
3.224335444536100770e+00,7.931597038509039521e-01,1.531714422239899598e+01,3.767890092163625582e+00
3.230634863993878003e+00,7.934384660541403678e-01,1.534706949475726567e+01,3.769214346709771402e+00
3.236934283451655237e+00,7.937154565071892209e-01,1.537699476711553359e+01,3.770530184590338507e+00
3.243233702909432914e+00,7.939902763179118583e-01,1.540692003947380329e+01,3.771835710875807379e+00
3.249533122367210147e+00,7.942633731365513761e-01,1.543684531183207120e+01,3.773133052120146491e+00
3.255832541824987825e+00,7.945347461612154438e-01,1.546677058419034090e+01,3.774422204513980361e+00
3.262131961282765058e+00,7.948044017582406306e-01,1.549669585654861059e+01,3.775703198300471186e+00
3.268431380740542291e+00,7.950723460736809356e-01,1.552662112890687851e+01,3.776976062676330681e+00
3.274730800198319969e+00,7.953385853432055619e-01,1.555654640126514821e+01,3.778240827263986912e+00
3.281030219656097202e+00,7.956031259540423672e-01,1.558647167362341612e+01,3.779497522405844911e+00
3.287329639113874880e+00,7.958659746057522577e-01,1.561639694598168582e+01,3.780746179928041073e+00
3.293629058571652113e+00,7.961271370714052553e-01,1.564632221833995551e+01,3.781986827255434669e+00
3.299928478029429346e+00,7.963866366226739490e-01,1.567624749069822343e+01,3.783219574939663765e+00
3.306227897487207024e+00,7.966440495107911524e-01,1.570617276305649312e+01,3.784442409970267374e+00
3.312527316944984257e+00,7.968997502231925933e-01,1.573609803541476104e+01,3.785657111342688452e+00
3.318826736402761934e+00,7.971537982290599622e-01,1.576602330777303074e+01,3.786863961564143288e+00
3.325126155860539168e+00,7.974061995730601371e-01,1.579594858013130043e+01,3.788062989349707532e+00
3.331425575318316401e+00,7.976569630488697937e-01,1.582587385248956835e+01,3.789254236473574622e+00
3.337724994776094078e+00,7.979060970049378643e-01,1.585579912484783804e+01,3.790437742594892523e+00
3.344024414233871312e+00,7.981536094206059806e-01,1.588572439720610596e+01,3.791613545619372250e+00
3.350323833691648989e+00,7.983995076469800889e-01,1.591564966956437566e+01,3.792781680468302774e+00
3.356623253149426223e+00,7.986437987759554824e-01,1.594557494192264535e+01,3.793942180831597621e+00
3.362922672607203456e+00,7.988864828307619126e-01,1.597550021428091327e+01,3.795095046819609408e+00
3.369222092064980245e+00,7.991271834413463671e-01,1.600542548663917941e+01,3.796238490493557993e+00
3.375521511522757923e+00,7.993662411049988759e-01,1.603535075899744911e+01,3.797374129379344154e+00
3.381820930980535600e+00,7.996037060026489618e-01,1.606527603135571880e+01,3.798502201860521232e+00
3.388120350438313277e+00,7.998395797587293243e-01,1.609520130371398849e+01,3.799622715653924399e+00
3.394419769896090511e+00,8.000738637607450743e-01,1.612512657607225819e+01,3.800735677350870922e+00
3.400719189353867300e+00,8.003065594116625103e-01,1.615505184843052433e+01,3.801841093616125544e+00
3.407018608811644977e+00,8.005376684826499556e-01,1.618497712078879402e+01,3.802938972863589839e+00
3.413318028269422655e+00,8.007671932664552905e-01,1.621490239314706372e+01,3.804029325984918497e+00
3.419617447727200332e+00,8.009951394651055878e-01,1.624482766550533341e+01,3.805112180067483418e+00
3.425916867184977566e+00,8.012214376827123674e-01,1.627475293786360311e+01,3.806187205447435495e+00
3.432216286642754355e+00,8.014458034691140931e-01,1.630467821022186925e+01,3.807253050849690457e+00
3.438515706100532032e+00,8.016686132344288396e-01,1.633460348258013894e+01,3.808311504403357972e+00
3.444815125558309710e+00,8.018898701249569383e-01,1.636452875493840864e+01,3.809362581054877239e+00
3.451114545016087387e+00,8.021095858565552295e-01,1.639445402729667833e+01,3.810406336460204102e+00
3.457413964473864620e+00,8.023277720918343681e-01,1.642437929965494803e+01,3.811442826022347852e+00
3.463713383931641410e+00,8.025444408562134591e-01,1.645430457201321417e+01,3.812472106867834221e+00
3.470012803389419087e+00,8.027596041212479161e-01,1.648422984437148386e+01,3.813494235867309179e+00
3.476312222847196765e+00,8.029732728175297263e-01,1.651415511672975356e+01,3.814509264946341904e+00
3.482611642304974442e+00,8.031854623183054542e-01,1.654408038908802325e+01,3.815517267135248414e+00
3.488911061762751675e+00,8.033958834635166468e-01,1.657400566144629295e+01,3.816516868784668670e+00
3.495210481220528465e+00,8.036047070713011609e-01,1.660393093380455909e+01,3.817508881362918327e+00
3.501509900678306142e+00,8.038120692028081216e-01,1.663385620616282878e+01,3.818493951225900407e+00
3.507809320136083819e+00,8.040179736684136547e-01,1.666378147852109848e+01,3.819472096474732847e+00
3.514108739593861497e+00,8.042224239984824274e-01,1.669370675087936817e+01,3.820443333880346959e+00
3.520408159051638730e+00,8.044254229033628301e-01,1.672363202323763787e+01,3.821407676318200775e+00
3.526707578509415519e+00,8.046269725739779721e-01,1.675355729559590401e+01,3.822365134196232805e+00
3.533006997967193197e+00,8.048270751817550028e-01,1.678348256795417370e+01,3.823315717829766758e+00
3.539306417424970874e+00,8.050257300829882778e-01,1.681340784031244340e+01,3.824259424160890486e+00
3.545605836882748552e+00,8.052227670339301424e-01,1.684333311267071309e+01,3.825195444449918991e+00
3.551905256340525785e+00,8.054181308975948417e-01,1.687325838502898279e+01,3.826123516769648347e+00
3.558204675798303018e+00,8.056120584677460839e-01,1.690318365738724893e+01,3.827044766004351839e+00
3.564504095256080252e+00,8.058045531184644394e-01,1.693310892974551862e+01,3.827959208182534656e+00
3.570803514713857929e+00,8.059956199738051996e-01,1.696303420210378832e+01,3.828866867645924099e+00
3.577102934171635606e+00,8.061852646381466592e-01,1.699295947446205801e+01,3.829767771018012468e+00
3.583402353629412840e+00,8.063734931944009920e-01,1.702288474682032771e+01,3.830661947195558081e+00
3.589701773087190073e+00,8.065603123956845977e-01,1.705281001917859385e+01,3.831549428259113377e+00
3.596001192544967306e+00,8.067457267821832589e-01,1.708273529153686354e+01,3.832430235776743022e+00
3.602300612002744984e+00,8.069295697428584546e-01,1.711266056389513324e+01,3.833303578265876865e+00
3.608600031460522661e+00,8.071118053391515001e-01,1.714258583625340293e+01,3.834169285001075789e+00
3.614899450918299895e+00,8.072926558215279824e-01,1.717251110861167263e+01,3.835028411778950819e+00
3.621198870376077128e+00,8.074721325872082911e-01,1.720243638096993877e+01,3.835881012741779728e+00
3.627498289833854361e+00,8.076502431489189782e-01,1.723236165332820846e+01,3.836727123578627552e+00
3.633797709291632039e+00,8.078269952526739850e-01,1.726228692568647816e+01,3.837566781086786616e+00
3.640097128749409716e+00,8.080023965584832712e-01,1.729221219804474785e+01,3.838400021654988059e+00
3.646396548207186949e+00,8.081764546228765722e-01,1.732213747040301755e+01,3.839226881180383355e+00
3.652695967664964183e+00,8.083491767753404611e-01,1.735206274276128369e+01,3.840047394481558296e+00
3.658995387122741416e+00,8.085202995353224509e-01,1.738198801511955338e+01,3.840860309899158942e+00
3.665294806580519094e+00,8.086899798753238722e-01,1.741191328747782308e+01,3.841666373128067580e+00
3.671594226038296771e+00,8.088583416759617117e-01,1.744183855983609277e+01,3.842466172660800261e+00
3.677893645496074448e+00,8.090253931085313877e-01,1.747176383219436246e+01,3.843259747314939911e+00
3.684193064953851238e+00,8.091911398377525932e-01,1.750168910455262861e+01,3.844047124000629978e+00
3.690492484411628471e+00,8.093555874526716654e-01,1.753161437691089830e+01,3.844828329268529021e+00
3.696791903869406148e+00,8.095187411496498342e-01,1.756153964926916800e+01,3.845603387803851803e+00
3.703091323327183826e+00,8.096806069428400532e-01,1.759146492162743769e+01,3.846372328176717925e+00
3.709390742784961503e+00,8.098411295255552034e-01,1.762139019398570738e+01,3.847134887653762103e+00
3.715690162242738293e+00,8.100000373680026344e-01,1.765131546634397353e+01,3.847889776337866774e+00
3.721989581700515526e+00,8.101576793535800736e-01,1.768124073870224322e+01,3.848638651592979354e+00
3.728289001158293203e+00,8.103140486400973730e-01,1.771116601106051291e+01,3.849381480915405440e+00
3.734588420616070881e+00,8.104691504288104031e-01,1.774109128341878261e+01,3.850118289013612305e+00
3.740887840073848558e+00,8.106229894753963494e-01,1.777101655577705230e+01,3.850849098479353749e+00
3.747187259531625347e+00,8.107755711012496480e-01,1.780094182813531845e+01,3.851573934591813408e+00
3.753486678989402581e+00,8.109269014080208171e-01,1.783086710049358814e+01,3.852292826336765508e+00
3.759786098447180258e+00,8.110769890417288686e-01,1.786079237285185783e+01,3.853005814786959249e+00
3.766085517904957936e+00,8.112254975716337579e-01,1.789071764521012753e+01,3.853711301734561001e+00
3.772384937362735613e+00,8.113727430056516532e-01,1.792064291756839722e+01,3.854410788369167840e+00
3.778684356820512402e+00,8.115187701660254715e-01,1.795056818992666336e+01,3.855104487617992515e+00
3.784983776278289636e+00,8.116635890987526913e-01,1.798049346228493306e+01,3.855792447204354545e+00
3.791283195736067313e+00,8.118072096539346028e-01,1.801041873464320275e+01,3.856474713920973851e+00
3.797582615193844990e+00,8.119496408810332744e-01,1.804034400700147245e+01,3.857151330757147445e+00
3.803882034651622668e+00,8.120908895841045805e-01,1.807026927935974214e+01,3.857822330035412861e+00
3.810181454109399457e+00,8.122309703059641395e-01,1.810019455171800828e+01,3.858487780841139969e+00
3.816480873567176690e+00,8.123695448782399797e-01,1.813011982407627798e+01,3.859146076711907014e+00
3.822780293024954368e+00,8.125069017801422877e-01,1.816004509643454767e+01,3.859798588062717251e+00
3.829079712482732045e+00,8.126430852794847004e-01,1.818997036879281737e+01,3.860445525186977367e+00
3.835379131940509723e+00,8.127780903150967351e-01,1.821989564115108706e+01,3.861086864041693989e+00
3.841678551398286512e+00,8.129119138200385786e-01,1.824982091350935320e+01,3.861722590057426796e+00
3.847977970856063745e+00,8.130445531992981367e-01,1.827974618586762290e+01,3.862352690906620367e+00
3.854277390313841423e+00,8.131760085657123716e-01,1.830967145822589259e+01,3.862977167125305478e+00
3.860576809771619100e+00,8.133062598150717637e-01,1.833959673058416229e+01,3.863595923208815730e+00
3.866876229229396777e+00,8.134349867203518603e-01,1.836952200294243198e+01,3.864207437924761290e+00
3.873175648687173567e+00,8.135625526295811039e-01,1.839944727530069812e+01,3.864813437351041880e+00
3.879475068144950800e+00,8.136889629119364864e-01,1.842937254765896782e+01,3.865413946993831562e+00
3.885774487602728477e+00,8.138142332599719309e-01,1.845929782001723751e+01,3.866009041400308544e+00
3.892073907060506155e+00,8.139383800745420006e-01,1.848922309237550721e+01,3.866598798482420829e+00
3.898373326518283832e+00,8.140614198640448995e-01,1.851914836473377690e+01,3.867183296663000647e+00
3.904672745976060622e+00,8.141833654525615360e-01,1.854907363709204304e+01,3.867762596862599711e+00
3.910972165433837855e+00,8.143040542671819981e-01,1.857899890945031274e+01,3.868335926781701239e+00
3.917271584891615532e+00,8.144234979831646015e-01,1.860892418180858243e+01,3.868903341883397573e+00
3.923571004349393210e+00,8.145418766898792073e-01,1.863884945416685213e+01,3.869465697678816429e+00
3.929870423807170887e+00,8.146591940691064737e-01,1.866877472652512182e+01,3.870023011658186185e+00
3.936169843264947676e+00,8.147754513874087001e-01,1.869869999888338796e+01,3.870575289838287691e+00
3.942469262722724910e+00,8.148906487462801440e-01,1.872862527124165766e+01,3.871122532701266827e+00
3.948768682180502587e+00,8.150047873469379311e-01,1.875855054359992735e+01,3.871664745953482978e+00
3.955068101638280265e+00,8.151178119412254564e-01,1.878847581595819705e+01,3.872201667139618664e+00
3.961367521096057942e+00,8.152294744996110287e-01,1.881840108831646674e+01,3.872732118000099977e+00
3.967666940553834731e+00,8.153400925174405511e-01,1.884832636067473288e+01,3.873257606790530438e+00
3.973966360011611965e+00,8.154496601012071189e-01,1.887825163303300258e+01,3.873778105513916881e+00
3.980265779469389642e+00,8.155581842642760648e-01,1.890817690539127227e+01,3.874293647487119685e+00
3.986565198927167319e+00,8.156656718075867563e-01,1.893810217774954197e+01,3.874804265017870009e+00
3.992864618384944997e+00,8.157721301389994073e-01,1.896802745010781166e+01,3.875309993297068711e+00
3.999164037842721786e+00,8.158775448771068417e-01,1.899795272246607780e+01,3.875810764006113018e+00
4.005463457300499464e+00,8.159816190915274436e-01,1.902787799482434750e+01,3.876305166582871831e+00
4.011762876758276697e+00,8.160846839767416094e-01,1.905780326718261719e+01,3.876794774360426743e+00
4.018062296216053930e+00,8.161867417400017199e-01,1.908772853954088689e+01,3.877279597824287993e+00
4.024361715673832052e+00,8.162877969194215488e-01,1.911765381189915658e+01,3.877759658532678788e+00
4.030661135131608397e+00,8.163878542037064090e-01,1.914757908425742272e+01,3.878234978759204754e+00
4.036960554589386518e+00,8.164869202372556645e-01,1.917750435661569242e+01,3.878705590067959008e+00
4.043259974047163752e+00,8.165849390153708809e-01,1.920742962897396211e+01,3.879171226409685591e+00
4.049559393504940985e+00,8.166817017891594421e-01,1.923735490133223180e+01,3.879630896126740058e+00
4.055858812962719107e+00,8.167774963336775773e-01,1.926728017369050150e+01,3.880085966289055222e+00
4.062158232420496340e+00,8.168723316108815746e-01,1.929720544604877119e+01,3.880536479470233946e+00
4.068457651878273573e+00,8.169662189076619674e-01,1.932713071840703734e+01,3.880982489288435033e+00
4.074757071336050807e+00,8.170591693755232532e-01,1.935705599076530703e+01,3.881424048718668196e+00
4.081056490793828040e+00,8.171511909344222335e-01,1.938698126312357672e+01,3.881861195384538554e+00
4.087355910251606161e+00,8.172421280687046652e-01,1.941690653548184642e+01,3.882293190511886483e+00
4.093655329709383395e+00,8.173319945423533905e-01,1.944683180784011611e+01,3.882720099486251630e+00
4.099954749167160628e+00,8.174209517107015044e-01,1.947675708019838225e+01,3.883142688823075783e+00
4.106254168624937861e+00,8.175090073510964395e-01,1.950668235255665195e+01,3.883560995468499311e+00
4.112553588082715095e+00,8.175961636754364159e-01,1.953660762491492164e+01,3.883975029930103684e+00
4.118853007540493216e+00,8.176824227439157822e-01,1.956653289727319134e+01,3.884384801994801961e+00
4.125152426998270450e+00,8.177677740418426433e-01,1.959645816963146103e+01,3.884790261712751214e+00
4.131451846456047683e+00,8.178519106047483778e-01,1.962638344198972717e+01,3.885189950855078678e+00
4.137751265913824916e+00,8.179351539541506177e-01,1.965630871434799687e+01,3.885585396803641789e+00
4.144050685371603038e+00,8.180175022396221074e-01,1.968623398670626656e+01,3.885976590768020156e+00
4.150350104829380271e+00,8.180989574871161407e-01,1.971615925906453626e+01,3.886363542372467172e+00
4.156649524287157504e+00,8.181795228001580433e-01,1.974608453142280595e+01,3.886746266360219693e+00
4.162948943744934738e+00,8.182592076992186714e-01,1.977600980378107209e+01,3.887124807958094230e+00
4.169248363202711971e+00,8.183377553311046437e-01,1.980593507613934179e+01,3.887497946989879605e+00
4.175547782660490093e+00,8.184153688561840445e-01,1.983586034849761148e+01,3.887866648565041494e+00
4.181847202118267326e+00,8.184921252679102643e-01,1.986578562085588118e+01,3.888231278439515659e+00
4.188146621576044559e+00,8.185680378804115476e-01,1.989571089321415087e+01,3.888591899861816081e+00
4.194446041033821793e+00,8.186431191206546831e-01,1.992563616557241701e+01,3.888948571866011061e+00
4.200745460491599026e+00,8.187173878770003244e-01,1.995556143793068671e+01,3.889301384180899657e+00
4.207044879949377147e+00,8.187906079802300674e-01,1.998548671028895640e+01,3.889649214889100648e+00
4.213344299407154381e+00,8.188629443804716912e-01,2.001541198264722610e+01,3.889992847583058300e+00
4.219643718864931614e+00,8.189344864492142939e-01,2.004533725500549579e+01,3.890332706820333719e+00
4.225943138322708847e+00,8.190052386483055447e-01,2.007526252736376193e+01,3.890668813796848369e+00
4.232242557780486081e+00,8.190752048972973487e-01,2.010518779972203163e+01,3.891001187132359540e+00
4.238541977238264202e+00,8.191443860111552455e-01,2.013511307208030132e+01,3.891329830698345926e+00
4.244841396696041436e+00,8.192125260171105872e-01,2.016503834443857102e+01,3.891653528501036075e+00
4.251140816153818669e+00,8.192798441636869322e-01,2.019496361679684071e+01,3.891973322076373254e+00
4.257440235611595902e+00,8.193463961857848643e-01,2.022488888915510685e+01,3.892289476191942654e+00
4.263739655069373136e+00,8.194121892778091221e-01,2.025481416151337655e+01,3.892602025024626933e+00
4.270039074527151257e+00,8.194772318383520826e-01,2.028473943387164624e+01,3.892911008471780399e+00
4.276338493984928490e+00,8.195414756850718518e-01,2.031466470622991594e+01,3.893216197644102650e+00
4.282637913442705724e+00,8.196047317710759561e-01,2.034458997858818563e+01,3.893516694477926698e+00
4.288937332900482957e+00,8.196672590662892333e-01,2.037451525094645177e+01,3.893813729204956164e+00
4.295236752358260190e+00,8.197290658878003677e-01,2.040444052330472147e+01,3.894107341335361738e+00
4.301536171816038312e+00,8.197901579134256878e-01,2.043436579566299116e+01,3.894397557841503765e+00
4.307835591273815545e+00,8.198505420127280008e-01,2.046429106802126086e+01,3.894684411357107745e+00
4.314135010731592779e+00,8.199100061695112629e-01,2.049421634037953055e+01,3.894966894703267180e+00
4.320434430189370012e+00,8.199686693561609729e-01,2.052414161273779669e+01,3.895245573056036470e+00
4.326733849647147245e+00,8.200266247296369437e-01,2.055406688509606639e+01,3.895520888955782191e+00
4.333033269104925367e+00,8.200838742113353286e-01,2.058399215745433608e+01,3.895792851530060386e+00
4.339332688562702600e+00,8.201404166627973558e-01,2.061391742981260577e+01,3.896061455370643856e+00
4.345632108020479833e+00,8.201961545068710002e-01,2.064384270217087547e+01,3.896326236939127607e+00
4.351931527478257067e+00,8.202509992458463239e-01,2.067376797452914161e+01,3.896586775828822624e+00
4.358230946936034300e+00,8.203051586641190163e-01,2.070369324688741131e+01,3.896844059115550873e+00
4.364530366393812422e+00,8.203586461228893345e-01,2.073361851924568100e+01,3.897098150271439465e+00
4.370829785851589655e+00,8.204114772176011039e-01,2.076354379160395069e+01,3.897349123382347624e+00
4.377129205309366888e+00,8.204636126189052137e-01,2.079346906396222039e+01,3.897596791614950984e+00
4.383428624767144122e+00,8.205148856307825644e-01,2.082339433632048653e+01,3.897840363082979209e+00
4.389728044224921355e+00,8.205655599694979818e-01,2.085331960867875623e+01,3.898081090565535423e+00
4.396027463682699477e+00,8.206156520464783499e-01,2.088324488103702592e+01,3.898319052024789677e+00
4.402326883140476710e+00,8.206651759640322119e-01,2.091317015339529561e+01,3.898554314453491543e+00
4.408626302598253943e+00,8.207140765787220849e-01,2.094309542575356531e+01,3.898786615893789165e+00
4.414925722056031177e+00,8.207621787414083325e-01,2.097302069811183145e+01,3.899015124303025104e+00
4.421225141513808410e+00,8.208097078363657539e-01,2.100294597047010114e+01,3.899240910364911716e+00
4.427524560971586531e+00,8.208566494433204852e-01,2.103287124282837084e+01,3.899463905576211697e+00
4.433823980429363765e+00,8.209029885939453930e-01,2.106279651518664053e+01,3.899684038830172117e+00
4.440123399887140998e+00,8.209486145928077683e-01,2.109272178754491023e+01,3.899900784270244447e+00
4.446422819344918231e+00,8.209934407335328643e-01,2.112264705990317637e+01,3.900113729999443724e+00
4.452722238802695465e+00,8.210376720860281807e-01,2.115257233226144606e+01,3.900323850198466502e+00
4.459021658260473586e+00,8.210813255988612669e-01,2.118249760461971576e+01,3.900531225381160816e+00
4.465321077718250820e+00,8.211244309002573294e-01,2.121242287697798545e+01,3.900735996295847219e+00
4.471620497176028053e+00,8.211668043594549937e-01,2.124234814933625515e+01,3.900937290608085473e+00
4.477919916633805286e+00,8.212085849838867135e-01,2.127227342169452129e+01,3.901135768670039639e+00
4.484219336091582520e+00,8.212498796313176808e-01,2.130219869405279098e+01,3.901331938107492459e+00
4.490518755549360641e+00,8.212907013034927983e-01,2.133212396641106068e+01,3.901525860684985414e+00
4.496818175007137874e+00,8.213310200952902429e-01,2.136204923876933037e+01,3.901717394338805711e+00
4.503117594464915108e+00,8.213706138851758487e-01,2.139197451112760007e+01,3.901905483884828829e+00
4.509417013922692341e+00,8.214097299749281156e-01,2.142189978348586621e+01,3.902091304125451465e+00
4.515716433380469574e+00,8.214483508097693010e-01,2.145182505584413590e+01,3.902274771667035402e+00
4.522015852838247696e+00,8.214864656243424657e-01,2.148175032820240560e+01,3.902455835368957793e+00
4.528315272296024929e+00,8.215238668564701641e-01,2.151167560056067529e+01,3.902633509211040685e+00
4.534614691753802163e+00,8.215606930142117514e-01,2.154160087291894499e+01,3.902808451173187088e+00
4.540914111211579396e+00,8.215970407317614299e-01,2.157152614527721113e+01,3.902981120314298558e+00
4.547213530669356629e+00,8.216329370459146686e-01,2.160145141763548082e+01,3.903151645072158171e+00
4.553512950127134751e+00,8.216682920337902152e-01,2.163137668999375052e+01,3.903319598269828550e+00
4.559812369584911984e+00,8.217030971703256359e-01,2.166130196235202021e+01,3.903484939409162191e+00
4.566111789042689217e+00,8.217375274203865265e-01,2.169122723471028991e+01,3.903648499657426107e+00
4.572411208500466451e+00,8.217715913366748781e-01,2.172115250706855605e+01,3.903810319644069438e+00
4.578710627958243684e+00,8.218052118086589530e-01,2.175107777942682574e+01,3.903970033056976874e+00
4.585010047416021806e+00,8.218382485267650139e-01,2.178100305178509544e+01,3.904126973358186259e+00
4.591309466873799039e+00,8.218708811697641448e-01,2.181092832414336513e+01,3.904281994108283360e+00
4.597608886331576272e+00,8.219030798206033994e-01,2.184085359650163483e+01,3.904434953186876278e+00
4.603908305789353506e+00,8.219347693126639598e-01,2.187077886885990097e+01,3.904585493516372185e+00
4.610207725247130739e+00,8.219658217695340330e-01,2.190070414121817066e+01,3.904733007622308349e+00
4.616507144704908860e+00,8.219964842344946732e-01,2.193062941357644036e+01,3.904878669079093978e+00
4.622806564162686094e+00,8.220268044861636092e-01,2.196055468593471005e+01,3.905022704858144067e+00
4.629105983620463327e+00,8.220567486409652291e-01,2.199047995829297975e+01,3.905164953996177246e+00
4.635405403078240560e+00,8.220862608467855992e-01,2.202040523065124589e+01,3.905305151168787514e+00
4.641704822536017794e+00,8.221155215730772126e-01,2.205033050300951558e+01,3.905444153692678277e+00
4.648004241993795915e+00,8.221445196681752554e-01,2.208025577536778528e+01,3.905581908592077323e+00
4.654303661451573149e+00,8.221731006649439788e-01,2.211018104772605497e+01,3.905717682073793995e+00
4.660603080909350382e+00,8.222012371591799207e-01,2.214010632008432466e+01,3.905851343954680033e+00
4.666902500367127615e+00,8.222290248412149616e-01,2.217003159244259081e+01,3.905983348809837885e+00
4.673201919824904849e+00,8.222564489846666547e-01,2.219995686480086050e+01,3.906113626681868123e+00
4.679501339282682970e+00,8.222833097473468689e-01,2.222988213715913020e+01,3.906241228224255124e+00
4.685800758740460203e+00,8.223097886168249104e-01,2.225980740951739989e+01,3.906367015590246794e+00
4.692100178198237437e+00,8.223359840353025030e-01,2.228973268187566958e+01,3.906491456427650277e+00
4.698399597656014670e+00,8.223619088052597226e-01,2.231965795423393573e+01,3.906614611554403815e+00
4.704699017113791903e+00,8.223874300931374171e-01,2.234958322659220542e+01,3.906735849947209793e+00
4.710998436571570025e+00,8.224127690668115997e-01,2.237950849895047511e+01,3.906856222259858846e+00
4.717297856029347258e+00,8.224379190374280224e-01,2.240943377130874481e+01,3.906975696717075675e+00
4.723597275487124492e+00,8.224627241834807645e-01,2.243935904366701450e+01,3.907093533091759330e+00
4.729896694944901725e+00,8.224872388669359768e-01,2.246928431602528065e+01,3.907209989629395697e+00
4.736196114402678958e+00,8.225115489866212659e-01,2.249920958838355034e+01,3.907325474390733078e+00
4.742495533860457080e+00,8.225356343076579702e-01,2.252913486074182003e+01,3.907439891250364283e+00
4.748794953318234313e+00,8.225593437162174171e-01,2.255906013310008973e+01,3.907552522344920121e+00
4.755094372776011546e+00,8.225828863088558984e-01,2.258898540545835942e+01,3.907664360983615026e+00
4.761393792233788780e+00,8.226062647004640516e-01,2.261891067781662557e+01,3.907775419588437771e+00
4.767693211691566013e+00,8.226293165850565581e-01,2.264883595017489526e+01,3.907884927127890151e+00
4.773992631149344135e+00,8.226521335491862041e-01,2.267876122253316495e+01,3.907993318682151163e+00
4.780292050607121368e+00,8.226747419777251658e-01,2.270868649489143465e+01,3.908100719592053185e+00
4.786591470064898601e+00,8.226970445433345880e-01,2.273861176724970434e+01,3.908206667505924159e+00
4.792890889522675835e+00,8.227190309398799695e-01,2.276853703960797048e+01,3.908311113464668196e+00
4.799190308980453068e+00,8.227408498881073617e-01,2.279846231196624018e+01,3.908414763963361516e+00
4.805489728438231190e+00,8.227625097859249115e-01,2.282838758432450987e+01,3.908517658896106362e+00
4.811789147896008423e+00,8.227839277690270903e-01,2.285831285668277957e+01,3.908619404617596160e+00
4.818088567353785656e+00,8.228052596374988426e-01,2.288823812904104926e+01,3.908720741253171482e+00
4.824387986811562889e+00,8.228264900922124259e-01,2.291816340139931540e+01,3.908821596124616438e+00
4.830687406269340123e+00,8.228474691129115115e-01,2.294808867375758510e+01,3.908921256563556934e+00
4.836986825727118244e+00,8.228683357731894077e-01,2.297801394611585479e+01,3.909020383236452290e+00
4.843286245184895478e+00,8.228891120206861531e-01,2.300793921847412449e+01,3.909119080405150104e+00
4.849585664642672711e+00,8.229096714672013979e-01,2.303786449083239418e+01,3.909216747664908009e+00
4.855885084100449944e+00,8.229301285980008540e-01,2.306778976319066032e+01,3.909313928875802535e+00
4.862184503558227178e+00,8.229505144797726324e-01,2.309771503554893002e+01,3.909410771619546310e+00
4.868483923016005299e+00,8.229707243292534447e-01,2.312764030790719971e+01,3.909506778125239279e+00
4.874783342473782533e+00,8.229908321129775217e-01,2.315756558026546941e+01,3.909602299769495026e+00
4.881082761931559766e+00,8.230108804956792756e-01,2.318749085262373910e+01,3.909697539230323482e+00
4.887382181389336999e+00,8.230307916820507330e-01,2.321741612498200524e+01,3.909792126942594148e+00
4.893681600847114233e+00,8.230506138284309214e-01,2.324734139734027494e+01,3.909886291672078684e+00
4.899981020304892354e+00,8.230703901937967970e-01,2.327726666969854463e+01,3.909980238919725348e+00
4.906280439762669587e+00,8.230900574693331695e-01,2.330719194205681433e+01,3.910073667938211539e+00
4.912579859220446821e+00,8.231096485100735105e-01,2.333711721441508402e+01,3.910166734804748412e+00
4.918879278678224054e+00,8.231292033269932418e-01,2.336704248677335016e+01,3.910259629590714159e+00
4.925178698136001287e+00,8.231486711171375203e-01,2.339696775913161986e+01,3.910352110957637795e+00
4.931478117593779409e+00,8.231680793040736521e-01,2.342689303148988955e+01,3.910444309180654443e+00
4.937777537051556642e+00,8.231874610705179895e-01,2.345681830384815925e+01,3.910536381893627400e+00
4.944076956509333876e+00,8.232067726371918859e-01,2.348674357620642894e+01,3.910628121123925105e+00
4.950376375967111109e+00,8.232260407397952173e-01,2.351666884856469508e+01,3.910719653878982349e+00
4.956675795424888342e+00,8.232452907281155863e-01,2.354659412092296478e+01,3.910811100582483046e+00
4.962975214882666464e+00,8.232644849839193535e-01,2.357651939328123447e+01,3.910902282529723273e+00
4.969274634340443697e+00,8.232836503177972665e-01,2.360644466563950417e+01,3.910993327083904347e+00
4.975574053798220930e+00,8.233028040870016273e-01,2.363636993799777386e+01,3.911084316700323527e+00
4.981873473255998164e+00,8.233219158017959227e-01,2.366629521035604000e+01,3.911175106538067769e+00
4.988172892713775397e+00,8.233410099338648314e-01,2.369622048271430970e+01,3.911265812849408885e+00
4.994472312171553519e+00,8.233600960834039917e-01,2.372614575507257939e+01,3.911356481239894656e+00
5.000771731629330752e+00,8.233791547601501115e-01,2.375607102743084909e+01,3.911447019121399027e+00
5.007071151087107985e+00,8.233982031760351816e-01,2.378599629978911878e+01,3.911537508258878582e+00
5.013370570544885219e+00,8.234172459411545075e-01,2.381592157214738492e+01,3.911627970552502553e+00
5.019669990002662452e+00,8.234362724326674821e-01,2.384584684450565462e+01,3.911718355538668757e+00
5.025969409460440573e+00,8.234552934042478345e-01,2.387577211686392431e+01,3.911808714302500434e+00
5.032268828918217807e+00,8.234743107534874262e-01,2.390569738922219400e+01,3.911899055858470753e+00
