x_m,r_m,x_over_rt,r_over_rt
# M4.19 vitiated-air nozzle [ns] physical wall = inviscid + delta* normal offset (PhysicalNozzleWall)
# R=2, L_U=6, L_c=9 (r_t units), M_d=4.19; r_t=0.210505 m
# throat x=-0.002507 m r=0.212686 m; exit x=5.239861 m r=0.824095 m
-1.368282500000000068e+00,7.999189999999999356e-01,-6.500000000000000000e+00,3.799999999999999822e+00
-1.364653103448275839e+00,7.999189999999999356e-01,-6.482758620689654805e+00,3.799999999999999822e+00
-1.361023706896551833e+00,7.999189999999999356e-01,-6.465517241379310498e+00,3.799999999999999822e+00
-1.357394310344827604e+00,7.999189999999999356e-01,-6.448275862068965303e+00,3.799999999999999822e+00
-1.353764913793103597e+00,7.999189999999999356e-01,-6.431034482758620996e+00,3.799999999999999822e+00
-1.350135517241379368e+00,7.999189999999999356e-01,-6.413793103448275801e+00,3.799999999999999822e+00
-1.346506120689655139e+00,7.999189999999999356e-01,-6.396551724137930606e+00,3.799999999999999822e+00
-1.342876724137931133e+00,7.999189999999999356e-01,-6.379310344827586299e+00,3.799999999999999822e+00
-1.339247327586206904e+00,7.999189999999999356e-01,-6.362068965517241104e+00,3.799999999999999822e+00
-1.335617931034482897e+00,7.999189999999999356e-01,-6.344827586206896797e+00,3.799999999999999822e+00
-1.331988534482758668e+00,7.999189999999999356e-01,-6.327586206896551602e+00,3.799999999999999822e+00
-1.328359137931034661e+00,7.999189999999999356e-01,-6.310344827586207295e+00,3.799999999999999822e+00
-1.324729741379310433e+00,7.999189999999999356e-01,-6.293103448275862100e+00,3.799999999999999822e+00
-1.321100344827586204e+00,7.999189999999999356e-01,-6.275862068965516904e+00,3.799999999999999822e+00
-1.317470948275862197e+00,7.999189999999999356e-01,-6.258620689655172598e+00,3.799999999999999822e+00
-1.313841551724137968e+00,7.999189999999999356e-01,-6.241379310344827402e+00,3.799999999999999822e+00
-1.310212155172413739e+00,7.999189999999999356e-01,-6.224137931034483096e+00,3.799999999999999822e+00
-1.306582758620689733e+00,7.999189999999999356e-01,-6.206896551724137900e+00,3.799999999999999822e+00
-1.302953362068965504e+00,7.999189999999999356e-01,-6.189655172413792705e+00,3.799999999999999822e+00
-1.299323965517241497e+00,7.999189999999999356e-01,-6.172413793103448398e+00,3.799999999999999822e+00
-1.295694568965517268e+00,7.999189999999999356e-01,-6.155172413793103203e+00,3.799999999999999822e+00
-1.292065172413793039e+00,7.999189999999999356e-01,-6.137931034482758896e+00,3.799999999999999822e+00
-1.288435775862069033e+00,7.999189999999999356e-01,-6.120689655172413701e+00,3.799999999999999822e+00
-1.284806379310344804e+00,7.999189999999999356e-01,-6.103448275862069394e+00,3.799999999999999822e+00
-1.281176982758620797e+00,7.999189999999999356e-01,-6.086206896551724199e+00,3.799999999999999822e+00
-1.277547586206896568e+00,7.999189999999999356e-01,-6.068965517241379004e+00,3.799999999999999822e+00
-1.273918189655172339e+00,7.999189999999999356e-01,-6.051724137931034697e+00,3.799999999999999822e+00
-1.270288793103448333e+00,7.999189999999999356e-01,-6.034482758620689502e+00,3.799999999999999822e+00
-1.266659396551724104e+00,7.999189999999999356e-01,-6.017241379310345195e+00,3.799999999999999822e+00
-1.263030000000000097e+00,7.999189999999999356e-01,-6.000000000000000000e+00,3.799999999999999822e+00
-1.256695714058843061e+00,7.999185121288227007e-01,-5.969909095075380812e+00,3.799997682377248776e+00
-1.250361428117686025e+00,7.999151214071559268e-01,-5.939818190150761623e+00,3.799981574818441121e+00
-1.244027142176529210e+00,7.999059917570982003e-01,-5.909727285226142435e+00,3.799938204589431212e+00
-1.237692856235372174e+00,7.998883594122824237e-01,-5.879636380301523246e+00,3.799854442470641747e+00
-1.231358570294215138e+00,7.998595323334567464e-01,-5.849545475376904058e+00,3.799717499980792557e+00
-1.225024284353058324e+00,7.998168896240666070e-01,-5.819454570452284869e+00,3.799514926600634723e+00
-1.218689998411901287e+00,7.997578809458354421e-01,-5.789363665527665681e+00,3.799234606996676700e+00
-1.212355712470744251e+00,7.996800259343465056e-01,-5.759272760603046493e+00,3.798864758244917983e+00
-1.206021426529587437e+00,7.995809136146242446e-01,-5.729181855678427304e+00,3.798393927054579677e+00
-1.199687140588430401e+00,7.994582018167158965e-01,-5.699090950753808116e+00,3.797810986991833726e+00
-1.193352854647273364e+00,7.993096165912725315e-01,-5.669000045829188927e+00,3.797105135703534362e+00
-1.187018568706116550e+00,7.991329516251303167e-01,-5.638909140904569739e+00,3.796265892140948228e+00
-1.180684282764959514e+00,7.989260676568926689e-01,-5.608818235979950551e+00,3.795283093783485828e+00
-1.174349996823802478e+00,7.986868918925112970e-01,-5.578727331055331362e+00,3.794146893862432091e+00
-1.168015710882645664e+00,7.984134174208672441e-01,-5.548636426130712174e+00,3.792847758584676043e+00
-1.161681424941488627e+00,7.981037026293528180e-01,-5.518545521206092985e+00,3.791376464356441822e+00
-1.155347139000331591e+00,7.977558706194529670e-01,-5.488454616281473797e+00,3.789724095007021010e+00
-1.149012853059174777e+00,7.973681086223262104e-01,-5.458363711356854608e+00,3.787882039012499646e+00
-1.142678567118017741e+00,7.969386674143867921e-01,-5.428272806432235420e+00,3.785841986719492791e+00
-1.136344281176860704e+00,7.964658607328856110e-01,-5.398181901507616232e+00,3.783595927568872863e+00
-1.130009995235703890e+00,7.959480646914913748e-01,-5.368090996582997043e+00,3.781136147319500207e+00
-1.123675709294546854e+00,7.953837171958728636e-01,-5.338000091658377855e+00,3.778455225271954987e+00
-1.117341423353389818e+00,7.947713173592796387e-01,-5.307909186733758666e+00,3.775546031492266863e+00
-1.111007137412233003e+00,7.941094249181237519e-01,-5.277818281809139478e+00,3.772401724035646442e+00
-1.104672851471075967e+00,7.933966596475610089e-01,-5.247727376884520289e+00,3.769015746170214509e+00
-1.098338565529918931e+00,7.926317007770724565e-01,-5.217636471959901101e+00,3.765381823600733924e+00
-1.092004279588762117e+00,7.918132864060460907e-01,-5.187545567035281913e+00,3.761493961692340182e+00
-1.085669993647605081e+00,7.909402129193575659e-01,-5.157454662110662724e+00,3.757346442694271538e+00
-1.079335707706448044e+00,7.900113344029525697e-01,-5.127363757186043536e+00,3.752933822963600008e+00
-1.073001421765291230e+00,7.890255620594271990e-01,-5.097272852261424347e+00,3.748250930188961050e+00
-1.066667135824134194e+00,7.879818636236103346e-01,-5.067181947336805159e+00,3.743292860614286344e+00
-1.060332849882977158e+00,7.868792627781442395e-01,-5.037091042412185971e+00,3.738054976262531692e+00
-1.053998563941820343e+00,7.857168385690666002e-01,-5.007000137487566782e+00,3.732532902159410249e+00
-1.047664278000663307e+00,7.844937248213916803e-01,-4.976909232562947594e+00,3.726722523557120859e+00
-1.041329992059506049e+00,7.832091095546916959e-01,-4.946818327638327517e+00,3.720619983158080402e+00
-1.034995706118349457e+00,7.818622343986784129e-01,-4.916727422713709217e+00,3.714221678338654353e+00
-1.028661420177192198e+00,7.804523940087841893e-01,-4.886636517789089140e+00,3.707524258372885129e+00
-1.022327134236035384e+00,7.789789354817439060e-01,-4.856545612864470840e+00,3.700524621656226198e+00
-1.015992848294878348e+00,7.774412577711760086e-01,-4.826454707939850763e+00,3.693219912929270432e+00
-1.009658562353721534e+00,7.758388111031642165e-01,-4.796363803015232463e+00,3.685607520501481105e+00
-1.003324276412564275e+00,7.741710963918384536e-01,-4.766272898090612387e+00,3.677685073474922017e+00
-9.969899904714075722e-01,7.724376646549570014e-01,-4.736181993165994086e+00,3.669450438967991168e+00
-9.906557045302504250e-01,7.706381164294868746e-01,-4.706091088241374010e+00,3.660901719339145988e+00
-9.843214185890936108e-01,7.687721011871867516e-01,-4.676000183316755709e+00,3.652037249410639674e+00
-9.779871326479364635e-01,7.668393167501864616e-01,-4.645909278392135633e+00,3.642855593692246874e+00
-9.716528467067797603e-01,7.648395087065703590e-01,-4.615818373467517333e+00,3.633355543604999127e+00
-9.653185607656226130e-01,7.627724698259571445e-01,-4.585727468542897256e+00,3.623536114704910549e+00
-9.589842748244657988e-01,7.606380394750826834e-01,-4.555636563618278956e+00,3.613396543906713276e+00
-9.526499888833086516e-01,7.584361030333798270e-01,-4.525545658693658879e+00,3.602936286707583147e+00
-9.463157029421518374e-01,7.561665913085613422e-01,-4.495454753769040579e+00,3.592155014410875591e+00
-9.399814170009946901e-01,7.538294799522003986e-01,-4.465363848844420502e+00,3.581052611349851311e+00
-9.336471310598379869e-01,7.514247888753126103e-01,-4.435272943919802202e+00,3.569629172111411286e+00
-9.273128451186808396e-01,7.489525816639366340e-01,-4.405182038995182126e+00,3.557884998759823336e+00
-9.209785591775238034e-01,7.464129649947164324e-01,-4.375091134070562937e+00,3.545820598060456685e+00
-9.146442732363668782e-01,7.438060880504820949e-01,-4.345000229145943749e+00,3.533436678703508971e+00
-9.083099872952099529e-01,7.411321419358319895e-01,-4.314909324221324560e+00,3.520734148527740359e+00
-9.019757013540529167e-01,7.383913590927128068e-01,-4.284818419296705372e+00,3.507714111744200114e+00
-8.956414154128959915e-01,7.355840127160027109e-01,-4.254727514372086183e+00,3.494377866159961599e+00
-8.893071294717390662e-01,7.327104161690914941e-01,-4.224636609447466995e+00,3.480726900401850177e+00
-8.829728435305820300e-01,7.297709223994622851e-01,-4.194545704522847807e+00,3.466762891140173775e+00
-8.766385575894251048e-01,7.267659233542733688e-01,-4.164454799598228618e+00,3.452487700312455221e+00
-8.703042716482681795e-01,7.236958493959392280e-01,-4.134363894673609430e+00,3.437903372347161479e+00
-8.639699857071111433e-01,7.205611687177120306e-01,-4.104272989748990241e+00,3.423012131387435097e+00
-8.576356997659542181e-01,7.173623867592628933e-01,-4.074182084824371053e+00,3.407816378514823441e+00
-8.513014138247972928e-01,7.141000456222638126e-01,-4.044091179899751864e+00,3.392318688973011476e+00
-8.449671278836402566e-01,7.107747234859683738e-01,-4.014000274975132676e+00,3.376521809391550555e+00
-8.386328419424833314e-01,7.073870340227937925e-01,-3.983909370050513488e+00,3.360428655009590315e+00
-8.322985560013264061e-01,7.039376258139020681e-01,-3.953818465125894299e+00,3.344042306899608352e+00
-8.259642700601693699e-01,7.004271817647811371e-01,-3.923727560201275111e+00,3.327366009191141227e+00
-8.196299841190124447e-01,6.968564185208270256e-01,-3.893636655276655922e+00,3.310403166294515920e+00
-8.132956981778555194e-01,6.932260858829243366e-01,-3.863545750352036734e+00,3.293157340124578170e+00
-8.069614122366984832e-01,6.895369662230284025e-01,-3.833454845427417546e+00,3.275632247324426594e+00
-8.006271262955415580e-01,6.857898738997463273e-01,-3.803363940502798357e+00,3.257831756489139696e+00
-7.942928403543846327e-01,6.819856546739185843e-01,-3.773273035578179169e+00,3.239759885389509098e+00
-7.879585544132275965e-01,6.781251851242003914e-01,-3.743182130653559980e+00,3.221420798195769208e+00
-7.816242684720706713e-01,6.742093720626427533e-01,-3.713091225728940792e+00,3.202818802701326462e+00
-7.752899825309137460e-01,6.702391519502747252e-01,-3.683000320804321603e+00,3.183958347546493872e+00
-7.689556965897567098e-01,6.662154903126839001e-01,-3.652909415879702415e+00,3.164844019442217160e+00
-7.626214106485997846e-01,6.621393811555985609e-01,-3.622818510955083227e+00,3.145480540393807978e+00
-7.562871247074428593e-01,6.580118463804686124e-01,-3.592727606030464038e+00,3.125872764924674474e+00
-7.499528387662858231e-01,6.538339352000471782e-01,-3.562636701105844850e+00,3.106025677300050969e+00
-7.436185528251288979e-01,6.496067235539723095e-01,-3.532545796181225661e+00,3.085944388750729406e+00
-7.372842668839719726e-01,6.453313135243475829e-01,-3.502454891256606473e+00,3.065634134696789026e+00
-7.309499809428149364e-01,6.410088327513244755e-01,-3.472363986331987284e+00,3.045100271971328265e+00
-7.246156950016580112e-01,6.366404338486830738e-01,-3.442273081407368096e+00,3.024348276044193984e+00
-7.182814090605010859e-01,6.322272938194140046e-01,-3.412182176482748908e+00,3.003383738245713808e+00
-7.119471231193440497e-01,6.277706134712992547e-01,-3.382091271558129719e+00,2.982212362990424470e+00
-7.056128371781871245e-01,6.232716168324945460e-01,-3.352000366633510531e+00,2.960839965000805485e+00
-6.992785512370301992e-01,6.187315505671096005e-01,-3.321909461708891342e+00,2.939272466531007044e+00
-6.929442652958731630e-01,6.141516833907902928e-01,-3.291818556784272154e+00,2.917515894590581471e+00
-6.866099793547162378e-01,6.095333054862999145e-01,-3.261727651859652966e+00,2.895576378168214227e+00
-6.802756934135593125e-01,6.048777279191007716e-01,-3.231636746935033777e+00,2.873460145455455805e+00
-6.739414074724022763e-01,6.001862820529346720e-01,-3.201545842010414589e+00,2.851173521070448302e+00
-6.676071215312453511e-01,5.954603189654061879e-01,-3.171454937085795400e+00,2.828722923281661750e+00
-6.612728355900884258e-01,5.907012088635618108e-01,-3.141364032161176212e+00,2.806114861231618463e+00
-6.549385496489313896e-01,5.859103404994733255e-01,-3.111273127236557023e+00,2.783355932160629820e+00
-6.486042637077744644e-01,5.810891205858179642e-01,-3.081182222311937835e+00,2.760452818630521943e+00
-6.422699777666175391e-01,5.762389732114604479e-01,-3.051091317387318647e+00,2.737412285748369367e+00
-6.359356918254605029e-01,5.713613392570344729e-01,-3.021000412462699458e+00,2.714241178390225606e+00
-6.296014058843035777e-01,5.664576758105231979e-01,-2.990909507538080270e+00,2.690946418424850606e+00
-6.232671199431466524e-01,5.615294555828418410e-01,-2.960818602613461081e+00,2.667535001937444861e+00
-6.169328340019896162e-01,5.565781663234184995e-01,-2.930727697688841893e+00,2.644013996453378645e+00
-6.105985480608326910e-01,5.516053102357757476e-01,-2.900636792764222704e+00,2.620390538161923910e+00
-6.042642621196757657e-01,5.466124033931120119e-01,-2.870545887839603516e+00,2.596671829139982624e+00
-5.979299761785187295e-01,5.416009751538828354e-01,-2.840454982914984328e+00,2.572865134575819113e+00
-5.915956902373618043e-01,5.365725675773821424e-01,-2.810364077990365139e+00,2.548977779992789294e+00
-5.852614042962047680e-01,5.315287348393242794e-01,-2.780273173065745507e+00,2.525017148473073458e+00
-5.789271183550478428e-01,5.264710426474253913e-01,-2.750182268141126318e+00,2.500990677881405944e+00
-5.725928324138908065e-01,5.214010676569836855e-01,-2.720091363216507130e+00,2.476905858088803924e+00
-5.662585464727338813e-01,5.163203968864622517e-01,-2.690000458291887941e+00,2.452770228196300639e+00
-5.599242605315769561e-01,5.112306271330697705e-01,-2.659909553367268753e+00,2.428591373758674621e+00
-5.535899745904199198e-01,5.061333643883423328e-01,-2.629818648442649565e+00,2.404376924008182037e+00
-5.472556886492629946e-01,5.010302232537242606e-01,-2.599727743518030376e+00,2.380134549078284589e+00
-5.409214027081060694e-01,4.959228263561499261e-01,-2.569636838593411188e+00,2.355871957227381408e+00
-5.345871167669490331e-01,4.908128037636250718e-01,-2.539545933668791999e+00,2.331596892062540505e+00
-5.282528308257921079e-01,4.857017924008084075e-01,-2.509455028744172811e+00,2.307317129763228447e+00
-5.219185448846351827e-01,4.805914354645927089e-01,-2.479364123819553622e+00,2.283040476305041366e+00
-5.155842589434781464e-01,4.754833818396869694e-01,-2.449273218894934434e+00,2.258774764683437297e+00
-5.092499730023212212e-01,4.703792855141963880e-01,-2.419182313970315246e+00,2.234527852137461856e+00
-5.029156870611642960e-01,4.652808049952052993e-01,-2.389091409045696057e+00,2.210307617373484135e+00
-4.965814011200072597e-01,4.601896027243575493e-01,-2.359000504121076869e+00,2.186121957788924597e+00
-4.902471151788503345e-01,4.551073444934387591e-01,-2.328909599196457680e+00,2.161978786695986976e+00
-4.839128292376933538e-01,4.500356988599568120e-01,-2.298818694271838492e+00,2.137886030545387506e+00
-4.775785432965363730e-01,4.449763365627240064e-01,-2.268727789347219304e+00,2.113851626150086815e+00
-4.712442573553794478e-01,4.399309299374382642e-01,-2.238636884422600115e+00,2.089883517909020050e+00
-4.649099714142224671e-01,4.349011523322642292e-01,-2.208545979497980927e+00,2.065989655030826988e+00
-4.585756854730654863e-01,4.298886775234155855e-01,-2.178455074573361738e+00,2.042177988757585716e+00
-4.522413995319085611e-01,4.248951791307350456e-01,-2.148364169648742550e+00,2.018456469588537416e+00
-4.459071135907515804e-01,4.199223300332768916e-01,-2.118273264724123361e+00,1.994833044503821151e+00
-4.395728276495945996e-01,4.149718017848884055e-01,-2.088182359799504173e+00,1.971315654188206423e+00
-4.332385417084376744e-01,4.100452640297906348e-01,-2.058091454874884985e+00,1.947912230254818855e+00
-4.269042557672806937e-01,4.051443839181599893e-01,-2.028000549950265796e+00,1.924630692468872528e+00
-4.205699698261236574e-01,4.002708255217100608e-01,-1.997909645025646164e+00,1.901478945971402545e+00
-4.142356838849666767e-01,3.954262492492727765e-01,-1.967818740101026975e+00,1.878464878502994040e+00
-4.079013979438096960e-01,3.906123112623795524e-01,-1.937727835176407787e+00,1.855596357627512738e+00
-4.015671120026527707e-01,3.858306628908435010e-01,-1.907636930251788598e+00,1.832881227955837078e+00
-3.952328260614957900e-01,3.810829500483394749e-01,-1.877546025327169410e+00,1.810327308369584998e+00
-3.888985401203388093e-01,3.763708126479872740e-01,-1.847455120402550222e+00,1.787942389244850716e+00
-3.825642541791818840e-01,3.716958840179315215e-01,-1.817364215477931033e+00,1.765734229675929523e+00
-3.762299682380249033e-01,3.670597903169239840e-01,-1.787273310553311845e+00,1.743710554699052118e+00
-3.698956822968679226e-01,3.624641499499040020e-01,-1.757182405628692656e+00,1.721879052516111397e+00
-3.635613963557109973e-01,3.579105729835819760e-01,-1.727091500704073468e+00,1.700247371718401013e+00
-3.572271104145540166e-01,3.534006605620179098e-01,-1.697000595779454279e+00,1.678823118510334389e+00
-3.508928244733970359e-01,3.489360043222050067e-01,-1.666909690854835091e+00,1.657613853933184611e+00
-3.445585385322401106e-01,3.445181858096508787e-01,-1.636818785930215903e+00,1.636627091088814545e+00
-3.382242525910831299e-01,3.401487758939573669e-01,-1.606727881005596714e+00,1.615870292363399408e+00
-3.318899666499261492e-01,3.358293341844038604e-01,-1.576636976080977526e+00,1.595350866651166655e+00
-3.255556807087692239e-01,3.315614084455279498e-01,-1.546546071156358337e+00,1.575076166578123882e+00
-3.192213947676122432e-01,3.273465340127065248e-01,-1.516455166231739149e+00,1.555053485725785833e+00
-3.128871088264552625e-01,3.231862332077370392e-01,-1.486364261307119961e+00,1.535290055854906299e+00
-3.065528228852983372e-01,3.190820147544206620e-01,-1.456273356382500772e+00,1.515793044129216227e+00
-3.002185369441413565e-01,3.150353731941414326e-01,-1.426182451457881584e+00,1.496569550339143628e+00
-2.938842510029843758e-01,3.110477883014483025e-01,-1.396091546533262395e+00,1.477626604125547249e+00
-2.875499650618274505e-01,3.071207244996383978e-01,-1.366000641608643207e+00,1.458971162203455574e+00
-2.812156791206704698e-01,3.032556302763355638e-01,-1.335909736684024018e+00,1.440610105585784506e+00
-2.748813931795134891e-01,2.994539375990735164e-01,-1.305818831759404830e+00,1.422550236807075930e+00
-2.685471072383565638e-01,2.957170613308772733e-01,-1.275727926834785642e+00,1.404798277147228269e+00
-2.622128212971995831e-01,2.920463986458439187e-01,-1.245637021910166453e+00,1.387360863855223947e+00
-2.558785353560426024e-01,2.884433284447239787e-01,-1.215546116985547265e+00,1.370244547372860389e+00
-2.495442494148856494e-01,2.849092107705042398e-01,-1.185455212060928076e+00,1.353455788558486805e+00
-2.432099634737286964e-01,2.814453862239869042e-01,-1.155364307136308888e+00,1.337000955910723654e+00
-2.368756775325717434e-01,2.780531753793722971e-01,-1.125273402211689699e+00,1.320886322792201195e+00
-2.305413915914147627e-01,2.747338781998415747e-01,-1.095182497287070511e+00,1.305118064653293608e+00
-2.242071056502578097e-01,2.714887734531351571e-01,-1.065091592362451323e+00,1.289702256255838009e+00
-2.178728197091008567e-01,2.683191181271358805e-01,-1.035000687437832134e+00,1.274644868896871230e+00
-2.115385337679438760e-01,2.652261468454517046e-01,-1.004909782513212946e+00,1.259951767632368380e+00
-2.052042478267869230e-01,2.622110712829941459e-01,-9.748188775885937574e-01,1.245628708500957860e+00
-1.988699618856299700e-01,2.592750795815615961e-01,-9.447279726639745689e-01,1.231681335747662143e+00
-1.925356759444729893e-01,2.564193357654211969e-01,-9.146370677393553805e-01,1.218115179047629226e+00
-1.862013900033160363e-01,2.536449791568885503e-01,-8.845461628147361921e-01,1.204935650729856977e+00
-1.798671040621590833e-01,2.509531237919097046e-01,-8.544552578901170037e-01,1.192148043000925028e+00
-1.735328181210021026e-01,2.483448578356449443e-01,-8.243643529654978153e-01,1.179757525168736887e+00
-1.671985321798451496e-01,2.458212429980457525e-01,-7.942734480408786268e-01,1.167769140866230071e+00
-1.608642462386881966e-01,2.433833139494396003e-01,-7.641825431162594384e-01,1.156187805275122216e+00
-1.545299602975312159e-01,2.410320777361112110e-01,-7.340916381916402500e-01,1.145018302349641193e+00
-1.481956743563742629e-01,2.387685131958820484e-01,-7.040007332670210616e-01,1.134265282040246348e+00
-1.418613884152173099e-01,2.365935703736926077e-01,-6.739098283424018732e-01,1.123933257517363504e+00
-1.355271024740603292e-01,2.345081699371858452e-01,-6.438189234177826847e-01,1.114026602395125298e+00
-1.291928165329033762e-01,2.325132025922850565e-01,-6.137280184931634963e-01,1.104549547955084421e+00
-1.228585305917464232e-01,2.306095284987775273e-01,-5.836371135685443079e-01,1.095506180369955729e+00
-1.165242446505894564e-01,2.287979766858966035e-01,-5.535462086439251195e-01,1.086900437927349028e+00
-1.101899587094324895e-01,2.270793444679003181e-01,-5.234553037193059311e-01,1.078736108253487203e+00
-1.038556727682755365e-01,2.254543968596545434e-01,-4.933643987946867426e-01,1.071016825536944772e+00
-9.752138682711856965e-02,2.239238659922170305e-01,-4.632734938700675542e-01,1.063746067752390889e+00
-9.118710088596160279e-02,2.224884505284130676e-01,-4.331825889454483658e-01,1.056927153884292814e+00
-8.485281494480464981e-02,2.211488150784201856e-01,-4.030916840208291774e-01,1.050563241150662463e+00
-7.851852900364768295e-02,2.199055896153521150e-01,-3.730007790962099889e-01,1.044657322226798080e+00
-7.218424306249071609e-02,2.187593688908349987e-01,-3.429098741715908005e-01,1.039212222468991254e+00
-6.584995712133376311e-02,2.177107118505911265e-01,-3.128189692469716121e-01,1.034230597138268148e+00
-5.951567118017679625e-02,2.167601410500223647e-01,-2.827280643223524237e-01,1.029714928624129389e+00
-5.318138523901983633e-02,2.159081420697876730e-01,-2.526371593977332353e-01,1.025667523668262859e+00
-4.684709929786286947e-02,2.151551629313884217e-01,-2.225462544731140468e-01,1.022090510588292034e+00
-4.051281335670590955e-02,2.145016135127463530e-01,-1.924553495484948584e-01,1.018985836501490994e+00
-3.417852741554894963e-02,2.139478649637880370e-01,-1.623644446238756700e-01,1.016355264548528758e+00
-2.784424147439198624e-02,2.134942491220226946e-01,-1.322735396992564816e-01,1.014200371117183419e+00
-2.150995553323502285e-02,2.131410579281284856e-01,-1.021826347746372932e-01,1.012522543066095793e+00
-1.517566959207806120e-02,2.128885428415296932e-01,-7.209172985001810474e-02,1.011322974948479558e+00
-8.841383650921099541e-03,2.127369142559789317e-01,-4.200082492539891632e-02,1.010602666235856262e+00
-2.507097709764045945e-03,2.126863409151409368e-01,-1.190992000077929769e-02,1.010362418541796758e+00
4.054063288634382999e-03,2.127633426043807063e-01,1.925875056950848013e-02,1.010728213602435588e+00
1.061522428703281194e-02,2.129094300917269977e-01,5.042742113979625795e-02,1.011422199433395841e+00
1.717638528543124002e-02,2.131500112732883090e-01,8.159609171008404271e-02,1.012565075762040356e+00
2.373754628382966983e-02,2.134880280423936960e-01,1.127647622803718136e-01,1.014170817996692175e+00
3.029870728222809270e-02,2.139241036063021517e-01,1.439334328506595706e-01,1.016242386671585729e+00
3.685986828062653292e-02,2.144593370469675409e-01,1.751021034209473970e-01,1.018785002954645025e+00
4.342102927902495579e-02,2.150951036474677558e-01,2.062707739912351679e-01,1.021805200101982170e+00
4.998219027742338560e-02,2.158323965776705600e-01,2.374394445615229388e-01,1.025307696148170189e+00
5.654335127582181542e-02,2.166728816214416320e-01,2.686081151318107096e-01,1.029300404367790023e+00
6.310451227422024523e-02,2.176197916902273821e-01,2.997767857020984805e-01,1.033798682645197919e+00
6.966567327261866116e-02,2.186740344442505979e-01,3.309454562723862514e-01,1.038806842803024155e+00
7.622683427101710485e-02,2.198385929675154282e-01,3.621141268426740778e-01,1.044339055925110671e+00
8.278799526941553466e-02,2.211157737212212648e-01,3.932827974129618487e-01,1.050406278811530703e+00
8.934915626781396447e-02,2.225060398381249471e-01,4.244514679832496196e-01,1.057010711565639527e+00
9.591031726621238040e-02,2.240105877332664586e-01,4.556201385535373904e-01,1.064158037734336260e+00
1.024714782646108102e-01,2.256259902990138122e-01,4.867888091238251613e-01,1.071831976907977602e+00
1.090326392630092539e-01,2.273467352481561010e-01,5.179574796941129877e-01,1.080006343070977426e+00
1.155938002614076698e-01,2.291658418148588283e-01,5.491261502644007031e-01,1.088647974227969994e+00
1.221549612598061135e-01,2.310730851362962079e-01,5.802948208346885295e-01,1.097708297362514962e+00
1.287161222582045295e-01,2.330569533076608246e-01,6.114634914049762449e-01,1.107132625389709579e+00
1.352772832566029593e-01,2.351071098260879844e-01,6.426321619752640713e-01,1.116871854949231579e+00
1.418384442550013891e-01,2.372146232901195806e-01,6.738008325455517866e-01,1.126883557588273854e+00
1.483996052533998189e-01,2.393720104855785180e-01,7.049695031158396130e-01,1.137132184440172500e+00
1.549607662517982487e-01,2.415718356762546204e-01,7.361381736861274394e-01,1.147582412181442857e+00
1.615219272501966785e-01,2.438079828607560284e-01,7.673068442564151548e-01,1.158205186863761060e+00
1.680830882485951083e-01,2.460765778139347160e-01,7.984755148267029812e-01,1.168982104054225424e+00
1.746442492469935381e-01,2.483728082457058450e-01,8.296441853969906965e-01,1.179890303060287637e+00
1.812054102453919679e-01,2.506930312482373302e-01,8.608128559672785229e-01,1.190912478317557088e+00
1.877665712437903700e-01,2.530343943481593305e-01,8.919815265375662383e-01,1.202035079205526324e+00
1.943277322421888276e-01,2.553936449773462902e-01,9.231501971078540647e-01,1.213242654461158976e+00
2.008888932405872296e-01,2.577691395447930245e-01,9.543188676781417801e-01,1.224527396236635868e+00
2.074500542389856594e-01,2.601579623673732078e-01,9.854875382484296065e-01,1.235875453634703192e+00
2.140112152373841170e-01,2.625587505340875594e-01,1.016656208818717433e+00,1.247280352172573492e+00
2.205723762357825468e-01,2.649694027657074069e-01,1.047824879389005259e+00,1.258732109763223805e+00
2.271335372341809489e-01,2.673886988056286551e-01,1.078993549959292864e+00,1.270224929600858310e+00
2.336946982325793787e-01,2.698149708630178112e-01,1.110162220529580690e+00,1.281750888876833416e+00
2.402558592309778085e-01,2.722471436882503149e-01,1.141330891099868516e+00,1.293304879638252469e+00
2.468170202293762661e-01,2.746837546366636684e-01,1.172499561670156343e+00,1.304879953619456412e+00
2.533781812277746681e-01,2.771240960422357569e-01,1.203668232240443947e+00,1.316472749066462722e+00
2.599393422261730979e-01,2.795667476385979566e-01,1.234836902810731774e+00,1.328076519030892078e+00
2.665005032245715277e-01,2.820114234909989470e-01,1.266005573381019600e+00,1.339689905185144969e+00
2.730616642229699575e-01,2.844567002321851668e-01,1.297174243951307426e+00,1.351306145850146967e+00
2.796228252213683874e-01,2.869024024666405603e-01,1.328342914521595253e+00,1.362924407812833749e+00
2.861839862197668172e-01,2.893474199054624219e-01,1.359511585091882857e+00,1.374539416666884062e+00
2.927451472181652470e-01,2.917913551272359740e-01,1.390680255662170683e+00,1.386149284469423426e+00
2.993063082165636768e-01,2.942337882287482387e-01,1.421848926232458510e+00,1.397752016478222670e+00
3.058674692149621066e-01,2.966736517301479803e-01,1.453017596802746336e+00,1.409342541650544955e+00
3.124286302133605364e-01,2.991109033286943331e-01,1.484186267373034163e+00,1.420920659028024780e+00
3.189897912117589662e-01,3.015445629751700718e-01,1.515354937943321767e+00,1.432481712905489424e+00
3.255509522101573960e-01,3.039742839869040703e-01,1.546523608513609593e+00,1.444024056373502285e+00
3.321121132085558258e-01,3.064000572490276353e-01,1.577692279083897420e+00,1.455547646132052231e+00
3.386732742069542557e-01,3.088211355606776953e-01,1.608860949654185246e+00,1.467048932617646573e+00
3.452344352053526300e-01,3.112375928697980187e-01,1.640029620224472851e+00,1.478528267118586426e+00
3.517955962037511153e-01,3.136491774197752713e-01,1.671198290794760677e+00,1.489984453669866760e+00
3.583567572021495451e-01,3.160550226188703071e-01,1.702366961365048503e+00,1.501413375543907858e+00
3.649179182005479749e-01,3.184553052700656584e-01,1.733535631935336330e+00,1.512815872639916570e+00
3.714790791989464047e-01,3.208498542066457460e-01,1.764704302505624156e+00,1.524191131833665391e+00
3.780402401973447790e-01,3.232379484487448718e-01,1.795872973075911760e+00,1.535535728124010735e+00
3.846014011957432643e-01,3.256197528425821552e-01,1.827041643646199587e+00,1.546850444609781938e+00
3.911625621941416941e-01,3.279951277146632149e-01,1.858210314216487413e+00,1.558134617774699970e+00
3.977237231925401240e-01,3.303634924767731018e-01,1.889378984786775240e+00,1.569385489545488843e+00
4.042848841909384983e-01,3.327248370046882453e-01,1.920547655357062844e+00,1.580603011827216742e+00
4.108460451893369281e-01,3.350793043275186456e-01,1.951716325927350670e+00,1.591787864076951386e+00
4.174072061877354134e-01,3.374266833798370557e-01,1.982884996497638497e+00,1.602939043632393812e+00
4.239683671861338432e-01,3.397663332349872833e-01,2.014053667067926323e+00,1.614053505783650255e+00
4.305295281845322730e-01,3.420988264714866500e-01,2.045222337638214150e+00,1.625133970554080154e+00
4.370906891829307028e-01,3.444240165392888908e-01,2.076391008208501976e+00,1.636179741760475537e+00
4.436518501813291326e-01,3.467411801102777136e-01,2.107559678778789802e+00,1.647187383246372816e+00
4.502130111797275069e-01,3.490505334895960265e-01,2.138728349349077185e+00,1.658157922565240971e+00
4.567741721781259367e-01,3.513521545766268295e-01,2.169897019919365011e+00,1.669091729776617461e+00
4.633353331765243666e-01,3.536459370524004941e-01,2.201065690489652837e+00,1.679988299814258568e+00
4.698964941749227964e-01,3.559317876678464443e-01,2.232234361059940664e+00,1.690847189700227737e+00
4.764576551733212262e-01,3.582096254980702277e-01,2.263403031630228490e+00,1.701668015002352652e+00
4.830188161717196560e-01,3.604793799332466908e-01,2.294571702200516317e+00,1.712450440290001152e+00
4.895799771701181413e-01,3.627409888241559521e-01,2.325740372770804143e+00,1.723194170324486185e+00
4.961411381685165711e-01,3.649943962482323778e-01,2.356909043341091969e+00,1.733898939446722798e+00
5.027022991669150009e-01,3.672390550813253163e-01,2.388077713911379796e+00,1.744562148553836289e+00
5.092634601653133197e-01,3.694744702613762533e-01,2.419246384481667178e+00,1.755181445862930900e+00
5.158246211637117495e-01,3.717015311763718910e-01,2.450415055051955004e+00,1.765761056394726358e+00
5.223857821621101793e-01,3.739201787339477834e-01,2.481583725622242831e+00,1.776300699432069585e+00
5.289469431605086092e-01,3.761303728788307210e-01,2.512752396192530657e+00,1.786800184693146054e+00
5.355081041589071500e-01,3.783320754058878688e-01,2.543921066762818484e+00,1.797259330685199386e+00
5.420692651573055798e-01,3.805252518685762753e-01,2.575089737333106310e+00,1.807677973770581481e+00
5.486304261557040096e-01,3.827098722462219937e-01,2.606258407903394136e+00,1.818055971336652199e+00
5.551915871541024394e-01,3.848859074724486073e-01,2.637427078473681963e+00,1.828393185304142854e+00
5.617527481525008692e-01,3.870533842645139666e-01,2.668595749043969789e+00,1.838689742592878762e+00
5.683139091508991880e-01,3.892110513368122748e-01,2.699764419614257172e+00,1.848939698994381597e+00
5.748750701492976178e-01,3.913599032583189308e-01,2.730933090184544998e+00,1.859147779189657790e+00
5.814362311476960476e-01,3.935001123489502706e-01,2.762101760754832824e+00,1.869314801781194024e+00
5.879973921460944775e-01,3.956316727219279517e-01,2.793270431325120651e+00,1.879440738803961564e+00
5.945585531444929073e-01,3.977545899079409919e-01,2.824439101895408477e+00,1.889525616531393615e+00
6.011197141428914481e-01,3.998688720893505133e-01,2.855607772465696303e+00,1.899569473833640609e+00
6.076808751412898779e-01,4.019745300450749403e-01,2.886776443035984130e+00,1.909572361915749861e+00
6.142420361396883077e-01,4.040715759608335955e-01,2.917945113606271956e+00,1.919534338665749518e+00
6.208031971380867375e-01,4.061600274236890629e-01,2.949113784176559783e+00,1.929455487630645782e+00
6.273643581364851673e-01,4.082397215956817815e-01,2.980282454746847609e+00,1.939335035251807726e+00
6.339255191348834861e-01,4.103097441884653307e-01,3.011451125317134991e+00,1.949168638219830108e+00
6.404866801332819159e-01,4.123712282313797273e-01,3.042619795887422818e+00,1.958961678969049380e+00
6.470478411316803458e-01,4.144241468518060634e-01,3.073788466457710644e+00,1.968714029841600377e+00
6.536090021300787756e-01,4.164685141123584122e-01,3.104957137027998471e+00,1.978425757641663729e+00
6.601701631284772054e-01,4.185043411144095948e-01,3.136125807598286297e+00,1.988096915106100093e+00
6.667313241268756352e-01,4.205316394560645321e-01,3.167294478168574123e+00,1.997727557331486326e+00
6.732924851252741760e-01,4.225504212782109081e-01,3.198463148738861950e+00,2.007317741992878712e+00
6.798536461236726058e-01,4.245606999744168664e-01,3.229631819309149776e+00,2.016867532716167588e+00
6.864148071220710356e-01,4.265624863709563397e-01,3.260800489879437603e+00,2.026376980931361871e+00
6.929759681204693544e-01,4.285554902776441688e-01,3.291969160449724985e+00,2.035844708095504441e+00
6.995371291188677842e-01,4.305391747746900033e-01,3.323137831020012811e+00,2.045268163581340115e+00
7.060982901172662141e-01,4.325144119847576518e-01,3.354306501590300638e+00,2.054651490391000923e+00
7.126594511156646439e-01,4.344812204658186627e-01,3.385475172160588464e+00,2.063994776683777843e+00
7.192206121140630737e-01,4.364396234667021757e-01,3.416643842730876290e+00,2.073298132902791746e+00
7.257817731124615035e-01,4.383896455552570570e-01,3.447812513301164117e+00,2.082561675757141462e+00
7.323429341108599333e-01,4.403313125296065000e-01,3.478981183871451943e+00,2.091785527800320565e+00
7.389040951092584741e-01,4.422646511997006535e-01,3.510149854441739770e+00,2.100969816392487921e+00
7.454652561076569039e-01,4.441896891727999397e-01,3.541318525012027596e+00,2.110114672681408621e+00
7.520264171060552227e-01,4.461064550219875913e-01,3.572487195582314978e+00,2.119220232402971860e+00
7.585875781044536525e-01,4.480147831013907567e-01,3.603655866152602805e+00,2.128285708659607867e+00
7.651487391028520824e-01,4.499139750798226145e-01,3.634824536722890631e+00,2.137307784042291825e+00
7.717099001012505122e-01,4.518049647012272740e-01,3.665993207293178457e+00,2.146290894283875872e+00
7.782710610996489420e-01,4.536877841899089603e-01,3.697161877863466284e+00,2.155235192465304817e+00
7.848322220980473718e-01,4.555624621977911737e-01,3.728330548433754110e+00,2.164140814696996262e+00
7.913933830964458016e-01,4.574290277433489815e-01,3.759499219004041937e+00,2.173007898830664253e+00
7.979545440948442314e-01,4.592875099651229087e-01,3.790667889574329763e+00,2.181836583288391918e+00
8.045157050932427723e-01,4.611379381715084436e-01,3.821836560144617589e+00,2.190627007299154272e+00
8.110768660916410910e-01,4.629803420306846662e-01,3.853005230714904972e+00,2.199379311801072046e+00
8.176380270900395208e-01,4.648147494889752207e-01,3.884173901285192798e+00,2.208093629552624559e+00
8.241991880884379507e-01,4.666412185314808836e-01,3.915342571855480625e+00,2.216770236010930262e+00
8.307603490868363805e-01,4.684587958179882161e-01,3.946511242425768451e+00,2.225404602351432004e+00
8.373215100852348103e-01,4.702683218352063377e-01,3.977679912996056277e+00,2.234000721290260838e+00
8.438826710836330180e-01,4.720699654513159649e-01,4.008848583566343216e+00,2.242559395032497793e+00
8.504438320820315589e-01,4.738637559819661726e-01,4.040017254136631486e+00,2.251080762841576988e+00
8.570049930804299887e-01,4.756497251793955217e-01,4.071185924706918868e+00,2.259564975555903743e+00
8.635661540788285295e-01,4.774279048913009915e-01,4.102354595277207139e+00,2.268012184467357084e+00
8.701273150772268483e-01,4.791983272425814899e-01,4.133523265847494521e+00,2.276422542184658226e+00
8.766884760756253892e-01,4.809610245749822433e-01,4.164691936417782792e+00,2.284796202346653260e+00
8.832496370740237079e-01,4.827160297430829750e-01,4.195860606988070174e+00,2.293133321028398175e+00
8.898107980724222488e-01,4.844633721615871913e-01,4.227029277558358444e+00,2.301434037963883128e+00
8.963719590708205676e-01,4.862027777577548338e-01,4.258197948128645827e+00,2.309697051175767069e+00
9.029331200692188863e-01,4.879338595650496990e-01,4.289366618698933209e+00,2.317920522386877735e+00
9.094942810676174272e-01,4.896573828852271437e-01,4.320535289269221479e+00,2.326108087148652803e+00
9.160554420660158570e-01,4.913733677751611628e-01,4.351703959839508862e+00,2.334259840740890546e+00
9.226166030644142868e-01,4.930818483896387550e-01,4.382872630409797132e+00,2.342375945415257288e+00
9.291777640628127166e-01,4.947828577527426108e-01,4.414041300980084515e+00,2.350456558052030243e+00
9.357389250612112575e-01,4.964764287683126054e-01,4.445209971550372785e+00,2.358501834960274657e+00
9.423000860596095762e-01,4.981625940462571789e-01,4.476378642120660167e+00,2.366511931052740714e+00
9.488612470580081171e-01,4.998413858669029097e-01,4.507547312690948438e+00,2.374486999676506116e+00
9.554224080564064359e-01,5.015128356300815327e-01,4.538715983261235820e+00,2.382427189995874439e+00
9.619835690548047546e-01,5.031769796797748162e-01,4.569884653831523202e+00,2.390332674662240198e+00
9.685447300532032955e-01,5.048332641349229100e-01,4.601053324401811473e+00,2.398200822474159111e+00
9.751058910516016143e-01,5.064818794157256443e-01,4.632221994972098855e+00,2.406032538019171163e+00
9.816670520500001551e-01,5.081232606848945510e-01,4.663390665542387126e+00,2.413829888529462675e+00
9.882282130483985849e-01,5.097574410088981933e-01,4.694559336112674508e+00,2.421593031086664016e+00
9.947893740467970147e-01,5.113844487363207181e-01,4.725728006682962778e+00,2.429322100360185033e+00
1.001350535045195445e+00,5.130043125000418591e-01,4.756896677253250161e+00,2.437017232369976139e+00
1.007911696043593874e+00,5.146170610556889402e-01,4.788065347823538431e+00,2.444678563719099085e+00
1.014472857041992304e+00,5.162227234965182099e-01,4.819234018393825814e+00,2.452306232614513970e+00
1.021034018040390734e+00,5.178213294753538642e-01,4.850402688964113196e+00,2.459900379921398095e+00
1.027595179038789164e+00,5.194129091135698539e-01,4.881571359534401466e+00,2.467461148730765608e+00
1.034156340037187594e+00,5.209974953532007236e-01,4.912740030104688849e+00,2.474988695533125949e+00
1.040717501035586023e+00,5.225745164585724467e-01,4.943908700674977119e+00,2.482480304309030661e+00
1.047278662033984453e+00,5.241442433795914235e-01,4.975077371245264501e+00,2.489937262200857315e+00
1.053839823032382883e+00,5.257070672883172868e-01,5.006246041815552772e+00,2.497361427464037664e+00
1.060400984030781313e+00,5.272630238084631271e-01,5.037414712385840154e+00,2.504752969328344125e+00
1.066962145029179743e+00,5.288121490727906160e-01,5.068583382956128425e+00,2.512112059441773848e+00
1.073523306027578172e+00,5.303544794983464650e-01,5.099752053526415807e+00,2.519438870802814368e+00
1.080084467025976602e+00,5.318900514402745694e-01,5.130920724096703189e+00,2.526733576115886226e+00
1.086645628024375032e+00,5.334189008921179642e-01,5.162089394666991460e+00,2.533996346367630270e+00
1.093206789022773462e+00,5.349410631413344941e-01,5.193258065237278842e+00,2.541227349190444240e+00
1.099767950021171892e+00,5.364565729556534102e-01,5.224426735807567113e+00,2.548426749747765729e+00
1.106329111019570322e+00,5.379654574648862209e-01,5.255595406377854495e+00,2.555594676919247910e+00
1.112890272017968751e+00,5.394673110070170585e-01,5.286764076948142765e+00,2.562729203615197182e+00
1.119451433016367181e+00,5.409621181171805349e-01,5.317932747518430148e+00,2.569830256370065236e+00
1.126012594014765611e+00,5.424503863845238083e-01,5.349101418088718418e+00,2.576900246476443890e+00
1.132573755013164041e+00,5.439321415992262043e-01,5.380270088659005800e+00,2.583939296450090239e+00
1.139134916011562249e+00,5.454074087588084430e-01,5.411438759229293183e+00,2.590947525041250366e+00
1.145696077009960900e+00,5.468762120095141954e-01,5.442607429799581453e+00,2.597925046956196748e+00
1.152257238008359330e+00,5.483385750125698843e-01,5.473776100369868836e+00,2.604871974597134709e+00
1.158818399006757760e+00,5.497945212897302758e-01,5.504944770940157106e+00,2.611788419703713782e+00
1.165379560005156190e+00,5.512440746156076488e-01,5.536113441510444488e+00,2.618674495216776865e+00
1.171940721003554620e+00,5.526872588425271182e-01,5.567282112080732759e+00,2.625530314446341773e+00
1.178501882001953049e+00,5.541241047944402975e-01,5.598450782651020141e+00,2.632356023821003088e+00
1.185063043000351479e+00,5.555544953019229126e-01,5.629619453221308412e+00,2.639151066729640061e+00
1.191624203998749909e+00,5.569777968919464861e-01,5.660788123791595794e+00,2.645912433870674985e+00
1.198185364997148117e+00,5.583948613082746482e-01,5.691956794361883176e+00,2.652644171436662646e+00
1.204746525995546769e+00,5.598056881100504922e-01,5.723125464932171447e+00,2.659346277333319630e+00
1.211307686993944976e+00,5.612103120799427636e-01,5.754294135502458829e+00,2.666018916795053428e+00
1.217868847992343628e+00,5.626087662219881880e-01,5.785462806072747100e+00,2.672662246606912984e+00
1.224430008990742058e+00,5.640010841843401401e-01,5.816631476643034482e+00,2.679276426613810269e+00
1.230991169989140488e+00,5.653872996851483368e-01,5.847800147213322752e+00,2.685861616993175272e+00
1.237552330987538918e+00,5.667674461698753996e-01,5.878968817783610135e+00,2.692417976627041742e+00
1.244113491985937348e+00,5.681415565744816210e-01,5.910137488353898405e+00,2.698945661977062649e+00
1.250674652984335777e+00,5.695096616227743880e-01,5.941306158924185787e+00,2.705444818996101564e+00
1.257235813982734207e+00,5.708718059040340798e-01,5.972474829494474058e+00,2.711915659504686715e+00
1.263796974981132637e+00,5.722273739452122809e-01,6.003643500064761440e+00,2.718355259709803740e+00
1.270358135979530845e+00,5.735767574864628626e-01,6.034812170635048822e+00,2.724765480565605635e+00
1.276919296977929497e+00,5.749202428216485528e-01,6.065980841205337093e+00,2.731147682105643959e+00
1.283480457976327926e+00,5.762578515470830887e-01,6.097149511775624475e+00,2.737501966922795571e+00
1.290041618974726356e+00,5.775896059951387551e-01,6.128318182345912746e+00,2.743828441106570981e+00
1.296602779973124786e+00,5.789155274056776435e-01,6.159486852916200128e+00,2.750127205556531340e+00
1.303163940971523216e+00,5.802356364081312501e-01,6.190655523486488399e+00,2.756398358272398319e+00
1.309725101969921646e+00,5.815499533291333956e-01,6.221824194056775781e+00,2.762641995815460216e+00
1.316286262968320075e+00,5.828584985146799680e-01,6.252992864627064051e+00,2.768858214838982423e+00
1.322847423966718505e+00,5.841612926370959302e-01,6.284161535197351434e+00,2.775047113546452060e+00
1.329408584965116713e+00,5.854583570932121450e-01,6.315330205767638816e+00,2.781208793583108019e+00
1.335969745963515365e+00,5.867496525168182098e-01,6.346498876337927086e+00,2.787343067940515340e+00
1.342530906961913573e+00,5.880344698638607648e-01,6.377667546908214469e+00,2.793446568318380674e+00
1.349092067960312225e+00,5.893136206616402806e-01,6.408836217478502739e+00,2.799523149861714799e+00
1.355653228958710654e+00,5.905871327726204267e-01,6.440004888048790122e+00,2.805572944930621038e+00
1.362214389957109084e+00,5.918550333744718728e-01,6.471173558619078392e+00,2.811596082632108029e+00
1.368775550955507514e+00,5.931173507941005507e-01,6.502342229189365774e+00,2.817592697532602664e+00
1.375336711953905944e+00,5.943741139125708894e-01,6.533510899759654045e+00,2.823562926831053144e+00
1.381897872952304374e+00,5.956253519653039730e-01,6.564679570329941427e+00,2.829506909409771787e+00
1.388459033950702581e+00,5.968710942921277018e-01,6.595848240900228809e+00,2.835424784647051943e+00
1.395020194949101233e+00,5.981113700991782522e-01,6.627016911470517080e+00,2.841316691286089657e+00
1.401581355947499441e+00,5.993462081342626480e-01,6.658185582040804462e+00,2.847182765892794176e+00
1.408142516945898093e+00,6.005756374709894096e-01,6.689354252611092733e+00,2.853023146580790925e+00
1.414703677944296301e+00,6.017994256933105746e-01,6.720522923181380115e+00,2.858836729262062892e+00
1.421264838942694952e+00,6.030172694538821210e-01,6.751691593751668385e+00,2.864622072890820270e+00
1.427825999941093382e+00,6.042297876653468514e-01,6.782860264321955768e+00,2.870382117599804328e+00
1.434387160939491812e+00,6.054369917295114867e-01,6.814028934892244038e+00,2.876116917553082075e+00
1.440948321937890242e+00,6.066389056075727204e-01,6.845197605462531421e+00,2.881826586577861615e+00
1.447509482936288450e+00,6.078355513547017974e-01,6.876366276032818803e+00,2.887511229446815264e+00
1.454070643934687102e+00,6.090269504525905875e-01,6.907534946603107073e+00,2.893170948208311444e+00
1.460631804933085309e+00,6.102131238498621491e-01,6.938703617173394456e+00,2.898805842378386011e+00
1.467192965931483961e+00,6.113940921190377242e-01,6.969872287743682726e+00,2.904416009686410227e+00
1.473754126929882169e+00,6.125698755197621637e-01,7.001040958313970108e+00,2.910001546375440729e+00
1.480315287928280821e+00,6.137404951037130907e-01,7.032209628884258379e+00,2.915562552451072875e+00
1.486876448926679029e+00,6.149059609742533183e-01,7.063378299454545761e+00,2.921099075909139309e+00
1.493437609925077680e+00,6.160659367067943259e-01,7.094546970024834032e+00,2.926609518571028357e+00
1.499998770923476110e+00,6.172203766449027018e-01,7.125715640595121414e+00,2.932093663546722073e+00
1.506559931921874318e+00,6.183697203843209200e-01,7.156884311165408796e+00,2.937553599127435966e+00
1.513121092920272970e+00,6.195139985520373704e-01,7.188052981735697067e+00,2.942989470806096630e+00
1.519682253918671178e+00,6.206532320865153496e-01,7.219221652305984449e+00,2.948401378050475419e+00
1.526243414917069829e+00,6.217874429173234629e-01,7.250390322876272720e+00,2.953789425036571270e+00
1.532804575915468037e+00,6.229166530401759605e-01,7.281558993446560102e+00,2.959153716254606437e+00
1.539365736913866689e+00,6.240408845245046798e-01,7.312727664016848372e+00,2.964494356544997267e+00
1.545926897912264897e+00,6.251601594459699207e-01,7.343896334587135755e+00,2.969811450777748441e+00
1.552488058910663549e+00,6.262744998362013149e-01,7.375065005157424025e+00,2.975105103613697288e+00
1.559049219909061978e+00,6.273839275029318152e-01,7.406233675727711407e+00,2.980375418650064390e+00
1.565610380907460186e+00,6.284884654617964861e-01,7.437402346297998790e+00,2.985622505222186973e+00
1.572171541905858838e+00,6.295877208079083687e-01,7.468571016868287060e+00,2.990844496842870015e+00
1.578732702904257046e+00,6.306817475703684339e-01,7.499739687438574443e+00,2.996041650176330506e+00
1.585293863902655698e+00,6.317709383866227935e-01,7.530908358008862713e+00,3.001215830439290411e+00
1.591855024901053905e+00,6.328553173276774135e-01,7.562077028579150095e+00,3.006367151980605890e+00
1.598416185899452557e+00,6.339349044876322337e-01,7.593245699149438366e+00,3.011495710256916425e+00
1.604977346897850765e+00,6.350097199865706310e-01,7.624414369719725748e+00,3.016601600848296538e+00
1.611538507896249417e+00,6.360797837248005626e-01,7.655583040290014019e+00,3.021684918290779454e+00
1.618099668894647625e+00,6.371451154291654095e-01,7.686751710860301401e+00,3.026745756296360668e+00
1.624660829893046055e+00,6.382057346796395914e-01,7.717920381430588783e+00,3.031784207879336002e+00
1.631221990891444706e+00,6.392616609318195753e-01,7.749089052000877054e+00,3.036800365463145912e+00
1.637783151889842914e+00,6.403129136541811928e-01,7.780257722571164436e+00,3.041794321532415690e+00
1.644344312888241566e+00,6.413595104101473821e-01,7.811426393141452706e+00,3.046766159521851591e+00
1.650905473886639774e+00,6.424010904090129426e-01,7.842595063711740089e+00,3.051714165502068532e+00
1.657466634885038426e+00,6.434376613195343930e-01,7.873763734282028359e+00,3.056638375903348859e+00
1.664027795883436633e+00,6.444696315940625642e-01,7.904932404852315742e+00,3.061540731070818033e+00
1.670588956881835285e+00,6.454970194238996983e-01,7.936101075422604012e+00,3.066421317421912818e+00
1.677150117880233493e+00,6.465198441024770926e-01,7.967269745992891394e+00,3.071280226609710340e+00
1.683711278878632145e+00,6.475381247866243140e-01,7.998438416563179665e+00,3.076117549638366366e+00
1.690272439877030353e+00,6.485518805948620180e-01,8.029607087133467047e+00,3.080933377330049350e+00
1.696833600875429005e+00,6.495611305851594075e-01,8.060775757703755318e+00,3.085727800219279171e+00
1.703394761873827434e+00,6.505658937473739467e-01,8.091944428274043588e+00,3.090500908517013645e+00
1.709955922872226086e+00,6.515661889497775805e-01,8.123113098844331859e+00,3.095252791856619279e+00
1.716517083870624294e+00,6.525620354630751185e-01,8.154281769414618353e+00,3.099983541783212448e+00
1.723078244869022724e+00,6.535534460226369857e-01,8.185450439984906623e+00,3.104693218795928633e+00
1.729639405867421376e+00,6.545401285771990096e-01,8.216619110555194894e+00,3.109380435510790797e+00
1.736200566865819805e+00,6.555219818259359066e-01,8.247787781125483164e+00,3.114044710700154095e+00
1.742761727864218013e+00,6.564994561891799307e-01,8.278956451695769658e+00,3.118688184077242465e+00
1.749322888862616443e+00,6.574725689096689862e-01,8.310125122266057929e+00,3.123310937553354982e+00
1.755884049861015095e+00,6.584413380970242091e-01,8.341293792836346199e+00,3.127913057157902355e+00
1.762445210859413303e+00,6.594057817032866753e-01,8.372462463406632693e+00,3.132494628171714091e+00
1.769006371857811732e+00,6.603659175808956894e-01,8.403631133976920964e+00,3.137055735402463963e+00
1.775567532856210162e+00,6.613217634856474181e-01,8.434799804547209234e+00,3.141596463198724098e+00
1.782128693854608814e+00,6.622733370875144576e-01,8.465968475117497505e+00,3.146116895501363420e+00
1.788689854853007022e+00,6.632206559408173607e-01,8.497137145687783999e+00,3.150617115701847215e+00
1.795251015851405452e+00,6.641637379376054140e-01,8.528305816258072269e+00,3.155097208796016517e+00
1.801812176849804104e+00,6.651025959645440189e-01,8.559474486828360540e+00,3.159557236001729219e+00
1.808373337848202089e+00,6.660370108629445340e-01,8.590643157398647034e+00,3.163996156209802901e+00
1.814934498846600741e+00,6.669667464006137081e-01,8.621811827968935305e+00,3.168412847203694316e+00
1.821495659844999171e+00,6.678923111970029858e-01,8.652980498539223575e+00,3.172809725170437467e+00
1.828056820843397823e+00,6.688137209569986474e-01,8.684149169109511845e+00,3.177186864715796144e+00
1.834617981841796031e+00,6.697309928917067889e-01,8.715317839679798340e+00,3.181544347600801625e+00
1.841179142840194460e+00,6.706441441013334392e-01,8.746486510250086610e+00,3.185882255059658608e+00
1.847740303838592890e+00,6.715531916262644785e-01,8.777655180820374881e+00,3.190200668042395549e+00
1.854301464836991542e+00,6.724581524388931753e-01,8.808823851390663151e+00,3.194499667176044166e+00
1.860862625835389750e+00,6.733590434411133030e-01,8.839992521960949645e+00,3.198779332752729410e+00
1.867423786833788180e+00,6.742558814495334119e-01,8.871161192531237916e+00,3.203039744659430532e+00
1.873984947832186831e+00,6.751486833021271838e-01,8.902329863101526186e+00,3.207280982884621157e+00
1.880546108830584817e+00,6.760374647883742316e-01,8.933498533671812680e+00,3.211503122435924507e+00
1.887107269828983469e+00,6.769220761982827073e-01,8.964667204242100951e+00,3.215705452118869712e+00
1.893668430827381899e+00,6.778021489840945213e-01,8.995835874812389221e+00,3.219886221154340866e+00
1.900229591825780551e+00,6.786782481674809020e-01,9.027004545382677492e+00,3.224048113667043136e+00
1.906790752824178758e+00,6.795503892808516522e-01,9.058173215952963986e+00,3.228191203443393942e+00
1.913351913822577188e+00,6.804185884717522947e-01,9.089341886523252256e+00,3.232315567192001637e+00
1.919913074820975618e+00,6.812828617335674464e-01,9.120510557093540527e+00,3.236421280889135499e+00
1.926474235819373826e+00,6.821432249023544614e-01,9.151679227663827021e+00,3.240508419763684866e+00
1.933035396817772478e+00,6.829996936423079479e-01,9.182847898234115291e+00,3.244577058228108601e+00
1.939596557816170908e+00,6.838522834300045927e-01,9.214016568804403562e+00,3.248627269803589623e+00
1.946157718814569559e+00,6.847010095493474280e-01,9.245185239374691832e+00,3.252659127096019009e+00
1.952718879812967545e+00,6.855458869388777465e-01,9.276353909944978327e+00,3.256672701070652653e+00
1.959280040811366197e+00,6.863869320686166731e-01,9.307522580515266597e+00,3.260668069968013505e+00
1.965841201809764627e+00,6.872240502670280415e-01,9.338691251085554867e+00,3.264644784052768589e+00
1.972402362808163279e+00,6.880567743386760693e-01,9.369859921655843138e+00,3.268600623921883663e+00
1.978963523806561486e+00,6.888856975677660754e-01,9.401028592226129632e+00,3.272538407960694951e+00
1.985524684804959916e+00,6.897108399993537864e-01,9.432197262796417903e+00,3.276458231392858966e+00
1.992085845803358568e+00,6.905322151257878849e-01,9.463365933366706173e+00,3.280360158313521790e+00
1.998647006801756554e+00,6.913498364892194381e-01,9.494534603936992667e+00,3.284244253054414031e+00
2.005208167800155206e+00,6.921637175342899573e-01,9.525703274507280938e+00,3.288110579484050167e+00
2.011769328798553857e+00,6.929738716713087499e-01,9.556871945077569208e+00,3.291959201307848915e+00
2.018330489796952065e+00,6.937803123195278587e-01,9.588040615647857479e+00,3.295790182273712787e+00
2.024891650795350273e+00,6.945830529735678160e-01,9.619209286218143973e+00,3.299603586487579232e+00
2.031452811793748925e+00,6.953821070009615912e-01,9.650377956788432243e+00,3.303399477451659738e+00
2.038013972792147577e+00,6.961774907683661029e-01,9.681546627358720514e+00,3.307177932915446483e+00
2.044575133790545785e+00,6.969691488735589857e-01,9.712715297929007008e+00,3.310938689691736769e+00
2.051136294788943992e+00,6.977565534234513311e-01,9.743883968499295278e+00,3.314679240034447361e+00
2.057697455787342644e+00,6.985403138280117386e-01,9.775052639069583549e+00,3.318402478934047828e+00
2.064258616785741296e+00,6.993204547570861518e-01,9.806221309639871819e+00,3.322108523584172080e+00
2.070819777784139504e+00,7.000969913211155804e-01,9.837389980210158313e+00,3.325797445766682792e+00
2.077380938782537712e+00,7.008699385107320934e-01,9.868558650780446584e+00,3.329469316694293024e+00
2.083942099780936363e+00,7.016393114515613316e-01,9.899727321350734854e+00,3.333124208220998863e+00
2.090503260779335015e+00,7.024051253384685500e-01,9.930895991921023125e+00,3.336762192529719506e+00
2.097064421777733223e+00,7.031673953938788468e-01,9.962064662491309619e+00,3.340383341934295203e+00
2.103625582776131431e+00,7.039261368441600553e-01,9.993233333061597889e+00,3.343987728767297885e+00
2.110186743774530083e+00,7.046813646645203599e-01,1.002440200363188616e+01,3.347575424168168556e+00
2.116747904772928290e+00,7.054330959641893495e-01,1.005557067420217265e+01,3.351146509413977626e+00
2.123309065771326942e+00,7.061813125461746665e-01,1.008673934477246092e+01,3.354700898060258396e+00
2.129870226769725594e+00,7.069254112479628205e-01,1.011790801534274920e+01,3.358235724794958799e+00
2.136431387768123802e+00,7.076660642147193370e-01,1.014907668591303747e+01,3.361754182630908083e+00
2.142992548766522010e+00,7.084032727422421294e-01,1.018024535648332396e+01,3.365256277723769784e+00
2.149553709764920661e+00,7.091370519419856189e-01,1.021141402705361223e+01,3.368742081860220061e+00
2.156114870763319313e+00,7.098674155461928148e-01,1.024258269762390050e+01,3.372211660275018730e+00
2.162676031761717521e+00,7.105943771160297961e-01,1.027375136819418699e+01,3.375665077390227253e+00
2.169237192760115729e+00,7.113179499475467127e-01,1.030492003876447527e+01,3.379102396368479422e+00
2.175798353758514381e+00,7.120381470699097548e-01,1.033608870933476354e+01,3.382523679104580516e+00
2.182359514756913033e+00,7.127549812372878657e-01,1.036725737990505181e+01,3.385928986186968803e+00
2.188920675755311240e+00,7.134684649156802783e-01,1.039842605047533830e+01,3.389318376835135815e+00
2.195481836753709448e+00,7.141786104036280669e-01,1.042959472104562657e+01,3.392691909473067646e+00
2.202042997752108100e+00,7.148853578977367729e-01,1.046076339161591484e+01,3.396049300005875349e+00
2.208604158750506752e+00,7.155882157391101339e-01,1.049193206218620311e+01,3.399388212817321175e+00
2.215165319748904960e+00,7.162877610763279668e-01,1.052310073275648961e+01,3.402711389640759254e+00
2.221726480747303167e+00,7.169840109593618172e-01,1.055426940332677788e+01,3.406018911471754951e+00
2.228287641745701819e+00,7.176769757907119907e-01,1.058543807389706615e+01,3.409310827727189519e+00
2.234848802744100027e+00,7.183666663237713301e-01,1.061660674446735264e+01,3.412587189490849937e+00
2.241409963742498679e+00,7.190530931946206294e-01,1.064777541503764091e+01,3.415848047289236078e+00
2.247971124740896887e+00,7.197362670323993461e-01,1.067894408560792918e+01,3.419093451615872858e+00
2.254532285739295538e+00,7.204161985116901423e-01,1.071011275617821745e+01,3.422323453180162733e+00
2.261093446737693746e+00,7.210928984348069504e-01,1.074128142674850395e+01,3.425538103298292114e+00
2.267654607736092398e+00,7.217663774940652477e-01,1.077245009731879222e+01,3.428737452763902294e+00
2.274215768734491050e+00,7.224366501467052171e-01,1.080361876788908049e+01,3.431921570255838105e+00
2.280776929732888814e+00,7.231035889733761213e-01,1.083478743845936698e+01,3.435089850470896877e+00
2.287338090731287465e+00,7.237668241104090461e-01,1.086595610902965525e+01,3.438240536378751155e+00
2.293899251729686117e+00,7.244268979893383475e-01,1.089712477959994352e+01,3.441376204790092430e+00
2.300460412728084769e+00,7.250838058952077114e-01,1.092829345017023179e+01,3.444496833306609052e+00
2.307021573726482977e+00,7.257375618960917318e-01,1.095946212074051829e+01,3.447602488758422457e+00
2.313582734724881185e+00,7.263881787981288918e-01,1.099063079131080656e+01,3.450693231980850317e+00
2.320143895723279837e+00,7.270356696707088728e-01,1.102179946188109483e+01,3.453769125059779732e+00
2.326705056721678488e+00,7.276800476564732056e-01,1.105296813245138310e+01,3.456830230429078554e+00
2.333266217720076696e+00,7.283213259290621799e-01,1.108413680302166959e+01,3.459876610669875951e+00
2.339827378718474904e+00,7.289595175758060153e-01,1.111530547359195786e+01,3.462908327953283738e+00
2.346388539716873556e+00,7.295946362435157262e-01,1.114647414416224613e+01,3.465925447108219704e+00
2.352949700715271764e+00,7.302266876135363738e-01,1.117764281473253263e+01,3.468927995123804120e+00
2.359510861713670415e+00,7.308554183045768982e-01,1.120881148530282090e+01,3.471914768317032163e+00
2.366072022712068623e+00,7.314807786514589960e-01,1.123998015587310917e+01,3.474885530754419083e+00
2.372633183710467275e+00,7.321031047994993601e-01,1.127114882644339744e+01,3.477841879287900007e+00
2.379194344708865483e+00,7.327224171068444925e-01,1.130231749701368393e+01,3.480783910628462596e+00
2.385755505707264135e+00,7.333387265530721955e-01,1.133348616758397220e+01,3.483711676934382773e+00
2.392316666705662787e+00,7.339520445971473572e-01,1.136465483815426047e+01,3.486625232641254790e+00
2.398877827704060550e+00,7.345623824380813627e-01,1.139582350872454697e+01,3.489524630949770057e+00
2.405438988702459202e+00,7.351697510938071112e-01,1.142699217929483524e+01,3.492409924200408966e+00
2.412000149700857854e+00,7.357741614163031407e-01,1.145816084986512351e+01,3.495281163945289649e+00
2.418561310699256506e+00,7.363756241181588225e-01,1.148932952043541178e+01,3.498138401074363024e+00
2.425122471697654269e+00,7.369741497303567979e-01,1.152049819100569827e+01,3.500981685614863448e+00
2.431683632696052921e+00,7.375697485746531834e-01,1.155166686157598654e+01,3.503811066600095891e+00
2.438244793694451573e+00,7.381619604351967734e-01,1.158283553214627482e+01,3.506624357783410417e+00
2.444805954692850225e+00,7.387511302293859883e-01,1.161400420271656309e+01,3.509423197688349649e+00
2.451367115691248433e+00,7.393374021883644120e-01,1.164517287328684958e+01,3.512208271482218702e+00
2.457928276689646641e+00,7.399207859198836390e-01,1.167634154385713785e+01,3.514979624806458869e+00
2.464489437688045292e+00,7.405012915798774298e-01,1.170751021442742612e+01,3.517737305906640799e+00
2.471050598686443500e+00,7.410789292279839069e-01,1.173867888499771261e+01,3.520481362570883732e+00
2.477611759684842152e+00,7.416537088540560152e-01,1.176984755556800089e+01,3.523211842255794313e+00
2.484172920683240360e+00,7.422256403748453968e-01,1.180101622613828916e+01,3.525928792070712969e+00
2.490734081681639012e+00,7.427947336434046477e-01,1.183218489670857743e+01,3.528632258822377743e+00
2.497295242680037219e+00,7.433609982770024160e-01,1.186335356727886392e+01,3.531322288197441761e+00
2.503856403678435871e+00,7.439244460599658826e-01,1.189452223784915219e+01,3.533998936177126016e+00
2.510417564676834079e+00,7.444849460238534000e-01,1.192569090841944046e+01,3.536661580598339238e+00
2.516978725675232731e+00,7.450421881989897077e-01,1.195685957898972873e+01,3.539308748956032868e+00
2.523539886673630939e+00,7.455966427491529380e-01,1.198802824956001523e+01,3.541942674754295250e+00
2.530101047672029591e+00,7.461483133390593991e-01,1.201919692013030350e+01,3.544563375402291605e+00
2.536662208670428242e+00,7.466972099993649525e-01,1.205036559070059177e+01,3.547170898550461970e+00
2.543223369668826006e+00,7.472433422387225743e-01,1.208153426127087826e+01,3.549765289369481103e+00
2.549784530667224658e+00,7.477867197601373306e-01,1.211270293184116653e+01,3.552346593953290110e+00
2.556345691665623310e+00,7.483273524565772217e-01,1.214387160241145480e+01,3.554914859298246022e+00
2.562906852664021962e+00,7.488652504583924729e-01,1.217504027298174307e+01,3.557470133528384260e+00
2.569468013662420169e+00,7.494004243216625394e-01,1.220620894355202957e+01,3.560012466790159369e+00
2.576029174660818377e+00,7.499328833822624940e-01,1.223737761412231784e+01,3.562541903433469326e+00
2.582590335659217029e+00,7.504626587497926771e-01,1.226854628469260611e+01,3.565058591243878805e+00
2.589151496657615237e+00,7.509892353387477293e-01,1.229971495526289260e+01,3.567560083317487418e+00
2.595712657656013889e+00,7.515130446712210421e-01,1.233088362583318087e+01,3.570048429591796246e+00
2.602273818654412096e+00,7.520341882892249696e-01,1.236205229640346914e+01,3.572524112440203403e+00
2.608834979652810748e+00,7.525526759565124291e-01,1.239322096697375741e+01,3.574987178245231156e+00
2.615396140651208956e+00,7.530685207263846381e-01,1.242438963754404391e+01,3.577437689016340183e+00
2.621957301649607608e+00,7.535817352999536478e-01,1.245555830811433218e+01,3.579875705089920146e+00
2.628518462648005816e+00,7.540923321500808685e-01,1.248672697868462045e+01,3.582301285718063166e+00
2.635079623646404468e+00,7.546003233374902752e-01,1.251789564925490872e+01,3.584714488195008819e+00
2.641640784644802675e+00,7.551057203753558378e-01,1.254906431982519521e+01,3.587115367213870698e+00
2.648201945643201327e+00,7.556085338134697071e-01,1.258023299039548348e+01,3.589503972891236572e+00
2.654763106641599535e+00,7.561087763135430073e-01,1.261140166096577175e+01,3.591880365376323603e+00
2.661324267639997743e+00,7.566061271966399993e-01,1.264257033153605825e+01,3.594243021289945883e+00
2.667885428638396395e+00,7.571006852313119095e-01,1.267373900210634652e+01,3.596592409830226877e+00
2.674446589636795046e+00,7.575926881317871509e-01,1.270490767267663479e+01,3.598929660254089669e+00
2.681007750635193698e+00,7.580821440556361202e-01,1.273607634324692306e+01,3.601254811313917337e+00
2.687568911633591462e+00,7.585690579282705626e-01,1.276724501381720955e+01,3.603567886407784027e+00
2.694130072631990114e+00,7.590534345300655739e-01,1.279841368438749782e+01,3.605868908244771465e+00
2.700691233630388766e+00,7.595352785499418502e-01,1.282958235495778609e+01,3.608157899099507571e+00
2.707252394628786973e+00,7.600145948607310853e-01,1.286075102552807259e+01,3.610434882120287625e+00
2.713813555627185625e+00,7.604913887816812101e-01,1.289191969609836086e+01,3.612699882576096755e+00
2.720374716625583833e+00,7.609656663142968513e-01,1.292308836666864913e+01,3.614952928976968849e+00
2.726935877623982485e+00,7.614374345368611907e-01,1.295425703723893740e+01,3.617194054948154047e+00
2.733497038622380693e+00,7.619064444345133857e-01,1.298542570780922389e+01,3.619422077549290684e+00
2.740058199620779344e+00,7.623726718515698719e-01,1.301659437837951216e+01,3.621636882029262150e+00
2.746619360619177552e+00,7.628364168561713177e-01,1.304776304894980044e+01,3.623839893856066752e+00
2.753180521617576204e+00,7.632976914054514506e-01,1.307893171952008871e+01,3.626031169831839929e+00
2.759741682615974412e+00,7.637565087100557371e-01,1.311010039009037520e+01,3.628210772713501786e+00
2.766302843614373064e+00,7.642128825004116388e-01,1.314126906066066347e+01,3.630378767727187928e+00
2.772864004612771271e+00,7.646668267975439415e-01,1.317243773123095174e+01,3.632535221479508358e+00
2.779425165611169479e+00,7.651183556088876347e-01,1.320360640180123823e+01,3.634680200512518056e+00
2.785986326609568131e+00,7.655674825959518648e-01,1.323477507237152651e+01,3.636813769724956291e+00
2.792547487607966783e+00,7.660142212484483126e-01,1.326594374294181478e+01,3.638935993199440944e+00
2.799108648606365435e+00,7.664585781915325136e-01,1.329711241351210305e+01,3.641046902408648478e+00
2.805669809604763199e+00,7.669002888626358372e-01,1.332828108408238954e+01,3.643145240553126385e+00
2.812230970603161850e+00,7.673393963905010828e-01,1.335944975465267781e+01,3.645231212515147590e+00
2.818792131601560502e+00,7.677761509697139664e-01,1.339061842522296608e+01,3.647306006839333925e+00
2.825353292599958710e+00,7.682105623338245648e-01,1.342178709579325258e+01,3.649369669764730428e+00
2.831914453598356918e+00,7.686426360011132664e-01,1.345295576636354085e+01,3.651422227505823237e+00
2.838475614596755570e+00,7.690723770293896866e-01,1.348412443693382912e+01,3.653463704089640274e+00
2.845036775595154221e+00,7.694997899646685013e-01,1.351529310750411739e+01,3.655494121111937833e+00
2.851597936593552429e+00,7.699248791118141755e-01,1.354646177807440388e+01,3.657513499022893466e+00
2.858159097591951081e+00,7.703476488917864184e-01,1.357763044864469215e+01,3.659521858824191565e+00
2.864720258590349289e+00,7.707681027815130870e-01,1.360879911921498042e+01,3.661519217032911833e+00
2.871281419588747941e+00,7.711862609536470625e-01,1.363996778978526869e+01,3.663505669478858362e+00
2.877842580587146148e+00,7.716016841105285406e-01,1.367113646035555519e+01,3.665479129286850934e+00
2.884403741585544800e+00,7.720147050801038358e-01,1.370230513092584346e+01,3.667441177549720432e+00
2.890964902583943008e+00,7.724254366321096077e-01,1.373347380149613173e+01,3.669392349977955714e+00
2.897526063582341216e+00,7.728338855283244380e-01,1.376464247206641822e+01,3.671332678693258966e+00
2.904087224580739868e+00,7.732400612529628514e-01,1.379581114263670649e+01,3.673262208750209368e+00
2.910648385579138520e+00,7.736439736603097916e-01,1.382697981320699476e+01,3.675180986961401164e+00
2.917209546577536727e+00,7.740456330085387915e-01,1.385814848377728303e+01,3.677089062058092495e+00
2.923770707575934935e+00,7.744450497953703216e-01,1.388931715434756953e+01,3.678986483909505001e+00
2.930331868574333587e+00,7.748422346833037100e-01,1.392048582491785780e+01,3.680873303167638166e+00
2.936893029572732239e+00,7.752371975649011704e-01,1.395165449548814607e+01,3.682749566826921672e+00
2.943454190571130447e+00,7.756298484083704592e-01,1.398282316605843256e+01,3.684614847193038223e+00
2.950015351569528654e+00,7.760198860836479140e-01,1.401399183662872083e+01,3.686467713753345254e+00
2.956576512567927306e+00,7.764077366622194054e-01,1.404516050719900910e+01,3.688310190552335666e+00
2.963137673566325958e+00,7.767934028365418575e-01,1.407632917776929737e+01,3.690142290380475032e+00
2.969698834564724166e+00,7.771768938669701976e-01,1.410749784833958387e+01,3.691964057228902973e+00
2.976259995563122818e+00,7.775582182703965062e-01,1.413866651890987214e+01,3.693775531556953595e+00
2.982821156561521025e+00,7.779373843012338252e-01,1.416983518948016041e+01,3.695576752577059310e+00
2.989382317559919677e+00,7.783143999559786197e-01,1.420100386005044868e+01,3.697367758276424166e+00
2.995943478558317885e+00,7.786892730048410316e-01,1.423217253062073517e+01,3.699148585567283654e+00
3.002504639556716537e+00,7.790620110488645222e-01,1.426334120119102344e+01,3.700919270558250762e+00
3.009065800555114745e+00,7.794326222076491950e-01,1.429450987176131171e+01,3.702679851821330637e+00
3.015626961553512952e+00,7.798006998854116745e-01,1.432567854233159821e+01,3.704428397830985986e+00
3.022188122551911604e+00,7.801665805426521993e-01,1.435684721290188648e+01,3.706166506936425353e+00
3.028749283550310256e+00,7.805303533771497104e-01,1.438801588347217475e+01,3.707894602870001943e+00
3.035310444548708464e+00,7.808920258085059185e-01,1.441918455404246302e+01,3.709612720878392000e+00
3.041871605547106672e+00,7.812516050799145351e-01,1.445035322461274951e+01,3.711320895370250117e+00
3.048432766545505324e+00,7.816090985537703650e-01,1.448152189518303778e+01,3.713019161320493033e+00
3.054993927543903975e+00,7.819645137266121315e-01,1.451269056575332606e+01,3.714707554341284634e+00
3.061555088542302183e+00,7.823178582638358192e-01,1.454385923632361255e+01,3.716386110846943591e+00
3.068116249540700391e+00,7.826691401963764561e-01,1.457502790689390082e+01,3.718054868988273309e+00
3.074677410539099043e+00,7.830183663058642995e-01,1.460619657746418909e+01,3.719713860981279652e+00
3.081238571537497695e+00,7.833652337294356727e-01,1.463736524803447736e+01,3.721361648081687790e+00
3.087799732535895902e+00,7.837098960508778189e-01,1.466853391860476385e+01,3.722998959886357984e+00
3.094360893534294110e+00,7.840525254356671692e-01,1.469970258917505213e+01,3.724626614264113122e+00
3.100922054532692762e+00,7.843931342760270820e-01,1.473087125974534040e+01,3.726244670083974864e+00
3.107483215531091414e+00,7.847317314767227048e-01,1.476203993031562867e+01,3.727853169647859843e+00
3.114044376529489622e+00,7.850683260785260575e-01,1.479320860088591516e+01,3.729452155903783872e+00
3.120605537527888274e+00,7.854029267902178368e-01,1.482437727145620343e+01,3.731041670222644768e+00
3.127166698526286481e+00,7.857355419054731227e-01,1.485554594202649170e+01,3.732621752003387527e+00
3.133727859524684689e+00,7.860661787410994084e-01,1.488671461259677820e+01,3.734192436004367455e+00
3.140289020523083341e+00,7.863948492665078227e-01,1.491788328316706647e+01,3.735753779086044890e+00
3.146850181521481993e+00,7.867212327882397993e-01,1.494905195373735474e+01,3.737304257800241114e+00
3.153411342519880201e+00,7.870455033542221868e-01,1.498022062430764301e+01,3.738844698958324830e+00
3.159972503518278408e+00,7.873678147640170710e-01,1.501138929487792950e+01,3.740375833182191023e+00
3.166533664516677060e+00,7.876881726400979389e-01,1.504255796544821777e+01,3.741897687181292564e+00
3.173094825515075712e+00,7.880065802183202628e-01,1.507372663601850604e+01,3.743410276327499453e+00
3.179655986513473920e+00,7.883230409372072867e-01,1.510489530658879254e+01,3.744913616955451552e+00
3.186217147511872128e+00,7.886375585591779425e-01,1.513606397715908081e+01,3.746407726938447702e+00
3.192778308510270779e+00,7.889501374612802875e-01,1.516723264772936908e+01,3.747892627069572047e+00
3.199339469508669431e+00,7.892607832209714847e-01,1.519840131829965735e+01,3.749368343844428964e+00
3.205900630507067639e+00,7.895694957737896535e-01,1.522956998886994384e+01,3.750834876956792741e+00
3.212461791505465847e+00,7.898758973964521424e-01,1.526073865944023211e+01,3.752290432039391721e+00
3.219022952503864499e+00,7.901803267563192179e-01,1.529190733001052038e+01,3.753736617925081287e+00
3.225584113502263151e+00,7.904828578423021002e-01,1.532307600058080865e+01,3.755173786096777544e+00
3.232145274500661358e+00,7.907835019822377909e-01,1.535424467115109515e+01,3.756601990367154364e+00
3.238706435499059566e+00,7.910822721799508628e-01,1.538541334172138342e+01,3.758021292510633327e+00
3.245267596497458218e+00,7.913791815321340462e-01,1.541658201229167169e+01,3.759431754742804443e+00
3.251828757495856426e+00,7.916742428678699151e-01,1.544775068286195818e+01,3.760833438007980423e+00
3.258389918494255078e+00,7.919674683851096741e-01,1.547891935343224645e+01,3.762226400252296710e+00
3.264951079492653729e+00,7.922588685667707464e-01,1.551008802400253472e+01,3.763610691274652531e+00
3.271512240491051937e+00,7.925483149368927061e-01,1.554125669457282299e+01,3.764985700752441655e+00
3.278073401489450145e+00,7.928356425751519332e-01,1.557242536514310949e+01,3.766350645234801675e+00
3.284634562487848797e+00,7.931211658611155846e-01,1.560359403571339776e+01,3.767707018175889377e+00
3.291195723486247449e+00,7.934048887002584927e-01,1.563476270628368603e+01,3.769054838128588436e+00
3.297756884484645656e+00,7.936868137045937077e-01,1.566593137685397252e+01,3.770394117501217224e+00
3.304318045483043864e+00,7.939669427975145632e-01,1.569710004742426079e+01,3.771724865430819307e+00
3.310879206481442516e+00,7.942452777445159207e-01,1.572826871799454906e+01,3.773047090304344042e+00
3.317440367479841168e+00,7.945218206974018482e-01,1.575943738856483733e+01,3.774360802343895926e+00
3.324001528478239376e+00,7.947965739223838977e-01,1.579060605913512383e+01,3.775666012315070486e+00
3.330562689476637583e+00,7.950695489353670764e-01,1.582177472970541210e+01,3.776962774923954491e+00
3.337123850475036235e+00,7.953403201849962301e-01,1.585294340027570037e+01,3.778249068596927440e+00
3.343685011473434887e+00,7.956092991069623199e-01,1.588411207084598864e+01,3.779526847851415905e+00
3.350246172471833095e+00,7.958765172271710098e-01,1.591528074141627513e+01,3.780796262450635492e+00
3.356807333470231303e+00,7.961419844969542803e-01,1.594644941198656340e+01,3.782057359668199226e+00
3.363368494468629954e+00,7.964057130636347237e-01,1.597761808255685168e+01,3.783310197209732273e+00
3.369929655467028606e+00,7.966677151462182582e-01,1.600878675312713995e+01,3.784554833121390072e+00
3.376490816465427258e+00,7.969280027100705821e-01,1.603995542369742822e+01,3.785791324244415001e+00
3.383051977463825022e+00,7.971865859506581664e-01,1.607112409426771293e+01,3.787019719012176378e+00
3.389613138462223230e+00,7.974434861335364388e-01,1.610229276483800120e+01,3.788240118446291049e+00
3.396174299460621882e+00,7.976983414543179496e-01,1.613346143540828947e+01,3.789450803801895251e+00
3.402735460459020533e+00,7.979514342313280828e-01,1.616463010597857775e+01,3.790653116226826214e+00
3.409296621457419185e+00,7.982028486478808249e-01,1.619579877654886602e+01,3.791847455632316954e+00
3.415857782455817393e+00,7.984525855432315078e-01,1.622696744711915429e+01,3.793033826005232978e+00
3.422418943454216045e+00,7.987006457216850874e-01,1.625813611768944256e+01,3.794212231166409932e+00
3.428980104452613809e+00,7.989470295467864247e-01,1.628930478825972727e+01,3.795382672842861016e+00
3.435541265451012460e+00,7.991917376439715559e-01,1.632047345883001555e+01,3.796545154005707801e+00
3.442102426449411112e+00,7.994347710883612512e-01,1.635164212940030382e+01,3.797699679762291947e+00
3.448663587447809320e+00,7.996761338181633816e-01,1.638281079997059209e+01,3.798846268820994077e+00
3.455224748446207972e+00,7.999154748389089020e-01,1.641397947054088036e+01,3.799983253789263493e+00
3.461785909444606624e+00,8.001530904406223277e-01,1.644514814111116863e+01,3.801112042187227757e+00
3.468347070443004831e+00,8.003890561990670838e-01,1.647631681168145690e+01,3.802232993036113395e+00
3.474908231441403483e+00,8.006233813073492245e-01,1.650748548225174517e+01,3.803346150007596904e+00
3.481469392439801247e+00,8.008560780528966028e-01,1.653865415282202989e+01,3.804451571472870608e+00
3.488030553438199899e+00,8.010871591684338711e-01,1.656982282339231816e+01,3.805549317918500041e+00
3.494591714436598551e+00,8.013166374321590846e-01,1.660099149396260643e+01,3.806639450047073048e+00
3.501152875434996758e+00,8.015445254598854152e-01,1.663216016453289470e+01,3.807722027789769648e+00
3.507714036433395410e+00,8.017707895450608691e-01,1.666332883510318297e+01,3.808796891024255338e+00
3.514275197431794062e+00,8.019951137830731991e-01,1.669449750567347124e+01,3.809862539051676933e+00
3.520836358430192714e+00,8.022178816790864753e-01,1.672566617624375951e+01,3.810920793706023435e+00
3.527397519428590478e+00,8.024390929771330061e-01,1.675683484681404423e+01,3.811971653771326185e+00
3.533958680426988685e+00,8.026587531815468912e-01,1.678800351738433250e+01,3.813015145395818983e+00
3.540519841425387337e+00,8.028768664797092391e-01,1.681917218795462077e+01,3.814051288471576928e+00
3.547081002423785989e+00,8.030934365105570905e-01,1.685034085852490904e+01,3.815080100285300091e+00
3.553642163422184641e+00,8.033084667019533276e-01,1.688150952909519731e+01,3.816101597120986622e+00
3.560203324420582849e+00,8.035219597465458330e-01,1.691267819966548558e+01,3.817115791770009370e+00
3.566764485418981501e+00,8.037336805897479231e-01,1.694384687023577385e+01,3.818121567610023082e+00
3.573325646417379264e+00,8.039437147273558182e-01,1.697501554080605857e+01,3.819119330787182243e+00
3.579886807415777916e+00,8.041522250949588724e-01,1.700618421137634684e+01,3.820109855323906345e+00
3.586447968414176568e+00,8.043592184144410240e-01,1.703735288194663511e+01,3.821093173152376732e+00
3.593009129412574776e+00,8.045647014120707041e-01,1.706852155251692338e+01,3.822069316225603863e+00
3.599570290410973428e+00,8.047686812735895812e-01,1.709969022308721165e+01,3.823038318679316649e+00
3.606131451409372080e+00,8.049711653409573620e-01,1.713085889365749992e+01,3.824000215391356150e+00
3.612692612407770731e+00,8.051721621895828740e-01,1.716202756422778819e+01,3.824955047099037220e+00
3.619253773406168495e+00,8.053715665397072065e-01,1.719319623479807291e+01,3.825902313672868704e+00
3.625814934404566703e+00,8.055692117553524545e-01,1.722436490536836118e+01,3.826841223511805001e+00
3.632376095402965355e+00,8.057653954233435778e-01,1.725553357593864945e+01,3.827773190296399619e+00
3.638937256401364007e+00,8.059601177262540883e-01,1.728670224650893772e+01,3.828698214893965002e+00
3.645498417399762214e+00,8.061533857395298819e-01,1.731787091707922599e+01,3.829616330916272293e+00
3.652059578398160866e+00,8.063452057817414032e-01,1.734903958764951426e+01,3.830527568379570091e+00
3.658620739396559518e+00,8.065355838896730578e-01,1.738020825821980253e+01,3.831431955961488001e+00
3.665181900394957282e+00,8.067245282970384457e-01,1.741137692879008725e+01,3.832329532776126424e+00
3.671743061393355934e+00,8.069119749342807957e-01,1.744254559936037552e+01,3.833219994462273128e+00
3.678304222391754141e+00,8.070976711788701019e-01,1.747371426993066379e+01,3.834102140941403558e+00
3.684865383390152793e+00,8.072819600191690759e-01,1.750488294050095206e+01,3.834977601573212436e+00
3.691426544388551445e+00,8.074648351920790113e-01,1.753605161107124033e+01,3.835846346604969259e+00
3.697987705386950097e+00,8.076463038230504710e-01,1.756722028164152860e+01,3.836708409885990712e+00
3.704548866385348305e+00,8.078263722276515235e-01,1.759838895221181687e+01,3.837563821418263466e+00
3.711110027383746957e+00,8.080050472257943595e-01,1.762955762278210514e+01,3.838412613599650136e+00
3.717671188382144720e+00,8.081823343029778117e-01,1.766072629335238986e+01,3.839254812488908986e+00
3.724232349380543372e+00,8.083581351213182664e-01,1.769189496392267813e+01,3.840089950933793794e+00
3.730793510378942024e+00,8.085322958160462425e-01,1.772306363449296640e+01,3.840917298002642255e+00
3.737354671377340232e+00,8.087050960148538525e-01,1.775423230506325467e+01,3.841738182061489315e+00
3.743915832375738884e+00,8.088765408637313969e-01,1.778540097563354294e+01,3.842552627556264255e+00
3.750476993374137535e+00,8.090466392226919323e-01,1.781656964620383121e+01,3.843360676576290214e+00
3.757038154372536187e+00,8.092153995240261022e-01,1.784773831677411948e+01,3.844162369179003225e+00
3.763599315370933951e+00,8.093828295100525816e-01,1.787890698734440420e+01,3.844957742144141655e+00
3.770160476369332159e+00,8.095489393494329500e-01,1.791007565791469247e+01,3.845746843777738899e+00
3.776721637367730811e+00,8.097135039822913605e-01,1.794124432848498074e+01,3.846528604937133888e+00
3.783282798366129462e+00,8.098766172641553851e-01,1.797241299905526901e+01,3.847303471481225756e+00
3.789843959364528114e+00,8.100384225470250721e-01,1.800358166962555728e+01,3.848072124400964800e+00
3.796405120362926322e+00,8.101989235501635411e-01,1.803475034019584555e+01,3.848834581364640073e+00
3.802966281361324974e+00,8.103581231996040968e-01,1.806591901076613382e+01,3.849590856272317119e+00
3.809527442359722738e+00,8.105160241457886050e-01,1.809708768133641854e+01,3.850340961714869614e+00
3.816088603358121389e+00,8.106726289623420456e-01,1.812825635190670681e+01,3.851084909918253807e+00
3.822649764356519597e+00,8.108278963521157179e-01,1.815942502247699508e+01,3.851822504701150507e+00
3.829210925354918249e+00,8.109815591106741550e-01,1.819059369304728335e+01,3.852552476713969831e+00
3.835772086353316901e+00,8.111339346613257728e-01,1.822176236361757162e+01,3.853276333870101933e+00
3.842333247351715553e+00,8.112850280065111441e-01,1.825293103418785989e+01,3.853994099933546025e+00
3.848894408350113761e+00,8.114348448616220955e-01,1.828409970475814816e+01,3.854705802055163222e+00
3.855455569348511524e+00,8.115833921669450834e-01,1.831526837532843288e+01,3.855411473204651163e+00
3.862016730346910176e+00,8.117306778220876318e-01,1.834643704589872115e+01,3.856111150908946072e+00
3.868577891345308828e+00,8.118767163393403319e-01,1.837760571646900942e+01,3.856804904108407595e+00
3.875139052343707480e+00,8.120212126939982955e-01,1.840877438703929769e+01,3.857491331293785297e+00
3.881700213342105688e+00,8.121644257157176749e-01,1.843994305760958596e+01,3.858171662030439375e+00
3.888261374340504339e+00,8.123064233477801377e-01,1.847111172817987423e+01,3.858846219081637496e+00
3.894822535338902991e+00,8.124472194566828565e-01,1.850228039875016250e+01,3.859515068319911091e+00
3.901383696337300755e+00,8.125868271074325744e-01,1.853344906932044722e+01,3.860178271810325690e+00
3.907944857335699407e+00,8.127252574491197201e-01,1.856461773989073549e+01,3.860835882516423290e+00
3.914506018334097615e+00,8.128625243333783557e-01,1.859578641046102376e+01,3.861487966240129133e+00
3.921067179332496266e+00,8.129983652669098282e-01,1.862695508103131203e+01,3.862133276012017724e+00
3.927628340330894918e+00,8.131329595493785867e-01,1.865812375160160030e+01,3.862772663591737210e+00
3.934189501329293570e+00,8.132663901875094581e-01,1.868929242217188857e+01,3.863406523301154305e+00
3.940750662327691778e+00,8.133986544289898424e-01,1.872046109274217685e+01,3.864034842065461106e+00
3.947311823326090430e+00,8.135297479213384753e-01,1.875162976331246512e+01,3.864657599208277894e+00
3.953872984324488193e+00,8.136596659622822303e-01,1.878279843388274983e+01,3.865274772391545266e+00
3.960434145322886845e+00,8.137884184534521781e-01,1.881396710445303810e+01,3.865886408652773998e+00
3.966995306321285053e+00,8.139156961554256942e-01,1.884513577502332637e+01,3.866491038955966353e+00
3.973556467319683705e+00,8.140417523146102896e-01,1.887630444559361464e+01,3.867089866343365934e+00
3.980117628318082357e+00,8.141666485371654716e-01,1.890747311616390292e+01,3.867683183473862751e+00
3.986678789316481009e+00,8.142903949644969552e-01,1.893864178673419119e+01,3.868271038524011107e+00
3.993239950314879216e+00,8.144130060160689188e-01,1.896981045730447946e+01,3.868853499993201606e+00
3.999801111313276980e+00,8.145344989263123558e-01,1.900097912787476417e+01,3.869430649753271112e+00
4.006362272311675632e+00,8.146548575702655670e-01,1.903214779844505244e+01,3.870002411202895676e+00
4.012923433310073840e+00,8.147738142497102931e-01,1.906331646901534072e+01,3.870567512646779562e+00
4.019484594308472936e+00,8.148917078213105958e-01,1.909448513958562899e+01,3.871127563817061912e+00
4.026045755306871143e+00,8.150085390046755141e-01,1.912565381015591726e+01,3.871682568132232216e+00
4.032606916305270239e+00,8.151243192074354438e-01,1.915682248072620553e+01,3.872232579784021578e+00
4.039168077303668447e+00,8.152390562221247805e-01,1.918799115129649380e+01,3.872777635790716655e+00
4.045729238302065767e+00,8.153527569498990601e-01,1.921915982186677851e+01,3.873317768936125116e+00
4.052290399300464863e+00,8.154652283112663325e-01,1.925032849243706679e+01,3.873852061999792706e+00
4.058851560298863070e+00,8.155765256332454527e-01,1.928149716300735506e+01,3.874380777811669230e+00
4.065412721297262166e+00,8.156867781553918118e-01,1.931266583357764333e+01,3.874904530321806373e+00
4.071973882295660374e+00,8.157959801202110395e-01,1.934383450414793160e+01,3.875423292179335899e+00
4.078535043294058582e+00,8.159041254009955502e-01,1.937500317471821987e+01,3.875937034279449911e+00
4.085096204292457678e+00,8.160112095325886550e-01,1.940617184528850814e+01,3.876445735410506632e+00
4.091657365290854997e+00,8.161171612702361466e-01,1.943734051585879286e+01,3.876949057125655518e+00
4.098218526289254093e+00,8.162218057607789623e-01,1.946850918642908113e+01,3.877446168788289960e+00
4.104779687287652301e+00,8.163254023160170236e-01,1.949967785699936940e+01,3.877938302254184233e+00
4.111340848286050509e+00,8.164279649655011850e-01,1.953084652756965767e+01,3.878425524170452832e+00
4.117902009284449605e+00,8.165295104119895120e-01,1.956201519813994594e+01,3.878907913883230751e+00
4.124463170282847813e+00,8.166300560479550219e-01,1.959318386871023421e+01,3.879385554015130300e+00
4.131024331281246020e+00,8.167296006707592815e-01,1.962435253928052248e+01,3.879858438853040603e+00
4.137585492279644228e+00,8.168278831294781828e-01,1.965552120985080720e+01,3.880325327804461377e+00
4.144146653278042436e+00,8.169251994470750899e-01,1.968668988042109547e+01,3.880787627120852790e+00
4.150707814276441532e+00,8.170215624930389220e-01,1.971785855099138374e+01,3.881245397938476227e+00
4.157268975274839740e+00,8.171169762164421924e-01,1.974902722156167201e+01,3.881698659017326136e+00
4.163830136273237947e+00,8.172114438635064149e-01,1.978019589213196028e+01,3.882147425778515348e+00
4.170391297271637043e+00,8.173049489805344070e-01,1.981136456270224855e+01,3.882591620059069548e+00
4.176952458270035251e+00,8.173972336166913655e-01,1.984253323327253682e+01,3.883030016468451695e+00
4.183513619268433459e+00,8.174885713152449940e-01,1.987370190384282509e+01,3.883463914468753497e+00
4.190074780266831667e+00,8.175789805252657860e-01,1.990487057441310981e+01,3.883893401701934867e+00
4.196635941265229874e+00,8.176684676043859401e-01,1.993603924498339808e+01,3.884318508369805745e+00
4.203197102263628970e+00,8.177570418312851697e-01,1.996720791555368635e+01,3.884739278550557895e+00
4.209758263262027178e+00,8.178446564616770331e-01,1.999837658612397462e+01,3.885155490186347205e+00
4.216319424260425386e+00,8.179311103724331566e-01,2.002954525669426289e+01,3.885566187845576724e+00
4.222880585258824482e+00,8.180166755611381069e-01,2.006071392726455116e+01,3.885972663647600189e+00
4.229441746257222690e+00,8.181013509407709661e-01,2.009188259783483943e+01,3.886374912428545603e+00
4.236002907255620897e+00,8.181851429304544121e-01,2.012305126840512415e+01,3.886772964682332798e+00
4.242564068254019105e+00,8.182680531423759396e-01,2.015421993897541242e+01,3.887166828067627478e+00
4.249125229252417313e+00,8.183499470498513118e-01,2.018538860954570069e+01,3.887555863517974775e+00
4.255686390250816409e+00,8.184308269795634860e-01,2.021655728011598896e+01,3.887940082086237759e+00
4.262247551249214617e+00,8.185108460597386726e-01,2.024772595068627723e+01,3.888320211205143373e+00
4.268808712247613713e+00,8.185900170967029821e-01,2.027889462125656550e+01,3.888696311710899689e+00
4.275369873246011920e+00,8.186683484845118652e-01,2.031006329182685377e+01,3.889068423479308922e+00
4.281931034244409240e+00,8.187458359989522316e-01,2.034123196239713849e+01,3.889436526443325715e+00
4.288492195242808336e+00,8.188222338134693024e-01,2.037240063296742676e+01,3.889799452808575975e+00
4.295053356241206544e+00,8.188977854529827516e-01,2.040356930353771503e+01,3.890158359435560875e+00
4.301614517239604751e+00,8.189725183176476131e-01,2.043473797410800330e+01,3.890513376488195618e+00
4.308175678238003847e+00,8.190464361233755763e-01,2.046590664467829157e+01,3.890864521618847771e+00
4.314736839236402055e+00,8.191195466012988202e-01,2.049707531524857984e+01,3.891211831554114209e+00
4.321298000234801151e+00,8.191916854778549251e-01,2.052824398581886811e+01,3.891554525915559726e+00
4.327859161233198471e+00,8.192629159338807865e-01,2.055941265638915283e+01,3.891892904842549239e+00
4.334420322231596678e+00,8.193333742758877047e-01,2.059058132695944110e+01,3.892227615856572065e+00
4.340981483229995774e+00,8.194030773347270591e-01,2.062174999752972937e+01,3.892558738912268446e+00
4.347542644228393982e+00,8.194720370400914167e-01,2.065291866810001764e+01,3.892886330681415874e+00
4.354103805226793078e+00,8.195401638613830642e-01,2.068408733867030591e+01,3.893209965850612075e+00
4.360664966225191286e+00,8.196073632524195629e-01,2.071525600924059418e+01,3.893529195280014843e+00
4.367226127223589494e+00,8.196738121656141907e-01,2.074642467981088245e+01,3.893844859578699857e+00
4.373787288221988589e+00,8.197394964057348465e-01,2.077759335038117072e+01,3.894156891312486213e+00
4.380348449220385909e+00,8.198044014335603702e-01,2.080876202095145544e+01,3.894465221413079714e+00
4.386909610218785005e+00,8.198684494561632174e-01,2.083993069152174371e+01,3.894769480326658151e+00
4.393470771217183213e+00,8.199314960721153511e-01,2.087109936209203198e+01,3.895068982076983044e+00
4.400031932215581421e+00,8.199937698621864168e-01,2.090226803266232025e+01,3.895364812532654319e+00
4.406593093213980517e+00,8.200552944555357104e-01,2.093343670323260852e+01,3.895657083943544041e+00
4.413154254212378724e+00,8.201161003262599225e-01,2.096460537380289679e+01,3.895945941076268682e+00
4.419715415210776932e+00,8.201761402622936847e-01,2.099577404437318506e+01,3.896231159650809683e+00
4.426276576209175140e+00,8.202353160463178305e-01,2.102694271494346978e+01,3.896512273087660017e+00
4.432837737207573348e+00,8.202938605614773504e-01,2.105811138551375805e+01,3.896790387693771507e+00
4.439398898205972444e+00,8.203517884218994860e-01,2.108928005608404632e+01,3.897065572893278151e+00
4.445960059204370651e+00,8.204091078850752616e-01,2.112044872665433459e+01,3.897337867913234000e+00
4.452521220202768859e+00,8.204656978341412499e-01,2.115161739722462286e+01,3.897606697390281649e+00
4.459082381201167955e+00,8.205215146155252492e-01,2.118278606779491113e+01,3.897871853948957188e+00
4.465643542199566163e+00,8.205766919168676621e-01,2.121395473836519940e+01,3.898133972669854508e+00
4.472204703197964371e+00,8.206312059146858573e-01,2.124512340893548412e+01,3.898392940379971083e+00
4.478765864196362578e+00,8.206850432666894513e-01,2.127629207950577239e+01,3.898648693697011502e+00
4.485327025194760786e+00,8.207379811474707632e-01,2.130746075007606066e+01,3.898900174093113069e+00
4.491888186193159882e+00,8.207901773472304763e-01,2.133862942064634893e+01,3.899148131147623264e+00
4.498449347191558090e+00,8.208417191221897280e-01,2.136979809121663720e+01,3.899392979369562529e+00
4.505010508189956298e+00,8.208926409341932295e-01,2.140096676178692547e+01,3.899634882469268149e+00
4.511571669188355393e+00,8.209429340684815113e-01,2.143213543235721374e+01,3.899873799047440581e+00
4.518132830186752713e+00,8.209924315428231978e-01,2.146330410292749846e+01,3.900108935858165982e+00
4.524693991185151809e+00,8.210413943452713470e-01,2.149447277349778673e+01,3.900341532720227100e+00
4.531255152183550017e+00,8.210898221415156017e-01,2.152564144406807500e+01,3.900571588045488536e+00
4.537816313181948225e+00,8.211377206978304200e-01,2.155681011463836327e+01,3.900799129226528716e+00
4.544377474180347320e+00,8.211848864166121365e-01,2.158797878520865154e+01,3.901023189076801678e+00
4.550938635178745528e+00,8.212314261254846093e-01,2.161914745577893981e+01,3.901244275078903812e+00
4.557499796177144624e+00,8.212774019417294902e-01,2.165031612634922809e+01,3.901462682319800201e+00
4.564060957175541944e+00,8.213228030178006955e-01,2.168148479691951280e+01,3.901678359268429208e+00
4.570622118173940152e+00,8.213675423448305590e-01,2.171265346748980107e+01,3.901890892590819782e+00
4.577183279172339248e+00,8.214115469273032266e-01,2.174382213806008934e+01,3.902099935523162255e+00
4.583744440170737455e+00,8.214550085580059058e-01,2.177499080863037761e+01,3.902306399173444351e+00
4.590305601169136551e+00,8.214979566404002620e-01,2.180615947920066588e+01,3.902510423222252278e+00
4.596866762167534759e+00,8.215403987087609439e-01,2.183732814977095416e+01,3.902712043461014968e+00
4.603427923165932967e+00,8.215821389830364474e-01,2.186849682034124243e+01,3.902910329840319381e+00
4.609989084164332063e+00,8.216234369248253122e-01,2.189966549091153070e+01,3.903106514927556780e+00
4.616550245162729382e+00,8.216642889893925883e-01,2.193083416148181541e+01,3.903300581883530462e+00
4.623111406161128478e+00,8.217046837721372343e-01,2.196200283205210368e+01,3.903492476530900479e+00
4.629672567159526686e+00,8.217443796896987118e-01,2.199317150262239196e+01,3.903681051232505972e+00
4.636233728157924894e+00,8.217835699953591755e-01,2.202434017319268023e+01,3.903867224034389682e+00
4.642794889156323990e+00,8.218222511365163019e-01,2.205550884376296850e+01,3.904050978059981247e+00
4.649356050154722197e+00,8.218604181894425542e-01,2.208667751433325677e+01,3.904232289919206345e+00
4.655917211153120405e+00,8.218978734766453353e-01,2.211784618490354504e+01,3.904410220548895971e+00
4.662478372151518613e+00,8.219348673057929044e-01,2.214901485547382975e+01,3.904585959030868469e+00
4.669039533149916821e+00,8.219714891585603311e-01,2.218018352604411803e+01,3.904759930446119132e+00
4.675600694148315917e+00,8.220077954987666802e-01,2.221135219661440630e+01,3.904932403024948151e+00
4.682161855146714124e+00,8.220435664662043562e-01,2.224252086718469457e+01,3.905102332325618875e+00
4.688723016145112332e+00,8.220789896090640037e-01,2.227368953775498284e+01,3.905270609292244899e+00
4.695284177143511428e+00,8.221140054645873496e-01,2.230485820832527111e+01,3.905436951448124194e+00
4.701845338141909636e+00,8.221485228196787620e-01,2.233602687889555938e+01,3.905600925487179964e+00
4.708406499140307844e+00,8.221823319775546368e-01,2.236719554946584410e+01,3.905761535248828409e+00
4.714967660138706051e+00,8.222156591323481756e-01,2.239836422003613237e+01,3.905919855263999541e+00
4.721528821137104259e+00,8.222485701440483963e-01,2.242953289060642064e+01,3.906076198399317967e+00
4.728089982135503355e+00,8.222810644649928280e-01,2.246070156117670891e+01,3.906230562053123911e+00
4.734651143133901563e+00,8.223130990566268617e-01,2.249187023174699718e+01,3.906382741771582179e+00
4.741212304132299771e+00,8.223448584663097805e-01,2.252303890231728545e+01,3.906533614243413499e+00
4.747773465130698867e+00,8.223763359108710036e-01,2.255420757288757372e+01,3.906683147245295640e+00
4.754334626129096186e+00,8.224073889330203446e-01,2.258537624345785844e+01,3.906830664036580636e+00
4.760895787127495282e+00,8.224380658993789561e-01,2.261654491402814671e+01,3.906976394381981077e+00
4.767456948125893490e+00,8.224684527435185410e-01,2.264771358459843498e+01,3.907120746507296793e+00
4.774018109124291698e+00,8.224985428492486150e-01,2.267888225516872325e+01,3.907263688982440364e+00
4.780579270122690794e+00,8.225281432656864622e-01,2.271005092573901152e+01,3.907404305197911931e+00
4.787140431121089001e+00,8.225574094087231281e-01,2.274121959630929979e+01,3.907543333453947110e+00
4.793701592119487209e+00,8.225863248991091004e-01,2.277238826687958806e+01,3.907680695941232241e+00
4.800262753117885417e+00,8.226147891196609052e-01,2.280355693744987278e+01,3.907815914679750868e+00
4.806823914116283625e+00,8.226427881115182528e-01,2.283472560802016105e+01,3.907948923358201654e+00
4.813385075114682721e+00,8.226704827783060114e-01,2.286589427859044932e+01,3.908080486346196203e+00
4.819946236113080928e+00,8.226979202818158754e-01,2.289706294916073759e+01,3.908210827684928557e+00
4.826507397111479136e+00,8.227249721150765582e-01,2.292823161973102586e+01,3.908339336904475214e+00
4.833068558109878232e+00,8.227518139319275337e-01,2.295940029030131413e+01,3.908466848445060648e+00
4.839629719108276440e+00,8.227784577894582396e-01,2.299056896087160240e+01,3.908593419583659578e+00
4.846190880106675536e+00,8.228047876898575419e-01,2.302173763144189067e+01,3.908718499274874691e+00
4.852752041105072855e+00,8.228308148910572495e-01,2.305290630201217539e+01,3.908842140999298387e+00
4.859313202103471063e+00,8.228566307793018231e-01,2.308407497258246366e+01,3.908964778885545943e+00
4.865874363101870159e+00,8.228822203513551647e-01,2.311524364315275193e+01,3.909086341661030417e+00
4.872435524100268367e+00,8.229074658006267917e-01,2.314641231372304020e+01,3.909206269687783397e+00
4.878996685098667463e+00,8.229325427825145978e-01,2.317758098429332847e+01,3.909325397413432324e+00
4.885557846097065671e+00,8.229574509550736661e-01,2.320874965486361674e+01,3.909443723213575250e+00
4.892119007095463878e+00,8.229820414928532557e-01,2.323991832543390501e+01,3.909560540095737835e+00
4.898680168093862086e+00,8.230064257199647404e-01,2.327108699600418973e+01,3.909676376902993855e+00
4.905241329092260294e+00,8.230306148924724230e-01,2.330225566657447800e+01,3.909791287107063695e+00
4.911802490090659390e+00,8.230544912226807064e-01,2.333342433714476627e+01,3.909904711159738255e+00
4.918363651089057598e+00,8.230780953652642173e-01,2.336459300771505454e+01,3.910016842190276787e+00
4.924924812087455805e+00,8.231015016977585308e-01,2.339576167828534281e+01,3.910128033527747959e+00
4.931485973085854901e+00,8.231246642172992400e-01,2.342693034885563108e+01,3.910238066636418264e+00
4.938047134084253109e+00,8.231475774161610692e-01,2.345809901942591935e+01,3.910346915351944563e+00
4.944608295082651317e+00,8.231703539622148291e-01,2.348926768999620407e+01,3.910455114900904139e+00
4.951169456081049525e+00,8.231929742260842842e-01,2.352043636056649234e+01,3.910562572034318674e+00
4.957730617079447732e+00,8.232153756677734746e-01,2.355160503113678061e+01,3.910668989657126726e+00
4.964291778077846828e+00,8.232376727698944574e-01,2.358277370170706888e+01,3.910774911616799798e+00
4.970852939076245036e+00,8.232598469381656736e-01,2.361394237227735715e+01,3.910880249581557333e+00
4.977414100074643244e+00,8.232818017622671736e-01,2.364511104284764542e+01,3.910984545556006609e+00
4.983975261073042340e+00,8.233036580703141372e-01,2.367627971341793369e+01,3.911088373531812490e+00
4.990536422071439659e+00,8.233254138782831744e-01,2.370744838398821841e+01,3.911191724083908472e+00
4.997097583069838755e+00,8.233469684422884960e-01,2.373861705455850668e+01,3.911294118630381789e+00
5.003658744068236963e+00,8.233684371919001155e-01,2.376978572512879495e+01,3.911396105517209065e+00
5.010219905066635171e+00,8.233898201262989103e-01,2.380095439569908322e+01,3.911497684740500080e+00
5.016781066065034267e+00,8.234110169032967663e-01,2.383212306626937149e+01,3.911598379626596955e+00
5.023342227063432475e+00,8.234321337189207668e-01,2.386329173683965976e+01,3.911698694657707698e+00
5.029903388061830682e+00,8.234531762311225744e-01,2.389446040740994803e+01,3.911798656711824584e+00
5.036464549060229778e+00,8.234740568410050532e-01,2.392562907798023630e+01,3.911897849652051118e+00
5.043025710058627098e+00,8.234948712146774596e-01,2.395679774855052102e+01,3.911996727938421792e+00
5.049586871057026194e+00,8.235156240393889382e-01,2.398796641912080929e+01,3.912095313837623323e+00
5.056148032055424402e+00,8.235362394724299318e-01,2.401913508969109756e+01,3.912193247060307133e+00
5.062709193053822609e+00,8.235568006632032478e-01,2.405030376026138583e+01,3.912290922606129318e+00
5.069270354052221705e+00,8.235773094232958780e-01,2.408147243083167410e+01,3.912388349081000083e+00
5.075831515050619913e+00,8.235977024107661304e-01,2.411264110140196237e+01,3.912485225580229375e+00
5.082392676049019009e+00,8.236180527644034743e-01,2.414380977197225064e+01,3.912581899548245978e+00
5.088953837047416329e+00,8.236383585029185550e-01,2.417497844254253536e+01,3.912678361572972552e+00
5.095514998045814536e+00,8.236585669778774266e-01,2.420614711311282363e+01,3.912774361549024693e+00
5.102076159044213632e+00,8.236787439445852899e-01,2.423731578368311190e+01,3.912870211845729695e+00
5.108637320042611840e+00,8.236988828412407093e-01,2.426848445425340017e+01,3.912965881291374348e+00
5.115198481041010048e+00,8.237189419338374341e-01,2.429965312482368844e+01,3.913061171629355517e+00
5.121759642039409144e+00,8.237389787890991855e-01,2.433082179539397671e+01,3.913156356329299701e+00
5.128320803037807352e+00,8.237589811495787950e-01,2.436199046596426498e+01,3.913251377162437095e+00
5.134881964036205559e+00,8.237789252209077873e-01,2.439315913653454970e+01,3.913346121094072760e+00
5.141443125034603767e+00,8.237988517550391965e-01,2.442432780710483797e+01,3.913440781715585182e+00
5.148004286033001975e+00,8.238187475594055398e-01,2.445549647767512624e+01,3.913535296355932225e+00
5.154565447031401071e+00,8.238386033361941863e-01,2.448666514824541451e+01,3.913629620846033053e+00
5.161126608029799279e+00,8.238584457891013901e-01,2.451783381881570278e+01,3.913723882041288515e+00
5.167687769028198375e+00,8.238782615895947625e-01,2.454900248938599105e+01,3.913818016624758478e+00
5.174248930026596582e+00,8.238980513926824623e-01,2.458017115995627933e+01,3.913912027708047248e+00
5.180810091024993902e+00,8.239178317162960674e-01,2.461133983052656404e+01,3.914005993759274382e+00
5.187371252023392998e+00,8.239375900920991036e-01,2.464250850109685231e+01,3.914099855547845230e+00
5.193932413021791206e+00,8.239573325117252045e-01,2.467367717166714058e+01,3.914193641536900525e+00
5.200493574020190302e+00,8.239770683423474074e-01,2.470484584223742885e+01,3.914287396225017979e+00
5.207054735018588509e+00,8.239967876493686783e-01,2.473601451280771713e+01,3.914381072418083640e+00
5.213615896016986717e+00,8.240164977466394314e-01,2.476718318337800540e+01,3.914474704860404497e+00
5.220177057015385813e+00,8.240362027916313670e-01,2.479835185394829367e+01,3.914568313301970637e+00
5.226738218013783133e+00,8.240558966735714863e-01,2.482952052451857838e+01,3.914661868713671833e+00
5.233299379012182229e+00,8.240755852294598949e-01,2.486068919508886665e+01,3.914755398824065313e+00
5.239860540010580436e+00,8.240952699288105476e-01,2.489185786565915492e+01,3.914848910614050048e+00
