x_m,r_m,x_over_rt,r_over_rt
# M4.19 vitiated-air nozzle [euler] inviscid design wall (AxisMachCFDWall)
# R=2, L_U=6, L_c=8 (r_t units), M_d=4.19; r_t=0.210505 m
# throat x=0.000000 m r=0.210505 m; exit x=5.032269 m r=0.798452 m
-1.368282500000000068e+00,7.999189999999999356e-01,-6.500000000000000000e+00,3.799999999999999822e+00
-1.364653103448275839e+00,7.999189999999999356e-01,-6.482758620689654805e+00,3.799999999999999822e+00
-1.361023706896551833e+00,7.999189999999999356e-01,-6.465517241379310498e+00,3.799999999999999822e+00
-1.357394310344827604e+00,7.999189999999999356e-01,-6.448275862068965303e+00,3.799999999999999822e+00
-1.353764913793103597e+00,7.999189999999999356e-01,-6.431034482758620996e+00,3.799999999999999822e+00
-1.350135517241379368e+00,7.999189999999999356e-01,-6.413793103448275801e+00,3.799999999999999822e+00
-1.346506120689655139e+00,7.999189999999999356e-01,-6.396551724137930606e+00,3.799999999999999822e+00
-1.342876724137931133e+00,7.999189999999999356e-01,-6.379310344827586299e+00,3.799999999999999822e+00
-1.339247327586206904e+00,7.999189999999999356e-01,-6.362068965517241104e+00,3.799999999999999822e+00
-1.335617931034482897e+00,7.999189999999999356e-01,-6.344827586206896797e+00,3.799999999999999822e+00
-1.331988534482758668e+00,7.999189999999999356e-01,-6.327586206896551602e+00,3.799999999999999822e+00
-1.328359137931034661e+00,7.999189999999999356e-01,-6.310344827586207295e+00,3.799999999999999822e+00
-1.324729741379310433e+00,7.999189999999999356e-01,-6.293103448275862100e+00,3.799999999999999822e+00
-1.321100344827586204e+00,7.999189999999999356e-01,-6.275862068965516904e+00,3.799999999999999822e+00
-1.317470948275862197e+00,7.999189999999999356e-01,-6.258620689655172598e+00,3.799999999999999822e+00
-1.313841551724137968e+00,7.999189999999999356e-01,-6.241379310344827402e+00,3.799999999999999822e+00
-1.310212155172413739e+00,7.999189999999999356e-01,-6.224137931034483096e+00,3.799999999999999822e+00
-1.306582758620689733e+00,7.999189999999999356e-01,-6.206896551724137900e+00,3.799999999999999822e+00
-1.302953362068965504e+00,7.999189999999999356e-01,-6.189655172413792705e+00,3.799999999999999822e+00
-1.299323965517241497e+00,7.999189999999999356e-01,-6.172413793103448398e+00,3.799999999999999822e+00
-1.295694568965517268e+00,7.999189999999999356e-01,-6.155172413793103203e+00,3.799999999999999822e+00
-1.292065172413793039e+00,7.999189999999999356e-01,-6.137931034482758896e+00,3.799999999999999822e+00
-1.288435775862069033e+00,7.999189999999999356e-01,-6.120689655172413701e+00,3.799999999999999822e+00
-1.284806379310344804e+00,7.999189999999999356e-01,-6.103448275862069394e+00,3.799999999999999822e+00
-1.281176982758620797e+00,7.999189999999999356e-01,-6.086206896551724199e+00,3.799999999999999822e+00
-1.277547586206896568e+00,7.999189999999999356e-01,-6.068965517241379004e+00,3.799999999999999822e+00
-1.273918189655172339e+00,7.999189999999999356e-01,-6.051724137931034697e+00,3.799999999999999822e+00
-1.270288793103448333e+00,7.999189999999999356e-01,-6.034482758620689502e+00,3.799999999999999822e+00
-1.266659396551724104e+00,7.999189999999999356e-01,-6.017241379310345195e+00,3.799999999999999822e+00
-1.263030000000000097e+00,7.999189999999999356e-01,-6.000000000000000000e+00,3.799999999999999822e+00
-1.256683115577889254e+00,7.999184956920248890e-01,-5.969849246231155426e+00,3.799997604294552911e+00
-1.250336231155778854e+00,7.999149911821190617e-01,-5.939698492462311741e+00,3.799980956186879588e+00
-1.243989346733668233e+00,7.999055565105230858e-01,-5.909547738693467167e+00,3.799936136958851574e+00
-1.237642462311557834e+00,7.998873377713417998e-01,-5.879396984924623482e+00,3.799849589184778775e+00
-1.231295577889447213e+00,7.998575564811912786e-01,-5.849246231155778908e+00,3.799708113732174208e+00
-1.224948693467336591e+00,7.998135089478441984e-01,-5.819095477386934334e+00,3.799498866762519800e+00
-1.218601809045226192e+00,7.997525656388763116e-01,-5.788944723618090649e+00,3.799209356732031750e+00
-1.212254924623115571e+00,7.996721705503123667e-01,-5.758793969849246075e+00,3.798827441392424564e+00
-1.205908040201005171e+00,7.995698405752722504e-01,-5.728643216080402389e+00,3.798341324791678186e+00
-1.199561155778894550e+00,7.994431648726170181e-01,-5.698492462311557816e+00,3.797739554274801144e+00
-1.193214271356783929e+00,7.992898042355950361e-01,-5.668341708542713242e+00,3.797011017484596795e+00
-1.186867386934673307e+00,7.991074904604880125e-01,-5.638190954773869557e+00,3.796144939362428694e+00
-1.180520502512562686e+00,7.988940257152574720e-01,-5.608040201005024983e+00,3.795130879148986836e+00
-1.174173618090452287e+00,7.986472819081897878e-01,-5.577889447236181297e+00,3.793958727385049023e+00
-1.167826733668341666e+00,7.983652000565433227e-01,-5.547738693467336724e+00,3.792618702912250672e+00
-1.161479849246231044e+00,7.980457896551937935e-01,-5.517587939698492150e+00,3.791101349873845283e+00
-1.155132964824120645e+00,7.976871280452811908e-01,-5.487437185929648464e+00,3.789397534715475580e+00
-1.148786080402010024e+00,7.972873597828551429e-01,-5.457286432160803891e+00,3.787498443185934427e+00
-1.142439195979899624e+00,7.968446960075206142e-01,-5.427135678391960205e+00,3.785395577337928419e+00
-1.136092311557789003e+00,7.963574138110854905e-01,-5.396984924623115631e+00,3.783080752528849455e+00
-1.129745427135678382e+00,7.958238556062049440e-01,-5.366834170854271058e+00,3.780546094421533443e+00
-1.123398542713567982e+00,7.952424284950286859e-01,-5.336683417085427372e+00,3.777784035985029654e+00
-1.117051658291457139e+00,7.946116036378466640e-01,-5.306532663316582799e+00,3.774787314495364310e+00
-1.110704773869346740e+00,7.939299156217347608e-01,-5.276381909547739113e+00,3.771548968536304614e+00
-1.104357889447236118e+00,7.931959618292018233e-01,-5.246231155778894539e+00,3.768062335000127661e+00
-1.098011005025125497e+00,7.924084018068344726e-01,-5.216080402010049966e+00,3.764321046088380029e+00
-1.091664120603015098e+00,7.915659566339444675e-01,-5.185929648241206280e+00,3.760319026312650248e+00
-1.085317236180904477e+00,7.906674082912135137e-01,-5.155778894472361706e+00,3.756050489495325717e+00
-1.078970351758793855e+00,7.897115990293408494e-01,-5.125628140703517133e+00,3.751509935770366067e+00
-1.072623467336683456e+00,7.886974307376878324e-01,-5.095477386934673447e+00,3.746692148584061410e+00
-1.066276582914572835e+00,7.876238643129249706e-01,-5.065326633165828873e+00,3.741592191695802594e+00
-1.059929698492462435e+00,7.864899190276772867e-01,-5.035175879396985188e+00,3.736205406178842559e+00
-1.053582814070351814e+00,7.852946718991713482e-01,-5.005025125628140614e+00,3.730527407421065256e+00
-1.047235929648241193e+00,7.840372570578805211e-01,-4.974874371859296929e+00,3.724554082125747900e+00
-1.040889045226130571e+00,7.827168651161712232e-01,-4.944723618090452355e+00,3.718281585312326332e+00
-1.034542160804019950e+00,7.813327425369493984e-01,-4.914572864321607781e+00,3.711706337317163040e+00
-1.028195276381909551e+00,7.798841910023062152e-01,-4.884422110552764096e+00,3.704825020794309864e+00
-1.021848391959798930e+00,7.783705667821638752e-01,-4.854271356783919522e+00,3.697634577716272020e+00
-1.015501507537688308e+00,7.767912801029224212e-01,-4.824120603015074948e+00,3.690132206374777013e+00
-1.009154623115577909e+00,7.751457945161056573e-01,-4.793969849246231263e+00,3.682315358381537784e+00
-1.002807738693467288e+00,7.734336262670062911e-01,-4.763819095477386689e+00,3.674181735669016291e+00
-9.964608542713568884e-01,7.716543436633334085e-01,-4.733668341708543004e+00,3.665729287491192423e+00
-9.901139698492461561e-01,7.698075664438577270e-01,-4.703517587939698430e+00,3.656956207424325811e+00
-9.837670854271357568e-01,7.678929651470576268e-01,-4.673366834170854744e+00,3.647860930367723409e+00
-9.774202010050251355e-01,7.659102604797652925e-01,-4.643216080402010171e+00,3.638442129544501746e+00
-9.710733165829145142e-01,7.638592226858135215e-01,-4.613065326633165597e+00,3.628698713502356288e+00
-9.647264321608041149e-01,7.617396709146806444e-01,-4.582914572864321912e+00,3.618629823114323685e+00
-9.583795477386934936e-01,7.595514725901374442e-01,-4.552763819095477338e+00,3.608234828579546694e+00
-9.520326633165828722e-01,7.572945427788927431e-01,-4.522613065326632764e+00,3.597513326424040869e+00
-9.456857788944723620e-01,7.549688435592400992e-01,-4.492462311557789079e+00,3.586465136501461259e+00
-9.393388944723617406e-01,7.525743833897028390e-01,-4.462311557788944505e+00,3.575090298993861548e+00
-9.329920100502513414e-01,7.501112164776815305e-01,-4.432160804020100819e+00,3.563389071412467857e+00
-9.266451256281407201e-01,7.475794421480985719e-01,-4.402010050251256246e+00,3.551361925598435221e+00
-9.202982412060302098e-01,7.449792042120456648e-01,-4.371859296482412560e+00,3.539009544723620060e+00
-9.139513567839195884e-01,7.423106903354286246e-01,-4.341708542713567986e+00,3.526332820291340653e+00
-9.076044723618089671e-01,7.395741314076146322e-01,-4.311557788944723413e+00,3.513332849137144720e+00
-9.012575879396985679e-01,7.367698009100773771e-01,-4.281407035175879727e+00,3.500010930429573452e+00
-8.949107035175879465e-01,7.338980142850435318e-01,-4.251256281407035154e+00,3.486368562670927318e+00
-8.885638190954773252e-01,7.309591283041388943e-01,-4.221105527638190580e+00,3.472407440698030534e+00
-8.822169346733668149e-01,7.279535404370343077e-01,-4.190954773869346894e+00,3.458129452682997318e+00
-8.758700502512561936e-01,7.248816882200920242e-01,-4.160804020100502321e+00,3.443536677133996804e+00
-8.695231658291457943e-01,7.217440486250111809e-01,-4.130653266331658635e+00,3.428631379896017517e+00
-8.631762814070351730e-01,7.185411374274747187e-01,-4.100502512562814061e+00,3.413416011151634066e+00
-8.568293969849247738e-01,7.152735085757946365e-01,-4.070351758793970376e+00,3.397893202421769843e+00
-8.504825125628141524e-01,7.119417535595582436e-01,-4.040201005025125802e+00,3.382065763566462824e+00
-8.441356281407034201e-01,7.085465007782753011e-01,-4.010050251256281229e+00,3.365936679785636265e+00
-8.377887437185929098e-01,7.050884149100222764e-01,-3.979899497487437099e+00,3.349509108619853848e+00
-8.314418592964823995e-01,7.015681962800900395e-01,-3.949748743718592969e+00,3.332786376951093921e+00
-8.250949748743718892e-01,6.979865802296286725e-01,-3.919597989949748840e+00,3.315771978003509091e+00
-8.187480904522613789e-01,6.943443364842948329e-01,-3.889447236180904710e+00,3.298469568344195135e+00
-8.124012060301507576e-01,6.906422685228965630e-01,-3.859296482412060580e+00,3.280882964883953257e+00
-8.060543216080401363e-01,6.868812129460400984e-01,-3.829145728643216007e+00,3.263016141878055887e+00
-7.997074371859296260e-01,6.830620388447764535e-01,-3.798994974874371877e+00,3.244873227927015602e+00
-7.933605527638191157e-01,6.791856471692456765e-01,-3.768844221105527748e+00,3.226458502977343379e+00
-7.870136683417086054e-01,6.752529700973249893e-01,-3.738693467336683618e+00,3.207776395322320173e+00
-7.806667839195980951e-01,6.712649704032737086e-01,-3.708542713567839488e+00,3.188831478602758729e+00
-7.743198994974873628e-01,6.672226408263796094e-01,-3.678391959798994915e+00,3.169628468807769828e+00
-7.679730150753768525e-01,6.631270034396048452e-01,-3.648241206030150785e+00,3.150172221275527207e+00
-7.616261306532663422e-01,6.589791090182325339e-01,-3.618090452261306655e+00,3.130467727694033808e+00
-7.552792462311558319e-01,6.547800364085121227e-01,-3.587939698492462526e+00,3.110520113101884032e+00
-7.489323618090453216e-01,6.505308918963057518e-01,-3.557788944723618396e+00,3.090334632889032207e+00
-7.425854773869347003e-01,6.462328085757345075e-01,-3.527638190954773822e+00,3.069916669797556175e+00
-7.362385929648240790e-01,6.418869457178248972e-01,-3.497487437185929693e+00,3.049271730922424428e+00
-7.298917085427135687e-01,6.374944881391535478e-01,-3.467336683417085563e+00,3.028405444712256589e+00
-7.235448241206030584e-01,6.330566455704947915e-01,-3.437185929648241434e+00,3.007323557970094985e+00
-7.171979396984925481e-01,6.285746520254659186e-01,-3.407035175879397304e+00,2.986031932854164683e+00
-7.108510552763819268e-01,6.240497651691730985e-01,-3.376884422110552730e+00,2.964536543878639741e+00
-7.045041708542714165e-01,6.194832656868580756e-01,-3.346733668341708601e+00,2.942843474914411228e+00
-6.981572864321607952e-01,6.148764566525446451e-01,-3.316582914572864471e+00,2.920958916189851262e+00
-6.918104020100502849e-01,6.102306628976829073e-01,-3.286432160804020342e+00,2.898889161291574368e+00
-6.854635175879397746e-01,6.055472303797971856e-01,-3.256281407035176212e+00,2.876640604165208170e+00
-6.791166331658291533e-01,6.008275255511308366e-01,-3.226130653266331638e+00,2.854219736116153427e+00
-6.727697487437186430e-01,5.960729347272939460e-01,-3.195979899497487509e+00,2.831633142810356052e+00
-6.664228643216080217e-01,5.912848634559074723e-01,-3.165829145728643379e+00,2.808887501275064480e+00
-6.600759798994975114e-01,5.864647358852506098e-01,-3.135678391959799249e+00,2.785989576899601250e+00
-6.537290954773868901e-01,5.816139941329059315e-01,-3.105527638190954676e+00,2.762946220436122591e+00
-6.473822110552763798e-01,5.767340976544070852e-01,-3.075376884422110546e+00,2.739764365000390001e+00
-6.410353266331658695e-01,5.718265226118829370e-01,-3.045226130653266416e+00,2.716451023072529836e+00
-6.346884422110553592e-01,5.668927612427044904e-01,-3.015075376884422287e+00,2.693013283497800447e+00
-6.283415577889447379e-01,5.619343212281314726e-01,-2.984924623115578157e+00,2.669458308487358877e+00
-6.219946733668341166e-01,5.569527250619575875e-01,-2.954773869346733584e+00,2.645793330619023997e+00
-6.156477889447236063e-01,5.519495094191573248e-01,-2.924623115577889454e+00,2.622025649838043648e+00
-6.093009045226130960e-01,5.469262245245312126e-01,-2.894472361809045324e+00,2.598162630457856892e+00
-6.029540201005025857e-01,5.418844335213525154e-01,-2.864321608040201195e+00,2.574211698160863371e+00
-5.966071356783919644e-01,5.368257118400130423e-01,-2.834170854271357065e+00,2.550180336999182895e+00
-5.902602512562813430e-01,5.317516465666694003e-01,-2.804020100502512491e+00,2.526076086395427023e+00
-5.839133668341708328e-01,5.266638358118890251e-01,-2.773869346733668362e+00,2.501906538143459979e+00
-5.775664824120603225e-01,5.215638880792962118e-01,-2.743718592964824232e+00,2.477679333409164464e+00
-5.712195979899498122e-01,5.164534216342180351e-01,-2.713567839195980103e+00,2.453402159731208343e+00
-5.648727135678393019e-01,5.113340638723308240e-01,-2.683417085427135973e+00,2.429082748021808680e+00
-5.585258291457285695e-01,5.062074506883056380e-01,-2.653266331658291399e+00,2.404728869567495320e+00
-5.521789447236180592e-01,5.010752258444552965e-01,-2.623115577889447270e+00,2.380348333029882024e+00
-5.458320603015075489e-01,4.959390403393794666e-01,-2.592964824120603140e+00,2.355948981446423840e+00
-5.394851758793970387e-01,4.908005517766110826e-01,-2.562814070351759010e+00,2.331538689231187345e+00
-5.331382914572865284e-01,4.856614237332628758e-01,-2.532663316582914881e+00,2.307125359175615120e+00
-5.267914070351759070e-01,4.805233251286725737e-01,-2.502512562814070307e+00,2.282716919449288895e+00
-5.204445226130652857e-01,4.753879295930498183e-01,-2.472361809045226178e+00,2.258321320600697568e+00
-5.140976381909547754e-01,4.702569148361219753e-01,-2.442211055276382048e+00,2.233946532558000797e+00
-5.077507537688442651e-01,4.651319620157798318e-01,-2.412060301507537918e+00,2.209600541629794357e+00
-5.014038693467337549e-01,4.600147551067240159e-01,-2.381909547738693789e+00,2.185291347505874171e+00
-4.950569849246230780e-01,4.549069802691114717e-01,-2.351758793969849215e+00,2.161026960258005669e+00
-4.887101005025125677e-01,4.498103252172007127e-01,-2.321608040201005085e+00,2.136815397340684264e+00
-4.823632160804020574e-01,4.447264785879982418e-01,-2.291457286432160956e+00,2.112664680591901600e+00
-4.760163316582914916e-01,4.396571293099048594e-01,-2.261306532663316826e+00,2.088582833233913139e+00
-4.696694472361809813e-01,4.346039659713614722e-01,-2.231155778894472697e+00,2.064577876874000406e+00
-4.633225628140703600e-01,4.295686761894950689e-01,-2.201005025125628123e+00,2.040657828505237692e+00
-4.569756783919597942e-01,4.245529459787657500e-01,-2.170854271356783993e+00,2.016830697507260073e+00
-4.506287939698492839e-01,4.195584591196110380e-01,-2.140703517587939864e+00,1.993104482647020337e+00
-4.442819095477387181e-01,4.145868965270936291e-01,-2.110552763819095734e+00,1.969487169079564115e+00
-4.379350251256282078e-01,4.096399356195465358e-01,-2.080402010050251604e+00,1.945986725348787694e+00
-4.315881407035175865e-01,4.047192496872199508e-01,-2.050251256281407031e+00,1.922611100388209149e+00
-4.252412562814070762e-01,3.998265072609255566e-01,-2.020100502512562901e+00,1.899368220521724160e+00
-4.188943718592965104e-01,3.949633714806853879e-01,-1.989949748743718771e+00,1.876265986464385138e+00
-4.125474874371858891e-01,3.901314994643752532e-01,-1.959798994974874198e+00,1.853312270323152822e+00
-4.062006030150754343e-01,3.853325416763727640e-01,-1.929648241206030512e+00,1.830514912597671184e+00
-3.998537185929648130e-01,3.805681412962016452e-01,-1.899497487437185939e+00,1.807881719181025026e+00
-3.935068341708543582e-01,3.758399335871798197e-01,-1.869346733668342253e+00,1.785420458360513107e+00
-3.871599497487437369e-01,3.711495452650636628e-01,-1.839195979899497679e+00,1.763138857818406402e+00
-3.808130653266331156e-01,3.664985938666944776e-01,-1.809045226130653106e+00,1.741044601632714128e+00
-3.744661809045226608e-01,3.618886871186466903e-01,-1.778894472361809420e+00,1.719145327277958657e+00
-3.681192964824120395e-01,3.573214223058701067e-01,-1.748743718592964846e+00,1.697448622625923775e+00
-3.617724120603016402e-01,3.527983856403396623e-01,-1.718592964824121161e+00,1.675962022946436702e+00
-3.554255276381910189e-01,3.483211516296982890e-01,-1.688442211055276587e+00,1.654693007908117686e+00
-3.490786432160803421e-01,3.438912824459061657e-01,-1.658291457286432014e+00,1.633648998579160461e+00
-3.427317587939699428e-01,3.395103272938845840e-01,-1.628140703517588328e+00,1.612837354428087622e+00
-3.363848743718593215e-01,3.351798217801627011e-01,-1.597989949748743754e+00,1.592265370324518203e+00
-3.300379899497488667e-01,3.309012872815231265e-01,-1.567839195979900069e+00,1.571940273539930821e+00
-3.236911055276382454e-01,3.266762303136492851e-01,-1.537688442211055495e+00,1.551869220748435030e+00
-3.173442211055276241e-01,3.225061418997697826e-01,-1.507537688442210921e+00,1.532059295027528023e+00
-3.109973366834171693e-01,3.183924969393071014e-01,-1.477386934673367236e+00,1.512517502858873319e+00
-3.046504522613065480e-01,3.143367535765189125e-01,-1.447236180904522662e+00,1.493250771129041699e+00
-2.983035678391960932e-01,3.103403525691507125e-01,-1.417085427135678977e+00,1.474265944130308981e+00
-2.919566834170854719e-01,3.064047166570750824e-01,-1.386934673366834403e+00,1.455569780561388527e+00
-2.856097989949748506e-01,3.025312499309441572e-01,-1.356783919597989829e+00,1.437168950528225686e+00
-2.792629145728643958e-01,2.987213372008308276e-01,-1.326633165829146144e+00,1.419070032544741622e+00
-2.729160301507537745e-01,2.949763433648759370e-01,-1.296482412060301570e+00,1.401279510533602224e+00
-2.665691457286433197e-01,2.912976127779365876e-01,-1.266331658291457885e+00,1.383803770826995017e+00
-2.602222613065326984e-01,2.876864686202306176e-01,-1.236180904522613311e+00,1.366649099167386083e+00
-2.538753768844220771e-01,2.841442122659817993e-01,-1.206030150753768737e+00,1.349821677708281431e+00
-2.475284924623116500e-01,2.806721226520660362e-01,-1.175879396984925052e+00,1.333327582014992796e+00
-2.411816080402010287e-01,2.772714556466613911e-01,-1.145728643216080478e+00,1.317172778065420768e+00
-2.348347236180905739e-01,2.739434434178876221e-01,-1.115577889447236792e+00,1.301363119250790401e+00
-2.284878391959799526e-01,2.706892938024575423e-01,-1.085427135678392219e+00,1.285904343376440107e+00
-2.221409547738693313e-01,2.675101896743207197e-01,-1.055276381909547645e+00,1.270802069662576805e+00
-2.157940703517588765e-01,2.644072883133101737e-01,-1.025125628140703959e+00,1.256061795745042620e+00
-2.094471859296482552e-01,2.613817207737883508e-01,-9.949748743718593857e-01,1.241688894676080679e+00
-2.031003015075378282e-01,2.584345912532926004e-01,-9.648241206030157002e-01,1.227688611925097373e+00
-1.967534170854271791e-01,2.555669764611821493e-01,-9.346733668341711265e-01,1.214066062379431266e+00
-1.904065326633165578e-01,2.527799249872855758e-01,-9.045226130653265528e-01,1.200826227345125119e+00
-1.840596482412061308e-01,2.500744566705412342e-01,-8.743718592964828673e-01,1.187973951547665052e+00
-1.777127638190955095e-01,2.474515619676509737e-01,-8.442211055276382936e-01,1.175513940132780544e+00
-1.713658793969850547e-01,2.449122013217206739e-01,-8.140703517587946081e-01,1.163450755667184477e+00
-1.650189949748744334e-01,2.424573045309099117e-01,-7.839195979899500344e-01,1.151788815139354938e+00
-1.586721105527638120e-01,2.400877701170733847e-01,-7.537688442211054607e-01,1.140532386960278366e+00
-1.523252261306533573e-01,2.378044646944116325e-01,-7.236180904522617752e-01,1.129685587964236682e+00
-1.459783417085427359e-01,2.356082223381172625e-01,-6.934673366834172015e-01,1.119252380409573533e+00
-1.396314572864323089e-01,2.334998439530150682e-01,-6.633165829145735159e-01,1.109236568979430793e+00
-1.332845728643216598e-01,2.314800966422151940e-01,-6.331658291457289423e-01,1.099641797782547670e+00
-1.269376884422110385e-01,2.295497130757545856e-01,-6.030150753768843686e-01,1.090471547354003867e+00
-1.205908040201005976e-01,2.277093908592466576e-01,-5.728643216080406830e-01,1.081729131656001819e+00
-1.142439195979899763e-01,2.259597919025238821e-01,-5.427135678391961093e-01,1.073417695078615175e+00
-1.078970351758795354e-01,2.243015417882847917e-01,-5.125628140703524238e-01,1.065540209440558606e+00
-1.015501507537689141e-01,2.227352291407423412e-01,-4.824120603015078501e-01,1.058099470989963820e+00
-9.520326633165827890e-02,2.212614049942663030e-01,-4.522613065326632764e-01,1.051098097405127163e+00
-8.885638190954783799e-02,2.198805821620342105e-01,-4.221105527638195909e-01,1.044538524795298073e+00
-8.250949748743721668e-02,2.185932346046719488e-01,-3.919597989949750172e-01,1.038423004701417796e+00
-7.616261306532677577e-02,2.173997967989030888e-01,-3.618090452261313317e-01,1.032753601096900731e+00
-6.981572864321615446e-02,2.163006631061943630e-01,-3.316582914572867580e-01,1.027532187388396245e+00
-6.346884422110551927e-02,2.152961871414037498e-01,-3.015075376884421843e-01,1.022760443416563803e+00
-5.712195979899507836e-02,2.143866811414205653e-01,-2.713567839195984988e-01,1.018439852456809014e+00
-5.077507537688445705e-02,2.135724153338181552e-01,-2.412060301507539251e-01,1.014571698220080975e+00
-4.442819095477382879e-02,2.128536173054968172e-01,-2.110552763819093514e-01,1.011157061853622530e+00
-3.808130653266338789e-02,2.122304713713311641e-01,-1.809045226130656658e-01,1.008196818941740958e+00
-3.173442211055275963e-02,2.117031179428147114e-01,-1.507537688442210921e-01,1.005691636506566233e+00
-2.538753768844232220e-02,2.112716528967047702e-01,-1.206030150753774066e-01,1.003641970008811057e+00
-1.904065326633169394e-02,2.109361269436744180e-01,-9.045226130653283292e-02,1.002048060348563752e+00
-1.269376884422106742e-02,2.106965449969487036e-01,-6.030150753768825922e-02,1.000909930866006547e+00
-6.346884422110626520e-03,2.105528655409640848e-01,-3.015075376884457370e-02,1.000227384342244008e+00
0.000000000000000000e+00,2.105049999999999699e-01,0.000000000000000000e+00,9.999999999999998890e-01
6.298208801199399812e-03,2.105680769925060980e-01,2.991952115721431896e-02,1.000299646053566915e+00
1.259641760239879962e-02,2.107139828102203016e-01,5.983904231442863791e-02,1.000992768866394211e+00
1.889462640359820117e-02,2.109533586307101305e-01,8.975856347164296034e-02,1.002129919150187121e+00
2.519283520479759925e-02,2.112784401132599688e-01,1.196780846288572758e-01,1.003674212552005729e+00
3.149104400599699732e-02,2.116953666327973660e-01,1.495976057860715913e-01,1.005654814055710666e+00
3.778925280719640234e-02,2.122025684539052826e-01,1.795171269432859207e-01,1.008064266663049713e+00
4.408746160839580042e-02,2.128030047578794992e-01,2.094366481005002223e-01,1.010916627908503340e+00
5.038567040959519849e-02,2.134992079920891295e-01,2.393561692577145517e-01,1.014223928135147057e+00
5.668387921079460351e-02,2.142922866839732376e-01,2.692756904149288810e-01,1.017991433381502775e+00
6.298208801199399465e-02,2.151871030936355067e-01,2.991952115721431826e-01,1.022242241721742939e+00
6.928029681319339272e-02,2.161872543634359711e-01,3.291147327293574842e-01,1.026993441312253674e+00
7.557850561439280468e-02,2.172963546220181286e-01,3.590342538865718414e-01,1.032262201002437596e+00
8.187671441559220276e-02,2.185211780274212423e-01,3.889537750437861430e-01,1.038080701301257625e+00
8.817492321679160083e-02,2.198659086373809801e-01,4.188732962010004446e-01,1.044468818495432272e+00
9.447313201799099891e-02,2.213353722106231325e-01,4.487928173582148017e-01,1.051449477260032461e+00
1.007713408191903970e-01,2.229298895890702570e-01,4.787123385154291033e-01,1.059024201748510752e+00
1.070695496203898089e-01,2.246431893951223446e-01,5.086318596726434604e-01,1.067163199900821091e+00
1.133677584215892070e-01,2.264623605882065682e-01,5.385513808298577620e-01,1.075805138064210187e+00
1.196659672227886051e-01,2.283709755331607694e-01,5.684709019870720637e-01,1.084871977070192006e+00
1.259641760239879893e-01,2.303535813391541232e-01,5.983904231442863653e-01,1.094290308254692867e+00
1.322623848251874012e-01,2.323968929213491019e-01,6.283099443015006669e-01,1.103997021074792029e+00
1.385605936263867854e-01,2.344902842703957824e-01,6.582294654587149685e-01,1.113941636875113605e+00
1.448588024275862252e-01,2.366256408263846811e-01,6.881489866159293811e-01,1.124085607593096059e+00
1.511570112287856094e-01,2.387964832829670425e-01,7.180685077731436827e-01,1.134398153407125909e+00
1.574552200299849936e-01,2.409974943934555525e-01,7.479880289303579843e-01,1.144854014837916267e+00
1.637534288311844055e-01,2.432243061656745031e-01,7.779075500875722859e-01,1.155432441821688361e+00
1.700516376323837897e-01,2.454733176553351437e-01,8.078270712447865876e-01,1.166116328141066250e+00
1.763498464335832017e-01,2.477414959729585253e-01,8.377465924020008892e-01,1.176891266112246814e+00
1.826480552347826136e-01,2.500262095109536675e-01,8.676661135592153018e-01,1.187744754333406094e+00
1.889462640359819978e-01,2.523251459162590415e-01,8.975856347164296034e-01,1.198665808015292100e+00
1.952444728371814098e-01,2.546362742723182193e-01,9.275051558736439050e-01,1.209644779327418540e+00
2.015426816383807940e-01,2.569578256217624479e-01,9.574246770308582066e-01,1.220673264871439789e+00
2.078408904395802059e-01,2.592882505677645000e-01,9.873441981880725082e-01,1.231743904267188494e+00
2.141390992407796179e-01,2.616261556703501912e-01,1.017263719345286921e+00,1.242850078004561265e+00
2.204373080419790298e-01,2.639702343209991975e-01,1.047183240502501222e+00,1.253985579064626377e+00
2.267355168431784140e-01,2.663192363142249386e-01,1.077102761659715524e+00,1.265144468369991060e+00
2.330337256443777982e-01,2.686720860828131219e-01,1.107022282816929826e+00,1.276321636459053721e+00
2.393319344455772102e-01,2.710280025045075369e-01,1.136941803974144127e+00,1.287513372625389119e+00
2.456301432467765944e-01,2.733862951248276496e-01,1.166861325131358429e+00,1.298716396878115242e+00
2.519283520479759786e-01,2.757460433726079407e-01,1.196780846288572731e+00,1.309926336061413954e+00
2.582265608491753905e-01,2.781062190796157463e-01,1.226700367445787032e+00,1.321138305881645270e+00
2.645247696503748025e-01,2.804661319949180998e-01,1.256619888603001334e+00,1.332349027314876588e+00
2.708229784515742145e-01,2.828255032752993725e-01,1.286539409760215635e+00,1.343557175721713959e+00
2.771211872527735709e-01,2.851840293473970611e-01,1.316458930917429937e+00,1.354761308982670664e+00
2.834193960539730384e-01,2.875410621357185614e-01,1.346378452074644461e+00,1.365958348427441349e+00
2.897176048551724503e-01,2.898958143653207475e-01,1.376297973231858762e+00,1.377144554121378484e+00
2.960158136563718068e-01,2.922477213013392472e-01,1.406217494389073064e+00,1.388317243302245707e+00
3.023140224575712187e-01,2.945965101999248326e-01,1.436137015546287365e+00,1.399475120305573972e+00
3.086122312587706307e-01,2.969419901574458787e-01,1.466056536703501667e+00,1.410617278247290551e+00
3.149104400599699871e-01,2.992838718034723788e-01,1.495976057860715969e+00,1.421742342478669707e+00
3.212086488611693991e-01,3.016217816684672592e-01,1.525895579017930270e+00,1.432848538839776920e+00
3.275068576623688110e-01,3.039553616232305577e-01,1.555815100175144572e+00,1.443934166044657186e+00
3.338050664635682230e-01,3.062843228806197970e-01,1.585734621332358874e+00,1.454997852215480947e+00
3.401032752647675794e-01,3.086084106524478177e-01,1.615654142489573175e+00,1.466038386985809572e+00
3.464014840659669914e-01,3.109273477717695577e-01,1.645573663646787477e+00,1.477054453679340407e+00
3.526996928671664033e-01,3.132408202724549229e-01,1.675493184804001778e+00,1.488044560805942496e+00
3.589979016683657598e-01,3.155485256006687611e-01,1.705412705961216080e+00,1.499007271089374482e+00
3.652961104695652272e-01,3.178502317975371860e-01,1.735332227118430604e+00,1.509941482613416319e+00
3.715943192707646392e-01,3.201457974859121536e-01,1.765251748275644905e+00,1.520846523768614400e+00
3.778925280719639956e-01,3.224351278304037893e-01,1.795171269432859207e+00,1.531721944041252170e+00
3.841907368731634076e-01,3.247181155529968999e-01,1.825090790590073508e+00,1.542567233809158500e+00
3.904889456743628195e-01,3.269946040956538402e-01,1.855010311747287810e+00,1.553381649346352145e+00
3.967871544755622315e-01,3.292644064475006016e-01,1.884929832904502112e+00,1.564164302261231931e+00
4.030853632767615879e-01,3.315273453825056116e-01,1.914849354061716413e+00,1.574914350644904593e+00
4.093835720779609999e-01,3.337832889211411191e-01,1.944768875218930715e+00,1.585631167531132757e+00
4.156817808791604119e-01,3.360321540663641082e-01,1.974688396376145016e+00,1.596314358644042253e+00
4.219799896803598238e-01,3.382738841360976023e-01,2.004607917533359540e+00,1.606963654716503598e+00
4.282781984815592358e-01,3.405084234063486259e-01,2.034527438690573842e+00,1.617578791032747931e+00
4.345764072827586477e-01,3.427356989756450978e-01,2.064446959847788143e+00,1.628159421275718444e+00
4.408746160839580597e-01,3.449556215728782349e-01,2.094366481005002445e+00,1.638705121364709916e+00
4.471728248851574161e-01,3.471680940697888240e-01,2.124286002162216747e+00,1.649215429893773788e+00
4.534710336863568281e-01,3.493730199687077320e-01,2.154205523319431048e+00,1.659689888452567486e+00
4.597692424875562400e-01,3.515703085509178094e-01,2.184125044476645350e+00,1.670128066083550689e+00
4.660674512887555965e-01,3.537598756777333153e-01,2.214044565633859651e+00,1.680529563087495903e+00
4.723656600899550084e-01,3.559416437534589917e-01,2.243964086791073953e+00,1.690894010847528550e+00
4.786638688911544204e-01,3.581155416801714009e-01,2.273883607948288255e+00,1.701221071614315017e+00
4.849620776923538323e-01,3.602815048125006525e-01,2.303803129105502556e+00,1.711510438291255154e+00
4.912602864935531888e-01,3.624394749124127402e-01,2.333722650262716858e+00,1.721761834219675213e+00
4.975584952947526007e-01,3.645894001039908794e-01,2.363642171419931159e+00,1.731975012964019234e+00
5.038567040959519572e-01,3.667312348282179002e-01,2.393561692577145461e+00,1.742149758097042422e+00
5.101549128971514246e-01,3.688649397969663291e-01,2.423481213734359763e+00,1.752285882981241993e+00
5.164531216983507811e-01,3.709904818870545795e-01,2.453400734891574064e+00,1.762383230265573753e+00
5.227513304995501375e-01,3.731078337623693897e-01,2.483320256048788366e+00,1.772441670090351362e+00
5.290495393007496050e-01,3.752169733103460358e-01,2.513239777206002667e+00,1.782461097410256601e+00
5.353477481019489614e-01,3.773178830624637770e-01,2.543159298363216969e+00,1.792441429241413697e+00
5.416459569031484289e-01,3.794105496147310297e-01,2.573078819520431271e+00,1.802382601908415705e+00
5.479441657043477854e-01,3.814949630481708209e-01,2.602998340677645572e+00,1.812284568291350872e+00
5.542423745055471418e-01,3.835711163493067399e-01,2.632917861834859874e+00,1.822147295072833240e+00
5.605405833067466093e-01,3.856390048306480578e-01,2.662837382992074176e+00,1.831970759985026787e+00
5.668387921079460767e-01,3.876986255511754020e-01,2.692756904149288921e+00,1.841754949056675139e+00
5.731370009091454332e-01,3.897499767406475968e-01,2.722676425306503223e+00,1.851499853878281199e+00
5.794352097103449006e-01,3.917930573515631121e-01,2.752595946463717524e+00,1.861205469473709018e+00
5.857334185115442571e-01,3.938278669883101268e-01,2.782515467620931826e+00,1.870871793963611918e+00
5.920316273127436135e-01,3.958544060089036476e-01,2.812434988778146128e+00,1.880498829048733445e+00
5.983298361139430810e-01,3.978726756351051996e-01,2.842354509935360429e+00,1.890086580533028693e+00
6.046280449151424374e-01,3.998826780625419630e-01,2.872274031092574731e+00,1.899635058846782520e+00
6.109262537163417939e-01,4.018844165708256866e-01,2.902193552249789033e+00,1.909144279569728431e+00
6.172244625175412613e-01,4.038778956336728787e-01,2.932113073407003334e+00,1.918614263954171451e+00
6.235226713187406178e-01,4.058631210290227220e-01,2.962032594564217636e+00,1.928045039448102127e+00
6.298208801199399742e-01,4.078400999491572643e-01,2.991952115721431937e+00,1.937436640218319184e+00
6.361190889211394417e-01,4.098088411093632755e-01,3.021871636878646239e+00,1.946789107666626828e+00
6.424172977223387981e-01,4.117693548127671632e-01,3.051791158035860541e+00,1.956102490737831268e+00
6.487155065235382656e-01,4.137216528935103721e-01,3.081710679193074842e+00,1.965376845649796200e+00
6.550137153247376220e-01,4.156657486075502894e-01,3.111630200350289144e+00,1.974612235374695546e+00
6.613119241259369785e-01,4.176016565211483900e-01,3.141549721507503445e+00,1.983808729109277191e+00
6.676101329271364460e-01,4.195293923993546614e-01,3.171469242664717747e+00,1.992966401745111416e+00
6.739083417283358024e-01,4.214489730944951940e-01,3.201388763821932049e+00,2.002085333338852635e+00
6.802065505295351588e-01,4.233604164346574938e-01,3.231308284979146350e+00,2.011165608582492048e+00
6.865047593307346263e-01,4.252637411121767408e-01,3.261227806136360652e+00,2.020207316273612275e+00
6.928029681319339828e-01,4.271589665721230999e-01,3.291147327293574953e+00,2.029210548785649326e+00
6.991011769331333392e-01,4.290461129010509911e-01,3.321066848450789255e+00,2.038175401539398024e+00
7.053993857343328067e-01,4.309252007306027532e-01,3.350986369608003557e+00,2.047101972545083193e+00
7.116975945355321631e-01,4.327962511994551398e-01,3.380905890765217858e+00,2.055990362221586931e+00
7.179958033367315196e-01,4.346592859502084738e-01,3.410825411922432160e+00,2.064840673381670211e+00
7.242940121379309870e-01,4.365143271287890148e-01,3.440744933079646461e+00,2.073653011229134702e+00
7.305922209391304545e-01,4.383613973838530464e-01,3.470664454236861207e+00,2.082427483355991704e+00
7.368904297403298109e-01,4.402005198661899099e-01,3.500583975394075509e+00,2.091164199739625751e+00
7.431886385415292784e-01,4.420317182281247037e-01,3.530503496551289810e+00,2.099863272739957321e+00
7.494868473427286348e-01,4.438550166229226490e-01,3.560423017708504112e+00,2.108524817096613546e+00
7.557850561439279913e-01,4.456704397041915122e-01,3.590342538865718414e+00,2.117148949926089596e+00
7.620832649451274587e-01,4.474780126252812518e-01,3.620262060022932715e+00,2.125735790718896290e+00
7.683814737463268152e-01,4.492777610367513774e-01,3.650181581180147017e+00,2.134285461327528388e+00
7.746796825475262827e-01,4.510697110657536091e-01,3.680101102337361318e+00,2.142798085868523827e+00
7.809778913487256391e-01,4.528538892729293552e-01,3.710020623494575620e+00,2.151273790517704398e+00
7.872761001499249955e-01,4.546303226051953139e-01,3.739940144651789922e+00,2.159712703285885382e+00
7.935743089511244630e-01,4.563990383484935465e-01,3.769859665809004223e+00,2.168114953794415989e+00
7.998725177523238195e-01,4.581600640805408298e-01,3.799779186966218525e+00,2.176480673050715353e+00
8.061707265535231759e-01,4.599134276235792851e-01,3.829698708123432827e+00,2.184809993223815638e+00
8.124689353547226434e-01,4.616591569971258968e-01,3.859618229280647128e+00,2.193103047419899365e+00
8.187671441559219998e-01,4.633972803707228638e-01,3.889537750437861430e+00,2.201359969457841181e+00
8.250653529571213562e-01,4.651278260166873402e-01,3.919457271595075731e+00,2.209580893644746524e+00
8.313635617583208237e-01,4.668508222629942916e-01,3.949376792752290033e+00,2.217765954552121332e+00
8.376617705595201802e-01,4.685662974544209658e-01,3.979296313909504335e+00,2.225915286831291251e+00
8.439599793607196476e-01,4.702742799476937741e-01,4.009215835066719080e+00,2.234029025190345852e+00
8.502581881619190041e-01,4.719747981279088234e-01,4.039135356223932938e+00,2.242107304472144680e+00
8.565563969631184715e-01,4.736678804265744280e-01,4.069054877381147683e+00,2.250150259740027359e+00
8.628546057643178280e-01,4.753535553396553981e-01,4.098974398538361541e+00,2.258158026363532578e+00
8.691528145655172954e-01,4.770318514456174386e-01,4.128893919695576287e+00,2.266130740104118413e+00
8.754510233667165409e-01,4.787027974234686067e-01,4.158813440852790144e+00,2.274068537200867546e+00
8.817492321679161194e-01,4.803664220708063204e-01,4.188732962010004890e+00,2.281971554456218687e+00
8.880474409691153648e-01,4.820227543218589816e-01,4.218652483167218747e+00,2.289839929321674017e+00
8.943456497703148322e-01,4.836718232655303207e-01,4.248572004324433493e+00,2.297673799983517284e+00
9.006438585715141887e-01,4.853136581631401492e-01,4.278491525481647351e+00,2.305473305447092169e+00
9.069420673727136561e-01,4.869482884552100432e-01,4.308411046638862096e+00,2.313238585569036498e+00
9.132402761739130126e-01,4.885757437344093179e-01,4.338330567796075954e+00,2.320969780928763271e+00
9.195384849751124801e-01,4.901960537023332676e-01,4.368250088953290700e+00,2.328667032623136013e+00
9.258366937763117255e-01,4.918092481254417447e-01,4.398169610110504557e+00,2.336330482057156654e+00
9.321349025775111929e-01,4.934153567910012916e-01,4.428089131267719303e+00,2.343960270734668061e+00
9.384331113787105494e-01,4.950144094630233860e-01,4.458008652424933160e+00,2.351556540049041022e+00
9.447313201799100169e-01,4.966064358382051291e-01,4.487928173582147906e+00,2.359119431073870565e+00
9.510295289811093733e-01,4.981914655018686577e-01,4.517847694739361764e+00,2.366649084353666943e+00
9.573277377823088408e-01,4.997695278839023314e-01,4.547767215896576509e+00,2.374145639694555054e+00
9.636259465835080862e-01,5.013406522146994782e-01,4.577686737053790367e+00,2.381609235954962767e+00
9.699241553847076647e-01,5.029048674814144970e-01,4.607606258211005112e+00,2.389040010837816475e+00
9.762223641859071321e-01,5.044622023996243598e-01,4.637525779368219858e+00,2.396438100755917233e+00
9.825205729871063776e-01,5.060126854411464148e-01,4.667445300525433716e+00,2.403803640964093269e+00
9.888187817883059560e-01,5.075563448932599586e-01,4.697364821682648461e+00,2.411136765840526053e+00
9.951169905895052015e-01,5.090932089199722288e-01,4.727284342839862319e+00,2.418437609177797487e+00
1.001415199390704780e+00,5.106233056232858392e-01,4.757203863997077065e+00,2.425706304473935759e+00
1.007713408191903914e+00,5.121466631044652162e-01,4.787123385154290922e+00,2.432942985223463861e+00
1.014011616993103493e+00,5.136633095253045900e-01,4.817042906311505668e+00,2.440147785208449438e+00
1.020309825794302849e+00,5.151732731693940970e-01,4.846962427468719525e+00,2.447320838789549313e+00
1.026608034595502206e+00,5.166765825033873272e-01,4.876881948625934271e+00,2.454462281197061113e+00
1.032906243396701562e+00,5.181732662382680932e-01,4.906801469783148129e+00,2.461572248821966458e+00
1.039204452197901141e+00,5.196633533905623548e-01,4.936720990940362874e+00,2.468650879506721463e+00
1.045502660999100275e+00,5.211468733311406254e-01,4.966640512097576732e+00,2.475698312777086851e+00
1.051800869800299854e+00,5.226238557480260560e-01,4.996560033254791477e+00,2.482714689665452390e+00
1.058099078601499210e+00,5.240943305248414452e-01,5.026479554412005335e+00,2.489700152133400568e+00
1.064397287402698566e+00,5.255583276076505328e-01,5.056399075569220081e+00,2.496654842439137045e+00
1.070695496203897923e+00,5.270158768717525533e-01,5.086318596726433938e+00,2.503578902504703496e+00
1.076993705005097501e+00,5.284670079884763449e-01,5.116238117883648684e+00,2.510472473283182460e+00
1.083291913806296858e+00,5.299117502919762357e-01,5.146157639040862541e+00,2.517335694125917289e+00
1.089590122607496214e+00,5.313501326460263741e-01,5.176077160198077287e+00,2.524168702149717891e+00
1.095888331408695571e+00,5.327821833108150607e-01,5.205996681355291145e+00,2.530971631604071348e+00
1.102186540209895149e+00,5.342079298097401896e-01,5.235916202512505890e+00,2.537744613238356095e+00
1.108484749011094284e+00,5.356273987962033578e-01,5.265835723669719748e+00,2.544487773669049879e+00
1.114782957812293862e+00,5.370406159231670973e-01,5.295755244826934494e+00,2.551201234760063219e+00
1.121081166613493219e+00,5.384476057859056697e-01,5.325674765984148351e+00,2.557885113350778727e+00
1.127379375414692575e+00,5.398483920528494018e-01,5.355594287141363097e+00,2.564539521877625017e+00
1.133677584215892153e+00,5.412429976714321356e-01,5.385513808298577842e+00,2.571164569351949591e+00
1.139975793017091510e+00,5.426314450768793263e-01,5.415433329455791700e+00,2.577760362351865009e+00
1.146274001818290866e+00,5.440137564009984716e-01,5.445352850613006446e+00,2.584327006014101702e+00
1.152572210619490223e+00,5.453899536809658777e-01,5.475272371770220303e+00,2.590864605025846590e+00
1.158870419420689801e+00,5.467600590681170880e-01,5.505191892927435049e+00,2.597373264616598565e+00
1.165168628221888936e+00,5.481240950367353149e-01,5.535111414084648906e+00,2.603853091550011989e+00
1.171466837023088514e+00,5.494820845928405362e-01,5.565030935241863652e+00,2.610304195115748183e+00
1.177765045824287871e+00,5.508340514829780377e-01,5.594950456399077510e+00,2.616726688121318034e+00
1.184063254625487227e+00,5.521800204030014037e-01,5.624869977556292255e+00,2.623120687883905067e+00
1.190361463426686583e+00,5.535200171943355230e-01,5.654789498713506113e+00,2.629486317162706310e+00
1.196659672227886162e+00,5.548540688888334849e-01,5.684709019870720859e+00,2.635823704372026732e+00
1.202957881029085296e+00,5.561822035251627883e-01,5.714628541027934716e+00,2.642132982709022304e+00
1.209256089830284875e+00,5.575044499131373010e-01,5.744548062185149462e+00,2.648414289034167091e+00
1.215554298631484231e+00,5.588208373973106990e-01,5.774467583342363319e+00,2.654667762748204041e+00
1.221852507432683588e+00,5.601313956205699052e-01,5.804387104499578065e+00,2.660893544669104660e+00
1.228150716233882944e+00,5.614361542877296385e-01,5.834306625656791923e+00,2.667091775909026463e+00
1.234448925035082523e+00,5.627351429291259644e-01,5.864226146814006668e+00,2.673262596751269538e+00
1.240747133836281657e+00,5.640283906642111766e-01,5.894145667971220526e+00,2.679406145527237548e+00
1.247045342637481236e+00,5.653159259651457935e-01,5.924065189128435271e+00,2.685522557493388973e+00
1.253343551438680592e+00,5.665977764203945499e-01,5.953984710285649129e+00,2.691611963708199440e+00
1.259641760239879948e+00,5.678739684983454827e-01,5.983904231442863875e+00,2.697674489909244411e+00
1.265939969041079305e+00,5.691445273288979756e-01,6.013823752600077732e+00,2.703710255475632263e+00
1.272238177842278883e+00,5.704094766565137586e-01,6.043743273757292478e+00,2.709719373204977355e+00
1.278536386643478240e+00,5.716688390099390338e-01,6.073662794914506335e+00,2.715701950119659980e+00
1.284834595444677596e+00,5.729226359122910894e-01,6.103582316071721081e+00,2.721658088464840031e+00
1.291132804245877175e+00,5.741708880915052937e-01,6.133501837228935827e+00,2.727587886708179532e+00
1.297431013047076531e+00,5.754136156907843080e-01,6.163421358386149684e+00,2.733491440539580264e+00
1.303729221848275888e+00,5.766508384790458575e-01,6.193340879543364430e+00,2.739368843870909842e+00
1.310027430649475244e+00,5.778825760613700568e-01,6.223260400700578288e+00,2.745220189835728686e+00
1.316325639450674601e+00,5.791088480894488466e-01,6.253179921857793033e+00,2.751045571789025868e+00
1.322623848251873957e+00,5.803296744720334299e-01,6.283099443015006891e+00,2.756845084306944749e+00
1.328922057053073535e+00,5.815450755853824871e-01,6.313018964172221636e+00,2.762618824186515720e+00
1.335220265854272892e+00,5.827550724837020635e-01,6.342938485329435494e+00,2.768366891445343647e+00
1.341518474655472248e+00,5.839596870977060705e-01,6.372858006486650240e+00,2.774089390264868005e+00
1.347816683456671605e+00,5.851589422967834464e-01,6.402777527643864097e+00,2.779786429285686644e+00
1.354114892257871183e+00,5.863528617530999743e-01,6.432697048801078843e+00,2.785458120961972206e+00
1.360413101059070318e+00,5.875414697624634641e-01,6.462616569958292700e+00,2.791104580710498162e+00
1.366711309860269896e+00,5.887247910646300486e-01,6.492536091115507446e+00,2.796725926057006095e+00
1.373009518661469253e+00,5.899028506636110336e-01,6.522455612272721304e+00,2.802322275782575645e+00
1.379307727462668609e+00,5.910756736479804152e-01,6.552375133429936049e+00,2.807893749070000222e+00
1.385605936263867966e+00,5.922432850111786218e-01,6.582294654587149907e+00,2.813440464650144524e+00
1.391904145065067544e+00,5.934057094718232506e-01,6.612214175744364653e+00,2.818962539948330459e+00
1.398202353866266678e+00,5.945629712940119216e-01,6.642133696901578510e+00,2.824460090230692444e+00
1.404500562667466257e+00,5.957150941076306827e-01,6.672053218058793256e+00,2.829933227750555780e+00
1.410798771468665613e+00,5.968621007286610824e-01,6.701972739216007113e+00,2.835382060894805711e+00
1.417096980269864970e+00,5.980040129834213181e-01,6.731892260373221859e+00,2.840806693348953083e+00
1.423395189071064326e+00,5.991408516165717124e-01,6.761811781530435717e+00,2.846207223660111474e+00
1.429693397872263905e+00,6.002726363861397019e-01,6.791731302687650462e+00,2.851583745688414773e+00
1.435991606673463039e+00,6.013993862232526189e-01,6.821650823844864320e+00,2.856936349365823080e+00
1.442289815474662618e+00,6.025211193938798671e-01,6.851570345002079065e+00,2.862265121464477868e+00
1.448588024275861974e+00,6.036378536605767620e-01,6.881489866159292923e+00,2.867570146365058914e+00
1.454886233077061330e+00,6.047496064442264840e-01,6.911409387316507669e+00,2.872851506825142121e+00
1.461184441878260909e+00,6.058563949857843633e-01,6.941328908473722414e+00,2.878109284747556451e+00
1.467482650679460265e+00,6.069582365080187225e-01,6.971248429630936272e+00,2.883343561948736422e+00
1.473780859480659622e+00,6.080551483772559385e-01,7.001167950788151018e+00,2.888554420927084809e+00
1.480079068281858978e+00,6.091471482651216185e-01,7.031087471945364875e+00,2.893741945631322920e+00
1.486377277083058557e+00,6.102342543102843297e-01,7.061006993102579621e+00,2.898906222228851082e+00
1.492675485884257913e+00,6.113164852797905446e-01,7.090926514259793478e+00,2.904047339872167122e+00
1.498973694685457270e+00,6.123938606984909994e-01,7.120846035417008224e+00,2.909165391313702997e+00
1.505271903486656626e+00,6.134664008315603434e-01,7.150765556574222082e+00,2.914260472822784998e+00
1.511570112287855983e+00,6.145341265654031826e-01,7.180685077731436827e+00,2.919332683619881852e+00
1.517868321089055339e+00,6.155970592796542462e-01,7.210604598888650685e+00,2.924382125268540911e+00
1.524166529890254917e+00,6.166552207191734469e-01,7.240524120045865430e+00,2.929408901067307003e+00
1.530464738691454274e+00,6.177086328660422732e-01,7.270443641203079288e+00,2.934413115441639075e+00
1.536762947492653630e+00,6.187573178115557404e-01,7.300363162360294034e+00,2.939394873335814840e+00
1.543061156293852987e+00,6.198012976282197828e-01,7.330282683517507891e+00,2.944354279604854074e+00
1.549359365095052565e+00,6.208405942417457579e-01,7.360202204674722637e+00,2.949291438406430821e+00
1.555657573896251700e+00,6.218752293030435085e-01,7.390121725831936494e+00,2.954206452592781584e+00
1.561955782697451278e+00,6.229052240602181989e-01,7.420041246989151240e+00,2.959099423102625526e+00
1.568253991498650635e+00,6.239305992305654858e-01,7.449960768146365098e+00,2.963970448353081988e+00
1.574552200299849991e+00,6.249513748771374777e-01,7.479880289303579843e+00,2.968819623653298212e+00
1.580850409101049348e+00,6.259675703495664045e-01,7.509799810460793701e+00,2.973647040923333762e+00
1.587148617902248926e+00,6.269792043329964759e-01,7.539719331618008447e+00,2.978452788926611916e+00
1.593446826703448060e+00,6.279862949247722037e-01,7.569638852775222304e+00,2.983236953634223365e+00
1.599745035504647639e+00,6.289888597116267688e-01,7.599558373932437050e+00,2.987999618591609341e+00
1.606043244305846995e+00,6.299869158468728303e-01,7.629477895089650907e+00,2.992740865285256291e+00
1.612341453107046352e+00,6.309804801275911146e-01,7.659397416246865653e+00,2.997460773509375898e+00
1.618639661908245930e+00,6.319695690718202252e-01,7.689316937404080399e+00,3.002159421732596645e+00
1.624937870709445287e+00,6.329541989957454540e-01,7.719236458561294256e+00,3.006836887464646946e+00
1.631236079510644643e+00,6.339343860908899231e-01,7.749155979718509002e+00,3.011493247623048930e+00
1.637534288311844000e+00,6.349101465013020640e-01,7.779075500875722859e+00,3.016128578899798462e+00
1.643832497113043578e+00,6.358814964007459825e-01,7.808995022032937605e+00,3.020742958128054045e+00
1.650130705914242712e+00,6.368484520697946794e-01,7.838914543190151463e+00,3.025336462648367863e+00
1.656428914715442291e+00,6.378110299626982282e-01,7.868834064347366208e+00,3.029909170626342352e+00
1.662727123516641647e+00,6.387692467204139080e-01,7.898753585504580066e+00,3.034461161114528682e+00
1.669025332317841004e+00,6.397231191417528384e-01,7.928673106661794812e+00,3.038992513915359961e+00
1.675323541119040360e+00,6.406726641502272779e-01,7.958592627819008669e+00,3.043503309423658543e+00
1.681621749920239939e+00,6.416178987608951445e-01,7.988512148976223415e+00,3.047993628469134464e+00
1.687919958721439295e+00,6.425588400472036499e-01,8.018431670133438161e+00,3.052463552158873217e+00
1.694218167522638430e+00,6.434955051078332655e-01,8.048351191290651130e+00,3.056913161719832406e+00
1.700516376323838008e+00,6.444279110335418004e-01,8.078270712447865876e+00,3.061342538341330854e+00
1.706814585125037587e+00,6.453560748740080344e-01,8.108190233605080621e+00,3.065751763017543485e+00
1.713112793926236943e+00,6.462800136046745747e-01,8.138109754762295367e+00,3.070140916389988650e+00
1.719411002727436077e+00,6.471997440935925994e-01,8.168029275919508336e+00,3.074510078590022122e+00
1.725709211528635656e+00,6.481152830682658239e-01,8.197948797076723082e+00,3.078859329081331975e+00
1.732007420329835012e+00,6.490266470828623957e-01,8.227868318233937828e+00,3.083188746504180067e+00
1.738305629131034591e+00,6.499338524956536078e-01,8.257787839391152573e+00,3.087498408568221997e+00
1.744603837932233725e+00,6.508369154734799933e-01,8.287707360548365543e+00,3.091788392073727465e+00
1.750902046733433082e+00,6.517358520072992212e-01,8.317626881705580288e+00,3.096058772985436303e+00
1.757200255534632660e+00,6.526306779281878523e-01,8.347546402862795034e+00,3.100309626508576333e+00
1.763498464335832239e+00,6.535214089233448709e-01,8.377465924020009780e+00,3.104541027164888778e+00
1.769796673137031151e+00,6.544080605520929961e-01,8.407385445177222749e+00,3.108753048868639457e+00
1.776094881938230730e+00,6.552906482618808814e-01,8.437304966334437495e+00,3.112945765002640641e+00
1.782393090739430308e+00,6.561691874042867578e-01,8.467224487491652241e+00,3.117119248494272021e+00
1.788691299540629664e+00,6.570436932510191896e-01,8.497144008648866986e+00,3.121273571891495013e+00
1.794989508341829243e+00,6.579141810099211618e-01,8.527063529806081732e+00,3.125408807438878611e+00
1.801287717143028377e+00,6.587806658409707250e-01,8.556983050963294701e+00,3.129525027153610139e+00
1.807585925944227734e+00,6.596431628722839724e-01,8.586902572120509447e+00,3.133622302901517553e+00
1.813884134745427312e+00,6.605016872154534369e-01,8.616822093277724193e+00,3.137700706469933820e+00
1.820182343546626891e+00,6.613562539726348666e-01,8.646741614434938938e+00,3.141760309601362877e+00
1.826480552347826025e+00,6.622068782309352697e-01,8.676661135592151908e+00,3.145801183966819181e+00
1.832778761149025382e+00,6.630535750538377737e-01,8.706580656749366653e+00,3.149823401125093625e+00
1.839076969950224960e+00,6.638963594725867390e-01,8.736500177906581399e+00,3.153827032481825832e+00
1.845375178751424317e+00,6.647352464775692082e-01,8.766419699063796145e+00,3.157812149248565348e+00
1.851673387552623451e+00,6.655702510096993541e-01,8.796339220221009114e+00,3.161778822401839939e+00
1.857971596353823029e+00,6.664013879518020378e-01,8.826258741378223860e+00,3.165727122642226998e+00
1.864269805155022386e+00,6.672286721199942594e-01,8.856178262535438606e+00,3.169657120353408519e+00
1.870568013956221964e+00,6.680521182550700487e-01,8.886097783692653351e+00,3.173568885561245612e+00
1.876866222757421099e+00,6.688717410138828035e-01,8.916017304849866321e+00,3.177462487892842358e+00
1.883164431558620677e+00,6.696875549607289591e-01,8.945936826007081066e+00,3.181337996535611889e+00
1.889462640359820034e+00,6.704995745587364331e-01,8.975856347164295812e+00,3.185195480196368223e+00
1.895760849161019612e+00,6.713078141624959638e-01,9.005775868321510558e+00,3.189035007066321370e+00
1.902059057962218747e+00,6.721122880191742199e-01,9.035695389478723527e+00,3.192856644826365997e+00
1.908357266763418103e+00,6.729130102778668743e-01,9.065614910635938273e+00,3.196660460691512551e+00
1.914655475564617682e+00,6.737099950000636772e-01,9.095534431793153018e+00,3.200446521460600380e+00
1.920953684365817038e+00,6.745032561701224116e-01,9.125453952950367764e+00,3.204214893566055267e+00
1.927251893167016172e+00,6.752928077057394063e-01,9.155373474107580734e+00,3.207965643123628308e+00
1.933550101968215751e+00,6.760786634684221585e-01,9.185292995264795479e+00,3.211698835982148559e+00
1.939848310769415329e+00,6.768608372739600698e-01,9.215212516422010225e+00,3.215414537773260140e+00
1.946146519570614686e+00,6.776393429028984006e-01,9.245132037579224971e+00,3.219112813961181097e+00
1.952444728371814264e+00,6.784141941110082286e-01,9.275051558736439716e+00,3.222793729892440950e+00
1.958742937173013399e+00,6.791854046397595157e-01,9.304971079893652686e+00,3.226457350845630678e+00
1.965041145974212755e+00,6.799529882267916214e-01,9.334890601050867431e+00,3.230103742081146034e+00
1.971339354775412334e+00,6.807169586163316355e-01,9.364810122208082177e+00,3.233732968890675519e+00
1.977637563576611912e+00,6.814773295661613606e-01,9.394729643365296923e+00,3.237345096630300123e+00
1.983935772377810824e+00,6.822341148403405775e-01,9.424649164522509892e+00,3.240940190685924982e+00
1.990233981179010403e+00,6.829873281929940143e-01,9.454568685679724638e+00,3.244518316396256541e+00
1.996532189980209981e+00,6.837369833514141959e-01,9.484488206836939383e+00,3.248079538972538316e+00
2.002830398781409560e+00,6.844830939991609631e-01,9.514407727994154129e+00,3.251623923418260453e+00
2.009128607582608694e+00,6.852256737591639890e-01,9.544327249151367099e+00,3.255151534448891937e+00
2.015426816383807829e+00,6.859647361768252960e-01,9.574246770308581844e+00,3.258662436411607022e+00
2.021725025185007407e+00,6.867002947031193294e-01,9.604166291465796590e+00,3.262156693205003677e+00
2.028023233986206986e+00,6.874323626776949192e-01,9.634085812623011336e+00,3.265634368198830906e+00
2.034321442787406120e+00,6.881609533119767974e-01,9.664005333780224305e+00,3.269095524153710297e+00
2.040619651588605699e+00,6.888860796722672264e-01,9.693924854937439051e+00,3.272540223140862459e+00
2.046917860389805277e+00,6.896077546628481825e-01,9.723844376094653796e+00,3.275968526461833008e+00
2.053216069191004411e+00,6.903259910093563212e-01,9.753763897251868542e+00,3.279380494569517523e+00
2.059514277992203546e+00,6.910408012493707286e-01,9.783683418409081511e+00,3.282776187023447090e+00
2.065812486793403124e+00,6.917521977414236023e-01,9.813602939566296257e+00,3.286155662532593613e+00
2.072110695594602703e+00,6.924601926813085395e-01,9.843522460723511003e+00,3.289518979032842516e+00
2.078408904395802281e+00,6.931647981186738194e-01,9.873441981880725749e+00,3.292866193765819460e+00
2.084707113197001416e+00,6.938660259736166847e-01,9.903361503037938718e+00,3.296197363357719290e+00
2.091005321998200550e+00,6.945638880532774007e-01,9.933281024195153464e+00,3.299512543898137196e+00
2.097303530799400129e+00,6.952583960684313169e-01,9.963200545352368209e+00,3.302811791018889220e+00
2.103601739600599707e+00,6.959495616500841475e-01,9.993120066509582955e+00,3.306095159972846975e+00
2.109899948401799286e+00,6.966373963660635882e-01,1.002303958766679770e+01,3.309362705712755481e+00
2.116198157202998420e+00,6.973219117376149301e-01,1.005295910882401067e+01,3.312614482970071883e+00
2.122496366004197998e+00,6.980031192559932318e-01,1.008287862998122542e+01,3.315850546333784177e+00
2.128794574805397133e+00,6.986810303990561577e-01,1.011279815113844016e+01,3.319070950329237490e+00
2.135092783606596711e+00,6.993556566473013714e-01,1.014271767229565491e+01,3.322275749494317587e+00
2.141390992407795846e+00,7.000270094929816889e-01,1.017263719345286788e+01,3.325464998422753560e+00
2.147689201208995424e+00,7.006951004386028359e-01,1.020255671461008262e+01,3.328638751756979097e+00
2.153987410010195003e+00,7.013599409929489603e-01,1.023247623576729737e+01,3.331797064169254696e+00
2.160285618811394581e+00,7.020215426670711745e-01,1.026239575692451211e+01,3.334939990342610461e+00
2.166583827612593716e+00,7.026799169702824255e-01,1.029231527808172508e+01,3.338067584951817768e+00
2.172882036413792850e+00,7.033350754061433729e-01,1.032223479923893983e+01,3.341179902644323629e+00
2.179180245214992429e+00,7.039870294684549279e-01,1.035215432039615457e+01,3.344276998021210812e+00
2.185478454016192007e+00,7.046357906372490154e-01,1.038207384155336932e+01,3.347358925618151737e+00
2.191776662817391141e+00,7.052813703747774499e-01,1.041199336271058229e+01,3.350425739886356169e+00
2.198074871618590720e+00,7.059237801215034747e-01,1.044191288386779704e+01,3.353477495173527778e+00
2.204373080419790298e+00,7.065630312920914147e-01,1.047183240502501178e+01,3.356514245704811827e+00
2.210671289220989433e+00,7.071991352714007695e-01,1.050175192618222653e+01,3.359536045563767281e+00
2.216969498022188567e+00,7.078321034109783527e-01,1.053167144733943950e+01,3.362542948675700583e+00
2.223267706823388146e+00,7.084619470284875264e-01,1.056159096849665424e+01,3.365535008804957151e+00
2.229565915624587724e+00,7.090886774096645251e-01,1.059151048965386899e+01,3.368512279564212619e+00
2.235864124425787303e+00,7.097123058105689886e-01,1.062143001081108373e+01,3.371474814425163391e+00
2.242162333226986437e+00,7.103328434598320529e-01,1.065134953196829670e+01,3.374422666729208764e+00
2.248460542028185571e+00,7.109503015609085486e-01,1.068126905312551145e+01,3.377355889698147706e+00
2.254758750829385150e+00,7.115646912943255353e-01,1.071118857428272619e+01,3.380274536444861422e+00
2.261056959630584728e+00,7.121760238199345006e-01,1.074110809543994094e+01,3.383178659984012349e+00
2.267355168431784307e+00,7.127843102791601160e-01,1.077102761659715568e+01,3.386068313242726280e+00
2.273653377232983441e+00,7.133895617972507708e-01,1.080094713775436865e+01,3.388943549071284700e+00
2.279951586034183020e+00,7.139917894855294378e-01,1.083086665891158340e+01,3.391804420253815344e+00
2.286249794835382154e+00,7.145910044436425412e-01,1.086078618006879815e+01,3.394650979518978318e+00
2.292548003636581733e+00,7.151872177617121240e-01,1.089070570122601289e+01,3.397483279550187252e+00
2.298846212437780867e+00,7.157804405195893338e-01,1.092062522238322586e+01,3.400301372982063697e+00
2.305144421238980446e+00,7.163706837782504167e-01,1.095054474354044061e+01,3.403105312359565815e+00
2.311442630040180024e+00,7.169579585678818034e-01,1.098046426469765535e+01,3.405895150081384326e+00
2.317740838841379603e+00,7.175422758758260855e-01,1.101038378585487010e+01,3.408670938342681200e+00
2.324039047642578737e+00,7.181236466345254366e-01,1.104030330701208307e+01,3.411432729077815029e+00
2.330337256443777871e+00,7.187020817094657010e-01,1.107022282816929781e+01,3.414180573903069948e+00
2.336635465244977450e+00,7.192775918871229246e-01,1.110014234932651256e+01,3.416914524059394775e+00
2.342933674046177028e+00,7.198501878629054440e-01,1.113006187048372730e+01,3.419634630355124383e+00
2.349231882847376163e+00,7.204198802291000847e-01,1.115998139164094027e+01,3.422340943108715283e+00
2.355530091648575741e+00,7.209866794628163600e-01,1.118990091279815502e+01,3.425033512091477217e+00
2.361828300449774876e+00,7.215505959139304482e-01,1.121982043395536977e+01,3.427712386470299855e+00
2.368126509250974454e+00,7.221116397930332775e-01,1.124973995511258451e+01,3.430377614750401705e+00
2.374424718052173588e+00,7.226698211606523703e-01,1.127965947626979748e+01,3.433029244724127071e+00
2.380722926853373167e+00,7.232251499270331285e-01,1.130957899742701223e+01,3.435667323469908663e+00
2.387021135654572745e+00,7.237776358638962071e-01,1.133949851858422697e+01,3.438291897408119357e+00
2.393319344455772324e+00,7.243272886181510994e-01,1.136941803974144172e+01,3.440903012366219649e+00
2.399617553256971458e+00,7.248741177256281532e-01,1.139933756089865469e+01,3.443500713643990352e+00
2.405915762058170593e+00,7.254181326248061445e-01,1.142925708205586943e+01,3.446085046078744440e+00
2.412213970859370171e+00,7.259593426705411856e-01,1.145917660321308418e+01,3.448656054110549540e+00
2.418512179660569750e+00,7.264977571477985174e-01,1.148909612437029892e+01,3.451213781847455309e+00
2.424810388461769328e+00,7.270333852853788636e-01,1.151901564552751367e+01,3.453758273130704382e+00
2.431108597262968463e+00,7.275662362696491137e-01,1.154893516668472664e+01,3.456289571599957977e+00
2.437406806064168041e+00,7.280963192582726728e-01,1.157885468784194138e+01,3.458807720758521942e+00
2.443705014865367176e+00,7.286236433939355939e-01,1.160877420899915613e+01,3.461312764038553258e+00
2.450003223666566754e+00,7.291482178179645723e-01,1.163869373015637088e+01,3.463804744865749630e+00
2.456301432467765888e+00,7.296700516809403458e-01,1.166861325131358385e+01,3.466283706709770929e+00
2.462599641268965467e+00,7.301891541457006252e-01,1.169853277247079859e+01,3.468749693098504228e+00
2.468897850070165045e+00,7.307055343873402053e-01,1.172845229362801334e+01,3.471202747618062467e+00
2.475196058871364624e+00,7.312192015930960576e-01,1.175837181478522808e+01,3.473642913912240004e+00
2.481494267672563314e+00,7.317301649622333093e-01,1.178829133594244105e+01,3.476070235681970821e+00
2.487792476473762893e+00,7.322384337059284487e-01,1.181821085709965580e+01,3.478484756684774304e+00
2.494090685274962471e+00,7.327440170471551939e-01,1.184813037825687054e+01,3.480886520734211675e+00
2.500388894076162050e+00,7.332469242205702509e-01,1.187804989941408529e+01,3.483275571699343320e+00
2.506687102877361184e+00,7.337471644723971842e-01,1.190796942057129826e+01,3.485651953504179001e+00
2.512985311678560763e+00,7.342447470603120641e-01,1.193788894172851300e+01,3.488015710127132518e+00
2.519283520479759897e+00,7.347396812533273369e-01,1.196780846288572775e+01,3.490366885600471925e+00
2.525581729280959475e+00,7.352319763316680357e-01,1.199772798404294250e+01,3.492705524009729334e+00
2.531879938082158610e+00,7.357216415857219527e-01,1.202764750520015546e+01,3.495031669488715131e+00
2.538178146883358188e+00,7.362086863106246382e-01,1.205756702635737021e+01,3.497345366193794103e+00
2.544476355684557767e+00,7.366931197977358847e-01,1.208748654751458496e+01,3.499646658263394716e+00
2.550774564485757345e+00,7.371749513258389896e-01,1.211740606867179970e+01,3.501935589776200342e+00
2.557072773286956480e+00,7.376541901523354650e-01,1.214732558982901267e+01,3.504212204709320488e+00
2.563370982088155614e+00,7.381308455044429673e-01,1.217724511098622742e+01,3.506476546896477142e+00
2.569669190889355193e+00,7.386049265703907851e-01,1.220716463214344216e+01,3.508728659986179998e+00
2.575967399690554771e+00,7.390764424906192120e-01,1.223708415330065691e+01,3.510968587399915464e+00
2.582265608491754350e+00,7.395454023489724804e-01,1.226700367445787165e+01,3.513196372290313896e+00
2.588563817292953484e+00,7.400118151638979125e-01,1.229692319561508462e+01,3.515412057499336829e+00
2.594862026094153062e+00,7.404756898796417408e-01,1.232684271677229937e+01,3.517615685516456647e+00
2.601160234895352197e+00,7.409370353574531443e-01,1.235676223792951411e+01,3.519807298436869125e+00
2.607458443696551775e+00,7.413958603681757298e-01,1.238668175908672886e+01,3.521986937926299799e+00
2.613756652497750910e+00,7.418521735945496909e-01,1.241660128024394183e+01,3.524154645231940997e+00
2.620054861298950488e+00,7.423059836430809799e-01,1.244652080140115658e+01,3.526310461238835181e+00
2.626353070100150067e+00,7.427572990572374190e-01,1.247644032255837132e+01,3.528454426532564359e+00
2.632651278901349201e+00,7.432061283306522492e-01,1.250635984371558607e+01,3.530586581461971463e+00
2.638949487702548335e+00,7.436524799203254599e-01,1.253627936487279904e+01,3.532706966201873744e+00
2.645247696503747914e+00,7.440963622598257832e-01,1.256619888603001378e+01,3.534815620815780157e+00
2.651545905304947492e+00,7.445377837724932446e-01,1.259611840718722853e+01,3.536912585318606528e+00
2.657844114106147071e+00,7.449767528846390485e-01,1.262603792834444327e+01,3.538997899739384057e+00
2.664142322907346205e+00,7.454132780387514590e-01,1.265595744950165624e+01,3.541071604183993138e+00
2.670440531708545784e+00,7.458473677066935759e-01,1.268587697065887099e+01,3.543133738897858098e+00
2.676738740509744918e+00,7.462790304029045529e-01,1.271579649181608573e+01,3.545184344328660142e+00
2.683036949310944497e+00,7.467082746963170647e-01,1.274571601297330048e+01,3.547223461182950732e+00
2.689335158112143631e+00,7.471351092127558324e-01,1.277563553413051345e+01,3.549251130437546919e+00
2.695633366913343210e+00,7.475595426274251887e-01,1.280555505528772819e+01,3.551267393303841668e+00
2.701931575714542788e+00,7.479815836559229325e-01,1.283547457644494294e+01,3.553272291185116227e+00
2.708229784515742367e+00,7.484012410452534070e-01,1.286539409760215769e+01,3.555265865633848943e+00
2.714527993316941501e+00,7.488185235648373572e-01,1.289531361875937066e+01,3.557248158309006314e+00
2.720826202118140635e+00,7.492334399975237869e-01,1.292523313991658540e+01,3.559219210933345146e+00
2.727124410919340214e+00,7.496459991305985948e-01,1.295515266107380015e+01,3.561179065250700049e+00
2.733422619720539792e+00,7.500562097467967648e-01,1.298507218223101489e+01,3.563127762983286928e+00
2.739720828521738927e+00,7.504640806153128896e-01,1.301499170338822786e+01,3.565065345788997586e+00
2.746019037322938505e+00,7.508696204828114729e-01,1.304491122454544261e+01,3.566991855218695218e+00
2.752317246124137640e+00,7.512728380644301263e-01,1.307483074570265735e+01,3.568907332673476152e+00
2.758615454925337218e+00,7.516737420339469899e-01,1.310475026685987210e+01,3.570811819357958328e+00
2.764913663726536797e+00,7.520723410092836625e-01,1.313466978801708684e+01,3.572705356211413719e+00
2.771211872527735931e+00,7.524686435342158308e-01,1.316458930917429981e+01,3.574587983820887160e+00
2.777510081328935510e+00,7.528626580596667894e-01,1.319450883033151456e+01,3.576459742332328329e+00
2.783808290130135088e+00,7.532543929250000714e-01,1.322442835148872931e+01,3.578320671361725491e+00
2.790106498931334222e+00,7.536438563393149659e-01,1.325434787264594405e+01,3.580170809906249030e+00
2.796404707732533357e+00,7.540310563627389273e-01,1.328426739380315702e+01,3.582010196255380752e+00
2.802702916533732935e+00,7.544160008877205392e-01,1.331418691496037177e+01,3.583838867902047642e+00
2.809001125334932514e+00,7.547986976203256981e-01,1.334410643611758651e+01,3.585656861453769384e+00
2.815299334136132092e+00,7.551791540615290232e-01,1.337402595727480126e+01,3.587464212543782782e+00
2.821597542937331227e+00,7.555573774885078198e-01,1.340394547843201423e+01,3.589260955742180847e+00
2.827895751738530805e+00,7.559333749363356114e-01,1.343386499958922897e+01,3.591047124468946805e+00
2.834193960539729940e+00,7.563071531930678493e-01,1.346378452074644372e+01,3.592822750970607881e+00
2.840492169340929518e+00,7.566787188345172055e-01,1.349370404190365846e+01,3.594587866485438266e+00
2.846790378142128652e+00,7.570480782772417427e-01,1.352362356306087143e+01,3.596342501495174648e+00
2.853088586943328231e+00,7.574152378324189305e-01,1.355354308421808618e+01,3.598086685980945720e+00
2.859386795744527809e+00,7.577802037597217710e-01,1.358346260537530092e+01,3.599820449679208334e+00
2.865685004545727388e+00,7.581429823211940366e-01,1.361338212653251567e+01,3.601543822337683221e+00
2.871983213346926078e+00,7.585035798351255076e-01,1.364330164768972864e+01,3.603256833971285822e+00
2.878281422148125657e+00,7.588620027299268767e-01,1.367322116884694339e+01,3.604959515118058455e+00
2.884579630949325235e+00,7.592182575980054304e-01,1.370314069000415813e+01,3.606651897095106474e+00
2.890877839750524814e+00,7.595723512496402874e-01,1.373306021116137288e+01,3.608334012254532208e+00
2.897176048551723948e+00,7.599242907668466440e-01,1.376297973231858585e+01,3.610005894239313395e+00
2.903474257352923527e+00,7.602740835522642238e-01,1.379289925347580059e+01,3.611667578215549401e+00
2.909772466154122661e+00,7.606217373351765731e-01,1.382281877463301534e+01,3.613319100901055236e+00
2.916070674955322239e+00,7.609672601274900527e-01,1.385273829579023008e+01,3.614960500356239059e+00
2.922368883756521818e+00,7.613106601712157362e-01,1.388265781694744483e+01,3.616591815734617743e+00
2.928667092557720952e+00,7.616519458858933556e-01,1.391257733810465780e+01,3.618213087033055331e+00
2.934965301358920531e+00,7.619911258160113610e-01,1.394249685926187254e+01,3.619824354841981506e+00
2.941263510160120109e+00,7.623282085784318651e-01,1.397241638041908729e+01,3.621425660095636267e+00
2.947561718961319244e+00,7.626632028098109251e-01,1.400233590157630204e+01,3.623017043822288841e+00
2.953859927762518378e+00,7.629961171140212661e-01,1.403225542273351500e+01,3.624598546894473916e+00
2.960158136563717957e+00,7.633269600095755614e-01,1.406217494389072975e+01,3.626170209779224329e+00
2.966456345364917535e+00,7.636557398770481564e-01,1.409209446504794450e+01,3.627732072288297971e+00
2.972754554166117114e+00,7.639824649075055429e-01,1.412201398620515924e+01,3.629284173333201302e+00
2.979052762967316248e+00,7.643071430700001390e-01,1.415193350736237221e+01,3.630826550770766215e+00
2.985350971768515826e+00,7.646297821183962728e-01,1.418185302851958696e+01,3.632359241435577868e+00
2.991649180569714961e+00,7.649503896107449075e-01,1.421177254967680170e+01,3.633882281232013067e+00
2.997947389370914539e+00,7.652689729289916531e-01,1.424169207083401645e+01,3.635395705227864482e+00
3.004245598172113674e+00,7.655855392986929964e-01,1.427161159199122942e+01,3.636899547748001282e+00
3.010543806973313252e+00,7.659000958087252009e-01,1.430153111314844416e+01,3.638393842467994688e+00
3.016842015774512831e+00,7.662126494309975389e-01,1.433145063430565891e+01,3.639878622507767059e+00
3.023140224575711965e+00,7.665232070401625242e-01,1.436137015546287365e+01,3.641353920525225440e+00
3.029438433376911100e+00,7.668317754333303649e-01,1.439128967662008662e+01,3.642819768809911540e+00
3.035736642178110678e+00,7.671383613497775311e-01,1.442120919777730137e+01,3.644276199376630387e+00
3.042034850979310256e+00,7.674429714904921207e-01,1.445112871893451612e+01,3.645723244058298285e+00
3.048333059780509835e+00,7.677456125334444215e-01,1.448104824009173086e+01,3.647160934578487002e+00
3.054631268581708969e+00,7.680462911381844560e-01,1.451096776124894383e+01,3.648589302573261861e+00
3.060929477382908548e+00,7.683450139463026130e-01,1.454088728240615858e+01,3.650008379593371100e+00
3.067227686184107682e+00,7.686417875817344036e-01,1.457080680356337332e+01,3.651418197105695373e+00
3.073525894985307261e+00,7.689366186510667722e-01,1.460072632472058807e+01,3.652818786494699932e+00
3.079824103786506839e+00,7.692295137438416308e-01,1.463064584587780281e+01,3.654210179063877906e+00
3.086122312587705974e+00,7.695204794328621700e-01,1.466056536703501578e+01,3.655592406037206477e+00
3.092420521388905552e+00,7.698095222744993915e-01,1.469048488819223053e+01,3.656965498560601269e+00
3.098718730190105131e+00,7.700966488089935336e-01,1.472040440934944527e+01,3.658329487703349425e+00
3.105016938991304265e+00,7.703818655607637123e-01,1.475032393050666002e+01,3.659684404459579099e+00
3.111315147792503399e+00,7.706651790388419077e-01,1.478024345166387299e+01,3.661030279750324024e+00
3.117613356593702978e+00,7.709465957397032554e-01,1.481016297282108773e+01,3.662367144436964761e+00
3.123911565394902556e+00,7.712261221549060464e-01,1.484008249397830248e+01,3.663695029357526334e+00
3.130209774196102135e+00,7.715037647802219789e-01,1.487000201513551723e+01,3.665013965370047977e+00
3.136507982997301269e+00,7.717795301248063788e-01,1.489992153629273020e+01,3.666323983396149178e+00
3.142806191798500404e+00,7.720534247203674205e-01,1.492984105744994494e+01,3.667625114464585057e+00
3.149104400599699982e+00,7.723254551303369020e-01,1.495976057860715969e+01,3.668917389754812852e+00
3.155402609400899561e+00,7.725956279590389109e-01,1.498968009976437443e+01,3.670200840640549966e+00
3.161700818202098695e+00,7.728639498608604885e-01,1.501959962092158740e+01,3.671475498733334231e+00
3.167999027003298274e+00,7.731304275494208511e-01,1.504951914207880215e+01,3.672741395926086394e+00
3.174297235804497852e+00,7.733950678067347262e-01,1.507943866323601689e+01,3.673998564436639302e+00
3.180595444605696986e+00,7.736578774905100708e-01,1.510935818439323164e+01,3.675247036842403059e+00
3.186893653406896121e+00,7.739188635268865468e-01,1.513927770555044461e+01,3.676486846045873058e+00
3.193191862208095699e+00,7.741780328874827699e-01,1.516919722670765935e+01,3.677718025165591431e+00
3.199490071009295278e+00,7.744353925640212744e-01,1.519911674786487410e+01,3.678940607415602138e+00
3.205788279810494856e+00,7.746909495429353809e-01,1.522903626902208885e+01,3.680154625984823902e+00
3.212086488611693991e+00,7.749447107799815049e-01,1.525895579017930181e+01,3.681360113916446242e+00
3.218384697412893569e+00,7.751966831748482445e-01,1.528887531133651656e+01,3.682557103987308178e+00
3.224682906214092704e+00,7.754468735457658024e-01,1.531879483249373131e+01,3.683745628587281828e+00
3.230981115015292282e+00,7.756952886041168505e-01,1.534871435365094605e+01,3.684925719598664440e+00
3.237279323816491861e+00,7.759419349290447299e-01,1.537863387480816080e+01,3.686097408275550436e+00
3.243577532617690995e+00,7.761868189429252940e-01,1.540855339596537377e+01,3.687260725127314398e+00
3.249875741418890573e+00,7.764299469076567650e-01,1.543847291712258851e+01,3.688415699900984723e+00
3.256173950220090152e+00,7.766713249715075928e-01,1.546839243827980326e+01,3.689562361803793600e+00
3.262472159021289286e+00,7.769109592350063043e-01,1.549831195943701800e+01,3.690700739816186626e+00
3.268770367822488421e+00,7.771488558175123629e-01,1.552823148059423097e+01,3.691830863008063179e+00
3.275068576623687999e+00,7.773850209237891384e-01,1.555815100175144572e+01,3.692952760855034988e+00
3.281366785424887578e+00,7.776194609105727684e-01,1.558807052290866046e+01,3.694066463554655400e+00
3.287664994226087156e+00,7.778521823531469037e-01,1.561799004406587521e+01,3.695172002342685058e+00
3.293963203027286291e+00,7.780831921119109040e-01,1.564790956522308818e+01,3.696269409809319839e+00
3.300261411828485425e+00,7.783124973989539175e-01,1.567782908638030293e+01,3.697358720215452976e+00
3.306559620629685003e+00,7.785401058438529143e-01,1.570774860753751767e+01,3.698439969805244143e+00
3.312857829430884582e+00,7.787660255226112049e-01,1.573766812869473242e+01,3.699513196943593929e+00
3.319156038232083716e+00,7.789902648536269902e-01,1.576758764985194539e+01,3.700578441621942272e+00
3.325454247033283295e+00,7.792128324200636724e-01,1.579750717100916013e+01,3.701635744614444778e+00
3.331752455834482873e+00,7.794337367874887290e-01,1.582742669216637488e+01,3.702685146611665701e+00
3.338050664635682008e+00,7.796529863215114764e-01,1.585734621332358962e+01,3.703726687354274016e+00
3.344348873436881142e+00,7.798705890054203893e-01,1.588726573448080259e+01,3.704760404766729298e+00
3.350647082238080721e+00,7.800865522578221967e-01,1.591718525563801734e+01,3.705786334090982237e+00
3.356945291039280299e+00,7.803008827502797562e-01,1.594710477679523208e+01,3.706804507020164507e+00
3.363243499840479878e+00,7.805135862249500400e-01,1.597702429795244683e+01,3.707814950832284406e+00
3.369541708641679456e+00,7.807246673142133053e-01,1.600694381910966158e+01,3.708817687533375818e+00
3.375839917442878590e+00,7.809341294441762837e-01,1.603686334026687632e+01,3.709812733399094231e+00
3.382138126244077725e+00,7.811419750207717616e-01,1.606678286142408751e+01,3.710800099858776679e+00
3.388436335045276859e+00,7.813482057625640298e-01,1.609670238258130226e+01,3.711779795076430410e+00
3.394734543846476438e+00,7.815528230421425748e-01,1.612662190373851701e+01,3.712751825572516484e+00
3.401032752647676016e+00,7.817558282275216541e-01,1.615654142489573175e+01,3.713716197845760014e+00
3.407330961448875595e+00,7.819572230235339871e-01,1.618646094605294650e+01,3.714672919994935985e+00
3.413629170250075173e+00,7.821570098132297755e-01,1.621638046721016124e+01,3.715622003340679935e+00
3.419927379051274308e+00,7.823551919992717263e-01,1.624629998836737599e+01,3.716563464047275556e+00
3.426225587852473886e+00,7.825517743453319630e-01,1.627621950952459073e+01,3.717497324744457377e+00
3.432523796653673465e+00,7.827467633060841701e-01,1.630613903068180548e+01,3.718423616095029249e+00
3.438822005454872155e+00,7.829401671535591856e-01,1.633605855183901667e+01,3.719342377395117527e+00
3.445120214256071733e+00,7.831319956989843956e-01,1.636597807299623142e+01,3.720253655252770297e+00
3.451418423057271312e+00,7.833222598906364187e-01,1.639589759415344616e+01,3.721157501677567758e+00
3.457716631858470446e+00,7.835109714085713994e-01,1.642581711531066091e+01,3.722053972155395130e+00
3.464014840659670025e+00,7.836981422593565227e-01,1.645573663646787566e+01,3.722943123723220449e+00
3.470313049460869603e+00,7.838837843707996411e-01,1.648565615762509040e+01,3.723825013043869259e+00
3.476611258262069182e+00,7.840679091866802342e-01,1.651557567878230515e+01,3.724699694480797074e+00
3.482909467063268760e+00,7.842505272614803680e-01,1.654549519993951989e+01,3.725567218172871620e+00
3.489207675864467451e+00,7.844316478557600281e-01,1.657541472109673109e+01,3.726427628112206403e+00
3.495505884665667029e+00,7.846112785970823511e-01,1.660533424225394583e+01,3.727280960533394971e+00
3.501804093466866163e+00,7.847894254795172442e-01,1.663525376341116058e+01,3.728127243911152799e+00
3.508102302268065742e+00,7.849660931222959270e-01,1.666517328456837532e+01,3.728966500189049960e+00
3.514400511069265320e+00,7.851412850544592370e-01,1.669509280572559007e+01,3.729798746131727238e+00
3.520698719870464899e+00,7.853150039995384635e-01,1.672501232688280481e+01,3.730623994677269017e+00
3.526996928671664477e+00,7.854872521602347391e-01,1.675493184804001956e+01,3.731442256289564163e+00
3.533295137472863612e+00,7.856580315030999850e-01,1.678485136919723431e+01,3.732253540310681572e+00
3.539593346274062302e+00,7.858273440432160806e-01,1.681477089035444550e+01,3.733057856313228395e+00
3.545891555075261881e+00,7.859951921288456100e-01,1.684469041151166024e+01,3.733855215452581255e+00
3.552189763876461459e+00,7.861615787102432806e-01,1.687460993266887499e+01,3.734645631743869654e+00
3.558487972677661038e+00,7.863265074688534639e-01,1.690452945382608974e+01,3.735429122675725022e+00
3.564786181478860616e+00,7.864899827805553745e-01,1.693444897498330448e+01,3.736205709035677724e+00
3.571084390280059750e+00,7.866520096501270487e-01,1.696436849614051923e+01,3.736975414598831868e+00
3.577382599081259329e+00,7.868125936454892777e-01,1.699428801729773397e+01,3.737738265815488070e+00
3.583680807882458907e+00,7.869717408319539809e-01,1.702420753845494872e+01,3.738494291498795530e+00
3.589979016683658486e+00,7.871294577064685827e-01,1.705412705961216346e+01,3.739243522512380125e+00
3.596277225484857176e+00,7.872857511318631651e-01,1.708404658076937466e+01,3.739985991457985381e+00
3.602575434286056755e+00,7.874406282710979532e-01,1.711396610192658940e+01,3.740721732363117003e+00
3.608873643087256333e+00,7.875940965217769207e-01,1.714388562308380415e+01,3.741450780369953044e+00
3.615171851888455468e+00,7.877461634530060763e-01,1.717380514424101889e+01,3.742173171435386969e+00
3.621470060689655046e+00,7.878968367450159827e-01,1.720372466539823364e+01,3.742888942044208189e+00
3.627768269490854625e+00,7.880461241292572305e-01,1.723364418655544839e+01,3.743598128924525703e+00
3.634066478292054203e+00,7.881940333285032407e-01,1.726356370771266313e+01,3.744300768763227705e+00
3.640364687093253782e+00,7.883405719969494019e-01,1.729348322886987788e+01,3.744996897921424317e+00
3.646662895894452472e+00,7.884857476603145399e-01,1.732340275002708907e+01,3.745686552149899207e+00
3.652961104695652050e+00,7.886295676559407219e-01,1.735332227118430382e+01,3.746369766304556759e+00
3.659259313496851185e+00,7.887720390729666686e-01,1.738324179234151856e+01,3.747046574062215640e+00
3.665557522298050763e+00,7.889131686993783310e-01,1.741316131349873331e+01,3.747717007669073563e+00
3.671855731099250342e+00,7.890529630037018682e-01,1.744308083465594805e+01,3.748381097853741739e+00
3.678153939900449920e+00,7.891914281426299915e-01,1.747300035581316280e+01,3.749038873863471011e+00
3.684452148701649499e+00,7.893285699711802827e-01,1.750291987697037754e+01,3.749690363512411917e+00
3.690750357502848633e+00,7.894643940528507375e-01,1.753283939812759229e+01,3.750335593229855657e+00
3.697048566304047323e+00,7.895989056697793051e-01,1.756275891928480348e+01,3.750974588108497709e+00
3.703346775105246902e+00,7.897321098328994315e-01,1.759267844044201823e+01,3.751607371952682790e+00
3.709644983906446480e+00,7.898640112921027079e-01,1.762259796159923297e+01,3.752233967326679576e+00
3.715943192707646059e+00,7.899946145492894312e-01,1.765251748275644772e+01,3.752854395616680883e+00
3.722241401508845637e+00,7.901239239204431719e-01,1.768243700391366247e+01,3.753468677325684233e+00
3.728539610310044772e+00,7.902519436915522721e-01,1.771235652507087721e+01,3.754076832814195797e+00
3.734837819111244350e+00,7.903786783022023199e-01,1.774227604622809196e+01,3.754678883172382520e+00
3.741136027912443929e+00,7.905041325298201027e-01,1.777219556738530670e+01,3.755274851095319111e+00
3.747434236713643507e+00,7.906283116739173389e-01,1.780211508854252145e+01,3.755864761758235471e+00
3.753732445514842198e+00,7.907512217403325216e-01,1.783203460969973264e+01,3.756448643691753464e+00
3.760030654316041776e+00,7.908728696254756496e-01,1.786195413085694739e+01,3.757026529657137015e+00
3.766328863117241355e+00,7.909932632973607491e-01,1.789187365201416213e+01,3.757598457506285961e+00
3.772627071918440489e+00,7.911124118531204230e-01,1.792179317317137688e+01,3.758164470454955719e+00
3.778925280719640067e+00,7.912303251806065418e-01,1.795171269432859162e+01,3.758724615475197872e+00
3.785223489520839646e+00,7.913470134240385701e-01,1.798163221548580637e+01,3.759278940756935139e+00
3.791521698322039224e+00,7.914624864389451231e-01,1.801155173664302112e+01,3.759827493118667707e+00
3.797819907123238803e+00,7.915767532471099655e-01,1.804147125780023586e+01,3.760370315418208431e+00
3.804118115924437493e+00,7.916898214915134568e-01,1.807139077895744705e+01,3.760907443963390051e+00
3.810416324725636628e+00,7.918016968912768849e-01,1.810131030011466180e+01,3.761438905922789733e+00
3.816714533526836206e+00,7.919123827023003548e-01,1.813122982127187655e+01,3.761964716763499084e+00
3.823012742328035785e+00,7.920218794213187419e-01,1.816114934242909129e+01,3.762484878845246961e+00
3.829310951129235363e+00,7.921301853171556218e-01,1.819106886358630604e+01,3.762999383944113596e+00
3.835609159930434942e+00,7.922372973948235142e-01,1.822098838474352078e+01,3.763508217832467029e+00
3.841907368731634076e+00,7.923432123852863773e-01,1.825090790590073553e+01,3.764011364980814456e+00
3.848205577532833654e+00,7.924479277352179940e-01,1.828082742705795027e+01,3.764508813259628273e+00
3.854503786334032345e+00,7.925514425967644661e-01,1.831074694821516147e+01,3.765000558641193429e+00
3.860801995135231923e+00,7.926537588173019344e-01,1.834066646937237621e+01,3.765486609901436577e+00
3.867100203936431502e+00,7.927548819057641527e-01,1.837058599052959096e+01,3.765966993210442482e+00
3.873398412737631080e+00,7.928548214850920095e-01,1.840050551168680570e+01,3.766441754281808052e+00
3.879696621538830659e+00,7.929535905745913604e-01,1.843042503284402045e+01,3.766910954963499147e+00
3.885994830340029793e+00,7.930512044592751275e-01,1.846034455400123520e+01,3.767374667866678628e+00
3.892293039141229372e+00,7.931476795459315721e-01,1.849026407515844994e+01,3.767832970931481729e+00
3.898591247942428950e+00,7.932430322191921235e-01,1.852018359631566469e+01,3.768285941992789656e+00
3.904889456743628529e+00,7.933372776976019836e-01,1.855010311747287943e+01,3.768733653346010737e+00
3.911187665544827219e+00,7.934304288901818936e-01,1.858002263863009063e+01,3.769176166315203247e+00
3.917485874346026797e+00,7.935224953734669739e-01,1.860994215978730537e+01,3.769613526393515546e+00
3.923784083147226376e+00,7.936134832304010400e-01,1.863986168094452012e+01,3.770045762477856055e+00
3.930082291948425510e+00,7.937033957566969056e-01,1.866978120210173486e+01,3.770472890224445539e+00
3.936380500749625089e+00,7.937922342904089046e-01,1.869970072325894961e+01,3.770894915989686069e+00
3.942678709550824667e+00,7.938799990420333241e-01,1.872962024441616435e+01,3.771311840773536428e+00
3.948976918352024246e+00,7.939666899246142773e-01,1.875953976557337910e+01,3.771723664162914602e+00
3.955275127153223824e+00,7.940523073838435808e-01,1.878945928673059385e+01,3.772130388275070079e+00
3.961573335954422515e+00,7.941368532055013141e-01,1.881937880788780504e+01,3.772532021593317353e+00
3.967871544755621649e+00,7.942203309560557090e-01,1.884929832904501978e+01,3.772928581060097208e+00
3.974169753556821227e+00,7.943027457418188053e-01,1.887921785020223453e+01,3.773320090932846149e+00
3.980467962358020806e+00,7.943841037735236421e-01,1.890913737135944928e+01,3.773706580715534997e+00
3.986766171159220384e+00,7.944644119265927840e-01,1.893905689251666402e+01,3.774088083069726540e+00
3.993064379960419963e+00,7.945436773014065146e-01,1.896897641367387877e+01,3.774464631725642949e+00
3.999362588761619097e+00,7.946219067835715855e-01,1.899889593483109351e+01,3.774836259393228755e+00
4.005660797562819120e+00,7.946991066136166459e-01,1.902881545598830826e+01,3.775202995717995780e+00
4.011959006364017810e+00,7.947752821631056674e-01,1.905873497714551945e+01,3.775564866217456572e+00
4.018257215165217389e+00,7.948504381803335184e-01,1.908865449830273420e+01,3.775921893448296096e+00
4.024555423966416079e+00,7.949245792016292889e-01,1.911857401945994894e+01,3.776274098960259007e+00
4.030853632767615657e+00,7.949977099679662595e-01,1.914849354061716369e+01,3.776621505275248758e+00
4.037151841568815236e+00,7.950698358415754230e-01,1.917841306177437843e+01,3.776964137866442250e+00
4.043450050370014814e+00,7.951409632225586721e-01,1.920833258293159318e+01,3.777302027137401375e+00
4.049748259171214393e+00,7.952110999471986297e-01,1.923825210408880793e+01,3.777635210314238101e+00
4.056046467972413971e+00,7.952802553944634534e-01,1.926817162524602267e+01,3.777963731951561321e+00
4.062344676773613550e+00,7.953484400561799950e-01,1.929809114640323742e+01,3.778287641890596404e+00
4.068642885574812240e+00,7.954156649557688752e-01,1.932801066756044861e+01,3.778606992497892669e+00
4.074941094376011819e+00,7.954819410636992938e-01,1.935793018871766336e+01,3.778921835888455316e+00
4.081239303177211397e+00,7.955472787129429513e-01,1.938784970987487810e+01,3.779232221148870252e+00
4.087537511978410976e+00,7.956116870146595632e-01,1.941776923103209285e+01,3.779538191561528482e+00
4.093835720779610554e+00,7.956751733296165696e-01,1.944768875218930759e+01,3.779839782093615597e+00
4.100133929580809244e+00,7.957377431365479925e-01,1.947760827334652234e+01,3.780137018771753787e+00
4.106432138382008823e+00,7.957994002985963045e-01,1.950752779450373708e+01,3.780429919947727146e+00
4.112730347183208401e+00,7.958601473860457132e-01,1.953744731566095183e+01,3.780718497831622837e+00
4.119028555984407092e+00,7.959199859992936998e-01,1.956736683681816302e+01,3.781002760026097587e+00
4.125326764785606670e+00,7.959789170918259993e-01,1.959728635797537777e+01,3.781282711060668600e+00
4.131624973586806249e+00,7.960369412943311129e-01,1.962720587913259251e+01,3.781558353931408600e+00
4.137923182388005827e+00,7.960940592654436321e-01,1.965712540028980726e+01,3.781829691767148560e+00
4.144221391189205406e+00,7.961502721055415677e-01,1.968704492144702201e+01,3.782096729795214163e+00
4.150519599990404984e+00,7.962055817937039315e-01,1.971696444260423675e+01,3.782359477417182259e+00
4.156817808791604563e+00,7.962599916254633481e-01,1.974688396376145150e+01,3.782617950288417408e+00
4.163116017592804141e+00,7.963135066505570014e-01,1.977680348491866624e+01,3.782872172397601318e+00
4.169414226394002831e+00,7.963661341074661504e-01,1.980672300607587744e+01,3.783122178131000268e+00
4.175712435195202410e+00,7.964178836773408987e-01,1.983664252723309218e+01,3.783368013478733971e+00
4.182010643996401100e+00,7.964687670291631383e-01,1.986656204839030693e+01,3.783609733874079506e+00
4.188308852797600679e+00,7.965187969407016011e-01,1.989648156954752167e+01,3.783847400017584572e+00
4.194607061598800257e+00,7.965679863889970624e-01,1.992640109070473642e+01,3.784081073556433417e+00
4.200905270399999836e+00,7.966163476408418820e-01,1.995632061186195116e+01,3.784310812763791443e+00
4.207203479201199414e+00,7.966638913459094251e-01,1.998624013301916591e+01,3.784536668230728207e+00
4.213501688002398993e+00,7.967106258195526536e-01,2.001615965417638066e+01,3.784758679459170327e+00
4.219799896803598571e+00,7.967565571640143895e-01,2.004607917533359540e+01,3.784976875437706667e+00
4.226098105604797261e+00,7.968016899487815330e-01,2.007599869649080659e+01,3.785191277873597215e+00
4.232396314405996840e+00,7.968460279375852995e-01,2.010591821764802134e+01,3.785401904646375826e+00
4.238694523207196418e+00,7.968895748154197767e-01,2.013583773880523609e+01,3.785608773261536886e+00
4.244992732008395997e+00,7.969323349115183808e-01,2.016575725996245083e+01,3.785811904285021345e+00
4.251290940809595575e+00,7.969743137521223542e-01,2.019567678111966558e+01,3.786011323969133091e+00
4.257589149610794266e+00,7.970155180399628447e-01,2.022559630227688032e+01,3.786207064155069357e+00
4.263887358411993844e+00,7.970559553362756011e-01,2.025551582343409507e+01,3.786399160762336180e+00
4.270185567213193423e+00,7.970956337253947144e-01,2.028543534459130981e+01,3.786587652195409603e+00
4.276483776014392113e+00,7.971345614793490242e-01,2.031535486574852101e+01,3.786772577750404878e+00
4.282781984815591692e+00,7.971727467235636411e-01,2.034527438690573575e+01,3.786953976027000124e+00
4.289080193616791270e+00,7.972101971199392345e-01,2.037519390806295050e+01,3.787131883422907741e+00
4.295378402417990849e+00,7.972469195814794185e-01,2.040511342922016524e+01,3.787306332778221041e+00
4.301676611219190427e+00,7.972829199957182089e-01,2.043503295037737999e+01,3.787477352061557667e+00
4.307974820020390005e+00,7.973182029483295574e-01,2.046495247153459474e+01,3.787644963057074765e+00
4.314273028821589584e+00,7.973527714484183182e-01,2.049487199269180948e+01,3.787809180059467984e+00
4.320571237622789162e+00,7.973866267989840884e-01,2.052479151384902423e+01,3.787970009258611714e+00
4.326869446423987853e+00,7.974197691666318200e-01,2.055471103500623542e+01,3.788127451445959970e+00
4.333167655225187431e+00,7.974521986546914132e-01,2.058463055616345017e+01,3.788281507112379209e+00
4.339465864026386122e+00,7.974839164228962884e-01,2.061455007732066491e+01,3.788432181767161566e+00
4.345764072827585700e+00,7.975149258070172165e-01,2.064446959847787966e+01,3.788579491256821363e+00
4.352062281628785279e+00,7.975452333730106425e-01,2.067438911963509440e+01,3.788723466772811133e+00
4.358360490429984857e+00,7.975748493214780410e-01,2.070430864079230915e+01,3.788864156772894010e+00
4.364658699231184436e+00,7.976037870463947854e-01,2.073422816194952389e+01,3.789001624884894781e+00
4.370956908032384014e+00,7.976320625308009893e-01,2.076414768310673864e+01,3.789135947035942031e+00
4.377255116833583592e+00,7.976596937409009547e-01,2.079406720426395339e+01,3.789267208574147894e+00
4.383553325634782283e+00,7.976866999854073104e-01,2.082398672542116458e+01,3.789395501225183871e+00
4.389851534435981861e+00,7.977131007661675266e-01,2.085390624657837932e+01,3.789520917632206221e+00
4.396149743237181440e+00,7.977389137480423997e-01,2.088382576773559407e+01,3.789643541711799735e+00
4.402447952038381018e+00,7.977641524955346730e-01,2.091374528889280882e+01,3.789763437901877197e+00
4.408746160839580597e+00,7.977888242049711032e-01,2.094366481005002356e+01,3.789880640388452182e+00
4.415044369640779287e+00,7.978129275906635787e-01,2.097358433120723831e+01,3.789995143063887184e+00
4.421342578441978866e+00,7.978364529790012982e-01,2.100350385236445305e+01,3.790106899973878729e+00
4.427640787243178444e+00,7.978593861694199818e-01,2.103342337352166780e+01,3.790215843658915507e+00
4.433938996044377134e+00,7.978817132772585419e-01,2.106334289467887899e+01,3.790321908160179110e+00
4.440237204845576713e+00,7.979034255943776577e-01,2.109326241583609374e+01,3.790425052109819948e+00
4.446535413646776291e+00,7.979245241087156160e-01,2.112318193699330848e+01,3.790525280201019420e+00
4.452833622447975870e+00,7.979450207758630453e-01,2.115310145815052323e+01,3.790622649228584162e+00
4.459131831249175448e+00,7.979649356930019755e-01,2.118302097930773797e+01,3.790717254663794389e+00
4.465430040050375027e+00,7.979842935109764390e-01,2.121294050046495272e+01,3.790809213610016215e+00
4.471728248851574605e+00,7.980031198424809569e-01,2.124286002162216747e+01,3.790898647739868288e+00
4.478026457652774184e+00,7.980214379154184634e-01,2.127277954277938221e+01,3.790985667397061665e+00
4.484324666453972874e+00,7.980392663897624139e-01,2.130269906393659340e+01,3.791070361225445495e+00
4.490622875255172453e+00,7.980566180011097188e-01,2.133261858509380815e+01,3.791152789725230843e+00
4.496921084056371143e+00,7.980734982793652454e-01,2.136253810625102290e+01,3.791232979166125450e+00
4.503219292857570721e+00,7.980899043799711823e-01,2.139245762740823764e+01,3.791310916035111944e+00
4.509517501658770300e+00,7.981058258528926919e-01,2.142237714856545239e+01,3.791386550689497703e+00
4.515815710459969878e+00,7.981212491680101939e-01,2.145229666972266713e+01,3.791459818854707731e+00
4.522113919261169457e+00,7.981361633627067631e-01,2.148221619087988188e+01,3.791530668453038100e+00
4.528412128062369035e+00,7.981505656974059448e-01,2.151213571203709662e+01,3.791599086470183622e+00
4.534710336863568614e+00,7.981644660238912392e-01,2.154205523319431137e+01,3.791665119706853826e+00
4.541008545664767304e+00,7.981778856176995340e-01,2.157197475435152256e+01,3.791728869232082744e+00
4.547306754465966883e+00,7.981908524085937762e-01,2.160189427550873731e+01,3.791790467725677516e+00
4.553604963267166461e+00,7.982033959210304008e-01,2.163181379666595205e+01,3.791850055443008127e+00
4.559903172068366040e+00,7.982155423684652584e-01,2.166173331782316680e+01,3.791907756910597005e+00
4.566201380869564730e+00,7.982273109549171686e-01,2.169165283898038155e+01,3.791963663356771264e+00
4.572499589670764308e+00,7.982387114848681353e-01,2.172157236013759629e+01,3.792017821357536178e+00
4.578797798471963887e+00,7.982497421767442702e-01,2.175149188129481104e+01,3.792070222449558603e+00
4.585096007273163465e+00,7.982603879243956868e-01,2.178141140245202578e+01,3.792120794871360445e+00
4.591394216074362156e+00,7.982706236236551955e-01,2.181133092360923698e+01,3.792169419366072880e+00
4.597692424875561734e+00,7.982804247861197133e-01,2.184125044476645172e+01,3.792215979602003184e+00
4.603990633676761313e+00,7.982897797267328732e-01,2.187116996592366647e+01,3.792260420069513138e+00
4.610288842477960891e+00,7.982987010108990589e-01,2.190108948708088121e+01,3.792302800460316980e+00
4.616587051279160470e+00,7.983072274438767213e-01,2.193100900823809596e+01,3.792343305118057728e+00
4.622885260080360048e+00,7.983154114913946220e-01,2.196092852939531070e+01,3.792382183280181618e+00
4.629183468881559627e+00,7.983233033050893823e-01,2.199084805055252545e+01,3.792419673191085305e+00
4.635481677682759205e+00,7.983309355086022352e-01,2.202076757170974020e+01,3.792455929828755679e+00
4.641779886483957895e+00,7.983383163622300716e-01,2.205068709286695139e+01,3.792490992433577013e+00
4.648078095285157474e+00,7.983454341726997638e-01,2.208060661402416613e+01,3.792524805456876535e+00
4.654376304086356164e+00,7.983522639490416850e-01,2.211052613518138088e+01,3.792557250179528605e+00
4.660674512887555743e+00,7.983587742870793535e-01,2.214044565633859563e+01,3.792588177416590156e+00
4.666972721688755321e+00,7.983649356485880144e-01,2.217036517749581037e+01,3.792617446847286189e+00
4.673270930489954900e+00,7.983707299884951203e-01,2.220028469865302512e+01,3.792644972748842935e+00
4.679569139291154478e+00,7.983761604917549715e-01,2.223020421981023986e+01,3.792670770251324264e+00
4.685867348092354057e+00,7.983812575095476927e-01,2.226012374096745461e+01,3.792694983537434616e+00
4.692165556893553635e+00,7.983860700923340881e-01,2.229004326212466935e+01,3.792717845620455996e+00
4.698463765694752325e+00,7.983906491771924907e-01,2.231996278328188055e+01,3.792739598476010165e+00
4.704761974495951904e+00,7.983950307180711636e-01,2.234988230443909529e+01,3.792760412902644429e+00
4.711060183297151482e+00,7.983992271172168920e-01,2.237980182559631004e+01,3.792780347816996578e+00
4.717358392098351061e+00,7.984032340176925313e-01,2.240972134675352478e+01,3.792799382521519824e+00
4.723656600899549751e+00,7.984070414538565474e-01,2.243964086791073953e+01,3.792817469674623077e+00
4.729954809700749330e+00,7.984106438830672614e-01,2.246956038906795428e+01,3.792834582946092770e+00
4.736253018501948908e+00,7.984140436345511516e-01,2.249947991022516902e+01,3.792850733400874752e+00
4.742551227303148487e+00,7.984172491063883381e-01,2.252939943138238377e+01,3.792865960933889280e+00
4.748849436104347177e+00,7.984202723447648697e-01,2.255931895253959496e+01,3.792880322770313839e+00
4.755147644905546755e+00,7.984231256132897636e-01,2.258923847369680971e+01,3.792893877168189931e+00
4.761445853706746334e+00,7.984258160716363184e-01,2.261915799485402445e+01,3.792906658139409082e+00
4.767744062507945912e+00,7.984283399599025888e-01,2.264907751601123920e+01,3.792918647822629552e+00
4.774042271309145491e+00,7.984306797030342739e-01,2.267899703716845394e+01,3.792929762727888843e+00
4.780340480110345069e+00,7.984328127053583746e-01,2.270891655832566869e+01,3.792939895514873427e+00
4.786638688911544648e+00,7.984347272382497085e-01,2.273883607948288343e+01,3.792948990466971093e+00
4.792936897712744226e+00,7.984364369005140238e-01,2.276875560064009818e+01,3.792957112185050494e+00
4.799235106513942917e+00,7.984379796052910594e-01,2.279867512179730937e+01,3.792964440774761137e+00
4.805533315315141607e+00,7.984393996219706358e-01,2.282859464295452412e+01,3.792971186536997497e+00
4.811831524116341186e+00,7.984407276424461131e-01,2.285851416411173886e+01,3.792977495273015531e+00
4.818129732917540764e+00,7.984419711941306286e-01,2.288843368526895361e+01,3.792983402741648025e+00
4.824427941718740342e+00,7.984431233109271497e-01,2.291835320642616836e+01,3.792988875850583863e+00
4.830726150519939921e+00,7.984441759769733693e-01,2.294827272758338310e+01,3.792993876520621477e+00
4.837024359321139499e+00,7.984451295431570506e-01,2.297819224874059785e+01,3.792998406418646162e+00
4.843322568122339078e+00,7.984459915073719438e-01,2.300811176989781259e+01,3.793002501163259321e+00
4.849620776923538656e+00,7.984467710673095464e-01,2.303803129105502734e+01,3.793006204447920915e+00
4.855918985724737347e+00,7.984474747506163927e-01,2.306795081221223853e+01,3.793009547282090388e+00
4.862217194525936925e+00,7.984481063479959007e-01,2.309787033336945328e+01,3.793012547673432433e+00
4.868515403327136504e+00,7.984486691271812653e-01,2.312778985452666802e+01,3.793015221145251914e+00
4.874813612128336082e+00,7.984491677356680972e-01,2.315770937568388277e+01,3.793017589775388387e+00
4.881111820929534773e+00,7.984496081843289739e-01,2.318762889684109751e+01,3.793019682118377034e+00
4.887410029730734351e+00,7.984499965941570521e-01,2.321754841799831226e+01,3.793021527251880354e+00
4.893708238531933929e+00,7.984503380539138551e-01,2.324746793915552701e+01,3.793023149349962431e+00
4.900006447333133508e+00,7.984506364996621919e-01,2.327738746031274175e+01,3.793024567110815592e+00
4.906304656134332198e+00,7.984508953363990136e-01,2.330730698146995294e+01,3.793025796709812436e+00
4.912602864935531777e+00,7.984511180365601035e-01,2.333722650262716769e+01,3.793026854642692847e+00
4.918901073736731355e+00,7.984513082578870158e-01,2.336714602378438244e+01,3.793027758285489881e+00
4.925199282537930934e+00,7.984514695927017458e-01,2.339706554494159718e+01,3.793028524703459414e+00
4.931497491339130512e+00,7.984516053197423524e-01,2.342698506609881193e+01,3.793029169472185380e+00
4.937795700140330091e+00,7.984517183617602099e-01,2.345690458725602667e+01,3.793029706476141794e+00
4.944093908941529669e+00,7.984518114008609668e-01,2.348682410841324142e+01,3.793030148456621120e+00
4.950392117742729248e+00,7.984518869897274662e-01,2.351674362957045616e+01,3.793030507540093854e+00
4.956690326543927938e+00,7.984519475643638842e-01,2.354666315072766736e+01,3.793030795298752533e+00
4.962988535345126628e+00,7.984519953847533102e-01,2.357658267188488210e+01,3.793031022468603020e+00
4.969286744146326207e+00,7.984520324815206349e-01,2.360650219304209685e+01,3.793031198696091177e+00
4.975584952947525785e+00,7.984520606603154880e-01,2.363642171419931159e+01,3.793031332558920443e+00
4.981883161748725364e+00,7.984520815450018016e-01,2.366634123535652634e+01,3.793031431771225481e+00
4.988181370549924942e+00,7.984520966108664686e-01,2.369626075651374109e+01,3.793031503341329103e+00
4.994479579351124521e+00,7.984521071649699486e-01,2.372618027767095583e+01,3.793031553478396933e+00
5.000777788152324099e+00,7.984521142950919970e-01,2.375609979882817058e+01,3.793031587349906086e+00
5.007075996953523678e+00,7.984521188435743655e-01,2.378601931998538532e+01,3.793031608957385448e+00
5.013374205754722368e+00,7.984521214752384743e-01,2.381593884114259652e+01,3.793031621459055369e+00
5.019672414555921947e+00,7.984521227943667254e-01,2.384585836229981126e+01,3.793031627725549360e+00
5.025970623357121525e+00,7.984521234331865003e-01,2.387577788345702601e+01,3.793031630760250295e+00
5.032268832158321104e+00,7.984521240467836734e-01,2.390569740461424075e+01,3.793031633675131964e+00
