x_m,r_m,x_over_rt,r_over_rt
# M4.19 vitiated-air nozzle [euler] inviscid design wall (AxisMachCFDWall)
# R=2, L_U=6, L_c=9 (r_t units), M_d=4.19; r_t=0.205711 m
# throat x=0.000000 m r=0.205711 m; exit x=5.190955 m r=0.798461 m
-1.337121500000000074e+00,8.000100789999999851e-01,-6.500000000000000000e+00,3.888999999999999790e+00
-1.333574758620689638e+00,8.000100789999999851e-01,-6.482758620689654805e+00,3.888999999999999790e+00
-1.330028017241379423e+00,8.000100789999999851e-01,-6.465517241379310498e+00,3.888999999999999790e+00
-1.326481275862068987e+00,8.000100789999999851e-01,-6.448275862068965303e+00,3.888999999999999790e+00
-1.322934534482758773e+00,8.000100789999999851e-01,-6.431034482758620996e+00,3.888999999999999790e+00
-1.319387793103448336e+00,8.000100789999999851e-01,-6.413793103448275801e+00,3.888999999999999790e+00
-1.315841051724137900e+00,8.000100789999999851e-01,-6.396551724137930606e+00,3.888999999999999790e+00
-1.312294310344827686e+00,8.000100789999999851e-01,-6.379310344827586299e+00,3.888999999999999790e+00
-1.308747568965517249e+00,8.000100789999999851e-01,-6.362068965517241104e+00,3.888999999999999790e+00
-1.305200827586207035e+00,8.000100789999999851e-01,-6.344827586206896797e+00,3.888999999999999790e+00
-1.301654086206896599e+00,8.000100789999999851e-01,-6.327586206896551602e+00,3.888999999999999790e+00
-1.298107344827586385e+00,8.000100789999999851e-01,-6.310344827586207295e+00,3.888999999999999790e+00
-1.294560603448275948e+00,8.000100789999999851e-01,-6.293103448275862100e+00,3.888999999999999790e+00
-1.291013862068965512e+00,8.000100789999999851e-01,-6.275862068965516904e+00,3.888999999999999790e+00
-1.287467120689655298e+00,8.000100789999999851e-01,-6.258620689655172598e+00,3.888999999999999790e+00
-1.283920379310344861e+00,8.000100789999999851e-01,-6.241379310344827402e+00,3.888999999999999790e+00
-1.280373637931034647e+00,8.000100789999999851e-01,-6.224137931034483096e+00,3.888999999999999790e+00
-1.276826896551724211e+00,8.000100789999999851e-01,-6.206896551724137900e+00,3.888999999999999790e+00
-1.273280155172413775e+00,8.000100789999999851e-01,-6.189655172413792705e+00,3.888999999999999790e+00
-1.269733413793103560e+00,8.000100789999999851e-01,-6.172413793103448398e+00,3.888999999999999790e+00
-1.266186672413793124e+00,8.000100789999999851e-01,-6.155172413793103203e+00,3.888999999999999790e+00
-1.262639931034482910e+00,8.000100789999999851e-01,-6.137931034482758896e+00,3.888999999999999790e+00
-1.259093189655172473e+00,8.000100789999999851e-01,-6.120689655172413701e+00,3.888999999999999790e+00
-1.255546448275862259e+00,8.000100789999999851e-01,-6.103448275862069394e+00,3.888999999999999790e+00
-1.251999706896551823e+00,8.000100789999999851e-01,-6.086206896551724199e+00,3.888999999999999790e+00
-1.248452965517241386e+00,8.000100789999999851e-01,-6.068965517241379004e+00,3.888999999999999790e+00
-1.244906224137931172e+00,8.000100789999999851e-01,-6.051724137931034697e+00,3.888999999999999790e+00
-1.241359482758620736e+00,8.000100789999999851e-01,-6.034482758620689502e+00,3.888999999999999790e+00
-1.237812741379310522e+00,8.000100789999999851e-01,-6.017241379310345195e+00,3.888999999999999790e+00
-1.234266000000000085e+00,8.000100789999999851e-01,-6.000000000000000000e+00,3.888999999999999790e+00
-1.228063658291457250e+00,8.000095631197103874e-01,-5.969849246231155426e+00,3.888997492208536855e+00
-1.221861316582914636e+00,8.000059784120308048e-01,-5.939698492462311741e+00,3.888980066267874847e+00
-1.215658974874371800e+00,7.999963285023790061e-01,-5.909547738693467167e+00,3.888933156235587774e+00
-1.209456633165829187e+00,7.999776954563136977e-01,-5.879396984924623482e+00,3.888842577481582019e+00
-1.203254291457286573e+00,7.999472391203200639e-01,-5.849246231155778908e+00,3.888694523483528176e+00
-1.197051949748743738e+00,7.999021964625943060e-01,-5.819095477386934334e+00,3.888475562622291992e+00
-1.190849608040201124e+00,7.998398809138296262e-01,-5.788944723618090649e+00,3.888172634977369313e+00
-1.184647266331658289e+00,7.997576817080013223e-01,-5.758793969849246075e+00,3.887773049122318803e+00
-1.178444924623115675e+00,7.996530632231522162e-01,-5.728643216080402389e+00,3.887264478920194666e+00
-1.172242582914572839e+00,7.995235643221774158e-01,-5.698492462311557816e+00,3.886634960318978482e+00
-1.166040241206030004e+00,7.993667976936104091e-01,-5.668341708542713242e+00,3.885872888147014148e+00
-1.159837899497487612e+00,7.991804491924081599e-01,-5.638190954773869557e+00,3.884967012908440154e+00
-1.153635557788944777e+00,7.989622771807359802e-01,-5.608040201005024983e+00,3.883906437578622306e+00
-1.147433216080402163e+00,7.987101118687532919e-01,-5.577889447236181297e+00,3.882680614399586005e+00
-1.141230874371859327e+00,7.984218546553986107e-01,-5.547738693467336724e+00,3.881279341675450301e+00
-1.135028532663316492e+00,7.980954774691754183e-01,-5.517587939698492150e+00,3.879692760567861498e+00
-1.128826190954773878e+00,7.977290221089364808e-01,-5.487437185929648464e+00,3.877911351891422775e+00
-1.122623849246231265e+00,7.973205995846706085e-01,-5.457286432160803891e+00,3.875925932909132676e+00
-1.116421507537688651e+00,7.968683894582864191e-01,-5.427135678391960205e+00,3.873727654127812503e+00
-1.110219165829145815e+00,7.963706391843986543e-01,-5.396984924623115631e+00,3.871307996093542148e+00
-1.104016824120602980e+00,7.958256634511133853e-01,-5.366834170854271058e+00,3.868658766187094145e+00
-1.097814482412060366e+00,7.952318435208126646e-01,-5.336683417085427372e+00,3.865772095419363286e+00
-1.091612140703517531e+00,7.945876265709406194e-01,-5.306532663316582799e+00,3.862640435226801561e+00
-1.085409798994974917e+00,7.938915250347885477e-01,-5.276381909547739113e+00,3.859256554266852657e+00
-1.079207457286432303e+00,7.931421159422799017e-01,-5.246231155778894539e+00,3.855613535213381571e+00
-1.073005115577889468e+00,7.923380402607561601e-01,-5.216080402010049966e+00,3.851704771552109996e+00
-1.066802773869346854e+00,7.914780022357613687e-01,-5.185929648241206280e+00,3.847523964376048600e+00
-1.060600432160804019e+00,7.905607687318283450e-01,-5.155778894472361706e+00,3.843065119180930189e+00
-1.054398090452261183e+00,7.895851685732631076e-01,-5.125628140703517133e+00,3.838322542660640657e+00
-1.048195748743718569e+00,7.885500918849311924e-01,-5.095477386934673447e+00,3.833290839502657477e+00
-1.041993407035175956e+00,7.874544894330416378e-01,-5.065326633165828873e+00,3.827964909183473985e+00
-1.035791065326633342e+00,7.862973719659339666e-01,-5.035175879396985188e+00,3.822339942764042764e+00
-1.029588723618090507e+00,7.850778095548618385e-01,-5.005025125628140614e+00,3.816411419685198148e+00
-1.023386381909547893e+00,7.837949309347795879e-01,-4.974874371859296929e+00,3.810175104563098714e+00
-1.017184040201005057e+00,7.824479228451266533e-01,-4.944723618090452355e+00,3.803627043984651568e+00
-1.010981698492462222e+00,7.810360293706137824e-01,-4.914572864321607781e+00,3.796763563302953060e+00
-1.004779356783919608e+00,7.795585512820072394e-01,-4.884422110552764096e+00,3.789581263432714842e+00
-9.985770150753768837e-01,7.780148453769152317e-01,-4.854271356783919522e+00,3.782077017645703254e+00
-9.923746733668341591e-01,7.764043238205726727e-01,-4.824120603015074948e+00,3.774247968366167605e+00
-9.861723316582915455e-01,7.747264534866263874e-01,-4.793969849246231263e+00,3.766091523966275112e+00
-9.799699899497487099e-01,7.729807552979206520e-01,-4.763819095477386689e+00,3.757605355561543181e+00
-9.737676482412060963e-01,7.711668035672822885e-01,-4.733668341708543004e+00,3.748787393806273460e+00
-9.675653065326633717e-01,7.692842253383066486e-01,-4.703517587939698430e+00,3.739635825688984117e+00
-9.613629648241207581e-01,7.673326997261415983e-01,-4.673366834170854744e+00,3.730149091327841226e+00
-9.551606231155779225e-01,7.653119572582740560e-01,-4.643216080402010171e+00,3.720325880766094606e+00
-9.489582814070351979e-01,7.632217792153150882e-01,-4.613065326633165597e+00,3.710165130767509201e+00
-9.427559396984925844e-01,7.610619969717847821e-01,-4.582914572864321912e+00,3.699666021611799138e+00
-9.365535979899497487e-01,7.588324913368977853e-01,-4.552763819095477338e+00,3.688827973890058232e+00
-9.303512562814070241e-01,7.565331918953487333e-01,-4.522613065326632764e+00,3.677650645300196253e+00
-9.241489145728644106e-01,7.541640763480970122e-01,-4.492462311557789079e+00,3.666133927442368101e+00
-9.179465728643215749e-01,7.517251698531530746e-01,-4.462311557788944505e+00,3.654277942614410968e+00
-9.117442311557789614e-01,7.492165443663630908e-01,-4.432160804020100819e+00,3.642083040607274835e+00
-9.055418894472362368e-01,7.466383179821940441e-01,-4.402010050251256246e+00,3.629549795500454756e+00
-8.993395477386936232e-01,7.439906542745197138e-01,-4.371859296482412560e+00,3.616679002457426684e+00
-8.931372060301507876e-01,7.412737616374053262e-01,-4.341708542713567986e+00,3.603471674521077084e+00
-8.869348643216080630e-01,7.384878926258929832e-01,-4.311557788944723413e+00,3.589929039409136990e+00
-8.807325226130654494e-01,7.356333432967882002e-01,-4.281407035175879727e+00,3.576052536309619612e+00
-8.745301809045226138e-01,7.327104525494428922e-01,-4.251256281407035154e+00,3.561843812676244170e+00
-8.683278391959798892e-01,7.297196014665424668e-01,-4.221105527638190580e+00,3.547304721023875285e+00
-8.621254974874372756e-01,7.266612126548909201e-01,-4.190954773869346894e+00,3.532437315723957028e+00
-8.559231557788944400e-01,7.235357495861954868e-01,-4.160804020100502321e+00,3.517243849799939870e+00
-8.497208140703518264e-01,7.203437159378526244e-01,-4.130653266331658635e+00,3.501726771722720954e+00
-8.435184723618091018e-01,7.170856549337327746e-01,-4.100502512562814061e+00,3.485888722206069268e+00
-8.373161306532664883e-01,7.137621486849661245e-01,-4.070351758793970376e+00,3.469732531002066356e+00
-8.311137889447236526e-01,7.103738175307272584e-01,-4.040201005025125802e+00,3.453261213696531939e+00
-8.249114472361809280e-01,7.069213193790216954e-01,-4.010050251256281229e+00,3.436477968504463298e+00
-8.187091055276382034e-01,7.034053490474700965e-01,-3.979899497487437099e+00,3.419386173065465773e+00
-8.125067638190954789e-01,6.998266376040936931e-01,-3.949748743718592969e+00,3.401989381239183263e+00
-8.063044221105527543e-01,6.961859517080999371e-01,-3.919597989949748840e+00,3.384291319900734063e+00
-8.001020804020101407e-01,6.924840929506679288e-01,-3.889447236180904710e+00,3.366295885736144022e+00
-7.938997386934674161e-01,6.887218971957334013e-01,-3.859296482412060580e+00,3.348007142037778383e+00
-7.876973969849245805e-01,6.849002339207740375e-01,-3.829145728643216007e+00,3.329429315499774056e+00
-7.814950552763819669e-01,6.810200055575948985e-01,-3.798994974874371877e+00,3.310566793013474562e+00
-7.752927135678392423e-01,6.770821468331137405e-01,-3.768844221105527748e+00,3.291424118462861870e+00
-7.690903718592965177e-01,6.730876241101464430e-01,-3.738693467336683618e+00,3.272005989519988667e+00
-7.628880301507537931e-01,6.690374347281916600e-01,-3.708542713567839488e+00,3.252317254440412420e+00
-7.566856884422110685e-01,6.649326063442175805e-01,-3.678391959798994915e+00,3.232362908858629424e+00
-7.504833467336683439e-01,6.607741962734453578e-01,-3.648241206030150785e+00,3.212148092583504866e+00
-7.442810050251256193e-01,6.565632908301359816e-01,-3.618090452261306655e+00,3.191678086393707758e+00
-7.380786633165830057e-01,6.523010046683747065e-01,-3.587939698492462526e+00,3.170958308833143224e+00
-7.318763216080402811e-01,6.479884801228569247e-01,-3.557788944723618396e+00,3.149994313006386992e+00
-7.256739798994974455e-01,6.436268865496723723e-01,-3.527638190954773822e+00,3.128791783374114122e+00
-7.194716381909548319e-01,6.392174196670925568e-01,-3.497487437185929693e+00,3.107356532548539274e+00
-7.132692964824121074e-01,6.347613008963536307e-01,-3.467336683417085563e+00,3.085694498088841442e+00
-7.070669547738693828e-01,6.302597767024435971e-01,-3.437185929648241434e+00,3.063811739296603331e+00
-7.008646130653267692e-01,6.257141179348865156e-01,-3.407035175879397304e+00,3.041714434011241419e+00
-6.946622713567839336e-01,6.211256191685279315e-01,-3.376884422110552730e+00,3.019408875405437342e+00
-6.884599296482412090e-01,6.164955980443210803e-01,-3.346733668341708601e+00,2.996901468780575950e+00
-6.822575879396984844e-01,6.118253946101110952e-01,-3.316582914572864471e+00,2.974198728362173583e+00
-6.760552462311558708e-01,6.071163706614208788e-01,-3.286432160804020342e+00,2.951307274095312572e+00
-6.698529045226131462e-01,6.023699090822359770e-01,-3.256281407035176212e+00,2.928233828440073516e+00
-6.636505628140703106e-01,5.975874131857907834e-01,-3.226130653266331638e+00,2.904985213166971114e+00
-6.574482211055276970e-01,5.927703060553530801e-01,-3.195979899497487509e+00,2.881568346152383775e+00
-6.512458793969849724e-01,5.879200298850093542e-01,-3.165829145728643379e+00,2.857990238173988562e+00
-6.450435376884422478e-01,5.830380453204505597e-01,-3.135678391959799249e+00,2.834257989706192582e+00
-6.388411959798995232e-01,5.781258307997568791e-01,-3.105527638190954676e+00,2.810378787715566151e+00
-6.326388542713567986e-01,5.731848818941837065e-01,-3.075376884422110546e+00,2.786359902456279514e+00
-6.264365125628140740e-01,5.682167106489465214e-01,-3.045226130653266416e+00,2.762208684265530234e+00
-6.202341708542714604e-01,5.632228449240057611e-01,-3.015075376884422287e+00,2.737932560358978140e+00
-6.140318291457287359e-01,5.582048277348533594e-01,-2.984924623115578157e+00,2.713539031626181153e+00
-6.078294874371859002e-01,5.531642165932967314e-01,-2.954773869346733584e+00,2.689035669426023567e+00
-6.016271457286432867e-01,5.481025828482452011e-01,-2.924623115577889454e+00,2.664430112382153659e+00
-5.954248040201005621e-01,5.430215110264945411e-01,-2.894472361809045324e+00,2.639730063178413300e+00
-5.892224623115578375e-01,5.379225981735127338e-01,-2.864321608040201195e+00,2.614943285354272451e+00
-5.830201206030151129e-01,5.328074531942244008e-01,-2.834170854271357065e+00,2.590077600100259225e+00
-5.768177788944723883e-01,5.276776961937977850e-01,-2.804020100502512491e+00,2.565140883053398824e+00
-5.706154371859296637e-01,5.225349578184286248e-01,-2.773869346733668362e+00,2.540141061092642705e+00
-5.644130954773869391e-01,5.173808785961258039e-01,-2.743718592964824232e+00,2.515086109134299086e+00
-5.582107537688443255e-01,5.122171082774971129e-01,-2.713567839195980103e+00,2.489984046927471439e+00
-5.520084120603016009e-01,5.070453051765336783e-01,-2.683417085427135973e+00,2.464842935849486327e+00
-5.458060703517587653e-01,5.018671355113966115e-01,-2.653266331658291399e+00,2.439670875701331454e+00
-5.396037286432161517e-01,4.966842727452009387e-01,-2.623115577889447270e+00,2.414476001503083946e+00
-5.334013869346734271e-01,4.914983969268018615e-01,-2.592964824120603140e+00,2.389266480289347072e+00
-5.271990452261307025e-01,4.863111940315794079e-01,-2.562814070351759010e+00,2.364050507904678966e+00
-5.209967035175879779e-01,4.811243553022243047e-01,-2.532663316582914881e+00,2.338836305799030235e+00
-5.147943618090452533e-01,4.759395765895229613e-01,-2.502512562814070307e+00,2.313632117823174017e+00
-5.085920201005025287e-01,4.707585576931426763e-01,-2.472361809045226178e+00,2.288446207024139145e+00
-5.023896783919598041e-01,4.655830017024178424e-01,-2.442211055276382048e+00,2.263286852440646424e+00
-4.961873366834171351e-01,4.604146143371334876e-01,-2.412060301507537918e+00,2.238162345898534689e+00
-4.899849949748744660e-01,4.552551032883122573e-01,-2.381909547738693789e+00,2.213080988806200189e+00
-4.837826532663316859e-01,4.501061775589992875e-01,-2.351758793969849215e+00,2.188051088950028422e+00
-4.775803115577889613e-01,4.449695468050471336e-01,-2.321608040201005085e+00,2.163080957289824635e+00
-4.713779698492462922e-01,4.398469206759010319e-01,-2.291457286432160956e+00,2.138178904754247434e+00
-4.651756281407035676e-01,4.347400081553849938e-01,-2.261306532663316826e+00,2.113353239036245057e+00
-4.589732864321608985e-01,4.296505169024861237e-01,-2.231155778894472697e+00,2.088612261388482327e+00
-4.527709447236181184e-01,4.245801525921403252e-01,-2.201005025125628123e+00,2.063964263418778255e+00
-4.465686030150753938e-01,4.195306182560187280e-01,-2.170854271356783993e+00,2.039417523885541872e+00
-4.403662613065327247e-01,4.145036136233106183e-01,-2.140703517587939864e+00,2.014980305493194734e+00
-4.341639195979900001e-01,4.095008344615110318e-01,-2.110552763819095734e+00,1.990660851687615196e+00
-4.279615778894473310e-01,4.045239719172046278e-01,-2.080402010050251604e+00,1.966467383451563578e+00
-4.217592361809045509e-01,3.995747118568519496e-01,-2.050251256281407031e+00,1.942408096100120662e+00
-4.155568944723618263e-01,3.946547342075732434e-01,-2.020100502512562901e+00,1.918491156076112647e+00
-4.093545527638191572e-01,3.897657122979363287e-01,-1.989949748743718771e+00,1.894724697745557185e+00
-4.031522110552763771e-01,3.849093121987394728e-01,-1.959798994974874198e+00,1.871116820193083896e+00
-3.969498693467337636e-01,3.800871920637983736e-01,-1.929648241206030512e+00,1.847675584017375527e+00
-3.907475276381909834e-01,3.753010014707289788e-01,-1.899497487437185939e+00,1.824409008126590015e+00
-3.845451859296483699e-01,3.705523807617369103e-01,-1.869346733668342253e+00,1.801325066533811414e+00
-3.783428442211055898e-01,3.658429603843982303e-01,-1.839195979899497679e+00,1.778431685152462416e+00
-3.721405025125628097e-01,3.611743602324484215e-01,-1.809045226130653106e+00,1.755736738591754609e+00
-3.659381608040201961e-01,3.565481889865663168e-01,-1.778894472361809420e+00,1.733248046952113874e+00
-3.597358190954774160e-01,3.519660434551578621e-01,-1.748743718592964846e+00,1.710973372620607780e+00
-3.535334773869348024e-01,3.474295079151444310e-01,-1.718592964824121161e+00,1.688920417066391400e+00
-3.473311356783920223e-01,3.429401534527449225e-01,-1.688442211055276587e+00,1.667096817636124939e+00
-3.411287939698492422e-01,3.384995373042644640e-01,-1.658291457286432014e+00,1.645510144349424442e+00
-3.349264522613066286e-01,3.341092021968771197e-01,-1.628140703517588328e+00,1.624167896694280300e+00
-3.287241105527638485e-01,3.297706756894126512e-01,-1.597989949748743754e+00,1.603077500422498636e+00
-3.225217688442212349e-01,3.254854695131396136e-01,-1.567839195979900069e+00,1.582246304345123145e+00
-3.163194271356784548e-01,3.212550789125543926e-01,-1.537688442211055495e+00,1.561681577127885134e+00
-3.101170854271356747e-01,3.170809819861629686e-01,-1.507537688442210921e+00,1.541390504086621371e+00
-3.039147437185930611e-01,3.129646390272683987e-01,-1.477386934673367236e+00,1.521380183982715462e+00
-2.977124020100502810e-01,3.089074918647553569e-01,-1.447236180904522662e+00,1.501657625818528796e+00
-2.915100603015076675e-01,3.049109632038754514e-01,-1.417085427135678977e+00,1.482229745632831719e+00
-2.853077185929648873e-01,3.009764559670320416e-01,-1.386934673366834403e+00,1.463103363296236026e+00
-2.791053768844221072e-01,2.971053526345666662e-01,-1.356783919597989829e+00,1.444285199306632350e+00
-2.729030351758794937e-01,2.932990145855440822e-01,-1.326633165829146144e+00,1.425781871584621552e+00
-2.667006934673367136e-01,2.895587814385367498e-01,-1.296482412060301570e+00,1.407599892268943886e+00
-2.604983517587941000e-01,2.858859703924102602e-01,-1.266331658291457885e+00,1.389745664511913503e+00
-2.542960100502513199e-01,2.822818755671102631e-01,-1.236180904522613311e+00,1.372225479274857829e+00
-2.480936683417085398e-01,2.787477673444459514e-01,-1.206030150753768737e+00,1.355045512123541851e+00
-2.418913266331659262e-01,2.752848917088751568e-01,-1.175879396984925052e+00,1.338211820023601728e+00
-2.356889849246231461e-01,2.718944695882924423e-01,-1.145728643216080478e+00,1.321730338135989058e+00
-2.294866432160805325e-01,2.685776961948101449e-01,-1.115577889447236792e+00,1.305606876612384060e+00
-2.232843015075377524e-01,2.653357403655483004e-01,-1.085427135678392219e+00,1.289847117390651388e+00
-2.170819597989949723e-01,2.621697439034152977e-01,-1.055276381909547645e+00,1.274456610990249761e+00
-2.108796180904523587e-01,2.590808209178985244e-01,-1.025125628140703959e+00,1.259440773307691330e+00
-2.046772763819095786e-01,2.560700571658438007e-01,-9.949748743718593857e-01,1.244804882411945979e+00
-1.984749346733669650e-01,2.531385093922454699e-01,-9.648241206030157002e-01,1.230554075339896691e+00
-1.922725929648241849e-01,2.502872046710291065e-01,-9.346733668341711265e-01,1.216693344891761175e+00
-1.860702512562814048e-01,2.475171397458376388e-01,-9.045226130653265528e-01,1.203227536426528577e+00
-1.798679095477387913e-01,2.448292803708158882e-01,-8.743718592964828673e-01,1.190161344657387765e+00
-1.736655678391960111e-01,2.422245606513989402e-01,-8.442211055276382936e-01,1.177499310447175596e+00
-1.674632261306533976e-01,2.397038823850926315e-01,-8.140703517587946081e-01,1.165245817603786982e+00
-1.612608844221106175e-01,2.372681144022625865e-01,-7.839195979899500344e-01,1.153405089675625383e+00
-1.550585427135678374e-01,2.349180919069165929e-01,-7.537688442211054607e-01,1.141981186747021759e+00
-1.488562010050252238e-01,2.326546158174946921e-01,-7.236180904522617752e-01,1.130978002233690383e+00
-1.426538592964824437e-01,2.304784521076488069e-01,-6.934673366834172015e-01,1.120399259678134918e+00
-1.364515175879398301e-01,2.283903311470316666e-01,-6.633165829145735159e-01,1.110248509545098017e+00
-1.302491758793970500e-01,2.263909470420805981e-01,-6.331658291457289423e-01,1.100529126016987824e+00
-1.240468341708542699e-01,2.244809569768028978e-01,-6.030150753768843686e-01,1.091244303789310699e+00
-1.178444924623116563e-01,2.226609805535642306e-01,-5.728643216080406830e-01,1.082397054866119035e+00
-1.116421507537688762e-01,2.209315991338678953e-01,-5.427135678391961093e-01,1.073990205355415561e+00
-1.054398090452262765e-01,2.192933551791453883e-01,-5.125628140703524238e-01,1.066026392264610934e+00
-9.923746733668348252e-02,2.177467515915393059e-01,-4.824120603015078501e-01,1.058508060295945796e+00
-9.303512562814070241e-02,2.162922510546894661e-01,-4.522613065326632764e-01,1.051437458641927059e+00
-8.683278391959808884e-02,2.149302753745173100e-01,-4.221105527638195909e-01,1.044816637780757063e+00
-8.063044221105530873e-02,2.136612048200142444e-01,-3.919597989949750172e-01,1.038647446271780517e+00
-7.442810050251270904e-02,2.124853774640208803e-01,-3.618090452261313317e-01,1.032931527550888795e+00
-6.822575879396991505e-02,2.114030885240172075e-01,-3.316582914572867580e-01,1.027670316725975752e+00
-6.202341708542713494e-02,2.104145897029104373e-01,-3.015075376884421843e-01,1.022865037372383767e+00
-5.582107537688452831e-02,2.095200885298103832e-01,-2.713567839195984988e-01,1.018516698328287617e+00
-4.961873366834174126e-02,2.087197477008267965e-01,-2.412060301507539251e-01,1.014626090490186705e+00
-4.341639195979895421e-02,2.080136844198438029e-01,-2.110552763819093514e-01,1.011193783608284491e+00
-3.721405025125635452e-02,2.074019697393146011e-01,-1.809045226130656658e-01,1.008220123081967401e+00
-3.101170854271356747e-02,2.068846279010413680e-01,-1.507537688442210921e-01,1.005705226755211790e+00
-2.480936683417096084e-02,2.064616356769584660e-01,-1.206030150753774066e-01,1.003648981712006005e+00
-1.860702512562817726e-02,2.061329217099261701e-01,-9.045226130653283292e-02,1.002051041071824855e+00
-1.240468341708539021e-02,2.058983658545057160e-01,-6.030150753768825922e-02,1.000910820785012589e+00
-6.202341708542786179e-03,2.057577985177532487e-01,-3.015075376884457370e-02,1.000227496428257368e+00
0.000000000000000000e+00,2.057110000000000050e-01,0.000000000000000000e+00,1.000000000000000000e+00
6.496815142268942689e-03,2.057784500136133343e-01,3.158224471354931229e-02,1.000327887247708381e+00
1.299363028453788538e-02,2.059379405538059871e-01,6.316448942709862457e-02,1.001103200868237453e+00
1.949044542680682807e-02,2.061974650296589107e-01,9.474673414064793686e-02,1.002364798331926377e+00
2.598726056907577076e-02,2.065519398723197342e-01,1.263289788541972491e-01,1.004087967451034347e+00
3.248407571134471344e-02,2.070041781973551431e-01,1.579112235677465614e-01,1.006286383311320920e+00
3.898089085361365613e-02,2.075563214856181171e-01,1.894934682812958737e-01,1.008970456055427789e+00
4.547770599588259882e-02,2.082083536010654878e-01,2.210757129948451860e-01,1.012140107243003406e+00
5.197452113815154151e-02,2.089627557575305661e-01,2.526579577083944983e-01,1.015807398522833305e+00
5.847133628042048420e-02,2.098228198808413936e-01,2.842402024219438106e-01,1.019988332567735245e+00
6.496815142268942689e-02,2.107907886346297721e-01,3.158224471354931229e-01,1.024693811388937670e+00
7.146496656495837652e-02,2.118701008362665339e-01,3.474046918490424352e-01,1.029940551726774567e+00
7.796178170722731227e-02,2.130629760324018740e-01,3.789869365625917474e-01,1.035739343216463215e+00
8.445859684949626189e-02,2.143726658863989443e-01,4.105691812761410597e-01,1.042105992807379922e+00
9.095541199176519764e-02,2.158021263411527280e-01,4.421514259896903720e-01,1.049054869895886588e+00
9.745222713403414727e-02,2.173500539606773307e-01,4.737336707032396843e-01,1.056579638233625440e+00
1.039490422763030830e-01,2.190138274138532515e-01,5.053159154167889966e-01,1.064667555035235136e+00
1.104458574185720326e-01,2.207863444856940915e-01,5.368981601303383089e-01,1.073284095093087309e+00
1.169426725608409684e-01,2.226557802477796277e-01,5.684804048438876212e-01,1.082371775198115893e+00
1.234394877031099180e-01,2.246104256511534947e-01,6.000626495574369335e-01,1.091873675453201242e+00
1.299363028453788538e-01,2.266378765407562057e-01,6.316448942709862457e-01,1.101729496919251705e+00
1.364331179876477895e-01,2.287276260712027831e-01,6.632271389845355580e-01,1.111888163837630339e+00
1.429299331299167530e-01,2.308708597062409662e-01,6.948093836980848703e-01,1.122306827083826120e+00
1.494267482721856888e-01,2.330592299862802586e-01,7.263916284116341826e-01,1.132944908081144231e+00
1.559235634144546245e-01,2.352863027306535126e-01,7.579738731251834949e-01,1.143771129062877145e+00
1.624203785567235603e-01,2.375469980770103795e-01,7.895561178387328072e-01,1.154760795859289813e+00
1.689171936989925238e-01,2.398366945513013826e-01,8.211383625522821195e-01,1.165891442612701168e+00
1.754140088412614595e-01,2.421514144327271412e-01,8.527206072658314318e-01,1.177143732871490212e+00
1.819108239835303953e-01,2.444878090637462031e-01,8.843028519793807440e-01,1.188501388179271867e+00
1.884076391257993310e-01,2.468429836798128607e-01,9.158850966929300563e-01,1.199950336539187701e+00
1.949044542680682945e-01,2.492144018420699991e-01,9.474673414064793686e-01,1.211478247843187805e+00
2.014012694103372303e-01,2.515998222610537627e-01,9.790495861200286809e-01,1.223074226760133110e+00
2.078980845526061660e-01,2.539972474441782313e-01,1.010631830833577993e+00,1.234728563101527010e+00
2.143948996948750740e-01,2.564048818713259292e-01,1.042214075547127194e+00,1.246432528505164505e+00
2.208917148371440653e-01,2.588211069990309920e-01,1.073796320260676618e+00,1.258178254925750084e+00
2.273885299794130288e-01,2.612444876630136692e-01,1.105378564974226041e+00,1.269958765758824937e+00
2.338853451216819368e-01,2.636737594038434662e-01,1.136960809687775242e+00,1.281767914228424621e+00
2.403821602639508448e-01,2.661077453895132616e-01,1.168543054401324444e+00,1.293599979532029209e+00
2.468789754062198361e-01,2.685452968064671042e-01,1.200125299114873867e+00,1.305449377070098782e+00
2.533757905484887996e-01,2.709853442992989359e-01,1.231707543828423290e+00,1.317310908504158329e+00
2.598726056907577076e-01,2.734269617686914122e-01,1.263289788541972491e+00,1.329180071890620374e+00
2.663694208330266155e-01,2.758693529021735147e-01,1.294872033255521693e+00,1.341052996204254999e+00
2.728662359752955791e-01,2.783118071669747340e-01,1.326454277969071116e+00,1.352926227411148430e+00
2.793630511175645426e-01,2.807536710940333191e-01,1.358036522682620539e+00,1.364796588874845229e+00
2.858598662598335061e-01,2.831943301001391688e-01,1.389618767396169741e+00,1.376661092990356217e+00
2.923566814021024141e-01,2.856331872312716791e-01,1.421201012109718942e+00,1.388516837851508479e+00
2.988534965443713776e-01,2.880696380297724235e-01,1.452783256823268365e+00,1.400360885075530248e+00
3.053503116866403411e-01,2.905030682981821211e-01,1.484365501536817789e+00,1.412190248932639003e+00
3.118471268289092491e-01,2.929329163294882021e-01,1.515947746250366990e+00,1.424002198859021684e+00
3.183439419711781571e-01,2.953587536641365530e-01,1.547529990963916191e+00,1.435794652031911367e+00
3.248407571134471206e-01,2.977802876197278570e-01,1.579112235677465614e+00,1.447566185666920413e+00
3.313375722557160841e-01,3.001972669890685119e-01,1.610694480391015038e+00,1.459315578598463281e+00
3.378343873979850476e-01,3.026093890974062006e-01,1.642276725104564239e+00,1.471041359467438303e+00
3.443312025402539556e-01,3.050162972358265723e-01,1.673858969818113440e+00,1.482741794244481603e+00
3.508280176825229191e-01,3.074176430468508192e-01,1.705441214531662864e+00,1.494415189498134788e+00
3.573248328247918826e-01,3.098131384396961008e-01,1.737023459245212287e+00,1.506060144764723718e+00
3.638216479670607906e-01,3.122025473481828128e-01,1.768605703958761488e+00,1.517675512481990729e+00
3.703184631093296986e-01,3.145856441309535234e-01,1.800187948672310689e+00,1.529260195764706287e+00
3.768152782515986621e-01,3.169621821724301625e-01,1.831770193385860113e+00,1.540812995767995686e+00
3.833120933938676256e-01,3.193319097499519033e-01,1.863352438099409536e+00,1.552332688820490469e+00
3.898089085361365891e-01,3.216946134100018839e-01,1.894934682812958737e+00,1.563818237284354762e+00
3.963057236784054971e-01,3.240501555056752303e-01,1.926516927526507938e+00,1.575268972032002335e+00
4.028025388206744606e-01,3.263984670720980752e-01,1.958099172240057362e+00,1.586684557812163998e+00
4.092993539629434241e-01,3.287395031359705566e-01,1.989681416953606785e+00,1.598064776001140164e+00
4.157961691052123321e-01,3.310731953099586566e-01,2.021263661667155986e+00,1.609409294155191850e+00
4.222929842474812401e-01,3.333994269102918406e-01,2.052845906380705188e+00,1.620717545052485331e+00
4.287897993897501481e-01,3.357180469892646624e-01,2.084428151094254389e+00,1.631988794907732965e+00
4.352866145320191671e-01,3.380288945685700486e-01,2.116010395807804034e+00,1.643222261174998255e+00
4.417834296742881306e-01,3.403318192621929139e-01,2.147592640521353236e+00,1.654417212799475623e+00
4.482802448165570386e-01,3.426266880205167675e-01,2.179174885234902437e+00,1.665573003001865615e+00
4.547770599588260576e-01,3.449133841153944058e-01,2.210757129948452082e+00,1.676689064344611735e+00
4.612738751010949656e-01,3.471918056192551116e-01,2.242339374662001283e+00,1.687764901338553170e+00
4.677706902433638736e-01,3.494618638841665015e-01,2.273921619375550485e+00,1.698800083049358145e+00
4.742675053856327816e-01,3.517234820208969825e-01,2.305503864089099686e+00,1.709794235703958387e+00
4.807643205279016896e-01,3.539765933779762674e-01,2.337086108802648887e+00,1.720747035296976257e+00
4.872611356701707086e-01,3.562211400207576095e-01,2.368668353516198533e+00,1.731658200197158104e+00
4.937579508124396721e-01,3.584570712105450419e-01,2.400250598229747734e+00,1.742527483754126028e+00
5.002547659547085246e-01,3.606843419330799660e-01,2.431832842943296935e+00,1.753354667145072154e+00
5.067515810969775991e-01,3.629029119109312140e-01,2.463415087656846580e+00,1.764139554573801227e+00
5.132483962392464516e-01,3.651127452400873552e-01,2.494997332370395782e+00,1.774881971504136180e+00
5.197452113815154151e-01,3.673138101456241977e-01,2.526579577083944983e+00,1.785581763472173122e+00
5.262420265237843786e-01,3.695060787385064383e-01,2.558161821797494184e+00,1.796238794904047031e+00
5.327388416660532311e-01,3.716895267723884788e-01,2.589744066511043386e+00,1.806852947933695663e+00
5.392356568083223056e-01,3.738641334004158545e-01,2.621326311224593031e+00,1.817424121220624356e+00
5.457324719505911581e-01,3.760298809320261615e-01,2.652908555938142232e+00,1.827952228767669940e+00
5.522292870928601216e-01,3.781867545897498739e-01,2.684490800651691433e+00,1.838437198738763989e+00
5.587261022351290851e-01,3.803347422664405952e-01,2.716073045365241079e+00,1.848878972278782173e+00
5.652229173773980486e-01,3.824738343078908920e-01,2.747655290078790280e+00,1.859277502456800457e+00
5.717197325196670121e-01,3.846040233977653933e-01,2.779237534792339481e+00,1.869632753706731210e+00
5.782165476619358646e-01,3.867253045052926885e-01,2.810819779505888683e+00,1.879944701573045052e+00
5.847133628042048281e-01,3.888376748376198289e-01,2.842402024219437884e+00,1.890213332479156794e+00
5.912101779464737916e-01,3.909411337921689378e-01,2.873984268932987529e+00,1.900438643495821367e+00
5.977069930887427551e-01,3.930356829089938220e-01,2.905566513646536730e+00,1.910620642109531309e+00
6.042038082310116076e-01,3.951213258231364711e-01,2.937148758360085932e+00,1.920759345990911804e+00
6.107006233732806821e-01,3.971980682169837240e-01,2.968731003073635577e+00,1.930854782763117727e+00
6.171974385155495346e-01,3.992659177726227693e-01,3.000313247787184778e+00,1.940906989770224911e+00
6.236942536578184981e-01,4.013248841234174358e-01,3.031895492500733980e+00,1.950916013841833552e+00
6.301910688000874616e-01,4.033749787842463852e-01,3.063477737214283181e+00,1.960881910953942153e+00
6.366878839423563141e-01,4.054162150258895370e-01,3.095059981927832382e+00,1.970804745618316645e+00
6.431846990846253886e-01,4.074486077267283068e-01,3.126642226641382027e+00,1.980684590161577718e+00
6.496815142268942411e-01,4.094721732235302447e-01,3.158224471354931229e+00,1.990521523999835951e+00
6.561783293691632046e-01,4.114869291622332836e-01,3.189806716068480430e+00,2.000315632913326258e+00
6.626751445114321681e-01,4.134928943487298780e-01,3.221388960782030075e+00,2.010067008321041904e+00
6.691719596537011316e-01,4.154900885996518078e-01,3.252971205495579277e+00,2.019775746555370510e+00
6.756687747959700951e-01,4.174785325931543167e-01,3.284553450209128478e+00,2.029441948136727181e+00
6.821655899382389476e-01,4.194582477196999726e-01,3.316135694922677679e+00,2.039065717048188731e+00
6.886624050805079111e-01,4.214292559342274758e-01,3.347717939636226880e+00,2.048647160016856095e+00
6.951592202227768746e-01,4.233915796452307756e-01,3.379300184349776526e+00,2.058186385974647870e+00
7.016560353650458381e-01,4.253452416990701757e-01,3.410882429063325727e+00,2.067683505982033765e+00
7.081528505073146906e-01,4.272902654024066660e-01,3.442464673776874928e+00,2.077138633337092699e+00
7.146496656495837652e-01,4.292266745461422728e-01,3.474046918490424574e+00,2.086551883691889486e+00
7.211464807918526176e-01,4.311544934293599085e-01,3.505629163203973775e+00,2.095923375168852854e+00
7.276432959341215811e-01,4.330737468832625559e-01,3.537211407917522976e+00,2.105253228477147687e+00
7.341401110763905447e-01,4.349844602951138395e-01,3.568793652631072177e+00,2.114541567029054381e+00
7.406369262186593971e-01,4.368866596321774320e-01,3.600375897344621379e+00,2.123788517056343306e+00
7.471337413609284717e-01,4.387803714656572374e-01,3.631958142058171024e+00,2.132994207726651492e+00
7.536305565031973241e-01,4.406656229944732051e-01,3.663540386771720225e+00,2.142158771259063510e+00
7.601273716454662877e-01,4.425424420597232622e-01,3.695122631485269427e+00,2.151282342994410790e+00
7.666241867877352512e-01,4.444108571222933346e-01,3.726704876198819072e+00,2.160365061286432464e+00
7.731210019300042147e-01,4.462708972182523048e-01,3.758287120912368273e+00,2.169407067284939927e+00
7.796178170722731782e-01,4.481225919126326507e-01,3.789869365625917474e+00,2.178408504711136562e+00
7.861146322145420307e-01,4.499659712532123046e-01,3.821451610339466676e+00,2.187369519632942794e+00
7.926114473568109942e-01,4.518010657242956252e-01,3.853033855053015877e+00,2.196290260240315817e+00
7.991082624990799577e-01,4.536279062004949236e-01,3.884616099766565522e+00,2.205170876620574205e+00
8.056050776413489212e-01,4.554465239005117128e-01,3.916198344480114724e+00,2.214011520533718080e+00
8.121018927836177737e-01,4.572569503409174008e-01,3.947780589193663925e+00,2.222812345187750616e+00
8.185987079258868482e-01,4.590592172899363166e-01,3.979362833907213570e+00,2.231573505014006642e+00
8.250955230681557007e-01,4.608533567219602056e-01,4.010945078620762771e+00,2.240295155446039299e+00
8.315923382104246642e-01,4.626394007798456109e-01,4.042527323334311973e+00,2.248977452736341753e+00
8.380891533526936277e-01,4.644173817478758903e-01,4.074109568047861174e+00,2.257620553824909226e+00
8.445859684949624802e-01,4.661873320269012133e-01,4.105691812761410375e+00,2.266224616218389887e+00
8.510827836372314437e-01,4.679492841095029276e-01,4.137274057474959577e+00,2.274789797869355201e+00
8.575795987795002961e-01,4.697032705551601461e-01,4.168856302188508778e+00,2.283316257055578724e+00
8.640764139217694817e-01,4.714493239654129475e-01,4.200438546902058867e+00,2.291804152259300231e+00
8.705732290640383342e-01,4.731874769590285190e-01,4.232020791615608069e+00,2.300253642046504510e+00
8.770700442063072977e-01,4.749177621471648569e-01,4.263603036329157270e+00,2.308664884946185936e+00
8.835668593485762612e-01,4.766402121085372423e-01,4.295185281042706471e+00,2.317038039329628596e+00
8.900636744908451137e-01,4.783548593646433367e-01,4.326767525756255672e+00,2.325373263289971515e+00
8.965604896331140772e-01,4.800617363609754329e-01,4.358349770469804874e+00,2.333670714550876824e+00
9.030573047753829297e-01,4.817608754786912306e-01,4.389932015183354075e+00,2.341930550523264376e+00
9.095541199176521152e-01,4.834523090692873226e-01,4.421514259896904164e+00,2.350152928473865366e+00
9.160509350599209677e-01,4.851360694915414773e-01,4.453096504610453366e+00,2.358338005704806672e+00
9.225477502021899312e-01,4.868121891484580854e-01,4.484678749324002567e+00,2.366485939733208532e+00
9.290445653444587837e-01,4.884807005242123856e-01,4.516260994037551768e+00,2.374596888470778655e+00
9.355413804867277472e-01,4.901416362210949673e-01,4.547843238751100969e+00,2.382671010403405454e+00
9.420381956289967107e-01,4.917950289964569399e-01,4.579425483464650171e+00,2.390708464770755715e+00
9.485350107712655632e-01,4.934409117996550465e-01,4.611007728178199372e+00,2.398709411745871822e+00
9.550318259135345267e-01,4.950793178089956670e-01,4.642589972891748573e+00,2.406674012614763658e+00
9.615286410558033792e-01,4.967102804683808381e-01,4.674172217605297774e+00,2.414602429954551877e+00
9.680254561980725647e-01,4.983338335053394408e-01,4.705754462318847864e+00,2.422494827721120458e+00
9.745222713403414172e-01,4.999500108721385838e-01,4.737336707032397065e+00,2.430351370962848812e+00
9.810190864826103807e-01,5.015588466386333710e-01,4.768918951745946266e+00,2.438172225299732876e+00
9.875159016248793442e-01,5.031603748814125199e-01,4.800501196459495468e+00,2.445957556384503295e+00
9.940127167671481967e-01,5.047546295729459231e-01,4.832083441173044669e+00,2.453707529363747586e+00
1.000509531909417049e+00,5.063416444707287134e-01,4.863665685886593870e+00,2.461422308339022536e+00
1.007006347051686124e+00,5.079214530064276589e-01,4.895247930600143071e+00,2.469102055827970599e+00
1.013503162193955198e+00,5.094940881750270600e-01,4.926830175313693161e+00,2.476746932225438069e+00
1.019999977336224051e+00,5.110595824239746454e-01,4.958412420027242362e+00,2.484357095264592807e+00
1.026496792478492903e+00,5.126179675423262472e-01,4.989994664740791563e+00,2.491932699478035751e+00
1.032993607620761978e+00,5.141692745501306172e-01,5.021576909454340765e+00,2.499473895660079492e+00
1.039490422763030830e+00,5.157135336129230474e-01,5.053159154167889966e+00,2.506980830451084330e+00
1.045987237905299683e+00,5.172507740881266969e-01,5.084741398881439167e+00,2.514453646563026279e+00
1.052484053047568757e+00,5.187810246738953079e-01,5.116323643594988368e+00,2.521892483503047178e+00
1.058980868189837610e+00,5.203043135684289888e-01,5.147905888308537570e+00,2.529297478347920070e+00
1.065477683332106462e+00,5.218206686293062058e-01,5.179488133022086771e+00,2.536668766518592300e+00
1.071974498474375537e+00,5.233301175328138877e-01,5.211070377735636860e+00,2.544006482554719284e+00
1.078471313616644611e+00,5.248326879332777528e-01,5.242652622449186062e+00,2.551310760889197837e+00
1.084968128758913464e+00,5.263284076223940788e-01,5.274234867162735263e+00,2.558581736622708824e+00
1.091464943901182316e+00,5.278173046885594744e-01,5.305817111876284464e+00,2.565819546298250931e+00
1.097961759043451391e+00,5.292994076762024269e-01,5.337399356589833666e+00,2.573024328675677985e+00
1.104458574185720243e+00,5.307747457451053030e-01,5.368981601303382867e+00,2.580196225506197205e+00
1.110955389327989096e+00,5.322433488197166884e-01,5.400563846016932068e+00,2.587335382258200589e+00
1.117452204470258170e+00,5.337052476293794312e-01,5.432146090730482157e+00,2.594441948312824486e+00
1.123949019612527245e+00,5.351604735961437154e-01,5.463728335444031359e+00,2.601516076418585843e+00
1.130445834754796097e+00,5.366090586907296123e-01,5.495310580157580560e+00,2.608557921991189410e+00
1.136942649897064950e+00,5.380510352881128222e-01,5.526892824871129761e+00,2.615567642411503524e+00
1.143439465039334024e+00,5.394864360231136358e-01,5.558475069584678963e+00,2.622545396323549216e+00
1.149936280181602877e+00,5.409152936459828975e-01,5.590057314298228164e+00,2.629491342932477327e+00
1.156433095323871729e+00,5.423376408779899682e-01,5.621639559011777365e+00,2.636405641302555392e+00
1.162929910466140582e+00,5.437535102670099096e-01,5.653221803725326566e+00,2.643288449655146533e+00
1.169426725608409656e+00,5.451629340431094484e-01,5.684804048438875768e+00,2.650139924666689684e+00
1.175923540750678731e+00,5.465659439741372694e-01,5.716386293152425857e+00,2.656960220766693581e+00
1.182420355892947583e+00,5.479625712218861855e-01,5.747968537865975058e+00,2.663749489438514306e+00
1.188917171035216436e+00,5.493528462272839752e-01,5.779550782579524260e+00,2.670507878661247947e+00
1.195413986177485510e+00,5.507367987030575840e-01,5.811133027293073461e+00,2.677235532874068902e+00
1.201910801319754363e+00,5.521144576873621146e-01,5.842715272006622662e+00,2.683932593236930231e+00
1.208407616462023215e+00,5.534858516014679042e-01,5.874297516720171863e+00,2.690599197910991336e+00
1.214904431604292290e+00,5.548510083074493782e-01,5.905879761433721065e+00,2.697235482339054968e+00
1.221401246746561364e+00,5.562099551658717944e-01,5.937462006147271154e+00,2.703841579525994021e+00
1.227898061888830217e+00,5.575627190934795419e-01,5.969044250860820355e+00,2.710417620319183207e+00
1.234394877031099069e+00,5.589093266208848831e-01,6.000626495574369557e+00,2.716963733688936955e+00
1.240891692173368144e+00,5.602498039502551430e-01,6.032208740287918758e+00,2.723480047008935756e+00
1.247388507315636996e+00,5.615841770130000077e-01,6.063790985001467959e+00,2.729966686336656956e+00
1.253885322457905849e+00,5.629124715274611557e-01,6.095373229715017160e+00,2.736423776693813981e+00
1.260382137600174923e+00,5.642347130559642876e-01,6.126955474428566362e+00,2.742851442343697155e+00
1.266878952742443776e+00,5.655509270503490393e-01,6.158537719142115563e+00,2.749249807012502878e+00
1.273375767884712628e+00,5.668611388743041157e-01,6.190119963855664764e+00,2.755618993997910326e+00
1.279872583026981703e+00,5.681653738185081792e-01,6.221702208569214854e+00,2.761959126242681251e+00
1.286369398169250777e+00,5.694636571155780036e-01,6.253284453282764055e+00,2.768270326407328508e+00
1.292866213311519630e+00,5.707560139550220679e-01,6.284866697996313256e+00,2.774552716942808583e+00
1.299363028453788482e+00,5.720424694981898206e-01,6.316448942709862457e+00,2.780806420163189241e+00
1.305859843596057557e+00,5.733230488932253843e-01,6.348031187423411659e+00,2.787031558318346480e+00
1.312356658738326409e+00,5.745977772900165981e-01,6.379613432136960860e+00,2.793228253666632188e+00
1.318853473880595262e+00,5.758666798551482779e-01,6.411195676850510061e+00,2.799396628547565768e+00
1.325350289022864336e+00,5.771297817868524804e-01,6.442777921564060151e+00,2.805536805454508897e+00
1.331847104165133411e+00,5.783871083299587657e-01,6.474360166277609352e+00,2.811648907107343831e+00
1.338343919307402263e+00,5.796386847899286376e-01,6.505942410991158553e+00,2.817733056520694834e+00
1.344840734449671116e+00,5.808845365358676904e-01,6.537524655704707754e+00,2.823789377018572910e+00
1.351337549591940190e+00,5.821246889870058672e-01,6.569106900418256956e+00,2.829817992168653262e+00
1.357834364734209043e+00,5.833591675954398204e-01,6.600689145131806157e+00,2.835819025698381513e+00
1.364331179876477895e+00,5.845879978288164303e-01,6.632271389845355358e+00,2.841792601410796593e+00
1.370827995018746748e+00,5.858112051530215414e-01,6.663853634558904560e+00,2.847738843100376283e+00
1.377324810161015822e+00,5.870288150148667006e-01,6.695435879272453761e+00,2.853657874468874756e+00
1.383821625303284897e+00,5.882408528247757840e-01,6.727018123986003850e+00,2.859549819041158791e+00
1.390318440445553749e+00,5.894473439394715131e-01,6.758600368699553051e+00,2.865414800081043101e+00
1.396815255587822602e+00,5.906483136446621929e-01,6.790182613413102253e+00,2.871252940507129647e+00
1.403312070730091676e+00,5.918437871377302262e-01,6.821764858126651454e+00,2.877064362808650078e+00
1.409808885872360529e+00,5.930337895104159651e-01,6.853347102840200655e+00,2.882849188961289943e+00
1.416305701014629381e+00,5.942183457311541739e-01,6.884929347553749857e+00,2.888607540341324498e+00
1.422802516156898456e+00,5.953974806233722772e-01,6.916511592267299058e+00,2.894339537620118641e+00
1.429299331299167530e+00,5.965712188379377334e-01,6.948093836980849147e+00,2.900045300630193168e+00
1.435796146441436383e+00,5.977395848243353127e-01,6.979676081694398349e+00,2.905724948225108406e+00
1.442292961583705235e+00,5.989026028018258341e-01,7.011258326407947550e+00,2.911378598139262586e+00
1.448789776725974310e+00,6.000602967306053470e-01,7.042840571121496751e+00,2.917006366847690657e+00
1.455286591868243162e+00,6.012126902829642017e-01,7.074422815835045952e+00,2.922608369425865327e+00
1.461783407010512015e+00,6.023598068144453421e-01,7.106005060548595154e+00,2.928184719409488768e+00
1.468280222152781089e+00,6.035016693350050421e-01,7.137587305262144355e+00,2.933735528654301650e+00
1.474777037295049942e+00,6.046383004801707539e-01,7.169169549975693556e+00,2.939260907195875738e+00
1.481273852437318794e+00,6.057697224822004012e-01,7.200751794689242757e+00,2.944760963109412710e+00
1.487770667579587869e+00,6.068959571412422260e-01,7.232334039402792847e+00,2.950235802369548743e+00
1.494267482721856943e+00,6.080170257984593984e-01,7.263916284116342048e+00,2.955685528719705690e+00
1.500764297864125796e+00,6.091329493382653393e-01,7.295498528829891249e+00,2.961110243682959720e+00
1.507261113006394648e+00,6.102437482413796133e-01,7.327080773543440451e+00,2.966510046819954116e+00
1.513757928148663723e+00,6.113494426514634039e-01,7.358663018256989652e+00,2.971885036052828166e+00
1.520254743290932575e+00,6.124500524420181113e-01,7.390245262970538853e+00,2.977235307990423685e+00
1.526751558433201428e+00,6.135455972832846161e-01,7.421827507684088054e+00,2.982560958253494654e+00
1.533248373575470502e+00,6.146360967091457628e-01,7.453409752397638144e+00,2.987862081799931957e+00
1.539745188717739577e+00,6.157215701840230704e-01,7.484991997111187345e+00,2.993138773249962359e+00
1.546242003860008429e+00,6.168020371697782167e-01,7.516574241824736546e+00,2.998391127211370577e+00
1.552738819002277282e+00,6.178775171926130794e-01,7.548156486538285748e+00,3.003619238604708030e+00
1.559235634144546356e+00,6.189480299099680005e-01,7.579738731251834949e+00,3.008823202988503365e+00
1.565732449286815209e+00,6.200135951774228271e-01,7.611320975965384150e+00,3.014003116884477862e+00
1.572229264429084061e+00,6.210742331145777673e-01,7.642903220678933351e+00,3.019159078097805704e+00
1.578726079571352914e+00,6.221299641443571726e-01,7.674485465392482553e+00,3.024291185908177582e+00
1.585222894713621988e+00,6.231808089647341564e-01,7.706067710106031754e+00,3.029399540932347534e+00
1.591719709855891063e+00,6.242267884937823252e-01,7.737649954819581843e+00,3.034484244857019508e+00
1.598216524998159915e+00,6.252679238136980011e-01,7.769232199533131045e+00,3.039545400166729028e+00
1.604713340140428768e+00,6.263042361148242199e-01,7.800814444246680246e+00,3.044583109871733750e+00
1.611210155282697842e+00,6.273357466396719540e-01,7.832396688960229447e+00,3.049597477235888920e+00
1.617706970424966695e+00,6.283624766269464423e-01,7.863978933673778648e+00,3.054588605504549914e+00
1.624203785567235547e+00,6.293844472555664149e-01,7.895561178387327850e+00,3.059556597632437924e+00
1.630700600709504622e+00,6.304016795886904223e-01,7.927143423100877051e+00,3.064501556011542505e+00
1.637197415851773696e+00,6.314141945177373927e-01,7.958725667814427140e+00,3.069423582198994804e+00
1.643694230994042549e+00,6.324220127064114072e-01,7.990307912527976342e+00,3.074322776644959898e+00
1.650191046136311401e+00,6.334251545348611456e-01,8.021890157241525543e+00,3.079199238421188589e+00
1.656687861278580476e+00,6.344236400536117371e-01,8.053472401955074744e+00,3.084053064997067217e+00
1.663184676420849328e+00,6.354174889803904103e-01,8.085054646668623946e+00,3.088884352224190444e+00
1.669681491563118181e+00,6.364067207253997216e-01,8.116636891382173147e+00,3.093693194459215867e+00
1.676178306705387255e+00,6.373913544189433456e-01,8.148219136095722348e+00,3.098479684698160597e+00
1.682675121847656108e+00,6.383714089390521984e-01,8.179801380809271549e+00,3.103243914710696938e+00
1.689171936989924960e+00,6.393469029391135594e-01,8.211383625522820751e+00,3.107985975174460958e+00
1.695668752132194035e+00,6.403178548754954180e-01,8.242965870236369952e+00,3.112705955809341063e+00
1.702165567274462887e+00,6.412842830351761503e-01,8.274548114949919153e+00,3.117403945511791452e+00
1.708662382416731740e+00,6.422462055633695321e-01,8.306130359663468354e+00,3.122080032489120693e+00
1.715159197559000592e+00,6.432036404911521954e-01,8.337712604377017556e+00,3.126734304393796293e+00
1.721656012701269889e+00,6.441566057630921938e-01,8.369294849090568533e+00,3.131366848457749708e+00
1.728152827843538963e+00,6.451051192648707966e-01,8.400877093804117735e+00,3.135977751626654708e+00
1.734649642985807816e+00,6.460491988493264337e-01,8.432459338517666936e+00,3.140567100686528335e+00
1.741146458128076668e+00,6.469888623481010459e-01,8.464041583231216137e+00,3.145134982320347827e+00
1.747643273270345743e+00,6.479241275657512400e-01,8.495623827944765338e+00,3.149681483079423305e+00
1.754140088412614595e+00,6.488550122707295031e-01,8.527206072658314540e+00,3.154206689339556391e+00
1.760636903554883448e+00,6.497815341863422134e-01,8.558788317371863741e+00,3.158710687257084704e+00
1.767133718697152522e+00,6.507037109817034315e-01,8.590370562085412942e+00,3.163193562724907260e+00
1.773630533839421375e+00,6.516215602626936887e-01,8.621952806798962143e+00,3.167655401328532072e+00
1.780127348981690227e+00,6.525350995629143336e-01,8.653535051512511345e+00,3.172096288302105105e+00
1.786624164123959080e+00,6.534443463346448766e-01,8.685117296226060546e+00,3.176516308484450768e+00
1.793120979266228154e+00,6.543493179397991133e-01,8.716699540939609747e+00,3.180915546275109751e+00
1.799617794408497007e+00,6.552500316408806924e-01,8.748281785653158948e+00,3.185294085590370194e+00
1.806114609550765859e+00,6.561465045919404604e-01,8.779864030366708150e+00,3.189652009819311740e+00
1.812611424693034934e+00,6.570387538295440200e-01,8.811446275080257351e+00,3.193989401779895321e+00
1.819108239835304230e+00,6.579267962640142908e-01,8.843028519793808329e+00,3.198306343676391883e+00
1.825605054977573083e+00,6.588106486713415366e-01,8.874610764507357530e+00,3.202602917060057841e+00
1.832101870119841935e+00,6.596903276853397502e-01,8.906193009220906731e+00,3.206879202791001582e+00
1.838598685262111010e+00,6.605658497898140302e-01,8.937775253934455932e+00,3.211135281000111696e+00
1.845095500404379862e+00,6.614372313107261814e-01,8.969357498648005134e+00,3.215371231050970113e+00
1.851592315546648715e+00,6.623044884083612027e-01,9.000939743361554335e+00,3.219587131501772781e+00
1.858089130688917567e+00,6.631676370694943312e-01,9.032521988075103536e+00,3.223783060067251238e+00
1.864585945831186642e+00,6.640266930995561978e-01,9.064104232788652737e+00,3.227959093580587080e+00
1.871082760973455494e+00,6.648816721147999820e-01,9.095686477502201939e+00,3.232115307955335304e+00
1.877579576115724347e+00,6.657325895344681221e-01,9.127268722215751140e+00,3.236251778147343217e+00
1.884076391257993421e+00,6.665794605729575828e-01,9.158850966929300341e+00,3.240368578116666676e+00
1.890573206400262274e+00,6.674223002320478493e-01,9.190433211642849542e+00,3.244465780789786535e+00
1.897070021542531126e+00,6.682611232992277106e-01,9.222015456356398744e+00,3.248543458051478261e+00
1.903566836684800201e+00,6.690959443774082693e-01,9.253597701069947945e+00,3.252601680889248836e+00
1.910063651827069053e+00,6.699267779385742472e-01,9.285179945783497146e+00,3.256640519654147248e+00
1.916560466969337906e+00,6.707536383798257118e-01,9.316762190497046348e+00,3.260660044333194119e+00
1.923057282111606758e+00,6.715765400794228013e-01,9.348344435210595549e+00,3.264660324821826887e+00
1.929554097253876055e+00,6.723954974528307815e-01,9.379926679924146526e+00,3.268641431196342317e+00
1.936050912396145129e+00,6.732105250087634385e-01,9.411508924637695728e+00,3.272603433986337240e+00
1.942547727538413982e+00,6.740216374052285797e-01,9.443091169351244929e+00,3.276546404447154170e+00
1.949044542680682834e+00,6.748288495055723146e-01,9.474673414064794130e+00,3.280470414832324266e+00
1.955541357822951909e+00,6.756321764345246672e-01,9.506255658778343332e+00,3.284375538666015171e+00
1.962038172965220761e+00,6.764316336342421909e-01,9.537837903491892533e+00,3.288261851015464199e+00
1.968534988107489614e+00,6.772272369203524711e-01,9.569420148205441734e+00,3.292129428763422627e+00
1.975031803249758688e+00,6.780190025330278258e-01,9.601002392918990935e+00,3.295978350856433536e+00
1.981528618392027541e+00,6.788069471280592238e-01,9.632584637632540137e+00,3.299808698261440743e+00
1.988025433534296393e+00,6.795910876774514664e-01,9.664166882346089338e+00,3.303620553482562450e+00
1.994522248676565246e+00,6.803714413494184043e-01,9.695749127059638539e+00,3.307413999977727670e+00
2.001019063818834098e+00,6.811480253880906055e-01,9.727331371773187740e+00,3.311189121573909766e+00
2.007515878961103173e+00,6.819208569932180275e-01,9.758913616486736942e+00,3.314946001882340010e+00
2.014012694103372247e+00,6.826899531998786852e-01,9.790495861200286143e+00,3.318684723713747342e+00
2.020509509245640878e+00,6.834553307581808790e-01,9.822078105913835344e+00,3.322405368493570155e+00
2.027006324387910396e+00,6.842170060129707521e-01,9.853660350627386322e+00,3.326108015677191609e+00
2.033503139530179027e+00,6.849749947835372943e-01,9.885242595340935523e+00,3.329792742165160302e+00
2.039999954672448101e+00,6.857293122433170129e-01,9.916824840054484724e+00,3.333459621718415367e+00
2.046496769814717176e+00,6.864799727996004908e-01,9.948407084768033926e+00,3.337108724373516466e+00
2.052993584956985806e+00,6.872269899749536837e-01,9.979989329481583127e+00,3.340740115866208892e+00
2.059490400099254881e+00,6.879703763437771125e-01,1.001157157419513233e+01,3.344353857323026258e+00
2.065987215241523955e+00,6.887101436280188560e-01,1.004315381890868153e+01,3.347950005726572087e+00
2.072484030383792586e+00,6.894463028640814839e-01,1.007473606362223073e+01,3.351528614726881017e+00
2.078980845526061660e+00,6.901788645730634331e-01,1.010631830833577993e+01,3.355089735468999912e+00
2.085477660668330735e+00,6.909078389310058244e-01,1.013790055304932913e+01,3.358633417420584522e+00
2.091974475810599365e+00,6.916332359391352824e-01,1.016948279776287833e+01,3.362159709199485036e+00
2.098471290952868440e+00,6.923550655941077547e-01,1.020106504247642754e+01,3.365668659401333418e+00
2.104968106095137514e+00,6.930733380582542180e-01,1.023264728718997674e+01,3.369160317427139173e+00
2.111464921237406145e+00,6.937880638298239422e-01,1.026422953190352594e+01,3.372634734310872684e+00
2.117961736379675219e+00,6.944992539132276432e-01,1.029581177661707514e+01,3.376091963547052099e+00
2.124458551521944294e+00,6.952069199892841889e-01,1.032739402133062434e+01,3.379532061918342656e+00
2.130955366664212924e+00,6.959110745851530000e-01,1.035897626604417354e+01,3.382955090321630554e+00
2.137452181806482443e+00,6.966117312115540638e-01,1.039055851075772452e+01,3.386361114435076480e+00
2.143948996948751073e+00,6.973089043281069932e-01,1.042214075547127372e+01,3.389750204549620616e+00
2.150445812091020148e+00,6.980026091751562189e-01,1.045372300018482292e+01,3.393122434751453032e+00
2.156942627233289222e+00,6.986928615919416607e-01,1.048530524489837212e+01,3.396477882038110074e+00
2.163439442375557853e+00,6.993796778347549647e-01,1.051688748961192132e+01,3.399816625434493034e+00
2.169936257517826927e+00,7.000630743950925217e-01,1.054846973432547053e+01,3.403138745108878371e+00
2.176433072660096002e+00,7.007430678178082628e-01,1.058005197903901973e+01,3.406444321488924842e+00
2.182929887802364632e+00,7.014196745192686766e-01,1.061163422375256893e+01,3.409733434377688166e+00
2.189426702944633707e+00,7.020929106055063817e-01,1.064321646846611813e+01,3.413006162069633476e+00
2.195923518086902781e+00,7.027627916903740335e-01,1.067479871317966733e+01,3.416262580466645105e+00
2.202420333229171412e+00,7.034293327136977858e-01,1.070638095789321653e+01,3.419502762194038148e+00
2.208917148371440486e+00,7.040925477594631721e-01,1.073796320260676573e+01,3.422726775716724568e+00
2.215413963513709561e+00,7.047524498893772416e-01,1.076954544732031493e+01,3.425934684530128393e+00
2.221910778655978191e+00,7.054090511109909478e-01,1.080112769203386414e+01,3.429126547005220793e+00
2.228407593798247266e+00,7.060623625048522145e-01,1.083270993674741334e+01,3.432302417006636297e+00
2.234904408940516340e+00,7.067123943790505347e-01,1.086429218146096431e+01,3.435462344643944732e+00
2.241401224082785415e+00,7.073591564239665175e-01,1.089587442617451352e+01,3.438606377023914806e+00
2.247898039225054490e+00,7.080026578670191029e-01,1.092745667088806272e+01,3.441734559002771476e+00
2.254394854367323120e+00,7.086429076274155525e-01,1.095903891560161192e+01,3.444846933938464861e+00
2.260891669509592194e+00,7.092799144708974435e-01,1.099062116031516112e+01,3.447943544442919617e+00
2.267388484651861269e+00,7.099136871644916580e-01,1.102220340502871032e+01,3.451024433134307845e+00
2.273885299794129899e+00,7.105442346312565993e-01,1.105378564974225952e+01,3.454089643389301578e+00
2.280382114936398974e+00,7.111715661050326265e-01,1.108536789445580872e+01,3.457139220095340804e+00
2.286878930078668049e+00,7.117956912851853835e-01,1.111695013916935793e+01,3.460173210402873067e+00
2.293375745220936679e+00,7.124166204846100747e-01,1.114853238388290713e+01,3.463191664444828177e+00
2.299872560363205753e+00,7.130343646935697333e-01,1.118011462859645633e+01,3.466194635646949962e+00
2.306369375505474384e+00,7.136489355135755552e-01,1.121169687331000553e+01,3.469182180406373828e+00
2.312866190647743458e+00,7.142603450608910887e-01,1.124327911802355473e+01,3.472154357622543763e+00
2.319363005790012533e+00,7.148686058695824519e-01,1.127486136273710393e+01,3.475111228225920890e+00
2.325859820932281163e+00,7.154737307945677749e-01,1.130644360745065313e+01,3.478052854706689345e+00
2.332356636074550238e+00,7.160757329146688610e-01,1.133802585216420233e+01,3.480979300643470165e+00
2.338853451216819312e+00,7.166746254356609613e-01,1.136960809687775154e+01,3.483890630232029384e+00
2.345350266359088387e+00,7.172704215933213279e-01,1.140119034159130251e+01,3.486786907813978598e+00
2.351847081501357462e+00,7.178631345564823185e-01,1.143277258630485171e+01,3.489668197405497274e+00
2.358343896643626536e+00,7.184527773300797282e-01,1.146435483101840092e+01,3.492534562226034200e+00
2.364840711785895166e+00,7.190393626582030073e-01,1.149593707573195012e+01,3.495386064227012479e+00
2.371337526928164241e+00,7.196229029303913283e-01,1.152751932044549932e+01,3.498222763636321453e+00
2.377834342070432871e+00,7.202034101331912241e-01,1.155910156515904852e+01,3.501044718722825522e+00
2.384331157212701946e+00,7.207808958775194785e-01,1.159068380987259772e+01,3.503851985929383961e+00
2.390827972354971021e+00,7.213553714453823096e-01,1.162226605458614692e+01,3.506644620099957255e+00
2.397324787497239651e+00,7.219268478369389452e-01,1.165384829929969612e+01,3.509422674708396528e+00
2.403821602639508725e+00,7.224953358175680851e-01,1.168543054401324532e+01,3.512186202087239195e+00
2.410318417781777800e+00,7.230608459649332520e-01,1.171701278872679453e+01,3.514935253656504610e+00
2.416815232924046430e+00,7.236233887160478107e-01,1.174859503344034373e+01,3.517669880152484829e+00
2.423312048066315505e+00,7.241829744143405412e-01,1.178017727815389293e+01,3.520390131856539373e+00
2.429808863208584579e+00,7.247396133567213239e-01,1.181175952286744213e+01,3.523096058823890431e+00
2.436305678350853210e+00,7.252933158406450476e-01,1.184334176758099133e+01,3.525787711112410072e+00
2.442802493493122729e+00,7.258440922111774052e-01,1.187492401229454231e+01,3.528465139011415896e+00
2.449299308635391359e+00,7.263919529058237012e-01,1.190650625700809151e+01,3.531128393259590936e+00
2.455796123777660434e+00,7.269369084735051167e-01,1.193808850172164071e+01,3.533777525137232089e+00
2.462292938919929508e+00,7.274789695557636326e-01,1.196967074643518991e+01,3.536412586374883205e+00
2.468789754062198138e+00,7.280181468596719219e-01,1.200125299114873911e+01,3.539033629021646643e+00
2.475286569204467213e+00,7.285544511306295545e-01,1.203283523586228831e+01,3.541640705312936621e+00
2.481783384346736288e+00,7.290878931251626449e-01,1.206441748057583752e+01,3.544233867538258309e+00
2.488280199489004918e+00,7.296184835837223881e-01,1.209599972528938672e+01,3.546813167908970943e+00
2.494777014631273993e+00,7.301462332034819314e-01,1.212758197000293592e+01,3.549378658426053601e+00
2.501273829773543067e+00,7.306711526111360211e-01,1.215916421471648512e+01,3.551930390747874533e+00
2.507770644915811697e+00,7.311932523357000946e-01,1.219074645943003432e+01,3.554468416057965374e+00
2.514267460058080772e+00,7.317125427813070404e-01,1.222232870414358352e+01,3.556992784932779816e+00
2.520764275200349847e+00,7.322290342000161711e-01,1.225391094885713272e+01,3.559503547209513119e+00
2.527261090342618477e+00,7.327427366669684305e-01,1.228549319357068192e+01,3.562000751865327608e+00
2.533757905484887551e+00,7.332536600722349140e-01,1.231707543828423113e+01,3.564484446977725263e+00
2.540254720627156626e+00,7.337618141293997809e-01,1.234865768299778033e+01,3.566954679766273006e+00
2.546751535769425256e+00,7.342672083865059429e-01,1.238023992771132953e+01,3.569411496645808590e+00
2.553248350911694775e+00,7.347698522370087471e-01,1.241182217242488051e+01,3.571854943279691774e+00
2.559745166053963406e+00,7.352697549307321001e-01,1.244340441713842971e+01,3.574285064633063502e+00
2.566241981196232480e+00,7.357669255848259260e-01,1.247498666185197891e+01,3.576701905026109074e+00
2.572738796338501555e+00,7.362613731947180717e-01,1.250656890656552811e+01,3.579105508187301776e+00
2.579235611480770185e+00,7.367531066450717647e-01,1.253815115127907731e+01,3.581495917306666943e+00
2.585732426623039260e+00,7.372421347207420705e-01,1.256973339599262651e+01,3.583873175089042906e+00
2.592229241765308334e+00,7.377284661177284653e-01,1.260131564070617571e+01,3.586237323807324184e+00
2.598726056907576965e+00,7.382121094542966055e-01,1.263289788541972491e+01,3.588588405356527122e+00
2.605222872049846039e+00,7.386930732891652251e-01,1.266448013013327412e+01,3.590926461342199616e+00
2.611719687192115114e+00,7.391713661637775434e-01,1.269606237484682332e+01,3.593251533285908739e+00
2.618216502334383744e+00,7.396469966572040144e-01,1.272764461956037252e+01,3.595563662892135248e+00
2.624713317476652819e+00,7.401199734418016929e-01,1.275922686427392172e+01,3.597862892318843819e+00
2.631210132618921893e+00,7.405903053388704915e-01,1.279080910898747092e+01,3.600149264448038622e+00
2.637706947761190523e+00,7.410580013743104377e-01,1.282239135370102012e+01,3.602422823156323339e+00
2.644203762903459598e+00,7.415230708342787080e-01,1.285397359841456932e+01,3.604683613585460744e+00
2.650700578045728673e+00,7.419855233208461076e-01,1.288555584312812030e+01,3.606931682412929163e+00
2.657197393187997747e+00,7.424453688076559921e-01,1.291713808784166950e+01,3.609167078122492267e+00
2.663694208330266822e+00,7.429026176955791927e-01,1.294872033255521870e+01,3.611389851274745766e+00
2.670191023472535452e+00,7.433572808683631683e-01,1.298030257726876791e+01,3.613600054777640125e+00
2.676687838614804527e+00,7.438093697397261117e-01,1.301188482198231711e+01,3.615797744115414769e+00
2.683184653757073601e+00,7.442588962159248922e-01,1.304346706669586631e+01,3.617982977166631198e+00
2.689681468899342232e+00,7.447058725485431463e-01,1.307504931140941551e+01,3.620155813488549867e+00
2.696178284041611306e+00,7.451503111661741396e-01,1.310663155612296471e+01,3.622316313498909146e+00
2.702675099183880381e+00,7.455922245059041220e-01,1.313821380083651391e+01,3.624464537656732599e+00
2.709171914326149011e+00,7.460316248447922405e-01,1.316979604555006311e+01,3.626600545643121620e+00
2.715668729468418086e+00,7.464685241313506747e-01,1.320137829026361231e+01,3.628724395542049841e+00
2.722165544610687160e+00,7.469029338170262156e-01,1.323296053497716152e+01,3.630836143021161977e+00
2.728662359752955791e+00,7.473348646876812884e-01,1.326454277969071072e+01,3.632935840512570014e+00
2.735159174895224865e+00,7.477643266950735335e-01,1.329612502440425992e+01,3.635023536393646726e+00
2.741655990037493495e+00,7.481913287883376062e-01,1.332770726911780912e+01,3.637099274167825413e+00
2.748152805179762570e+00,7.486158787496711708e-01,1.335928951383135832e+01,3.639163091665837513e+00
2.754649620322031645e+00,7.490379831283687784e-01,1.339087175854490752e+01,3.641215020725040219e+00
2.761146435464300719e+00,7.494576474083257667e-01,1.342245400325845850e+01,3.643255088003683362e+00
2.767643250606569794e+00,7.498748762615120578e-01,1.345403624797200770e+01,3.645283316213095315e+00
2.774140065748838868e+00,7.502896738044140257e-01,1.348561849268555690e+01,3.647299725364292478e+00
2.780636880891107499e+00,7.507020438544720342e-01,1.351720073739910610e+01,3.649304334014574103e+00
2.787133696033376573e+00,7.511119901865231929e-01,1.354878298211265530e+01,3.651297160514134887e+00
2.793630511175645204e+00,7.515195167892377848e-01,1.358036522682620451e+01,3.653278224252654027e+00
2.800127326317914278e+00,7.519246281215616889e-01,1.361194747153975371e+01,3.655247546905910028e+00
2.806624141460183353e+00,7.523273293691551400e-01,1.364352971625330291e+01,3.657205153682375531e+00
2.813120956602451983e+00,7.527276267008328192e-01,1.367511196096685211e+01,3.659151074569822804e+00
2.819617771744721058e+00,7.531255275226537149e-01,1.370669420568040131e+01,3.661085345570502803e+00
2.826114586886990132e+00,7.535210406449242004e-01,1.373827645039395051e+01,3.663008009512978003e+00
2.832611402029258763e+00,7.539141761758896276e-01,1.376985869510749971e+01,3.664919115535336669e+00
2.839108217171527837e+00,7.543049452828637369e-01,1.380144093982104891e+01,3.666818717923998605e+00
2.845605032313796912e+00,7.546933599463367948e-01,1.383302318453459812e+01,3.668706874918389094e+00
2.852101847456065542e+00,7.550794327140780693e-01,1.386460542924814732e+01,3.670583647515582637e+00
2.858598662598335061e+00,7.554631764552430795e-01,1.389618767396169829e+01,3.672449098274973345e+00
2.865095477740603691e+00,7.558446041144757377e-01,1.392776991867524750e+01,3.674303290122918675e+00
2.871592292882872766e+00,7.562237284660170422e-01,1.395935216338879670e+01,3.676146285157415150e+00
2.878089108025141840e+00,7.566005618678067757e-01,1.399093440810234590e+01,3.677978143452740767e+00
2.884585923167410471e+00,7.569751160155907543e-01,1.402251665281589510e+01,3.679798921864123606e+00
2.891082738309679545e+00,7.573474016994141689e-01,1.405409889752944430e+01,3.681608672844010055e+00
2.897579553451948620e+00,7.577174286363876909e-01,1.408568114224299350e+01,3.683407443629109324e+00
2.904076368594217250e+00,7.580852055227809139e-01,1.411726338695654270e+01,3.685195276493629102e+00
2.910573183736486325e+00,7.584507401838661567e-01,1.414884563167009190e+01,3.686972209477695106e+00
2.917069998878755399e+00,7.588140397283172911e-01,1.418042787638364111e+01,3.688738277137913357e+00
2.923566814021024030e+00,7.591751107026126766e-01,1.421201012109719031e+01,3.690493511297950224e+00
2.930063629163293104e+00,7.595339592454366517e-01,1.424359236581073951e+01,3.692237941799109358e+00
2.936560444305562179e+00,7.598905912420799158e-01,1.427517461052428871e+01,3.693971597250900185e+00
2.943057259447830809e+00,7.602450124788403540e-01,1.430675685523783791e+01,3.695694505781607742e+00
2.949554074590099884e+00,7.605972287974254176e-01,1.433833909995138711e+01,3.697406695788875819e+00
2.956050889732368958e+00,7.609472462493516165e-01,1.436992134466493631e+01,3.699108196690267469e+00
2.962547704874637589e+00,7.612950712461933334e-01,1.440150358937848551e+01,3.700799039653656308e+00
2.969044520016907107e+00,7.616407106445565178e-01,1.443308583409203649e+01,3.702479258010298313e+00
2.975541335159175738e+00,7.619841717122914915e-01,1.446466807880558569e+01,3.704148887090585873e+00
2.982038150301444812e+00,7.623254620615335098e-01,1.449625032351913489e+01,3.705807963898544610e+00
2.988534965443713887e+00,7.626645895810383324e-01,1.452783256823268410e+01,3.707456526782905826e+00
2.995031780585982517e+00,7.630015623685167947e-01,1.455941481294623330e+01,3.709094615108170068e+00
3.001528595728251592e+00,7.633363886629694894e-01,1.459099705765978250e+01,3.710722268925674694e+00
3.008025410870520666e+00,7.636690767770238919e-01,1.462257930237333170e+01,3.712339528644670761e+00
3.014522226012789297e+00,7.639996350292687088e-01,1.465416154708688090e+01,3.713946434703388366e+00
3.021019041155058371e+00,7.643280716765882277e-01,1.468574379180043010e+01,3.715543027240100216e+00
3.027515856297327446e+00,7.646543948465753804e-01,1.471732603651397930e+01,3.717129345764569770e+00
3.034012671439596076e+00,7.649786124787996133e-01,1.474890828122752851e+01,3.718705428872542740e+00
3.040509486581865151e+00,7.653007323146082674e-01,1.478049052594107771e+01,3.720271314196169854e+00
3.047006301724134225e+00,7.656207619260049224e-01,1.481207277065462691e+01,3.721827038544389676e+00
3.053503116866402856e+00,7.659387087487202761e-01,1.484365501536817611e+01,3.723372638063692452e+00
3.059999932008671930e+00,7.662545801152852443e-01,1.487523726008172531e+01,3.724908148398895502e+00
3.066496747150941005e+00,7.665683832881098336e-01,1.490681950479527629e+01,3.726433604853944814e+00
3.072993562293210079e+00,7.668801254925562416e-01,1.493840174950882549e+01,3.727949042552689107e+00
3.079490377435479154e+00,7.671898139500150648e-01,1.496998399422237469e+01,3.729454496599671653e+00
3.085987192577747784e+00,7.674974559109833949e-01,1.500156623893592389e+01,3.730950002240926988e+00
3.092484007720016859e+00,7.678030586881356978e-01,1.503314848364947309e+01,3.732435595024746977e+00
3.098980822862285933e+00,7.681066296879651700e-01,1.506473072836302229e+01,3.733911310955491558e+00
3.105477638004554564e+00,7.684081764247088220e-01,1.509631297307657150e+01,3.735377186561286589e+00
3.111974453146823638e+00,7.687077065071974413e-01,1.512789521779012070e+01,3.736833258830093651e+00
3.118471268289092713e+00,7.690052276194442316e-01,1.515947746250366990e+01,3.738279565115352199e+00
3.124968083431361343e+00,7.693007475011401919e-01,1.519105970721721910e+01,3.739716143041160734e+00
3.131464898573630418e+00,7.695942739281532718e-01,1.522264195193076830e+01,3.741143030407480641e+00
3.137961713715899492e+00,7.698858146930227520e-01,1.525422419664431750e+01,3.742560265095316918e+00
3.144458528858168123e+00,7.701753775854568440e-01,1.528580644135786670e+01,3.743967884971911353e+00
3.150955344000437197e+00,7.704629703728295143e-01,1.531738868607141590e+01,3.745365927795934802e+00
3.157452159142705828e+00,7.707486007806777506e-01,1.534897093078496511e+01,3.746754431122680362e+00
3.163948974284974902e+00,7.710322764738762880e-01,1.538055317549851431e+01,3.748133432212551686e+00
3.170445789427243977e+00,7.713140050498060729e-01,1.541213542021206351e+01,3.749502967997851766e+00
3.176942604569513051e+00,7.715937940551612639e-01,1.544371766492561449e+01,3.750863075164484250e+00
3.183439419711782126e+00,7.718716510099437045e-01,1.547529990963916369e+01,3.752213790268598803e+00
3.189936234854051200e+00,7.721475834316410269e-01,1.550688215435271289e+01,3.753555149854120643e+00
3.196433049996319831e+00,7.724215988593957638e-01,1.553846439906626209e+01,3.754887190570245448e+00
3.202929865138588905e+00,7.726937048781835626e-01,1.557004664377981129e+01,3.756209949288971117e+00
3.209426680280857536e+00,7.729639091429846287e-01,1.560162888849336049e+01,3.757523463222601556e+00
3.215923495423126610e+00,7.732322194029603857e-01,1.563321113320690969e+01,3.758827770041273109e+00
3.222420310565395685e+00,7.734986435256254733e-01,1.566479337792045889e+01,3.760122907990459673e+00
3.228917125707664315e+00,7.737631895184287067e-01,1.569637562263400810e+01,3.761408915995881230e+00
3.235413940849933390e+00,7.740258655135053845e-01,1.572795786734755730e+01,3.762685833589381801e+00
3.241910755992202464e+00,7.742866796899859905e-01,1.575954011206110650e+01,3.763953700531259994e+00
3.248407571134471095e+00,7.745456401801505963e-01,1.579112235677465570e+01,3.765212556354062379e+00
3.254904386276740169e+00,7.748027549752809495e-01,1.582270460148820490e+01,3.766462439904919801e+00
3.261401201419009244e+00,7.750580318315172246e-01,1.585428684620175410e+01,3.767703388887892135e+00
3.267898016561277874e+00,7.753114781757085572e-01,1.588586909091530330e+01,3.768935439406296162e+00
3.274394831703547393e+00,7.755631010112722379e-01,1.591745133562885428e+01,3.770158625505064087e+00
3.280891646845816023e+00,7.758129068240436910e-01,1.594903358034240348e+01,3.771372978713066981e+00
3.287388461988085098e+00,7.760609014882235979e-01,1.598061582505595268e+01,3.772578527585902286e+00
3.293885277130353728e+00,7.763070901917243916e-01,1.601219806976950011e+01,3.773775297342992552e+00
3.300382092272622803e+00,7.765514774951510768e-01,1.604378031448305109e+01,3.774963310154299201e+00
3.306878907414891433e+00,7.767940675211593149e-01,1.607536255919659851e+01,3.776142586060829309e+00
3.313375722557160952e+00,7.770348641616335872e-01,1.610694480391014949e+01,3.777313143981768206e+00
3.319872537699429582e+00,7.772738712849384113e-01,1.613852704862369691e+01,3.778475002721966014e+00
3.326369352841698657e+00,7.775110929431657825e-01,1.617010929333724789e+01,3.779628181979406865e+00
3.332866167983968175e+00,7.777465335793839474e-01,1.620169153805079887e+01,3.780772703352683894e+00
3.339362983126236362e+00,7.779801982348866218e-01,1.623327378276434629e+01,3.781908591348477344e+00
3.345859798268505880e+00,7.782120927564419866e-01,1.626485602747789727e+01,3.783035874389030884e+00
3.352356613410774511e+00,7.784422239992895287e-01,1.629643827219144470e+01,3.784154585798958248e+00
3.358853428553043585e+00,7.786705999306744452e-01,1.632802051690499567e+01,3.785264764308541974e+00
3.365350243695312216e+00,7.788972294971663324e-01,1.635960276161854310e+01,3.786366453408744892e+00
3.371847058837581290e+00,7.791221224049609262e-01,1.639118500633209408e+01,3.787459700283217323e+00
3.378343873979849921e+00,7.793452888971769132e-01,1.642276725104564150e+01,3.788544554725692404e+00
3.384840689122119439e+00,7.795667395311566272e-01,1.645434949575919248e+01,3.789621068057403619e+00
3.391337504264388070e+00,7.797864849557627487e-01,1.648593174047273990e+01,3.790689292044483238e+00
3.397834319406657144e+00,7.800045356886785575e-01,1.651751398518629088e+01,3.791749277815374519e+00
3.404331134548925775e+00,7.802209018937054097e-01,1.654909622989983831e+01,3.792801074778234582e+00
3.410827949691194849e+00,7.804355931587099171e-01,1.658067847461338928e+01,3.793844729541492100e+00
3.417324764833463480e+00,7.806486183098879650e-01,1.661226071932693671e+01,3.794880285010952203e+00
3.423821579975732998e+00,7.808599853684177194e-01,1.664384296404048769e+01,3.795907780179075264e+00
3.430318395118001185e+00,7.810697015922544173e-01,1.667542520875403511e+01,3.796927250328151704e+00
3.436815210260270703e+00,7.812777735240333810e-01,1.670700745346758609e+01,3.797938727263167280e+00
3.443312025402539778e+00,7.814842070389750317e-01,1.673858969818113707e+01,3.798942239544676802e+00
3.449808840544808408e+00,7.816890073927890148e-01,1.677017194289468449e+01,3.799937812721677410e+00
3.456305655687077927e+00,7.818921792695785467e-01,1.680175418760823547e+01,3.800925469564479187e+00
3.462802470829346557e+00,7.820937268297445399e-01,1.683333643232178289e+01,3.801905230297575322e+00
3.469299285971615632e+00,7.822936537581868244e-01,1.686491867703533387e+01,3.802877112833960460e+00
3.475796101113884262e+00,7.824919633314636469e-01,1.689650092174888130e+01,3.803841133101601990e+00
3.482292916256153337e+00,7.826886585644090566e-01,1.692808316646243227e+01,3.804797305756177472e+00
3.488789731398421967e+00,7.828837424072470075e-01,1.695966541117597970e+01,3.805745645139282818e+00
3.495286546540691486e+00,7.830772179466515270e-01,1.699124765588953068e+01,3.806686166255822457e+00
3.501783361682959672e+00,7.832690886068022218e-01,1.702282990060307810e+01,3.807618885751380411e+00
3.508280176825229191e+00,7.834593583504468883e-01,1.705441214531662908e+01,3.808543822889621122e+00
3.514776991967497821e+00,7.836480318799577960e-01,1.708599439003017650e+01,3.809461000529664521e+00
3.521273807109766896e+00,7.838351148383920775e-01,1.711757663474372748e+01,3.810370446103475750e+00
3.527770622252035526e+00,7.840206140075592911e-01,1.714915887945727491e+01,3.811272192578711415e+00
3.534267437394305045e+00,7.842045374109068989e-01,1.718074112417082588e+01,3.812166278958863952e+00
3.540764252536574119e+00,7.843868941431769715e-01,1.721232336888437686e+01,3.813052749455192014e+00
3.547261067678842750e+00,7.845676940785067943e-01,1.724390561359792429e+01,3.813931652067739542e+00
3.553757882821111824e+00,7.847469475728768851e-01,1.727548785831147526e+01,3.814803037138883468e+00
3.560254697963380455e+00,7.849246651665564567e-01,1.730707010302502269e+01,3.815666955906861890e+00
3.566751513105649973e+00,7.851008572865514346e-01,1.733865234773857367e+01,3.816523459059318224e+00
3.573248328247918160e+00,7.852755339490504749e-01,1.737023459245212109e+01,3.817372595286836923e+00
3.579745143390187678e+00,7.854487044618939651e-01,1.740181683716567207e+01,3.818214409836585777e+00
3.586241958532456309e+00,7.856203771452793250e-01,1.743339908187921949e+01,3.819048943154616627e+00
3.592738773674725383e+00,7.857905592366355441e-01,1.746498132659277047e+01,3.819876230423436603e+00
3.599235588816994014e+00,7.859592570384541510e-01,1.749656357130631790e+01,3.820696302280646606e+00
3.605732403959263532e+00,7.861264761136856904e-01,1.752814581601986887e+01,3.821509185768800165e+00
3.612229219101531719e+00,7.862922214816144839e-01,1.755972806073341630e+01,3.822314905287585329e+00
3.618726034243801237e+00,7.864564978137347229e-01,1.759131030544696728e+01,3.823113483546016766e+00
3.625222849386069868e+00,7.866193096296268950e-01,1.762289255016051470e+01,3.823904942514629202e+00
3.631719664528338942e+00,7.867806614928344322e-01,1.765447479487406568e+01,3.824689304377667742e+00
3.638216479670608461e+00,7.869405582050856829e-01,1.768605703958761666e+01,3.825466592477240635e+00
3.644713294812876647e+00,7.870990049551024326e-01,1.771763928430116408e+01,3.826236832036704172e+00
3.651210109955146166e+00,7.872560073480119325e-01,1.774922152901471506e+01,3.827000050303638989e+00
3.657706925097414796e+00,7.874115713860686538e-01,1.778080377372826248e+01,3.827756276456137918e+00
3.664203740239683871e+00,7.875657034473888540e-01,1.781238601844181346e+01,3.828505541499428233e+00
3.670700555381952501e+00,7.877184102646918040e-01,1.784396826315536089e+01,3.829247878162528096e+00
3.677197370524222020e+00,7.878696989040372411e-01,1.787555050786891186e+01,3.829983320794887902e+00
3.683694185666490206e+00,7.880195767435623777e-01,1.790713275258245929e+01,3.830711905263025852e+00
3.690191000808759725e+00,7.881680514517814817e-01,1.793871499729601027e+01,3.831433668845037221e+00
3.696687815951028355e+00,7.883151309457587796e-01,1.797029724200955769e+01,3.832148650027265013e+00
3.703184631093297430e+00,7.884608232785268456e-01,1.800187948672310867e+01,3.832856887957021286e+00
3.709681446235566060e+00,7.886051364882615822e-01,1.803346173143665609e+01,3.833558421709395869e+00
3.716178261377835135e+00,7.887480784450784377e-01,1.806504397615020707e+01,3.834253289542505883e+00
3.722675076520103765e+00,7.888896566978351732e-01,1.809662622086375450e+01,3.834941528152773227e+00
3.729171891662373284e+00,7.890298783209271916e-01,1.812820846557730547e+01,3.835623171930169661e+00
3.735668706804641914e+00,7.891687497610873070e-01,1.815979071029085290e+01,3.836298252213480531e+00
3.742165521946910989e+00,7.893062766857835699e-01,1.819137295500440388e+01,3.836966796553337389e+00
3.748662337089180507e+00,7.894424638888700718e-01,1.822295519971795486e+01,3.837628828253569324e+00
3.755159152231448694e+00,7.895773153724299220e-01,1.825453744443150228e+01,3.838284366769058931e+00
3.761655967373718212e+00,7.897108345124717044e-01,1.828611968914505326e+01,3.838933428511220658e+00
3.768152782515986843e+00,7.898430242289474768e-01,1.831770193385860068e+01,3.839576027674492131e+00
3.774649597658255917e+00,7.899738871557706599e-01,1.834928417857215166e+01,3.840212177062824139e+00
3.781146412800524548e+00,7.901034258108333708e-01,1.838086642328569908e+01,3.840841888916165736e+00
3.787643227942793622e+00,7.902316427660250886e-01,1.841244866799925006e+01,3.841465175736956450e+00
3.794140043085062253e+00,7.903585408210120899e-01,1.844403091271279749e+01,3.842082051134902976e+00
3.800636858227331771e+00,7.904841232352114444e-01,1.847561315742634847e+01,3.842692530954647356e+00
3.807133673369600402e+00,7.906083940644975661e-01,1.850719540213989589e+01,3.843296634912559462e+00
3.813630488511869476e+00,7.907313585268225253e-01,1.853877764685344687e+01,3.843894388374090365e+00
3.820127303654138107e+00,7.908530233684383237e-01,1.857035989156699429e+01,3.844485824134043828e+00
3.826624118796407181e+00,7.909733972301196125e-01,1.860194213628054527e+01,3.845070984196856667e+00
3.833120933938675812e+00,7.910924910133853016e-01,1.863352438099409270e+01,3.845649921556869799e+00
3.839617749080945330e+00,7.912103182444732985e-01,1.866510662570764367e+01,3.846222701967679125e+00
3.846114564223213517e+00,7.913268952379750587e-01,1.869668887042119110e+01,3.846789404737593010e+00
3.852611379365483035e+00,7.914422402821451596e-01,1.872827111513474208e+01,3.847350118769269134e+00
3.859108194507752110e+00,7.915563721113192397e-01,1.875985335984829305e+01,3.847904935133848792e+00
3.865605009650020740e+00,7.916693083113254259e-01,1.879143560456184048e+01,3.848453939319362416e+00
3.872101824792290259e+00,7.917810637248388073e-01,1.882301784927539146e+01,3.848997203478855322e+00
3.878598639934558889e+00,7.918916488567306899e-01,1.885460009398893888e+01,3.849534778678489033e+00
3.885095455076827964e+00,7.920010682796843060e-01,1.888618233870248986e+01,3.850066687146940669e+00
3.891592270219096594e+00,7.921093192221799750e-01,1.891776458341603728e+01,3.850592915411329198e+00
3.898089085361365669e+00,7.922163919076374849e-01,1.894934682812958826e+01,3.851113415945853546e+00
3.904585900503634299e+00,7.923222721169352889e-01,1.898092907284313569e+01,3.851628119628679237e+00
3.911082715645903818e+00,7.924269441673726933e-01,1.901251131755668666e+01,3.852136950223238987e+00
3.917579530788172004e+00,7.925303938954239014e-01,1.904409356227023409e+01,3.852639838877959466e+00
3.924076345930441523e+00,7.926326116394941668e-01,1.907567580698378507e+01,3.853136738626005364e+00
3.930573161072710153e+00,7.927335952225955662e-01,1.910725805169733249e+01,3.853627638884627338e+00
3.937069976214979228e+00,7.928333527514923595e-01,1.913884029641088347e+01,3.854112579062336508e+00
3.943566791357247858e+00,7.929319031551983477e-01,1.917042254112443089e+01,3.854591651176642486e+00
3.950063606499517377e+00,7.930292732659168786e-01,1.920200478583798187e+01,3.855064985663950061e+00
3.956560421641786451e+00,7.931254941003521575e-01,1.923358703055153285e+01,3.855532733302313275e+00
3.963057236784055082e+00,7.932205971293347924e-01,1.926516927526508027e+01,3.855995047077379390e+00
3.969554051926324156e+00,7.933146105474457865e-01,1.929675151997863125e+01,3.856452064048328854e+00
3.976050867068592787e+00,7.934075555430404325e-01,1.932833376469217868e+01,3.856903887215756388e+00
3.982547682210862305e+00,7.934994428506856323e-01,1.935991600940572965e+01,3.857350568762417442e+00
3.989044497353130492e+00,7.935902720327753235e-01,1.939149825411927708e+01,3.857792106561026557e+00
3.995541312495400010e+00,7.936800342431650224e-01,1.942308049883282806e+01,3.858228457608805506e+00
4.002038127637668197e+00,7.937687156466926020e-01,1.945466274354637548e+01,3.858659554650420098e+00
4.008534942779937715e+00,7.938563008447520053e-01,1.948624498825992646e+01,3.859085322830339670e+00
4.015031757922206346e+00,7.939427763008668482e-01,1.951782723297347388e+01,3.859505696345197023e+00
4.021528573064475864e+00,7.940281337603932732e-01,1.954940947768702486e+01,3.859920635067610739e+00
4.028025388206744495e+00,7.941123731102296412e-01,1.958099172240057229e+01,3.860330138447771731e+00
4.034522203349013125e+00,7.941955024218548820e-01,1.961257396711412326e+01,3.860734245722663438e+00
4.041019018491281756e+00,7.942775358879797798e-01,1.964415621182767069e+01,3.861133025885731929e+00
4.047515833633551274e+00,7.943584915542831748e-01,1.967573845654122167e+01,3.861526566660427040e+00
4.054012648775820793e+00,7.944383890509275625e-01,1.970732070125477264e+01,3.861914963472675488e+00
4.060509463918089423e+00,7.945172473240753597e-01,1.973890294596832007e+01,3.862298308423348203e+00
4.067006279060358054e+00,7.945950824196013063e-01,1.977048519068187105e+01,3.862676679514470468e+00
4.073503094202626684e+00,7.946719061721316812e-01,1.980206743539541847e+01,3.863050134276396097e+00
4.079999909344896203e+00,7.947477266574245469e-01,1.983364968010896945e+01,3.863418711966907448e+00
4.086496724487164833e+00,7.948225491741492954e-01,1.986523192482251687e+01,3.863782438343838166e+00
4.092993539629434352e+00,7.948963772385124749e-01,1.989681416953606785e+01,3.864141330500130866e+00
4.099490354771702982e+00,7.949692135788846148e-01,1.992839641424961528e+01,3.864495401698910815e+00
4.105987169913971613e+00,7.950410611267593186e-01,1.995997865896316625e+01,3.864844666190720535e+00
4.112483985056240243e+00,7.951119238217070340e-01,1.999156090367671368e+01,3.865189143126556370e+00
4.118980800198509762e+00,7.951818067235151277e-01,2.002314314839026466e+01,3.865528857102999538e+00
4.125477615340778392e+00,7.952507157292183493e-01,2.005472539310381208e+01,3.865863836786648911e+00
4.131974430483047911e+00,7.953186572636228302e-01,2.008630763781736306e+01,3.866194113409699984e+00
4.138471245625316541e+00,7.953856379698250878e-01,2.011788988253091048e+01,3.866519719265498978e+00
4.144968060767585172e+00,7.954516644001565773e-01,2.014947212724446146e+01,3.866840686206165945e+00
4.151464875909853802e+00,7.955167427493793353e-01,2.018105437195800889e+01,3.867157044345607808e+00
4.157961691052123321e+00,7.955808788045831692e-01,2.021263661667155986e+01,3.867468821815960744e+00
4.164458506194392839e+00,7.956440780599068896e-01,2.024421886138511084e+01,3.867776045325271195e+00
4.170955321336661470e+00,7.957063458476608675e-01,2.027580110609865827e+01,3.868078740794905546e+00
4.177452136478930100e+00,7.957676874694658009e-01,2.030738335081220924e+01,3.868376933997043299e+00
4.183948951621198731e+00,7.958281083272209511e-01,2.033896559552575667e+01,3.868670651191336241e+00
4.190445766763468249e+00,7.958876140384679720e-01,2.037054784023930765e+01,3.868959919685714066e+00
4.196942581905736880e+00,7.959462104748376010e-01,2.040213008495285507e+01,3.869244768023282877e+00
4.203439397048006398e+00,7.960039037440075349e-01,2.043371232966640605e+01,3.869525225894616671e+00
4.209936212190275029e+00,7.960607001662852733e-01,2.046529457437995347e+01,3.869801324023923073e+00
4.216433027332543659e+00,7.961166062511941810e-01,2.049687681909350445e+01,3.870073094055223706e+00
4.222929842474812290e+00,7.961716286738208526e-01,2.052845906380705188e+01,3.870340568437375062e+00
4.229426657617081808e+00,7.962257742415007611e-01,2.056004130852060285e+01,3.870603780262118931e+00
4.235923472759350439e+00,7.962790498280263307e-01,2.059162355323415028e+01,3.870862762944258240e+00
4.242420287901619957e+00,7.963314622910522278e-01,2.062320579794770126e+01,3.871117549820146664e+00
4.248917103043888588e+00,7.963830183885185487e-01,2.065478804266124868e+01,3.871368173741406959e+00
4.255413918186157218e+00,7.964337246950762284e-01,2.068637028737479966e+01,3.871614666668657723e+00
4.261910733328425849e+00,7.964835875266254028e-01,2.071795253208834708e+01,3.871857059304681936e+00
4.268407548470695367e+00,7.965326129815113454e-01,2.074953477680189806e+01,3.872095381294686778e+00
4.274904363612964886e+00,7.965808071811367741e-01,2.078111702151544904e+01,3.872329662395967098e+00
4.281401178755233516e+00,7.966281765626659350e-01,2.081269926622899646e+01,3.872559933900792561e+00
4.287897993897502147e+00,7.966747281727006857e-01,2.084428151094254744e+01,3.872786230064025226e+00
4.294394809039770777e+00,7.967204699592366213e-01,2.087586375565609487e+01,3.873008589522371814e+00
4.300891624182040296e+00,7.967654109402665386e-01,2.090744600036964584e+01,3.873227056113997424e+00
4.307388439324308926e+00,7.968095608273351171e-01,2.093902824508319327e+01,3.873441677048554244e+00
4.313885254466578445e+00,7.968529292857131630e-01,2.097061048979674425e+01,3.873652499310747288e+00
4.320382069608847075e+00,7.968955251642672044e-01,2.100219273451029167e+01,3.873859565916587755e+00
4.326878884751115706e+00,7.969373557255130525e-01,2.103377497922384265e+01,3.874062912170535444e+00
4.333375699893384336e+00,7.969784259906775858e-01,2.106535722393739007e+01,3.874262562481722405e+00
4.339872515035653855e+00,7.970187391473677607e-01,2.109693946865094105e+01,3.874458532345707251e+00
4.346369330177922485e+00,7.970582982669895955e-01,2.112852171336448848e+01,3.874650836693174227e+00
4.352866145320192004e+00,7.970971082591811196e-01,2.116010395807803945e+01,3.874839499390801301e+00
4.359362960462460634e+00,7.971351778282156353e-01,2.119168620279158688e+01,3.875024562751703261e+00
4.365859775604729265e+00,7.971725212915510284e-01,2.122326844750513786e+01,3.875206096375745535e+00
4.372356590746998783e+00,7.972091583665382730e-01,2.125485069221868883e+01,3.875384196112693580e+00
4.378853405889267414e+00,7.972451104224729246e-01,2.128643293693223626e+01,3.875558965842725634e+00
4.385350221031536933e+00,7.972803957917057316e-01,2.131801518164578724e+01,3.875730494682859462e+00
4.391847036173805563e+00,7.973150250625228308e-01,2.134959742635933466e+01,3.875898834104753110e+00
4.398343851316074193e+00,7.973489965803894908e-01,2.138117967107288564e+01,3.876063976065399874e+00
4.404840666458342824e+00,7.973822953988060069e-01,2.141276191578643306e+01,3.876225847907044386e+00
4.411337481600612342e+00,7.974148987375897502e-01,2.144434416049998404e+01,3.876384338890918269e+00
4.417834296742880973e+00,7.974467833300408204e-01,2.147592640521353147e+01,3.876539335913202766e+00
4.424331111885150492e+00,7.974779328130915390e-01,2.150750864992708244e+01,3.876690759429935795e+00
4.430827927027419122e+00,7.975083448027296962e-01,2.153909089464062987e+01,3.876838597851985035e+00
4.437324742169687752e+00,7.975380339087071446e-01,2.157067313935418085e+01,3.876982922200111314e+00
4.443821557311956383e+00,7.975670283256741655e-01,2.160225538406772827e+01,3.877123869533832146e+00
4.450318372454225901e+00,7.975953648824134490e-01,2.163383762878127925e+01,3.877261618884811245e+00
4.456815187596494532e+00,7.976230840666932442e-01,2.166541987349482667e+01,3.877396367071732630e+00
4.463312002738764050e+00,7.976502250394037485e-01,2.169700211820837765e+01,3.877528304463075504e+00
4.469808817881032681e+00,7.976768205688110625e-01,2.172858436292192863e+01,3.877657590351565986e+00
4.476305633023301311e+00,7.977028918817258285e-01,2.176016660763547605e+01,3.877784327924738150e+00
4.482802448165570830e+00,7.977284435023872522e-01,2.179174885234902703e+01,3.877908539175772162e+00
4.489299263307839460e+00,7.977534581743037645e-01,2.182333109706257446e+01,3.878030140217604949e+00
4.495796078450108979e+00,7.977778955599293953e-01,2.185491334177612543e+01,3.878148934961812344e+00
4.502292893592377609e+00,7.978017042211499321e-01,2.188649558648967286e+01,3.878264673358011283e+00
4.508789708734646240e+00,7.978248407753256721e-01,2.191807783120322384e+01,3.878377144515002595e+00
4.515286523876914870e+00,7.978472894955987993e-01,2.194966007591677126e+01,3.878486271981560485e+00
4.521783339019184389e+00,7.978690802267626170e-01,2.198124232063032224e+01,3.878592200838859583e+00
4.528280154161453019e+00,7.978902876143214584e-01,2.201282456534386966e+01,3.878695293952785228e+00
4.534776969303722538e+00,7.979110038746766165e-01,2.204440681005742064e+01,3.878795999604671696e+00
4.541273784445990280e+00,7.979313059518807760e-01,2.207598905477096807e+01,3.878894691834081421e+00
4.547770599588259799e+00,7.979512229820139302e-01,2.210757129948451905e+01,3.878991512276999565e+00
4.554267414730528429e+00,7.979707170033210062e-01,2.213915354419806647e+01,3.879086276394169364e+00
4.560764229872797948e+00,7.979897040455036228e-01,2.217073578891161745e+01,3.879178575990120059e+00
4.567261045015066578e+00,7.980080942632882257e-01,2.220231803362516487e+01,3.879267974310018463e+00
4.573757860157336097e+00,7.980258329791027894e-01,2.223390027833871585e+01,3.879354205555865853e+00
4.580254675299604727e+00,7.980429346158529613e-01,2.226548252305226683e+01,3.879437339840130061e+00
4.586751490441873358e+00,7.980594771826834410e-01,2.229706476776581425e+01,3.879517756379986526e+00
4.593248305584142877e+00,7.980755646467643238e-01,2.232864701247936523e+01,3.879595960579474756e+00
4.599745120726411507e+00,7.980912858222858342e-01,2.236022925719291266e+01,3.879672384181136913e+00
4.606241935868681026e+00,7.981066767640071502e-01,2.239181150190646363e+01,3.879747202453962984e+00
4.612738751010948768e+00,7.981217126080677460e-01,2.242339374662001106e+01,3.879820294530033298e+00
4.619235566153218286e+00,7.981363330756160446e-01,2.245497599133356204e+01,3.879891367382473533e+00
4.625732381295486917e+00,7.981504735497954028e-01,2.248655823604710946e+01,3.879960106896545913e+00
4.632229196437756436e+00,7.981640946239936252e-01,2.251814048076066044e+01,3.880026321509270737e+00
4.638726011580025066e+00,7.981771956261651813e-01,2.254972272547420786e+01,3.880090007953707953e+00
4.645222826722294585e+00,7.981898067892349014e-01,2.258130497018775884e+01,3.880151313197810925e+00
4.651719641864562327e+00,7.982019771927303387e-01,2.261288721490130627e+01,3.880210475826427974e+00
4.658216457006831845e+00,7.982137627250063261e-01,2.264446945961485724e+01,3.880267767523400746e+00
4.664713272149100476e+00,7.982252146829155182e-01,2.267605170432840467e+01,3.880323437652412721e+00
4.671210087291369994e+00,7.982363691986404941e-01,2.270763394904195565e+01,3.880377661858823490e+00
4.677706902433638625e+00,7.982472368318981326e-01,2.273921619375550307e+01,3.880430491475410193e+00
4.684203717575907255e+00,7.982577941375263997e-01,2.277079843846905405e+01,3.880481812530814256e+00
4.690700532718176774e+00,7.982679903904242869e-01,2.280238068318260503e+01,3.880531378440745804e+00
4.697197347860445404e+00,7.982777704641866867e-01,2.283396292789615245e+01,3.880578921225343869e+00
4.703694163002714923e+00,7.982871001172300307e-01,2.286554517260970343e+01,3.880624274429806952e+00
4.710190978144983553e+00,7.982959863564659253e-01,2.289712741732325085e+01,3.880667472116055450e+00
4.716687793287253072e+00,7.983044730710860959e-01,2.292870966203680183e+01,3.880708727637734778e+00
4.723184608429520814e+00,7.983126182343667221e-01,2.296029190675034926e+01,3.880748322813882822e+00
4.729681423571790333e+00,7.983204695705483633e-01,2.299187415146390023e+01,3.880786489641041559e+00
4.736178238714058963e+00,7.983280481072030366e-01,2.302345639617744766e+01,3.880823330338207811e+00
4.742675053856328482e+00,7.983353542438780259e-01,2.305503864089099864e+01,3.880858846847655030e+00
4.749171868998597112e+00,7.983423837826469915e-01,2.308662088560454606e+01,3.880893018762472391e+00
4.755668684140865743e+00,7.983491433963280093e-01,2.311820313031809704e+01,3.880925878520487426e+00
4.762165499283134373e+00,7.983556543784462445e-01,2.314978537503164446e+01,3.880957529633545455e+00
4.768662314425403892e+00,7.983619393890247773e-01,2.318136761974519544e+01,3.880988082256295435e+00
4.775159129567672522e+00,7.983680055609376769e-01,2.321294986445874287e+01,3.881017571062984839e+00
4.781655944709942041e+00,7.983738323168840800e-01,2.324453210917229384e+01,3.881045896023469943e+00
4.788152759852211560e+00,7.983793798271355824e-01,2.327611435388584482e+01,3.881072863517923466e+00
4.794649574994479302e+00,7.983846110012012831e-01,2.330769659859939225e+01,3.881098293242467800e+00
4.801146390136748821e+00,7.983895135850588298e-01,2.333927884331294322e+01,3.881122125627987085e+00
4.807643205279017451e+00,7.983941087462893549e-01,2.337086108802649065e+01,3.881144463574088377e+00
4.814140020421286970e+00,7.983984375214165929e-01,2.340244333274004163e+01,3.881165506567060497e+00
4.820636835563555600e+00,7.984025418153659626e-01,2.343402557745358905e+01,3.881185458314655001e+00
4.827133650705824230e+00,7.984064491278274334e-01,2.346560782216714003e+01,3.881204452498054902e+00
4.833630465848092861e+00,7.984101716342935084e-01,2.349719006688068745e+01,3.881222548304628983e+00
4.840127280990362379e+00,7.984137135177551414e-01,2.352877231159423843e+01,3.881239766068684371e+00
4.846624096132631010e+00,7.984170783589683573e-01,2.356035455630778586e+01,3.881256123196952679e+00
4.853120911274900529e+00,7.984202723567480620e-01,2.359193680102133683e+01,3.881271649823043290e+00
4.859617726417169159e+00,7.984233028126063170e-01,2.362351904573488426e+01,3.881286381440984368e+00
4.866114541559437789e+00,7.984261758946036291e-01,2.365510129044843524e+01,3.881300348034882219e+00
4.872611356701706420e+00,7.984288954517354542e-01,2.368668353516198266e+01,3.881313568315429841e+00
4.879108171843975938e+00,7.984314639682318360e-01,2.371826577987553364e+01,3.881326054358939626e+00
4.885604986986245457e+00,7.984338841774193396e-01,2.374984802458908462e+01,3.881337819452626903e+00
4.892101802128514088e+00,7.984361602619937104e-01,2.378143026930263204e+01,3.881348883929365279e+00
4.898598617270782718e+00,7.984382976135078192e-01,2.381301251401618302e+01,3.881359273998511661e+00
4.905095432413051348e+00,7.984403018518765327e-01,2.384459475872973044e+01,3.881369016979531850e+00
4.911592247555320867e+00,7.984421780164471238e-01,2.387617700344328142e+01,3.881378137369645209e+00
4.918089062697589497e+00,7.984439308574748928e-01,2.390775924815682885e+01,3.881386658260738809e+00
4.924585877839859016e+00,7.984455659636477964e-01,2.393934149287037982e+01,3.881394606820480320e+00
4.931082692982127647e+00,7.984470907175916787e-01,2.397092373758392725e+01,3.881402018937206488e+00
4.937579508124396277e+00,7.984485133765392151e-01,2.400250598229747823e+01,3.881408934750884221e+00
4.944076323266664907e+00,7.984498402256190452e-01,2.403408822701102565e+01,3.881415384814711267e+00
4.950573138408934426e+00,7.984510727271614261e-01,2.406567047172457663e+01,3.881421376237349286e+00
4.957069953551203056e+00,7.984522073780903062e-01,2.409725271643812405e+01,3.881426891989685934e+00
4.963566768693472575e+00,7.984532390558300996e-01,2.412883496115167503e+01,3.881431907169913487e+00
4.970063583835741206e+00,7.984541649088625626e-01,2.416041720586522246e+01,3.881436407916263764e+00
4.976560398978009836e+00,7.984549868137567064e-01,2.419199945057877343e+01,3.881440403351092971e+00
4.983057214120278466e+00,7.984557116646149311e-01,2.422358169529232086e+01,3.881443926987933946e+00
4.989554029262547985e+00,7.984563510768045713e-01,2.425516394000587184e+01,3.881447035291280212e+00
4.996050844404817504e+00,7.984569198061693962e-01,2.428674618471942281e+01,3.881449799992073402e+00
5.002547659547086134e+00,7.984574320565375194e-01,2.431832842943297024e+01,3.881452290137802574e+00
5.009044474689354765e+00,7.984578974299821885e-01,2.434991067414652122e+01,3.881454552405958491e+00
5.015541289831623395e+00,7.984583193885232966e-01,2.438149291886006864e+01,3.881456603626074031e+00
5.022038104973892914e+00,7.984586980367369691e-01,2.441307516357361962e+01,3.881458444306512323e+00
5.028534920116161544e+00,7.984590339094058686e-01,2.444465740828716704e+01,3.881460077046953394e+00
5.035031735258431063e+00,7.984593299827579260e-01,2.447623965300071802e+01,3.881461516315403149e+00
5.041528550400699693e+00,7.984595906480265182e-01,2.450782189771426545e+01,3.881462783458475840e+00
5.048025365542968323e+00,7.984598199671456564e-01,2.453940414242781642e+01,3.881463898221999109e+00
5.054522180685236954e+00,7.984600207714011022e-01,2.457098638714136385e+01,3.881464874369387363e+00
5.061018995827506473e+00,7.984601951259948649e-01,2.460256863185491483e+01,3.881465721939977964e+00
5.067515810969775103e+00,7.984603450896428090e-01,2.463415087656846225e+01,3.881466450941577051e+00
5.074012626112044622e+00,7.984604730745122891e-01,2.466573312128201323e+01,3.881467073100185683e+00
5.080509441254313252e+00,7.984605816204022322e-01,2.469731536599556065e+01,3.881467600762245063e+00
5.087006256396581882e+00,7.984606730619522308e-01,2.472889761070911163e+01,3.881468045276879941e+00
5.093503071538850513e+00,7.984607493899985586e-01,2.476047985542265906e+01,3.881468416321920412e+00
5.099999886681120032e+00,7.984608123619522102e-01,2.479206210013621003e+01,3.881468722440473140e+00
5.106496701823389550e+00,7.984608636465290177e-01,2.482364434484976101e+01,3.881468971744481244e+00
5.112993516965658181e+00,7.984609048710179513e-01,2.485522658956330844e+01,3.881469172144503155e+00
5.119490332107926811e+00,7.984609375619052818e-01,2.488680883427685941e+01,3.881469331061077277e+00
5.125987147250195441e+00,7.984609630772132594e-01,2.491839107899040684e+01,3.881469455095805543e+00
5.132483962392464960e+00,7.984609825922655002e-01,2.494997332370395782e+01,3.881469549962158094e+00
5.138980777534733591e+00,7.984609971343260559e-01,2.498155556841750524e+01,3.881469620653859032e+00
5.145477592677003109e+00,7.984610076189780914e-01,2.501313781313105622e+01,3.881469671621732065e+00
5.151974407819271740e+00,7.984610148640427507e-01,2.504472005784460364e+01,3.881469706841358835e+00
5.158471222961540370e+00,7.984610195866619353e-01,2.507630230255815462e+01,3.881469729798901813e+00
5.164968038103809000e+00,7.984610224053245719e-01,2.510788454727170205e+01,3.881469743500953307e+00
5.171464853246078519e+00,7.984610238685372341e-01,2.513946679198525302e+01,3.881469750613906200e+00
5.177961668388347150e+00,7.984610244995398176e-01,2.517104903669880045e+01,3.881469753681328516e+00
5.184458483530616668e+00,7.984610248311422298e-01,2.520263128141235143e+01,3.881469755293310619e+00
5.190955298672885299e+00,7.984610254050849010e-01,2.523421352612589885e+01,3.881469758083354371e+00
