x_m,r_m,x_over_rt,r_over_rt
# M4.19 vitiated-air nozzle [euler] inviscid design wall (AxisMachCFDWall)
# R=2, L_U=6, L_c=8 (r_t units), M_d=4.3; r_t=0.200512 m
# throat x=0.000000 m r=0.200512 m; exit x=5.028950 m r=0.798450 m
-1.303328000000000042e+00,7.619456000000000007e-01,-6.500000000000000000e+00,3.799999999999999822e+00
-1.299870896551724053e+00,7.619456000000000007e-01,-6.482758620689654805e+00,3.799999999999999822e+00
-1.296413793103448286e+00,7.619456000000000007e-01,-6.465517241379310498e+00,3.799999999999999822e+00
-1.292956689655172298e+00,7.619456000000000007e-01,-6.448275862068965303e+00,3.799999999999999822e+00
-1.289499586206896531e+00,7.619456000000000007e-01,-6.431034482758620996e+00,3.799999999999999822e+00
-1.286042482758620542e+00,7.619456000000000007e-01,-6.413793103448275801e+00,3.799999999999999822e+00
-1.282585379310344775e+00,7.619456000000000007e-01,-6.396551724137930606e+00,3.799999999999999822e+00
-1.279128275862069009e+00,7.619456000000000007e-01,-6.379310344827586299e+00,3.799999999999999822e+00
-1.275671172413793020e+00,7.619456000000000007e-01,-6.362068965517241104e+00,3.799999999999999822e+00
-1.272214068965517253e+00,7.619456000000000007e-01,-6.344827586206896797e+00,3.799999999999999822e+00
-1.268756965517241264e+00,7.619456000000000007e-01,-6.327586206896551602e+00,3.799999999999999822e+00
-1.265299862068965497e+00,7.619456000000000007e-01,-6.310344827586207295e+00,3.799999999999999822e+00
-1.261842758620689731e+00,7.619456000000000007e-01,-6.293103448275862100e+00,3.799999999999999822e+00
-1.258385655172413742e+00,7.619456000000000007e-01,-6.275862068965516904e+00,3.799999999999999822e+00
-1.254928551724137975e+00,7.619456000000000007e-01,-6.258620689655172598e+00,3.799999999999999822e+00
-1.251471448275861986e+00,7.619456000000000007e-01,-6.241379310344827402e+00,3.799999999999999822e+00
-1.248014344827586219e+00,7.619456000000000007e-01,-6.224137931034483096e+00,3.799999999999999822e+00
-1.244557241379310231e+00,7.619456000000000007e-01,-6.206896551724137900e+00,3.799999999999999822e+00
-1.241100137931034464e+00,7.619456000000000007e-01,-6.189655172413792705e+00,3.799999999999999822e+00
-1.237643034482758697e+00,7.619456000000000007e-01,-6.172413793103448398e+00,3.799999999999999822e+00
-1.234185931034482708e+00,7.619456000000000007e-01,-6.155172413793103203e+00,3.799999999999999822e+00
-1.230728827586206942e+00,7.619456000000000007e-01,-6.137931034482758896e+00,3.799999999999999822e+00
-1.227271724137930953e+00,7.619456000000000007e-01,-6.120689655172413701e+00,3.799999999999999822e+00
-1.223814620689655186e+00,7.619456000000000007e-01,-6.103448275862069394e+00,3.799999999999999822e+00
-1.220357517241379197e+00,7.619456000000000007e-01,-6.086206896551724199e+00,3.799999999999999822e+00
-1.216900413793103430e+00,7.619456000000000007e-01,-6.068965517241379004e+00,3.799999999999999822e+00
-1.213443310344827664e+00,7.619456000000000007e-01,-6.051724137931034697e+00,3.799999999999999822e+00
-1.209986206896551675e+00,7.619456000000000007e-01,-6.034482758620689502e+00,3.799999999999999822e+00
-1.206529103448275908e+00,7.619456000000000007e-01,-6.017241379310345195e+00,3.799999999999999822e+00
-1.203071999999999919e+00,7.619456000000000007e-01,-6.000000000000000000e+00,3.799999999999999822e+00
-1.197026412060301359e+00,7.619451196323093756e-01,-5.969849246231155426e+00,3.799997604294552911e+00
-1.190980824120603021e+00,7.619417814869435812e-01,-5.939698492462311741e+00,3.799980956186879588e+00
-1.184935236180904461e+00,7.619327946938931895e-01,-5.909547738693467167e+00,3.799936136958851574e+00
-1.178889648241206123e+00,7.619154408266183287e-01,-5.879396984924623482e+00,3.799849589184778775e+00
-1.172844060301507563e+00,7.618870733006657403e-01,-5.849246231155778908e+00,3.799708113732174208e+00
-1.166798472361809003e+00,7.618451167722863904e-01,-5.819095477386934334e+00,3.799498866762519800e+00
-1.160752884422110665e+00,7.617870665370530814e-01,-5.788944723618090649e+00,3.799209356732031750e+00
-1.154707296482412104e+00,7.617104879284778418e-01,-5.758793969849246075e+00,3.798827441392424564e+00
-1.148661708542713544e+00,7.616130157166289827e-01,-5.728643216080402389e+00,3.798341324791678186e+00
-1.142616120603014984e+00,7.614923535067489313e-01,-5.698492462311557816e+00,3.797739554274801144e+00
-1.136570532663316424e+00,7.613462731378715098e-01,-5.668341708542713242e+00,3.797011017484596795e+00
-1.130524944723618086e+00,7.611726140814393249e-01,-5.638190954773869557e+00,3.796144939362428694e+00
-1.124479356783919526e+00,7.609692828399216014e-01,-5.608040201005024983e+00,3.795130879148986836e+00
-1.118433768844221188e+00,7.607342523454309058e-01,-5.577889447236181297e+00,3.793958727385049023e+00
-1.112388180904522628e+00,7.604655613583412022e-01,-5.547738693467336724e+00,3.792618702912250672e+00
-1.106342592964824068e+00,7.601613138659044644e-01,-5.517587939698492150e+00,3.791101349873845283e+00
-1.100297005025125729e+00,7.598196784808693982e-01,-5.487437185929648464e+00,3.789397534715475580e+00
-1.094251417085427169e+00,7.594388878400980536e-01,-5.457286432160803891e+00,3.787498443185934427e+00
-1.088205829145728609e+00,7.590172380031826593e-01,-5.427135678391960205e+00,3.785395577337928419e+00
-1.082160241206030049e+00,7.585530878510646779e-01,-5.396984924623115631e+00,3.783080752528849455e+00
-1.076114653266331489e+00,7.580448584846505300e-01,-5.366834170854271058e+00,3.780546094421533443e+00
-1.070069065326633151e+00,7.574910326234302049e-01,-5.336683417085427372e+00,3.777784035985029654e+00
-1.064023477386934591e+00,7.568901540040944287e-01,-5.306532663316582799e+00,3.774787314495364310e+00
-1.057977889447236253e+00,7.562408267791514982e-01,-5.276381909547739113e+00,3.771548968536304614e+00
-1.051932301507537693e+00,7.555417149155455592e-01,-5.246231155778894539e+00,3.768062335000127661e+00
-1.045886713567839132e+00,7.547915415932732186e-01,-5.216080402010049966e+00,3.764321046088380029e+00
-1.039841125628140794e+00,7.539890886040021556e-01,-5.185929648241206280e+00,3.760319026312650248e+00
-1.033795537688442234e+00,7.531331957496867346e-01,-5.155778894472361706e+00,3.756050489495325717e+00
-1.027749949748743674e+00,7.522227602411876157e-01,-5.125628140703517133e+00,3.751509935770366067e+00
-1.021704361809045114e+00,7.512567360968872565e-01,-5.095477386934673447e+00,3.746692148584061410e+00
-1.015658773869346554e+00,7.502341335413087453e-01,-5.065326633165828873e+00,3.741592191695802594e+00
-1.009613185929648216e+00,7.491540184037320804e-01,-5.035175879396985188e+00,3.736205406178842559e+00
-1.003567597989949656e+00,7.480155115168126700e-01,-5.005025125628140614e+00,3.730527407421065256e+00
-9.975220100502513176e-01,7.468177881151979447e-01,-4.974874371859296929e+00,3.724554082125747900e+00
-9.914764221105527575e-01,7.455600772341451909e-01,-4.944723618090452355e+00,3.718281585312326332e+00
-9.854308341708541974e-01,7.442416611081389410e-01,-4.914572864321607781e+00,3.711706337317163040e+00
-9.793852462311558593e-01,7.428618745695086956e-01,-4.884422110552764096e+00,3.704825020794309864e+00
-9.733396582914572992e-01,7.414201044470450919e-01,-4.854271356783919522e+00,3.697634577716272020e+00
-9.672940703517587391e-01,7.399157889646192920e-01,-4.824120603015074948e+00,3.690132206374777013e+00
-9.612484824120602900e-01,7.383484171397989293e-01,-4.793969849246231263e+00,3.682315358381537784e+00
-9.552028944723617299e-01,7.367175281824658306e-01,-4.763819095477386689e+00,3.674181735669016291e+00
-9.491573065326633918e-01,7.350227108934339615e-01,-4.733668341708543004e+00,3.665729287491192423e+00
-9.431117185929648317e-01,7.332636030630663715e-01,-4.703517587939698430e+00,3.656956207424325811e+00
-9.370661306532663826e-01,7.314398908698929169e-01,-4.673366834170854744e+00,3.647860930367723409e+00
-9.310205427135678224e-01,7.295513082792270954e-01,-4.643216080402010171e+00,3.638442129544501746e+00
-9.249749547738692623e-01,7.275976364417844344e-01,-4.613065326633165597e+00,3.628698713502356288e+00
-9.189293668341709242e-01,7.255787030922992153e-01,-4.582914572864321912e+00,3.618629823114323685e+00
-9.128837788944723641e-01,7.234943819481420846e-01,-4.552763819095477338e+00,3.608234828579546694e+00
-9.068381909547738040e-01,7.213445921079372214e-01,-4.522613065326632764e+00,3.597513326424040869e+00
-9.007926030150753549e-01,7.191292974501809487e-01,-4.492462311557789079e+00,3.586465136501461259e+00
-8.947470150753767948e-01,7.168485060318571245e-01,-4.462311557788944505e+00,3.575090298993861548e+00
-8.887014271356784567e-01,7.145022694870567515e-01,-4.432160804020100819e+00,3.563389071412467857e+00
-8.826558391959798966e-01,7.120906824255934797e-01,-4.402010050251256246e+00,3.551361925598435221e+00
-8.766102512562814475e-01,7.096138818316224395e-01,-4.371859296482412560e+00,3.539009544723620060e+00
-8.705646633165828874e-01,7.070720464622572976e-01,-4.341708542713567986e+00,3.526332820291340653e+00
-8.645190753768843273e-01,7.044653962461870922e-01,-4.311557788944723413e+00,3.513332849137144720e+00
-8.584734874371859892e-01,7.017941916822946213e-01,-4.281407035175879727e+00,3.500010930429573452e+00
-8.524278994974874291e-01,6.990587332382729446e-01,-4.251256281407035154e+00,3.486368562670927318e+00
-8.463823115577888689e-01,6.962593607492434389e-01,-4.221105527638190580e+00,3.472407440698030534e+00
-8.403367236180904198e-01,6.933964528163731877e-01,-4.190954773869346894e+00,3.458129452682997318e+00
-8.342911356783918597e-01,6.904704262054919273e-01,-4.160804020100502321e+00,3.443536677133996804e+00
-8.282455477386935216e-01,6.874817352457102126e-01,-4.130653266331658635e+00,3.428631379896017517e+00
-8.221999597989949615e-01,6.844308712280364748e-01,-4.100502512562814061e+00,3.413416011151634066e+00
-8.161543718592966234e-01,6.813183618039938549e-01,-4.070351758793970376e+00,3.397893202421769843e+00
-8.101087839195980633e-01,6.781447703842385932e-01,-4.040201005025125802e+00,3.382065763566462824e+00
-8.040631959798993922e-01,6.749106955371775296e-01,-4.010050251256281229e+00,3.365936679785636265e+00
-7.980176080402009431e-01,6.716167703875841610e-01,-3.979899497487437099e+00,3.349509108619853848e+00
-7.919720201005024940e-01,6.682636620152176965e-01,-3.949748743718592969e+00,3.332786376951093921e+00
-7.859264321608040449e-01,6.648520708534395585e-01,-3.919597989949748840e+00,3.315771978003509091e+00
-7.798808442211055958e-01,6.613827300878312165e-01,-3.889447236180904710e+00,3.298469568344195135e+00
-7.738352562814070357e-01,6.578564050548112441e-01,-3.859296482412060580e+00,3.280882964883953257e+00
-7.677896683417084756e-01,6.542738926402527078e-01,-3.829145728643216007e+00,3.263016141878055887e+00
-7.617440804020100265e-01,6.506360206781017785e-01,-3.798994974874371877e+00,3.244873227927015602e+00
-7.556984924623115774e-01,6.469436473489930117e-01,-3.768844221105527748e+00,3.226458502977343379e+00
-7.496529045226131283e-01,6.431976605788690682e-01,-3.738693467336683618e+00,3.207776395322320173e+00
-7.436073165829145681e-01,6.393989774375963275e-01,-3.708542713567839488e+00,3.188831478602758729e+00
-7.375617286432160080e-01,6.355485435375834991e-01,-3.678391959798994915e+00,3.169628468807769828e+00
-7.315161407035175589e-01,6.316473324323984562e-01,-3.648241206030150785e+00,3.150172221275527207e+00
-7.254705527638191098e-01,6.276963450153860702e-01,-3.618090452261306655e+00,3.130467727694033808e+00
-7.194249648241206607e-01,6.236966089182849338e-01,-3.587939698492462526e+00,3.110520113101884032e+00
-7.133793768844222116e-01,6.196491779098456387e-01,-3.557788944723618396e+00,3.090334632889032207e+00
-7.073337889447235405e-01,6.155551312944476106e-01,-3.527638190954773822e+00,3.069916669797556175e+00
-7.012882010050250914e-01,6.114155733107171642e-01,-3.497487437185929693e+00,3.049271730922424428e+00
-6.952426130653266423e-01,6.072316325301440054e-01,-3.467336683417085563e+00,3.028405444712256589e+00
-6.891970251256281932e-01,6.030044612556996197e-01,-3.437185929648241434e+00,3.007323557970094985e+00
-6.831514371859297441e-01,5.987352349204542179e-01,-3.407035175879397304e+00,2.986031932854164683e+00
-6.771058492462311840e-01,5.944251514861937924e-01,-3.376884422110552730e+00,2.964536543878639741e+00
-6.710602613065326238e-01,5.900754308420383953e-01,-3.346733668341708601e+00,2.942843474914411228e+00
-6.650146733668341748e-01,5.856873142030594170e-01,-3.316582914572864471e+00,2.920958916189851262e+00
-6.589690854271357257e-01,5.812620635088961984e-01,-3.286432160804020342e+00,2.898889161291574368e+00
-6.529234974874372766e-01,5.768009608223741980e-01,-3.256281407035176212e+00,2.876640604165208170e+00
-6.468779095477387164e-01,5.723053077281221590e-01,-3.226130653266331638e+00,2.854219736116153427e+00
-6.408323216080401563e-01,5.677764247311900547e-01,-3.195979899497487509e+00,2.831633142810356052e+00
-6.347867336683417072e-01,5.632156506556657005e-01,-3.165829145728643379e+00,2.808887501275064480e+00
-6.287411457286432581e-01,5.586243420432928097e-01,-3.135678391959799249e+00,2.785989576899601250e+00
-6.226955577889446980e-01,5.540038725520878282e-01,-3.105527638190954676e+00,2.762946220436122591e+00
-6.166499698492462489e-01,5.493556323549582121e-01,-3.075376884422110546e+00,2.739764365000390001e+00
-6.106043819095476888e-01,5.446810275383190403e-01,-3.045226130653266416e+00,2.716451023072529836e+00
-6.045587939698492397e-01,5.399814795007109591e-01,-3.015075376884422287e+00,2.693013283497800447e+00
-5.985132060301507906e-01,5.352584243514172391e-01,-2.984924623115578157e+00,2.669458308487358877e+00
-5.924676180904522305e-01,5.305133123090817193e-01,-2.954773869346733584e+00,2.645793330619023997e+00
-5.864220301507537814e-01,5.257476071003257534e-01,-2.924623115577889454e+00,2.622025649838043648e+00
-5.803764422110553323e-01,5.209627853583658208e-01,-2.894472361809045324e+00,2.598162630457856892e+00
-5.743308542713567721e-01,5.161603360216310277e-01,-2.864321608040201195e+00,2.574211698160863371e+00
-5.682852663316583230e-01,5.113417597323801633e-01,-2.834170854271357065e+00,2.550180336999182895e+00
-5.622396783919597629e-01,5.065085682353198671e-01,-2.804020100502512491e+00,2.526076086395427023e+00
-5.561940904522613138e-01,5.016622837762214626e-01,-2.773869346733668362e+00,2.501906538143459979e+00
-5.501485025125628647e-01,4.968044385005383479e-01,-2.743718592964824232e+00,2.477679333409164464e+00
-5.441029145728643046e-01,4.919365738520240505e-01,-2.713567839195980103e+00,2.453402159731208343e+00
-5.380573266331658555e-01,4.870602399713488961e-01,-2.683417085427135973e+00,2.429082748021808680e+00
-5.320117386934672954e-01,4.821769950947176198e-01,-2.653266331658291399e+00,2.404728869567495320e+00
-5.259661507537688463e-01,4.772884049524876993e-01,-2.623115577889447270e+00,2.380348333029882024e+00
-5.199205628140703972e-01,4.723960421677853017e-01,-2.592964824120603140e+00,2.355948981446423840e+00
-5.138749748743718371e-01,4.675014856551238385e-01,-2.562814070351759010e+00,2.331538689231187345e+00
-5.078293869346733880e-01,4.626063200190209113e-01,-2.532663316582914881e+00,2.307125359175615120e+00
-5.017837989949748279e-01,4.577121349526158123e-01,-2.502512562814070307e+00,2.282716919449288895e+00
-4.957382110552763788e-01,4.528205246362870806e-01,-2.472361809045226178e+00,2.258321320600697568e+00
-4.896926231155779297e-01,4.479330871362698363e-01,-2.442211055276382048e+00,2.233946532558000797e+00
-4.836470351758794251e-01,4.430514238032733365e-01,-2.412060301507537918e+00,2.209600541629794357e+00
-4.776014472361809760e-01,4.381771386710978100e-01,-2.381909547738693789e+00,2.185291347505874171e+00
-4.715558592964824158e-01,4.333118378552532346e-01,-2.351758793969849215e+00,2.161026960258005669e+00
-4.655102713567839112e-01,4.284571289515752834e-01,-2.321608040201005085e+00,2.136815397340684264e+00
-4.594646834170854621e-01,4.236146204348433808e-01,-2.291457286432160956e+00,2.112664680591901600e+00
-4.534190954773869575e-01,4.187859210573983693e-01,-2.261306532663316826e+00,2.088582833233913139e+00
-4.473735075376885084e-01,4.139726392477595662e-01,-2.231155778894472697e+00,2.064577876874000406e+00
-4.413279195979899483e-01,4.091763825092422091e-01,-2.201005025125628123e+00,2.040657828505237692e+00
-4.352823316582914437e-01,4.043987568185757331e-01,-2.170854271356783993e+00,2.016830697507260073e+00
-4.292367437185929946e-01,3.996413660245193289e-01,-2.140703517587939864e+00,1.993104482647020337e+00
-4.231911557788944900e-01,3.949058112464815529e-01,-2.110552763819095734e+00,1.969487169079564115e+00
-4.171455678391960409e-01,3.901936902731361068e-01,-2.080402010050251604e+00,1.945986725348787694e+00
-4.110999798994974808e-01,3.855065969610405596e-01,-2.050251256281407031e+00,1.922611100388209149e+00
-4.050543919597990317e-01,3.808461206332519611e-01,-2.020100502512562901e+00,1.899368220521724160e+00
-3.990088040201005271e-01,3.762138454779467844e-01,-1.989949748743718771e+00,1.876265986464385138e+00
-3.929632160804019669e-01,3.716113499470359849e-01,-1.959798994974874198e+00,1.853312270323152822e+00
-3.869176281407035733e-01,3.670402061547842210e-01,-1.929648241206030512e+00,1.830514912597671184e+00
-3.808720402010050132e-01,3.625019792764256898e-01,-1.899497487437185939e+00,1.807881719181025026e+00
-3.748264522613066196e-01,3.579982269467831824e-01,-1.869346733668342253e+00,1.785420458360513107e+00
-3.687808643216080595e-01,3.535304986588843068e-01,-1.839195979899497679e+00,1.763138857818406402e+00
-3.627352763819094994e-01,3.491003351625787676e-01,-1.809045226130653106e+00,1.741044601632714128e+00
-3.566896884422111058e-01,3.447092678631580309e-01,-1.778894472361809420e+00,1.719145327277958657e+00
-3.506441005025125457e-01,3.403588182199692169e-01,-1.748743718592964846e+00,1.697448622625923775e+00
-3.445985125628141521e-01,3.360504971450359313e-01,-1.718592964824121161e+00,1.675962022946436702e+00
-3.385529246231155920e-01,3.317858044016724905e-01,-1.688442211055276587e+00,1.654693007908117686e+00
-3.325073366834170319e-01,3.275662280031046425e-01,-1.658291457286432014e+00,1.633648998579160461e+00
-3.264617487437186383e-01,3.233932436110846798e-01,-1.628140703517588328e+00,1.612837354428087622e+00
-3.204161608040200782e-01,3.192683139345097731e-01,-1.597989949748743754e+00,1.592265370324518203e+00
-3.143705728643217401e-01,3.151928881280385841e-01,-1.567839195979900069e+00,1.571940273539930821e+00
-3.083249849246231800e-01,3.111684011907102088e-01,-1.537688442211055495e+00,1.551869220748435030e+00
-3.022793969849245643e-01,3.071962733645596799e-01,-1.507537688442210921e+00,1.532059295027528023e+00
-2.962338090452262263e-01,3.032779095332384101e-01,-1.477386934673367236e+00,1.512517502858873319e+00
-2.901882211055276661e-01,2.994146986206264183e-01,-1.447236180904522662e+00,1.493250771129041699e+00
-2.841426331658292725e-01,2.956080129894564923e-01,-1.417085427135678977e+00,1.474265944130308981e+00
-2.780970452261307124e-01,2.918592078399251388e-01,-1.386934673366834403e+00,1.455569780561388527e+00
-2.720514572864321523e-01,2.881696206083155798e-01,-1.356783919597989829e+00,1.437168950528225686e+00
-2.660058693467337587e-01,2.845405703656112006e-01,-1.326633165829146144e+00,1.419070032544741622e+00
-2.599602814070351986e-01,2.809733572161136617e-01,-1.296482412060301570e+00,1.401279510533602224e+00
-2.539146934673368050e-01,2.774692616960623970e-01,-1.266331658291457885e+00,1.383803770826995017e+00
-2.478691055276382449e-01,2.740295441722508940e-01,-1.236180904522613311e+00,1.366649099167386083e+00
-2.418235175879396848e-01,2.706554442406429173e-01,-1.206030150753768737e+00,1.349821677708281431e+00
-2.357779296482412912e-01,2.673481801249902312e-01,-1.175879396984925052e+00,1.333327582014992796e+00
-2.297323417085427311e-01,2.641089480754536534e-01,-1.145728643216080478e+00,1.317172778065420768e+00
-2.236867537688443375e-01,2.609389217672145045e-01,-1.115577889447236792e+00,1.301363119250790401e+00
-2.176411658291457774e-01,2.578392516990967720e-01,-1.085427135678392219e+00,1.285904343376440107e+00
-2.115955778894472172e-01,2.548110645921826123e-01,-1.055276381909547645e+00,1.270802069662576805e+00
-2.055499899497488236e-01,2.518554627884299624e-01,-1.025125628140703959e+00,1.256061795745042620e+00
-1.995044020100502635e-01,2.489735236492902903e-01,-9.949748743718593857e-01,1.241688894676080679e+00
-1.934588140703518699e-01,2.461662989543251245e-01,-9.648241206030157002e-01,1.227688611925097373e+00
-1.874132261306533098e-01,2.434348142998245257e-01,-9.346733668341711265e-01,1.214066062379431266e+00
-1.813676381909547497e-01,2.407800684974257255e-01,-9.045226130653265528e-01,1.200826227345125119e+00
-1.753220502512563561e-01,2.382030329727254092e-01,-8.743718592964828673e-01,1.187973951547665052e+00
-1.692764623115577960e-01,2.357046511639040998e-01,-8.442211055276382936e-01,1.175513940132780544e+00
-1.632308743718594302e-01,2.332858379203384958e-01,-8.140703517587946081e-01,1.163450755667184477e+00
-1.571852864321608700e-01,2.309474789012223306e-01,-7.839195979899500344e-01,1.151788815139354938e+00
-1.511396984924622822e-01,2.286904299741793212e-01,-7.537688442211054607e-01,1.140532386960278366e+00
-1.450941105527639163e-01,2.265155166138850262e-01,-7.236180904522617752e-01,1.129685587964236682e+00
-1.390485226130653562e-01,2.244235333006844024e-01,-6.934673366834172015e-01,1.119252380409573533e+00
-1.330029346733669626e-01,2.224152429192036151e-01,-6.633165829145735159e-01,1.109236568979430793e+00
-1.269573467336684025e-01,2.204913761569742003e-01,-6.331658291457289423e-01,1.099641797782547670e+00
-1.209117587939698424e-01,2.186526309030460136e-01,-6.030150753768843686e-01,1.090471547354003867e+00
-1.148661708542714488e-01,2.168996716466082275e-01,-5.728643216080406830e-01,1.081729131656001819e+00
-1.088205829145728887e-01,2.152331288756032801e-01,-5.427135678391961093e-01,1.073417695078615175e+00
-1.027749949748745090e-01,2.136535984753452910e-01,-5.125628140703524238e-01,1.065540209440558606e+00
-9.672940703517593497e-02,2.121616411271396163e-01,-4.824120603015078501e-01,1.058099470989963820e+00
-9.068381909547737485e-02,2.107577817068968518e-01,-4.522613065326632764e-01,1.051098097405127163e+00
-8.463823115577899514e-02,2.094425086837548022e-01,-4.221105527638195909e-01,1.044538524795298073e+00
-7.859264321608043502e-02,2.082162735186906810e-01,-3.919597989949750172e-01,1.038423004701417796e+00
-7.254705527638204143e-02,2.070794900631417468e-01,-3.618090452261313317e-01,1.032753601096900731e+00
-6.650146733668348131e-02,2.060325339576221104e-01,-3.316582914572867580e-01,1.027532187388396245e+00
-6.045587939698492119e-02,2.050757420303420397e-01,-3.015075376884421843e-01,1.022760443416563803e+00
-5.441029145728653454e-02,2.042094116958196870e-01,-2.713567839195984988e-01,1.018439852456809014e+00
-4.836470351758796749e-02,2.034338003535048622e-01,-2.412060301507539251e-01,1.014571698220080975e+00
-4.231911557788940736e-02,2.027491247863935642e-01,-2.110552763819093514e-01,1.011157061853622530e+00
-3.627352763819102072e-02,2.021555605596463689e-01,-1.809045226130656658e-01,1.008196818941740958e+00
-3.022793969849246060e-02,2.016532414192045986e-01,-1.507537688442210921e-01,1.005691636506566233e+00
-2.418235175879407395e-02,2.012422586904067112e-01,-1.206030150753774066e-01,1.003641970008811057e+00
-1.813676381909551036e-02,2.009226606766112144e-01,-9.045226130653283292e-02,1.002048060348563752e+00
-1.209117587939694850e-02,2.006944520578047009e-01,-6.030150753768825922e-02,1.000909930866006547e+00
-6.045587939698562722e-03,2.005575932892320334e-01,-3.015075376884457370e-02,1.000227384342244008e+00
0.000000000000000000e+00,2.005119999999999958e-01,0.000000000000000000e+00,1.000000000000000000e+00
6.294055191861295737e-03,2.005771654790076408e-01,3.138991776981574916e-02,1.000324995406796758e+00
1.258811038372259147e-02,2.007316794155666329e-01,6.277983553963149832e-02,1.001095592361388009e+00
1.888216557558388548e-02,2.009816408969711810e-01,9.416975330944724054e-02,1.002342208431271864e+00
2.517622076744518295e-02,2.013241965067396333e-01,1.255596710792629966e-01,1.004050612964509037e+00
3.147027595930648042e-02,2.017615522415080465e-01,1.569495888490787527e-01,1.006231807779624399e+00
3.776433115116777095e-02,2.022968056727701414e-01,1.883395066188944811e-01,1.008901241186413555e+00
4.405838634302906842e-02,2.029308711326044679e-01,2.197294243887102372e-01,1.012063473171702865e+00
5.035244153489036589e-02,2.036674525013136838e-01,2.511193421585259933e-01,1.015736975848396506e+00
5.664649672675165643e-02,2.045123527757753412e-01,2.825092599283417494e-01,1.019950690112189529e+00
6.294055191861296084e-02,2.054702022652121762e-01,3.138991776981575055e-01,1.024727708392575876e+00
6.923460711047425831e-02,2.065472747940183817e-01,3.452890954679732616e-01,1.030099319711630157e+00
7.552866230233554190e-02,2.077529684819275357e-01,3.766790132377889622e-01,1.036112394679258752e+00
8.182271749419683937e-02,2.090995092147922008e-01,4.080689310076047183e-01,1.042827906632980639e+00
8.811677268605813684e-02,2.105994325906987708e-01,4.394588487774204744e-01,1.050308373517289562e+00
9.441082787791943431e-02,2.122595690859019890e-01,4.708487665472362305e-01,1.058587860506613021e+00
1.007048830697807318e-01,2.140694932809181772e-01,5.022386843170519866e-01,1.067614373608154033e+00
1.069989382616420154e-01,2.160022940191250462e-01,5.336286020868676871e-01,1.077253700622032850e+00
1.132929934535033129e-01,2.180293528318385798e-01,5.650185198566834988e-01,1.087363114585853108e+00
1.195870486453646103e-01,2.201283502652585100e-01,5.964084376264991993e-01,1.097831303190125896e+00
1.258811038372259217e-01,2.222838170932693314e-01,6.277983553963150110e-01,1.108581117804766425e+00
1.321751590290871914e-01,2.244848406296915122e-01,6.591882731661307115e-01,1.119558134324586618e+00
1.384692142209485166e-01,2.267232563077671292e-01,6.905781909359465232e-01,1.130721634155397837e+00
1.447632694128097863e-01,2.289931369911072934e-01,7.219681087057622237e-01,1.142042057288876977e+00
1.510573246046710838e-01,2.312897232368956446e-01,7.533580264755779243e-01,1.153495667276251080e+00
1.573513797965323813e-01,2.336087870443851466e-01,7.847479442453937359e-01,1.165061378094005118e+00
1.636454349883936787e-01,2.359470291587500157e-01,8.161378620152094365e-01,1.176722735590638003e+00
1.699394901802549762e-01,2.383017528144693586e-01,8.475277797850252481e-01,1.188466290369002198e+00
1.762335453721162737e-01,2.406704389611178940e-01,8.789176975548409487e-01,1.200279479338483002e+00
1.825276005639775712e-01,2.430510268742801516e-01,9.103076153246567603e-01,1.212152025186922222e+00
1.888216557558388686e-01,2.454418246050394936e-01,9.416975330944724609e-01,1.224075489771382808e+00
1.951157109477001661e-01,2.478410662515468654e-01,9.730874508642882725e-01,1.236041066128445554e+00
2.014097661395614636e-01,2.502471226453161779e-01,1.004477368634103973e+00,1.248040629215788622e+00
2.077038213314227610e-01,2.526588567697604648e-01,1.035867286403919785e+00,1.260068508467126591e+00
2.139978765232840308e-01,2.550753129566288302e-01,1.067257204173735374e+00,1.272119937742523410e+00
2.202919317151453282e-01,2.574953729868710295e-01,1.098647121943551186e+00,1.284189340223383269e+00
2.265859869070066257e-01,2.599179149076091822e-01,1.130037039713366998e+00,1.296271120469643767e+00
2.328800420988679509e-01,2.623420332457976345e-01,1.161426957483182809e+00,1.308360762676536337e+00
2.391740972907292206e-01,2.647670494558472254e-01,1.192816875252998399e+00,1.320454882779321215e+00
2.454681524825905181e-01,2.671924149536978321e-01,1.224206793022814210e+00,1.332550744861643377e+00
2.517622076744518433e-01,2.696175194919984697e-01,1.255596710792630022e+00,1.344645305477968789e+00
2.580562628663131131e-01,2.720415666984977721e-01,1.286986628562445611e+00,1.356734592934576433e+00
2.643503180581743828e-01,2.744637697335093884e-01,1.318376546332261423e+00,1.368814683078865002e+00
2.706443732500357080e-01,2.768836434112459388e-01,1.349766464102077235e+00,1.380883156176418103e+00
2.769384284418970332e-01,2.793009571410146608e-01,1.381156381871893046e+00,1.392938862217795837e+00
2.832324836337583029e-01,2.817154142376093184e-01,1.412546299641708636e+00,1.404980321564840651e+00
2.895265388256195727e-01,2.841264891871347342e-01,1.443936217411524447e+00,1.417004913357478468e+00
2.958205940174808979e-01,2.865335876583712249e-01,1.475326135181340259e+00,1.429009673527625424e+00
3.021146492093421676e-01,2.889362527349287335e-01,1.506716052951155849e+00,1.440992323326926838e+00
3.084087044012034373e-01,2.913341947437422252e-01,1.538105970720971660e+00,1.452951418088404889e+00
3.147027595930647625e-01,2.937271971053643238e-01,1.569495888490787472e+00,1.464885877679960924e+00
3.209968147849260878e-01,2.961150375905728938e-01,1.600885806260603283e+00,1.476794593792755128e+00
3.272908699767873575e-01,2.984974722390518198e-01,1.632275724030418873e+00,1.488676349739924909e+00
3.335849251686486272e-01,3.008742423084264650e-01,1.663665641800234685e+00,1.500529855113043043e+00
3.398789803605099524e-01,3.032450839031482492e-01,1.695055559570050496e+00,1.512353793803604018e+00
3.461730355523712777e-01,3.056097406559400431e-01,1.726445477339866308e+00,1.524146887248344573e+00
3.524670907442325474e-01,3.079679764415618193e-01,1.757835395109681897e+00,1.535907957835749515e+00
3.587611459360938171e-01,3.103195797991935012e-01,1.789225312879497709e+00,1.547635950961506079e+00
3.650552011279551423e-01,3.126643561606831101e-01,1.820615230649313521e+00,1.559329896268967008e+00
3.713492563198164120e-01,3.150021179446893527e-01,1.852005148419129110e+00,1.570988858246336051e+00
3.776433115116777373e-01,3.173326835425097636e-01,1.883395066188944922e+00,1.582611931168756758e+00
3.839373667035390070e-01,3.196558926846611026e-01,1.914784983958760733e+00,1.594198315735023908e+00
3.902314218954003322e-01,3.219716262080890568e-01,1.946174901728576545e+00,1.605747417651258058e+00
3.965254770872616019e-01,3.242798172814131408e-01,1.977564819498392135e+00,1.617258903613814303e+00
4.028195322791229271e-01,3.265804343388942765e-01,2.008954737268207946e+00,1.628732616197007044e+00
4.091135874709841413e-01,3.288734497283922753e-01,2.040344655038023536e+00,1.640168417493178987e+00
4.154076426628455221e-01,3.311588095496868500e-01,2.071734572807839569e+00,1.651566038689389559e+00
4.217016978547067918e-01,3.334364227921236545e-01,2.103124490577655159e+00,1.662925025894328890e+00
4.279957530465680615e-01,3.357061751199104105e-01,2.134514408347470749e+00,1.674244808888796898e+00
4.342898082384293867e-01,3.379679472220074588e-01,2.165904326117286782e+00,1.685524792640876734e+00
4.405838634302906565e-01,3.402216298967689623e-01,2.197294243887102372e+00,1.696764432536551404e+00
4.468779186221520372e-01,3.424671283538512356e-01,2.228684161656918405e+00,1.707963255834320293e+00
4.531719738140132514e-01,3.447043610931812552e-01,2.260074079426733995e+00,1.719120856074355830e+00
4.594660290058745211e-01,3.469332584806288922e-01,2.291463997196549585e+00,1.730236885975048322e+00
4.657600841977359019e-01,3.491537613236705417e-01,2.322853914966365618e+00,1.741311050329509280e+00
4.720541393895971716e-01,3.513658194470544727e-01,2.354243832736181208e+00,1.752343098902082952e+00
4.783481945814584413e-01,3.535693902684659551e-01,2.385633750505996797e+00,1.763332819324858303e+00
4.846422497733197665e-01,3.557644373741921662e-01,2.417023668275812831e+00,1.774280029994175889e+00
4.909363049651810362e-01,3.579509290947867073e-01,2.448413586045628421e+00,1.785184572967137617e+00
4.972303601570423059e-01,3.601288370895424085e-01,2.479803503815444010e+00,1.796046306902042922e+00
5.035244153489036867e-01,3.622981352339232353e-01,2.511193421585260044e+00,1.806865101509751215e+00
5.098184705407649009e-01,3.644587994175503276e-01,2.542583339355075633e+00,1.817640836546193350e+00
5.161125257326262261e-01,3.666108077657879716e-01,2.573973257124891223e+00,1.828373402917471191e+00
5.224065809244875513e-01,3.687541408824205336e-01,2.605363174894707257e+00,1.839062703890143924e+00
5.287006361163487655e-01,3.708887820923290057e-01,2.636753092664522846e+00,1.849708656301513265e+00
5.349946913082100908e-01,3.730147176841684953e-01,2.668143010434338880e+00,1.860311191769911554e+00
5.412887465000714160e-01,3.751319371530444924e-01,2.699532928204154469e+00,1.870870257904985623e+00
5.475828016919326302e-01,3.772404334431904704e-01,2.730922845973970059e+00,1.881385819517986224e+00
5.538768568837940665e-01,3.793402031906445981e-01,2.762312763743786093e+00,1.891857859832053013e+00
5.601709120756552807e-01,3.814312469639346004e-01,2.793702681513601682e+00,1.902286381682565697e+00
5.664649672675166059e-01,3.835135693951636782e-01,2.825092599283417272e+00,1.912671408170900866e+00
5.727590224593779311e-01,3.855871788855296245e-01,2.856482517053233305e+00,1.923012981195787008e+00
5.790530776512391453e-01,3.876520870586049883e-01,2.887872434823048895e+00,1.933311158726684686e+00
5.853471328431004705e-01,3.897083081957475326e-01,2.919262352592864485e+00,1.943566011988048237e+00
5.916411880349617958e-01,3.917558586715076396e-01,2.950652270362680518e+00,1.953777622643570799e+00
5.979352432268230100e-01,3.937947563890349389e-01,2.982042188132496108e+00,1.963946079980424919e+00
6.042292984186843352e-01,3.958250202154867115e-01,3.013432105902311697e+00,1.974071478093514243e+00
6.105233536105456604e-01,3.978466694174341844e-01,3.044822023672127731e+00,1.984153913069712560e+00
6.168174088024068746e-01,3.998597230962697702e-01,3.076211941441943321e+00,1.994193480172108401e+00
6.231114639942683109e-01,4.018641996237467540e-01,3.107601859211759354e+00,2.004190271024909986e+00
6.294055191861295251e-01,4.038601161281482055e-01,3.138991776981574944e+00,2.014144371050850868e+00
6.356995743779908503e-01,4.058474883974789726e-01,3.170381694751390533e+00,2.024055858988384582e+00
6.419936295698521755e-01,4.078263312525678974e-01,3.201771612521206567e+00,2.033924808752433311e+00
6.482876847617133897e-01,4.097966589966707818e-01,3.233161530291022157e+00,2.043751291676661808e+00
6.545817399535747150e-01,4.117584858655628510e-01,3.264551448060837746e+00,2.053535378758193364e+00
6.608757951454360402e-01,4.137118264776301624e-01,3.295941365830653780e+00,2.063277142902320893e+00
6.671698503372972544e-01,4.156566962839611246e-01,3.327331283600469369e+00,2.072976661167217571e+00
6.734639055291585796e-01,4.175931120184392387e-01,3.358721201370284959e+00,2.082634017008654137e+00
6.797579607210199049e-01,4.195210921478335631e-01,3.390111119140100993e+00,2.092249302524704646e+00
6.860520159128812301e-01,4.214406573218911212e-01,3.421501036909916582e+00,2.101822620700462441e+00
6.923460711047425553e-01,4.233518308202777747e-01,3.452890954679732616e+00,2.111354087637038024e+00
6.986401262966037695e-01,4.252546388572556735e-01,3.484280872449548205e+00,2.120843834071056477e+00
7.049341814884650947e-01,4.271491103883575113e-01,3.515670790219363795e+00,2.130292004410496709e+00
7.112282366803264200e-01,4.290352766490638237e-01,3.547060707989179829e+00,2.139698754433968286e+00
7.175222918721876342e-01,4.309131706769346870e-01,3.578450625758995418e+00,2.149064248907470276e+00
7.238163470640489594e-01,4.327828268337421402e-01,3.609840543528811008e+00,2.158388659201155857e+00
7.301104022559102846e-01,4.346442803276014399e-01,3.641230461298627041e+00,2.167672160906087608e+00
7.364044574477714988e-01,4.364975667351029820e-01,3.672620379068442631e+00,2.176914931451000346e+00
7.426985126396328241e-01,4.383427215234432239e-01,3.704010296838258220e+00,2.186117147719055520e+00
7.489925678314941493e-01,4.401797795725577722e-01,3.735400214608074254e+00,2.195278983664607608e+00
7.552866230233554745e-01,4.420087746972515830e-01,3.766790132377889844e+00,2.204400607929957179e+00
7.615806782152166887e-01,4.438297391751718224e-01,3.798180050147705433e+00,2.213482181491241541e+00
7.678747334070780139e-01,4.456427034413475985e-01,3.829569967917521467e+00,2.222523856135032450e+00
7.741687885989393392e-01,4.474476962304161920e-01,3.860959885687337056e+00,2.231525775167651826e+00
7.804628437908006644e-01,4.492447449055226305e-01,3.892349803457153090e+00,2.240488075055471207e+00
7.867568989826618786e-01,4.510338757950768107e-01,3.923739721226968680e+00,2.249410887104396739e+00
7.930509541745232038e-01,4.528151145295095659e-01,3.955129638996784269e+00,2.258294339139351070e+00
7.993450093663845291e-01,4.545884863780290108e-01,3.986519556766600303e+00,2.267138557183754788e+00
8.056390645582458543e-01,4.563540165853762764e-01,4.017909474536415892e+00,2.275943667139005644e+00
8.119331197501070685e-01,4.581117307085829649e-01,4.049299392306231482e+00,2.284709796463967102e+00
8.182271749419682827e-01,4.598616549537262732e-01,4.080689310076047072e+00,2.293437075854444007e+00
8.245212301338298300e-01,4.616038165126858384e-01,4.112079227845863549e+00,2.302125640922667138e+00
8.308152853256910442e-01,4.633382438980397366e-01,4.143469145615679139e+00,2.310775633867498069e+00
8.371093405175522584e-01,4.650649671923839379e-01,4.174859063385494728e+00,2.319387204717842099e+00
8.434033957094135836e-01,4.667840179949915846e-01,4.206248981155310318e+00,2.327960511066627269e+00
8.496974509012747978e-01,4.684954292040223178e-01,4.237638898925125908e+00,2.336495716984630988e+00
8.559915060931361230e-01,4.701992347884407231e-01,4.269028816694941497e+00,2.344992991882983269e+00
8.622855612849975593e-01,4.718954695599295035e-01,4.300418734464757975e+00,2.353452509375645985e+00
8.685796164768587735e-01,4.735841689448062608e-01,4.331808652234573564e+00,2.361874446141908113e+00
8.748736716687200987e-01,4.752653687559383888e-01,4.363198570004389154e+00,2.370258980788872538e+00
8.811677268605813129e-01,4.769391049646589664e-01,4.394588487774204744e+00,2.378606292713947301e+00
8.874617820524426381e-01,4.786054134726822062e-01,4.425978405544020333e+00,2.386916560967334622e+00
8.937558372443040744e-01,4.802643298840183483e-01,4.457368323313836811e+00,2.395189963114518594e+00
9.000498924361652886e-01,4.819158892769230262e-01,4.488758241083652401e+00,2.403426674098922078e+00
9.063439476280265028e-01,4.835601259907824079e-01,4.520148158853467990e+00,2.411626865179053780e+00
9.126380028198878280e-01,4.851970735418521530e-01,4.551538076623283580e+00,2.419790703508279517e+00
9.189320580117490422e-01,4.868267646895573231e-01,4.582927994393099169e+00,2.427918352465475049e+00
9.252261132036103675e-01,4.884492315283855413e-01,4.614317912162914759e+00,2.436009972113317712e+00
9.315201683954718037e-01,4.900645055799606187e-01,4.645707829932731237e+00,2.444065719657479985e+00
9.378142235873330179e-01,4.916726178851183460e-01,4.677097747702546826e+00,2.452085749905832834e+00
9.441082787791943431e-01,4.932735990959801198e-01,4.708487665472362416e+00,2.460070215727637954e+00
9.504023339710555573e-01,4.948674795680297334e-01,4.739877583242178005e+00,2.468019268512755993e+00
9.566963891629168826e-01,4.964542894521860039e-01,4.771267501011993595e+00,2.475933058630835237e+00
9.629904443547780968e-01,4.980340587868795632e-01,4.802657418781809184e+00,2.483811735890518069e+00
9.692844995466395330e-01,4.996068175901259290e-01,4.834047336551625662e+00,2.491655449998633198e+00
9.755785547385008583e-01,5.011725959513858575e-01,4.865437254321441252e+00,2.499464351018322539e+00
9.818726099303620725e-01,5.027314241083730151e-01,4.896827172091256841e+00,2.507238589752099678e+00
9.881666651222232867e-01,5.042833324582094434e-01,4.928217089861072431e+00,2.514978317797485818e+00
9.944607203140846119e-01,5.058283515253167995e-01,4.959607007630888020e+00,2.522683687386873430e+00
1.000754775505946048e+00,5.073665119257559919e-01,4.990996925400704498e+00,2.530354851209683176e+00
1.007048830697807373e+00,5.088978443315650413e-01,5.022386843170520088e+00,2.537991962234504850e+00
1.013342885889668477e+00,5.104223794350980503e-01,5.053776760940335677e+00,2.545595173531250310e+00
1.019636941081529802e+00,5.119401479133631749e-01,5.085166678710151267e+00,2.553164638093297079e+00
1.025930996273391127e+00,5.134511803923592632e-01,5.116556596479966856e+00,2.560700508659627950e+00
1.032225051465252452e+00,5.149555074114170461e-01,5.147946514249782446e+00,2.568202937536990582e+00
1.038519106657113777e+00,5.164531593875345550e-01,5.179336432019598924e+00,2.575672076422032220e+00
1.044813161848975103e+00,5.179441665797162031e-01,5.210726349789414513e+00,2.583108076223449068e+00
1.051107217040836428e+00,5.194285590534224450e-01,5.242116267559230103e+00,2.590511086884687231e+00
1.057401272232697531e+00,5.209063666513393809e-01,5.273506185329045692e+00,2.597881257238167318e+00
1.063695327424558856e+00,5.223776189892407329e-01,5.304896103098861282e+00,2.605218734984643181e+00
1.069989382616420182e+00,5.238423454670155799e-01,5.336286020868677760e+00,2.612523666748202356e+00
1.076283437808281507e+00,5.253005752808004303e-01,5.367675938638493349e+00,2.619796198136771892e+00
1.082577493000142832e+00,5.267523374351137377e-01,5.399065856408308939e+00,2.627036473802633942e+00
1.088871548192004157e+00,5.281976607549884184e-01,5.430455774178124528e+00,2.634244637502934694e+00
1.095165603383865260e+00,5.296365738981057003e-01,5.461845691947940118e+00,2.641420832160198628e+00
1.101459658575726586e+00,5.310691053669283068e-01,5.493235609717755707e+00,2.648565199922839231e+00
1.107753713767588133e+00,5.324952835208320856e-01,5.524625527487572185e+00,2.655677882225663033e+00
1.114047768959449236e+00,5.339151365882426337e-01,5.556015445257387775e+00,2.662759019850396314e+00
1.120341824151310561e+00,5.353286926787649280e-01,5.587405363027203364e+00,2.669808752986180256e+00
1.126635879343171887e+00,5.367359797953106249e-01,5.618795280797018954e+00,2.676827221290050574e+00
1.132929934535033212e+00,5.381370258448862076e-01,5.650185198566834543e+00,2.683814563940742914e+00
1.139223989726894537e+00,5.395318586411841366e-01,5.681575116336651021e+00,2.690770919651612747e+00
1.145518044918755862e+00,5.409205058998919347e-01,5.712965034106466611e+00,2.697696426647242518e+00
1.151812100110616965e+00,5.423029952331220871e-01,5.744354951876282200e+00,2.704591222635663428e+00
1.158106155302478291e+00,5.436793541438363908e-01,5.775744869646097790e+00,2.711455444780543900e+00
1.164400210494339616e+00,5.450496100202723015e-01,5.807134787415913380e+00,2.718289229673397589e+00
1.170694265686200941e+00,5.464137901303669498e-01,5.838524705185728969e+00,2.725092713305772296e+00
1.176988320878062266e+00,5.477719216161845983e-01,5.869914622955545447e+00,2.731866031041457088e+00
1.183282376069923592e+00,5.491240314883414353e-01,5.901304540725361036e+00,2.738609317588680092e+00
1.189576431261784917e+00,5.504701466204295901e-01,5.932694458495176626e+00,2.745322706972299187e+00
1.195870486453646020e+00,5.518102937434452571e-01,5.964084376264992216e+00,2.752006332506010899e+00
1.202164541645507345e+00,5.531444994402123783e-01,5.995474294034807805e+00,2.758660326764544646e+00
1.208458596837368670e+00,5.544727901399277847e-01,6.026864211804623395e+00,2.765284821556454720e+00
1.214752652029229996e+00,5.557951921149069108e-01,6.058254129574439872e+00,2.771879947907890607e+00
1.221046707221091321e+00,5.571117314818071486e-01,6.089644047344255462e+00,2.778445836068700103e+00
1.227340762412952646e+00,5.584224342042609646e-01,6.121033965114071052e+00,2.784982615525559702e+00
1.233634817604813749e+00,5.597273260955428764e-01,6.152423882883886641e+00,2.791490415015275506e+00
1.239928872796675074e+00,5.610264328212394291e-01,6.183813800653702231e+00,2.797969362538099691e+00
1.246222927988536622e+00,5.623197799019172827e-01,6.215203718423518708e+00,2.804419585371036749e+00
1.252516983180397725e+00,5.636073927157916330e-01,6.246593636193334298e+00,2.810841210081150621e+00
1.258811038372259050e+00,5.648892965013961875e-01,6.277983553963149888e+00,2.817234362538881598e+00
1.265105093564120375e+00,5.661655163602505869e-01,6.309373471732965477e+00,2.823599167931348575e+00
1.271399148755981701e+00,5.674360772595292701e-01,6.340763389502781067e+00,2.829935750775660619e+00
1.277693203947842804e+00,5.687010040347304507e-01,6.372153307272596656e+00,2.836244234932225883e+00
1.283987259139704351e+00,5.699603213923445377e-01,6.403543225042413134e+00,2.842524743618060512e+00
1.290281314331565676e+00,5.712140539123520266e-01,6.434933142812228724e+00,2.848777399419246681e+00
1.296575369523426779e+00,5.724622260493454906e-01,6.466323060582044313e+00,2.855002324296528560e+00
1.302869424715288105e+00,5.737048621321236830e-01,6.497712978351859903e+00,2.861199639583285492e+00
1.309163479907149430e+00,5.749419863630420569e-01,6.529102896121675492e+00,2.867369465982295917e+00
1.315457535099010755e+00,5.761736228173578445e-01,6.560492813891491970e+00,2.873511923562469317e+00
1.321751590290872080e+00,5.773997954425792445e-01,6.591882731661307560e+00,2.879627131755602143e+00
1.328045645482733406e+00,5.786205280578140542e-01,6.623272649431123149e+00,2.885715209353126198e+00
1.334339700674594509e+00,5.798358443531154149e-01,6.654662567200938739e+00,2.891776274502849908e+00
1.340633755866455834e+00,5.810457678888306665e-01,6.686052484970754328e+00,2.897810444705706701e+00
1.346927811058317159e+00,5.822503220949490910e-01,6.717442402740569918e+00,2.903817836812505604e+00
1.353221866250178484e+00,5.834495302704487685e-01,6.748832320510386396e+00,2.909798567020670745e+00
1.359515921442039810e+00,5.846434155826453205e-01,6.780222238280201985e+00,2.915752750870996834e+00
1.365809976633901135e+00,5.858320010665403199e-01,6.811612156050017575e+00,2.921680503244396210e+00
1.372104031825762460e+00,5.870153096244108415e-01,6.843002073819833164e+00,2.927581938359852920e+00
1.378398087017623563e+00,5.881933640268780517e-01,6.874391991589648754e+00,2.933457169779754015e+00
1.384692142209485111e+00,5.893661869152964083e-01,6.905781909359465232e+00,2.939306310421802237e+00
1.390986197401346436e+00,5.905338008043027331e-01,6.937171827129280821e+00,2.945129472571729856e+00
1.397280252593207539e+00,5.916962280843663935e-01,6.968561744899096411e+00,2.950926767896018266e+00
1.403574307785068864e+00,5.928534910243397071e-01,6.999951662668912000e+00,2.956698307454614927e+00
1.409868362976930189e+00,5.940056117740080133e-01,7.031341580438727590e+00,2.962444201713653413e+00
1.416162418168791293e+00,5.951526123666387447e-01,7.062731498208543179e+00,2.968164560558165022e+00
1.422456473360652840e+00,5.962945147215331643e-01,7.094121415978359657e+00,2.973859493304805479e+00
1.428750528552514165e+00,5.974313406465746601e-01,7.125511333748175247e+00,2.979529108714563890e+00
1.435044583744375268e+00,5.985631118407799267e-01,7.156901251517990836e+00,2.985173515005485889e+00
1.441338638936236594e+00,5.996898498968492586e-01,7.188291169287806426e+00,2.990792819865391028e+00
1.447632694128097919e+00,6.008115763037108481e-01,7.219681087057622015e+00,2.996387130464564841e+00
1.453926749319959244e+00,6.019283124479261060e-01,7.251071004827438493e+00,3.001956553462765687e+00
1.460220804511820569e+00,6.030400796069459446e-01,7.282460922597254083e+00,3.007501194975592540e+00
1.466514859703681894e+00,6.041468989341791662e-01,7.313850840367069672e+00,3.013021160500016116e+00
1.472808914895542998e+00,6.052487914428994475e-01,7.345240758136885262e+00,3.018516554834121735e+00
1.479102970087404323e+00,6.063457779901444411e-01,7.376630675906700851e+00,3.023987481996810445e+00
1.485397025279265648e+00,6.074378792606200950e-01,7.408020593676516441e+00,3.029434045147522792e+00
1.491691080471126973e+00,6.085251157506009756e-01,7.439410511446332919e+00,3.034856346505949709e+00
1.497985135662988299e+00,6.096075077518309238e-01,7.470800429216148508e+00,3.040254487271738970e+00
1.504279190854849624e+00,6.106850753354258199e-01,7.502190346985964098e+00,3.045628567544215848e+00
1.510573246046710949e+00,6.117578383357745730e-01,7.533580264755779687e+00,3.050978686242093119e+00
1.516867301238572052e+00,6.128258163344407761e-01,7.564970182525595277e+00,3.056304941023184618e+00
1.523161356430433377e+00,6.138890286440635835e-01,7.596360100295410867e+00,3.061607428204115244e+00
1.529455411622294925e+00,6.149474942922610321e-01,7.627750018065227344e+00,3.066886242680044283e+00
1.535749466814156028e+00,6.160012320074540471e-01,7.659139935835042934e+00,3.072141477853964187e+00
1.542043522006017353e+00,6.170502602284537730e-01,7.690529853604858523e+00,3.077373225684516544e+00
1.548337577197878678e+00,6.180945971504795411e-01,7.721919771374674113e+00,3.082581576915493837e+00
1.554631632389739782e+00,6.191342607796243014e-01,7.753309689144489703e+00,3.087766621347471929e+00
1.560925687581601329e+00,6.201692689874458431e-01,7.784699606914306180e+00,3.092928448110067396e+00
1.567219742773462654e+00,6.211996395655567937e-01,7.816089524684121770e+00,3.098067145934192634e+00
1.573513797965323757e+00,6.222253902802153958e-01,7.847479442453937359e+00,3.103182803424310965e+00
1.579807853157185082e+00,6.232465389269145062e-01,7.878869360223752949e+00,3.108275509330685971e+00
1.586101908349046408e+00,6.242631033849738165e-01,7.910259277993568539e+00,3.113345352821645484e+00
1.592395963540907733e+00,6.252751016721284083e-01,7.941649195763384128e+00,3.118392423755827370e+00
1.598690018732769058e+00,6.262825519991215284e-01,7.973039113533200606e+00,3.123416812954444399e+00
1.604984073924630161e+00,6.272854728242919231e-01,8.004429031303015307e+00,3.128418612473527372e+00
1.611278129116491709e+00,6.282838829081661691e-01,8.035818949072831785e+00,3.133397915876187767e+00
1.617572184308353034e+00,6.292778013673261395e-01,8.067208866842648263e+00,3.138354818501267740e+00
1.623866239500214137e+00,6.302672477020778707e-01,8.098598784612462964e+00,3.143289417601330182e+00
1.630160294692075684e+00,6.312522417429238253e-01,8.129988702382279442e+00,3.148201812075705153e+00
1.636454349883936565e+00,6.322328035581322725e-01,8.161378620152094143e+00,3.153092102009517284e+00
1.642748405075798113e+00,6.332089533592800690e-01,8.192768537921910621e+00,3.157960388202601720e+00
1.649042460267659660e+00,6.341807114067943285e-01,8.224158455691727099e+00,3.162806771698423614e+00
1.655336515459520541e+00,6.351480979154950912e-01,8.255548373461541800e+00,3.167631353312994502e+00
1.661630570651382088e+00,6.361111329601397690e-01,8.286938291231358278e+00,3.172434233163799799e+00
1.667924625843243192e+00,6.370698363809630393e-01,8.318328209001172979e+00,3.177215510198706738e+00
1.674218681035104517e+00,6.380242276892214015e-01,8.349718126770989457e+00,3.181975281724891413e+00
1.680512736226965620e+00,6.389743259727350688e-01,8.381108044540804158e+00,3.186713642937754720e+00
1.686806791418827167e+00,6.399201498014306377e-01,8.412497962310620636e+00,3.191430686449841403e+00
1.693100846610688492e+00,6.408617171328838680e-01,8.443887880080437114e+00,3.196126501819760879e+00
1.699394901802549596e+00,6.417990452178826688e-01,8.475277797850251815e+00,3.200801175081205319e+00
1.705688956994411143e+00,6.427321505155363379e-01,8.506667715620068293e+00,3.205454788319583415e+00
1.711983012186272246e+00,6.436610486915572693e-01,8.538057633389882994e+00,3.210087419663448127e+00
1.718277067378133571e+00,6.445857547144738797e-01,8.569447551159699472e+00,3.214699143764332856e+00
1.724571122569995119e+00,6.455062829686460946e-01,8.600837468929515950e+00,3.219290032360387688e+00
1.730865177761856222e+00,6.464226473674024032e-01,8.632227386699330651e+00,3.223860154840620051e+00
1.737159232953717547e+00,6.473348614661769140e-01,8.663617304469147129e+00,3.228409578809133151e+00
1.743453288145578650e+00,6.482429385756453000e-01,8.695007222238961830e+00,3.232938370649363957e+00
1.749747343337440197e+00,6.491468918748619643e-01,8.726397140008778308e+00,3.237446596088323858e+00
1.756041398529301523e+00,6.500467345243982065e-01,8.757787057778594786e+00,3.241934320760843313e+00
1.762335453721162626e+00,6.509424797794771678e-01,8.789176975548409487e+00,3.246401610773804958e+00
1.768629508913024173e+00,6.518341411031125521e-01,8.820566893318225965e+00,3.250848533270390472e+00
1.774923564104885276e+00,6.527217322792441268e-01,8.851956811088040666e+00,3.255275156994315022e+00
1.781217619296746602e+00,6.536052675258757771e-01,8.883346728857857144e+00,3.259681552854072351e+00
1.787511674488608149e+00,6.544847616075262220e-01,8.914736646627673622e+00,3.264067794483752838e+00
1.793805729680469252e+00,6.553602299163372447e-01,8.946126564397488323e+00,3.268433958647548820e+00
1.800099784872330577e+00,6.562316884427370489e-01,8.977516482167304801e+00,3.272780125093446291e+00
1.806393840064191680e+00,6.570991536862892390e-01,9.008906399937119502e+00,3.277106376108608110e+00
1.812687895256053006e+00,6.579626425628225528e-01,9.040296317706935980e+00,3.281412796056208947e+00
1.818981950447914109e+00,6.588221723115539330e-01,9.071686235476750682e+00,3.285699470912234244e+00
1.825276005639775656e+00,6.596777604022175945e-01,9.103076153246567159e+00,3.289966487802314266e+00
1.831570060831636981e+00,6.605294244421889838e-01,9.134466071016383637e+00,3.294213934538526178e+00
1.837864116023498084e+00,6.613771820836117366e-01,9.165855988786198338e+00,3.298441899156218771e+00
1.844158171215359632e+00,6.622210509305245241e-01,9.197245906556014816e+00,3.302650469450828297e+00
1.850452226407220735e+00,6.630610484459855680e-01,9.228635824325829518e+00,3.306839732514690322e+00
1.856746281599082060e+00,6.638971918592012633e-01,9.260025742095645995e+00,3.311009774273865336e+00
1.863040336790943607e+00,6.647294980726498048e-01,9.291415659865462473e+00,3.315160679024945267e+00
1.869334391982804711e+00,6.655579835692093660e-01,9.322805577635277174e+00,3.319292528971879097e+00
1.875628447174666036e+00,6.663826643221910651e-01,9.354195495405093652e+00,3.323405403777285549e+00
1.881922502366527139e+00,6.672035557495236135e-01,9.385585413174908354e+00,3.327499380333962975e+00
1.888216557558388686e+00,6.680206727463834371e-01,9.416975330944724831e+00,3.331574532927622290e+00
1.894510612750250012e+00,6.688340297391850431e-01,9.448365248714541309e+00,3.335630933506149365e+00
1.900804667942111115e+00,6.696436407400024882e-01,9.479755166484356010e+00,3.339668651951017697e+00
1.907098723133972662e+00,6.704495194009926218e-01,9.511145084254172488e+00,3.343687756348710405e+00
1.913392778325833765e+00,6.712516790688175528e-01,9.542535002023987190e+00,3.347688313262136894e+00
1.919686833517695090e+00,6.720501328390682261e-01,9.573924919793803667e+00,3.351670388002056189e+00
1.925980888709556194e+00,6.728448936106851130e-01,9.605314837563618369e+00,3.355634044898485602e+00
1.932274943901417741e+00,6.736359741403816770e-01,9.636704755333434846e+00,3.359579347572123620e+00
1.938568999093279066e+00,6.744233870970675060e-01,9.668094673103251324e+00,3.363506359205771012e+00
1.944863054285140169e+00,6.752071451162701132e-01,9.699484590873066026e+00,3.367415142815742168e+00
1.951157109477001717e+00,6.759872608545581807e-01,9.730874508642882503e+00,3.371305761523291533e+00
1.957451164668862598e+00,6.767637470439423764e-01,9.762264426412697205e+00,3.375178278825917477e+00
1.963745219860724145e+00,6.775366165414067332e-01,9.793654344182513682e+00,3.379032758844392248e+00
1.970039275052585692e+00,6.783058823441585616e-01,9.825044261952330160e+00,3.382869266398811803e+00
1.976333330244446573e+00,6.790715575708208274e-01,9.856434179722144862e+00,3.386687866914802392e+00
1.982627385436308121e+00,6.798336554378708874e-01,9.887824097491961339e+00,3.390488626306011000e+00
1.988921440628169224e+00,6.805921892360529135e-01,9.919214015261776041e+00,3.394271610856472332e+00
1.995215495820030549e+00,6.813471723067948682e-01,9.950603933031592518e+00,3.398036887102990899e+00
2.001509551011892096e+00,6.820986180186258130e-01,9.981993850801408996e+00,3.401784521717532428e+00
2.007803606203752977e+00,6.828465397435893314e-01,1.001338376857122370e+01,3.405514581389589512e+00
2.014097661395614747e+00,6.835909508336606155e-01,1.004477368634104018e+01,3.409227132708569474e+00
2.020391716587475628e+00,6.843318645971618874e-01,1.007616360411085488e+01,3.412922242046171561e+00
2.026685771779336953e+00,6.850692942751781533e-01,1.010755352188067135e+01,3.416599975438767700e+00
2.032979826971198722e+00,6.858032530179732911e-01,1.013894343965048783e+01,3.420260398469784136e+00
2.039273882163059604e+00,6.865337538614056934e-01,1.017033335742030253e+01,3.423903576152079076e+00
2.045567937354920929e+00,6.872608097034527130e-01,1.020172327519011901e+01,3.427529572810867897e+00
2.051861992546782254e+00,6.879844332862725675e-01,1.023311319295993371e+01,3.431138451994257821e+00
2.058156047738643579e+00,6.887046371989189453e-01,1.026450311072975019e+01,3.434730276486788636e+00
2.064450102930504904e+00,6.894214338918454033e-01,1.029589302849956489e+01,3.438305108381769948e+00
2.070744158122366230e+00,6.901348356922031302e-01,1.032728294626938137e+01,3.441863009157572595e+00
2.077038213314227555e+00,6.908448548191380434e-01,1.035867286403919785e+01,3.445404039753920511e+00
2.083332268506088880e+00,6.915515033990885518e-01,1.039006278180901255e+01,3.448928260648183475e+00
2.089626323697950205e+00,6.922547934810822090e-01,1.042145269957882903e+01,3.452435731931665863e+00
2.095920378889811087e+00,6.929547370520358074e-01,1.045284261734864373e+01,3.455926513385910948e+00
2.102214434081672856e+00,6.936513460520491448e-01,1.048423253511846021e+01,3.459400664558974547e+00
2.108508489273534181e+00,6.943446323897058958e-01,1.051562245288827668e+01,3.462858244841734656e+00
2.114802544465395062e+00,6.950346079573683777e-01,1.054701237065809138e+01,3.466299313544168648e+00
2.121096599657256832e+00,6.957212846464778666e-01,1.057840228842790786e+01,3.469723929971662013e+00
2.127390654849117713e+00,6.964046743628484748e-01,1.060979220619772256e+01,3.473132153501278907e+00
2.133684710040979038e+00,6.970847890415188264e-01,1.064118212396753904e+01,3.476524043655835339e+00
2.139978765232840363e+00,6.977616406532399784e-01,1.067257204173735552e+01,3.479899660136251072e+00
2.146272820424701688e+00,6.984352411939288574e-01,1.070396195950717022e+01,3.483259062768955694e+00
2.152566875616563014e+00,6.991056026687531011e-01,1.073535187727698670e+01,3.486602311426513889e+00
2.158860930808424339e+00,6.997727370760740140e-01,1.076674179504680140e+01,3.489929465947544607e+00
2.165154986000285664e+00,7.004366563913873023e-01,1.079813171281661788e+01,3.493240586056631347e+00
2.171449041192146545e+00,7.010973725512668064e-01,1.082952163058643258e+01,3.496535731284246662e+00
2.177743096384008314e+00,7.017548974373075676e-01,1.086091154835624906e+01,3.499814960886667770e+00
2.184037151575869640e+00,7.024092428600664517e-01,1.089230146612606553e+01,3.503078333765891728e+00
2.190331206767730521e+00,7.030604205430072140e-01,1.092369138389588024e+01,3.506325908389558599e+00
2.196625261959592290e+00,7.037084421064406792e-01,1.095508130166569671e+01,3.509557742710863515e+00
2.202919317151453171e+00,7.043533190514681408e-01,1.098647121943551141e+01,3.512773894088474513e+00
2.209213372343314497e+00,7.049950627439250939e-01,1.101786113720532789e+01,3.515974419206457036e+00
2.215507427535176266e+00,7.056336843983294083e-01,1.104925105497514437e+01,3.519159373994221962e+00
2.221801482727037147e+00,7.062691950643937844e-01,1.108064097274495907e+01,3.522328813559257199e+00
2.228095537918898472e+00,7.069016056333495834e-01,1.111203089051477555e+01,3.525482792218668227e+00
2.234389593110759797e+00,7.075309268655364248e-01,1.114342080828459025e+01,3.528621363636772035e+00
2.240683648302621123e+00,7.081571694212527301e-01,1.117481072605440673e+01,3.531744580978957604e+00
2.246977703494482448e+00,7.087803438916243648e-01,1.120620064382422321e+01,3.534852497065633870e+00
2.253271758686343773e+00,7.094004608294758318e-01,1.123759056159403791e+01,3.537945164526192343e+00
2.259565813878205098e+00,7.100175307801966929e-01,1.126898047936385439e+01,3.541022635952943975e+00
2.265859869070066424e+00,7.106315643126135395e-01,1.130037039713366909e+01,3.544084964055086662e+00
2.272153924261927749e+00,7.112425720498560811e-01,1.133176031490348556e+01,3.547132201812640329e+00
2.278447979453789074e+00,7.118505647002304482e-01,1.136315023267330204e+01,3.550164402630418437e+00
2.284742034645649955e+00,7.124555530880841703e-01,1.139454015044311674e+01,3.553181620491961734e+00
2.291036089837511724e+00,7.130575481846778141e-01,1.142593006821293322e+01,3.556183910113498658e+00
2.297330145029372606e+00,7.136565611390535135e-01,1.145731998598274792e+01,3.559171327097897297e+00
2.303624200221233931e+00,7.142526033085072612e-01,1.148870990375256440e+01,3.562143928086634492e+00
2.309918255413095256e+00,7.148456862731279449e-01,1.152009982152237910e+01,3.565101770832308947e+00
2.316212310604956581e+00,7.154358217980353318e-01,1.155148973929219558e+01,3.568044914010310542e+00
2.322506365796817906e+00,7.160230217691393451e-01,1.158287965706201206e+01,3.570973416898436614e+00
2.328800420988679232e+00,7.166072981274025366e-01,1.161426957483182676e+01,3.573887339049047096e+00
2.335094476180540557e+00,7.171886628031030053e-01,1.164565949260164324e+01,3.576786739961214323e+00
2.341388531372401882e+00,7.177671276500973141e-01,1.167704941037145794e+01,3.579671678752879060e+00
2.347682586564263207e+00,7.183427043800827416e-01,1.170843932814127442e+01,3.582542213833001199e+00
2.353976641756124533e+00,7.189154044968615320e-01,1.173982924591109089e+01,3.585398402573718890e+00
2.360270696947985858e+00,7.194852392306010369e-01,1.177121916368090560e+01,3.588240300982490361e+00
2.366564752139847183e+00,7.200522194721009628e-01,1.180260908145072207e+01,3.591067963374266814e+00
2.372858807331708064e+00,7.206163557070506265e-01,1.183399899922053677e+01,3.593881442043621810e+00
2.379152862523569834e+00,7.211776579502962026e-01,1.186538891699035325e+01,3.596680786936922392e+00
2.385446917715431159e+00,7.217361356801103023e-01,1.189677883476016973e+01,3.599466045324520636e+00
2.391740972907292040e+00,7.222917977789359290e-01,1.192816875252998443e+01,3.602237261505226495e+00
2.398035028099153809e+00,7.228446525381229115e-01,1.195955867029980091e+01,3.604994476829930239e+00
2.404329083291014690e+00,7.233947077457076880e-01,1.199094858806961561e+01,3.607737730139381593e+00
2.410623138482876016e+00,7.239419707901583179e-01,1.202233850583943209e+01,3.610467058281590980e+00
2.416917193674737341e+00,7.244864487642677098e-01,1.205372842360924679e+01,3.613182496629966156e+00
2.423211248866598666e+00,7.250281485690509564e-01,1.208511834137906327e+01,3.615884079601475065e+00
2.429505304058459991e+00,7.255670770176386730e-01,1.211650825914887974e+01,3.618571841174786030e+00
2.435799359250321316e+00,7.261032409391758868e-01,1.214789817691869445e+01,3.621245815408433710e+00
2.442093414442182642e+00,7.266366472827131551e-01,1.217928809468851092e+01,3.623906036958950860e+00
2.448387469634043523e+00,7.271673032211065646e-01,1.221067801245832563e+01,3.626552541599039614e+00
2.454681524825905292e+00,7.276952162549109593e-01,1.224206793022814210e+01,3.629185366735711682e+00
2.460975580017766617e+00,7.282203943162753879e-01,1.227345784799795858e+01,3.631804551928440095e+00
2.467269635209627499e+00,7.287428458728397729e-01,1.230484776576777328e+01,3.634410139407316276e+00
2.473563690401489268e+00,7.292625800302701133e-01,1.233623768353758976e+01,3.637002174584414327e+00
2.479857745593350149e+00,7.297796065938109145e-01,1.236762760130740446e+01,3.639580706360771245e+00
2.486151800785211474e+00,7.302939360158976490e-01,1.239901751907722094e+01,3.642145786865113699e+00
2.492445855977073244e+00,7.308055792946530627e-01,1.243040743684703742e+01,3.644697470947639406e+00
2.498739911168934125e+00,7.313145478702026692e-01,1.246179735461685212e+01,3.647235815662916103e+00
2.505033966360795450e+00,7.318208535209957954e-01,1.249318727238666860e+01,3.649760879752811604e+00
2.511328021552656775e+00,7.323245082601216316e-01,1.252457719015648330e+01,3.652272723129396770e+00
2.517622076744518100e+00,7.328255242316273899e-01,1.255596710792629978e+01,3.654771406357860908e+00
2.523916131936379426e+00,7.333239136068369080e-01,1.258735702569611625e+01,3.657256990139427622e+00
2.530210187128240751e+00,7.338196884806683640e-01,1.261874694346593095e+01,3.659729534794268435e+00
2.536504242320102076e+00,7.343128607679521025e-01,1.265013686123574743e+01,3.662189099744414644e+00
2.542798297511963401e+00,7.348034420997486826e-01,1.268152677900556213e+01,3.664635742996672274e+00
2.549092352703824726e+00,7.352914437196669262e-01,1.271291669677537861e+01,3.667069520625533485e+00
2.555386407895685608e+00,7.357768763803721468e-01,1.274430661454519331e+01,3.669490486257042772e+00
2.561680463087547377e+00,7.362597502567445051e-01,1.277569653231500979e+01,3.671898690635694962e+00
2.567974518279408702e+00,7.367400749396951776e-01,1.280708645008482627e+01,3.674294181593596331e+00
2.574268573471269583e+00,7.372178594883459501e-01,1.283847636785464097e+01,3.676677004310694663e+00
2.580562628663131353e+00,7.376931124876410228e-01,1.286986628562445745e+01,3.679047201602104078e+00
2.586856683854992234e+00,7.381658421059633657e-01,1.290125620339427215e+01,3.681404814205451181e+00
2.593150739046853559e+00,7.386360561527535173e-01,1.293264612116408863e+01,3.683749881068232757e+00
2.599444794238715328e+00,7.391037621361254972e-01,1.296403603893390510e+01,3.686082439635161467e+00
2.605738849430576209e+00,7.395689673204842718e-01,1.299542595670371981e+01,3.688402526135514670e+00
2.612032904622437535e+00,7.400316787841428878e-01,1.302681587447353628e+01,3.690710175870486331e+00
2.618326959814298860e+00,7.404919034769399389e-01,1.305820579224335098e+01,3.693005423500538509e+00
2.624621015006160185e+00,7.409496482778560322e-01,1.308959571001316746e+01,3.695288303332748381e+00
2.630915070198021510e+00,7.414049200526318106e-01,1.312098562778298394e+01,3.697558849608162390e+00
2.637209125389882836e+00,7.418577257113619927e-01,1.315237554555279864e+01,3.699817096789030035e+00
2.643503180581744161e+00,7.423080722620579719e-01,1.318376546332261512e+01,3.702063079825935521e+00
2.649797235773605042e+00,7.427559668384372538e-01,1.321515538109242982e+01,3.704296834296387786e+00
2.656091290965466811e+00,7.432014167040496000e-01,1.324654529886224630e+01,3.706518396425399153e+00
2.662385346157328136e+00,7.436444292534081235e-01,1.327793521663206278e+01,3.708727803091127484e+00
2.668679401349189018e+00,7.440850120131096146e-01,1.330932513440187748e+01,3.710925091830461930e+00
2.674973456541050787e+00,7.445231726429550889e-01,1.334071505217169396e+01,3.713110300844613576e+00
2.681267511732911668e+00,7.449589189370731113e-01,1.337210496994150866e+01,3.715283469004713623e+00
2.687561566924772993e+00,7.453922588250372350e-01,1.340349488771132513e+01,3.717444635857391155e+00
2.693855622116634319e+00,7.458232003729907689e-01,1.343488480548113984e+01,3.719593841630380204e+00
2.700149677308495644e+00,7.462517517847654380e-01,1.346627472325095631e+01,3.721731127238097958e+00
2.706443732500356969e+00,7.466779214030027090e-01,1.349766464102077279e+01,3.723856534287238063e+00
2.712737787692218294e+00,7.471017177102753370e-01,1.352905455879058749e+01,3.725970105082366146e+00
2.719031842884079619e+00,7.475231493301885966e-01,1.356044447656040397e+01,3.728071882631406542e+00
2.725325898075940945e+00,7.479422250256280158e-01,1.359183439433021867e+01,3.730161910636909717e+00
2.731619953267802270e+00,7.483589536801922293e-01,1.362322431210003515e+01,3.732240233403448570e+00
2.737914008459663595e+00,7.487733442652007021e-01,1.365461422986985163e+01,3.734306895673080273e+00
2.744208063651524920e+00,7.491854058050240184e-01,1.368600414763966633e+01,3.736361942452441909e+00
2.750502118843386246e+00,7.495951473424158351e-01,1.371739406540948281e+01,3.738405418839849226e+00
2.756796174035247127e+00,7.500025779038369533e-01,1.374878398317929751e+01,3.740437369852362970e+00
2.763090229227108896e+00,7.504077064647856066e-01,1.378017390094911399e+01,3.742457840252880974e+00
2.769384284418970221e+00,7.508105419151259730e-01,1.381156381871893046e+01,3.744466874377224030e+00
2.775678339610831102e+00,7.512110930244141338e-01,1.384295373648874516e+01,3.746464515961210218e+00
2.781972394802692872e+00,7.516093684072292502e-01,1.387434365425856164e+01,3.748450807967748766e+00
2.788266449994553753e+00,7.520053764884986336e-01,1.390573357202837634e+01,3.750425792413913495e+00
2.794560505186415078e+00,7.523991254688281449e-01,1.393712348979819282e+01,3.752389510198033573e+00
2.800854560378276403e+00,7.527906232900311023e-01,1.396851340756800752e+01,3.754342000927780365e+00
2.807148615570137729e+00,7.531798776108730165e-01,1.399990332533782400e+01,3.756283302799199308e+00
2.813442670761999054e+00,7.535668958207687451e-01,1.403129324310764048e+01,3.758213452665021492e+00
2.819736725953860379e+00,7.539516850750813681e-01,1.406268316087745518e+01,3.760132486210707281e+00
2.826030781145721704e+00,7.543342523318654624e-01,1.409407307864727166e+01,3.762040438137694842e+00
2.832324836337582585e+00,7.547146043886105993e-01,1.412546299641708636e+01,3.763937342346645565e+00
2.838618891529444355e+00,7.550927479189841751e-01,1.415685291418690284e+01,3.765823232120692143e+00
2.844912946721305680e+00,7.554686895095753529e-01,1.418824283195671931e+01,3.767698140308686661e+00
2.851207001913166561e+00,7.558424356966385593e-01,1.421963274972653402e+01,3.769562099508451336e+00
2.857501057105028330e+00,7.562139930028352053e-01,1.425102266749635049e+01,3.771415142250015951e+00
2.863795112296889211e+00,7.565833679739797368e-01,1.428241258526616519e+01,3.773257301178880585e+00
2.870089167488750537e+00,7.569505672157813558e-01,1.431380250303598167e+01,3.775088609239254378e+00
2.876383222680612306e+00,7.573155974305862959e-01,1.434519242080579815e+01,3.776909099857296948e+00
2.882677277872473187e+00,7.576784654532739971e-01,1.437658233857561285e+01,3.778718807120142742e+00
2.888971333064334512e+00,7.580391782755280250e-01,1.440797225634542933e+01,3.780517765896943772e+00
2.895265388256195838e+00,7.583977430509500905e-01,1.443936217411524403e+01,3.782306011864377648e+00
2.901559443448057163e+00,7.587541670953601436e-01,1.447075209188506051e+01,3.784083581508139726e+00
2.907853498639918488e+00,7.591084578870074262e-01,1.450214200965487699e+01,3.785850512123999589e+00
2.914147553831779813e+00,7.594606230667891866e-01,1.453353192742469169e+01,3.787606841818889514e+00
2.920441609023641139e+00,7.598106704384646193e-01,1.456492184519450817e+01,3.789352609511972503e+00
2.926735664215502464e+00,7.601586079688699149e-01,1.459631176296432287e+01,3.791087854935714319e+00
2.933029719407363789e+00,7.605044437881331998e-01,1.462770168073413934e+01,3.792812618636955513e+00
2.939323774599224670e+00,7.608481861898902521e-01,1.465909159850395405e+01,3.794526941977987899e+00
2.945617829791085995e+00,7.611898436314991079e-01,1.469048151627377052e+01,3.796230867137623477e+00
2.951911884982947765e+00,7.615294247342556666e-01,1.472187143404358700e+01,3.797924437112270901e+00
2.958205940174808646e+00,7.618669382832993220e-01,1.475326135181340170e+01,3.799607695715465194e+00
2.964499995366669971e+00,7.622023932150456815e-01,1.478465126958321818e+01,3.801280687515189438e+00
2.970794050558531296e+00,7.625357985635831115e-01,1.481604118735303288e+01,3.802943457566545504e+00
2.977088105750392621e+00,7.628671633862377233e-01,1.484743110512284936e+01,3.804596051040524785e+00
2.983382160942253947e+00,7.631964966879621892e-01,1.487882102289266584e+01,3.806238512846923161e+00
2.989676216134115272e+00,7.635238073457226715e-01,1.491021094066248054e+01,3.807870887257234660e+00
2.995970271325976597e+00,7.638491040328848625e-01,1.494160085843229702e+01,3.809493217527553988e+00
3.002264326517837922e+00,7.641723951436024675e-01,1.497299077620211172e+01,3.811105545521477289e+00
3.008558381709699248e+00,7.644936887172032458e-01,1.500438069397192820e+01,3.812707911333003796e+00
3.014852436901560573e+00,7.648129923625760496e-01,1.503577061174174467e+01,3.814300352909432146e+00
3.021146492093421898e+00,7.651303131825591963e-01,1.506716052951155937e+01,3.815882905674270020e+00
3.027440547285283223e+00,7.654456576983263982e-01,1.509855044728137585e+01,3.817455602150127802e+00
3.033734602477144104e+00,7.657590317741689301e-01,1.512994036505119055e+01,3.819018471583590646e+00
3.040028657669005874e+00,7.660704405689917618e-01,1.516133028282100703e+01,3.820571539703318198e+00
3.046322712860866755e+00,7.663798886025336987e-01,1.519272020059082173e+01,3.822114829050299534e+00
3.052616768052728080e+00,7.666873798961563180e-01,1.522411011836063821e+01,3.823648359680000830e+00
3.058910823244589849e+00,7.669929181196385448e-01,1.525550003613045469e+01,3.825172149894462859e+00
3.065204878436450731e+00,7.672965067379683424e-01,1.528688995390026939e+01,3.826686216974387378e+00
3.071498933628312056e+00,7.675981491581385097e-01,1.531827987167008587e+01,3.828190577911239956e+00
3.077792988820173381e+00,7.678978488759415910e-01,1.534966978943990057e+01,3.829685250139351460e+00
3.084087044012034706e+00,7.681956096227655628e-01,1.538105970720971705e+01,3.831170252268021770e+00
3.090381099203896031e+00,7.684914355123853014e-01,1.541244962497953352e+01,3.832645604813603502e+00
3.096675154395757357e+00,7.687853311877606011e-01,1.544383954274934823e+01,3.834111330931618156e+00
3.102969209587618682e+00,7.690773019678297517e-01,1.547522946051916470e+01,3.835567457148847836e+00
3.109263264779479563e+00,7.693673539932412986e-01,1.550661937828897941e+01,3.837014014090135650e+00
3.115557319971341332e+00,7.696554943253159919e-01,1.553800929605879588e+01,3.838451036971931796e+00
3.121851375163202658e+00,7.699417308834848317e-01,1.556939921382861236e+01,3.839878565290281376e+00
3.128145430355063539e+00,7.702260722968948814e-01,1.560078913159842706e+01,3.841296642080747503e+00
3.134439485546925308e+00,7.705085277508244568e-01,1.563217904936824354e+01,3.842705313152452007e+00
3.140733540738786189e+00,7.707891068330893214e-01,1.566356896713805824e+01,3.844104626322061957e+00
3.147027595930647514e+00,7.710678193804538783e-01,1.569495888490787472e+01,3.845494630647810830e+00
3.153321651122509284e+00,7.713446753250404742e-01,1.572634880267769120e+01,3.846875375663504126e+00
3.159615706314370165e+00,7.716196845407383709e-01,1.575773872044750590e+01,3.848246910612524108e+00
3.165909761506231490e+00,7.718928566896142707e-01,1.578912863821732238e+01,3.849609283681846073e+00
3.172203816698092815e+00,7.721642010683212876e-01,1.582051855598713708e+01,3.850962541236042203e+00
3.178497871889954141e+00,7.724337264545093618e-01,1.585190847375695355e+01,3.852306727051295621e+00
3.184791927081815466e+00,7.727014409584987975e-01,1.588329839152676826e+01,3.853641881575660122e+00
3.191085982273676791e+00,7.729673519518636127e-01,1.591468830929658473e+01,3.854968041572891302e+00
3.197380037465538116e+00,7.732314661290003999e-01,1.594607822706640121e+01,3.856285240429502714e+00
3.203674092657399441e+00,7.734937896038689420e-01,1.597746814483621591e+01,3.857593508637233715e+00
3.209968147849260323e+00,7.737543280074052898e-01,1.600885806260603061e+01,3.858892874278872842e+00
3.216262203041122092e+00,7.740130865849346176e-01,1.604024798037584887e+01,3.860183363514077204e+00
3.222556258232983417e+00,7.742700702935852997e-01,1.607163789814566357e+01,3.861465001065199409e+00
3.228850313424844298e+00,7.745252838997007672e-01,1.610302781591547827e+01,3.862737810703103847e+00
3.235144368616706068e+00,7.747787320762550278e-01,1.613441773368529653e+01,3.864001815732998502e+00
3.241438423808567393e+00,7.750304195002638563e-01,1.616580765145511123e+01,3.865257039480249901e+00
3.247732479000428274e+00,7.752803509501986490e-01,1.619719756922492593e+01,3.866503505776206495e+00
3.254026534192289155e+00,7.755285314029913835e-01,1.622858748699474063e+01,3.867741239441985446e+00
3.260320589384151369e+00,7.757749661117222528e-01,1.625997740476455888e+01,3.868970266675920922e+00
3.266614644576012250e+00,7.760196606140505882e-01,1.629136732253437359e+01,3.870190615095608244e+00
3.272908699767873131e+00,7.762626207025272729e-01,1.632275724030418829e+01,3.871402313589846322e+00
3.279202754959735344e+00,7.765038523924728819e-01,1.635414715807400654e+01,3.872605392158438686e+00
3.285496810151596225e+00,7.767433618898605951e-01,1.638553707584382124e+01,3.873799881752018059e+00
3.291790865343457106e+00,7.769811555591951135e-01,1.641692699361363594e+01,3.874985814111849169e+00
3.298084920535319320e+00,7.772172398913921310e-01,1.644831691138345420e+01,3.876163221609639997e+00
3.304378975727180201e+00,7.774516214716602480e-01,1.647970682915326890e+01,3.877332137087357466e+00
3.310673030919041082e+00,7.776843069473799996e-01,1.651109674692308360e+01,3.878492593697035584e+00
3.316967086110902407e+00,7.779153029959846588e-01,1.654248666469289830e+01,3.879644624740587577e+00
3.323261141302764177e+00,7.781446162928723487e-01,1.657387658246271656e+01,3.880788263509776570e+00
3.329555196494625058e+00,7.783722534816922556e-01,1.660526650023253126e+01,3.881923543138027899e+00
3.335849251686486383e+00,7.785982211552912036e-01,1.663665641800234596e+01,3.883050496505402460e+00
3.342143306878348152e+00,7.788225258438791210e-01,1.666804633577216421e+01,3.884169156179575921e+00
3.348437362070209034e+00,7.790451740038045747e-01,1.669943625354197891e+01,3.885279554359861720e+00
3.354731417262070359e+00,7.792661720063313036e-01,1.673082617131179362e+01,3.886381722821234508e+00
3.361025472453931240e+00,7.794855261264171942e-01,1.676221608908160832e+01,3.887475692858368692e+00
3.367319527645793009e+00,7.797032425314900372e-01,1.679360600685142657e+01,3.888561495229662324e+00
3.373613582837654334e+00,7.799193272702248381e-01,1.682499592462124127e+01,3.889639160101264981e+00
3.379907638029515216e+00,7.801337862613217933e-01,1.685638584239105597e+01,3.890708716991111871e+00
3.386201693221376985e+00,7.803466252822834903e-01,1.688777576016087423e+01,3.891770194712952158e+00
3.392495748413238310e+00,7.805578499585500429e-01,1.691916567793068893e+01,3.892823621322165639e+00
3.398789803605099191e+00,7.807674657666556772e-01,1.695055559570050363e+01,3.893869024131501710e+00
3.405083858796960961e+00,7.809754780826589915e-01,1.698194551347032188e+01,3.894906429952616378e+00
3.411377913988822286e+00,7.811818922531442722e-01,1.701333543124013659e+01,3.895935865450169011e+00
3.417671969180683167e+00,7.813867136674687019e-01,1.704472534900995129e+01,3.896957357502138120e+00
3.423966024372544492e+00,7.815899478300111225e-01,1.707611526677976599e+01,3.897970933560141571e+00
3.430260079564406261e+00,7.817916004324196866e-01,1.710750518454958424e+01,3.898976622009753701e+00
3.436554134756267143e+00,7.819916774258598435e-01,1.713889510231939894e+01,3.899974452530820646e+00
3.442848189948128468e+00,7.821901850932619915e-01,1.717028502008921365e+01,3.900964456457778340e+00
3.449142245139990237e+00,7.823871301215697960e-01,1.720167493785903190e+01,3.901946667139970515e+00
3.455436300331851118e+00,7.825825196739804035e-01,1.723306485562884660e+01,3.902921120301928948e+00
3.461730355523712443e+00,7.827763614531314529e-01,1.726445477339866130e+01,3.903887854358499609e+00
3.468024410715574213e+00,7.829686636660941890e-01,1.729584469116847956e+01,3.904846910240256097e+00
3.474318465907435094e+00,7.831594348526265126e-01,1.732723460893829426e+01,3.905798330536958129e+00
3.480612521099296419e+00,7.833486836849590240e-01,1.735862452670810896e+01,3.906742158499037831e+00
3.486906576291157300e+00,7.835364187672544389e-01,1.739001444447792366e+01,3.907678437037456209e+00
3.493200631483019070e+00,7.837226484350610090e-01,1.742140436224774191e+01,3.908607207723532984e+00
3.499494686674880395e+00,7.839073805547692730e-01,1.745279428001755662e+01,3.909528509788787076e+00
3.505788741866741276e+00,7.840906223230693639e-01,1.748418419778737132e+01,3.910442379124787315e+00
3.512082797058603045e+00,7.842723800664047618e-01,1.751557411555718957e+01,3.911348847282979602e+00
3.518376852250464371e+00,7.844526590404317101e-01,1.754696403332700427e+01,3.912247940474543828e+00
3.524670907442325252e+00,7.846314632353152962e-01,1.757835395109681897e+01,3.913139678599362181e+00
3.530964962634186577e+00,7.848087953132348860e-01,1.760974386886663368e+01,3.914024074934342678e+00
3.537259017826048346e+00,7.849846568531031465e-01,1.764113378663645193e+01,3.914901137353890004e+00
3.543553073017909227e+00,7.851590487059864065e-01,1.767252370440626663e+01,3.915770870102469825e+00
3.549847128209770553e+00,7.853319713542169511e-01,1.770391362217608133e+01,3.916633275585585494e+00
3.556141183401632322e+00,7.855034252704963249e-01,1.773530353994589959e+01,3.917488356160710339e+00
3.562435238593493203e+00,7.856734112770058509e-01,1.776669345771571429e+01,3.918336115928252816e+00
3.568729293785354528e+00,7.858419309045131529e-01,1.779808337548552899e+01,3.919176562522508345e+00
3.575023348977216298e+00,7.860089867514779005e-01,1.782947329325534724e+01,3.920009708902599144e+00
3.581317404169077179e+00,7.861745828431622174e-01,1.786086321102516195e+01,3.920835575143443830e+00
3.587611459360938504e+00,7.863387249821964797e-01,1.789225312879497665e+01,3.921654190184111322e+00
3.593905514552799385e+00,7.865014209125607003e-01,1.792364304656479135e+01,3.922465592645630661e+00
3.600199569744661154e+00,7.866626800596521196e-01,1.795503296433460960e+01,3.923269829534651976e+00
3.606493624936522036e+00,7.868225131210652146e-01,1.798642288210442430e+01,3.924066954202567459e+00
3.612787680128383361e+00,7.869809316525923082e-01,1.801781279987423900e+01,3.924857024280802520e+00
3.619081735320245130e+00,7.871379476542228470e-01,1.804920271764405726e+01,3.925640099616097167e+00
3.625375790512106011e+00,7.872935731561455652e-01,1.808059263541387196e+01,3.926416240205801156e+00
3.631669845703967336e+00,7.874478198047464295e-01,1.811198255318368666e+01,3.927185504133151372e+00
3.637963900895828218e+00,7.876006984486112472e-01,1.814337247095350136e+01,3.927947945502569649e+00
3.644257956087689987e+00,7.877522187245584728e-01,1.817476238872331962e+01,3.928703612375112009e+00
3.650552011279551312e+00,7.879023886702133384e-01,1.820615230649313432e+01,3.929452544836285810e+00
3.656846066471412193e+00,7.880512145989896355e-01,1.823754222426294902e+01,3.930194774372554267e+00
3.663140121663273963e+00,7.881987013157706334e-01,1.826893214203276727e+01,3.930930324946988907e+00
3.669434176855135288e+00,7.883448523980679523e-01,1.830032205980258198e+01,3.931659214401471925e+00
3.675728232046996169e+00,7.884896704778192600e-01,1.833171197757239668e+01,3.932381455862089314e+00
3.682022287238857938e+00,7.886331575231826374e-01,1.836310189534221493e+01,3.933097059144503138e+00
3.688316342430719263e+00,7.887753151203314994e-01,1.839449181311202963e+01,3.933806032159329558e+00
3.694610397622580145e+00,7.889161447552521800e-01,1.842588173088184433e+01,3.934508382317527975e+00
3.700904452814441470e+00,7.890556480955370766e-01,1.845727164865165904e+01,3.935204117935769741e+00
3.707198508006303239e+00,7.891938272701307655e-01,1.848866156642147729e+01,3.935893249631596813e+00
3.713492563198164120e+00,7.893306850853702983e-01,1.852005148419129199e+01,3.936575791400865221e+00
3.719786618390025446e+00,7.894662250608120990e-01,1.855144140196110669e+01,3.937251760796421696e+00
3.726080673581887215e+00,7.896004513860106488e-01,1.858283131973092495e+01,3.937921178712549430e+00
3.732374728773748096e+00,7.897333688737026014e-01,1.861422123750073965e+01,3.938584069151485068e+00
3.738668783965609421e+00,7.898649829129901212e-01,1.864561115527055435e+01,3.939240458989936577e+00
3.744962839157470302e+00,7.899952994225233338e-01,1.867700107304036905e+01,3.939890377745588257e+00
3.751256894349332072e+00,7.901243248036849964e-01,1.870839099081018730e+01,3.940533857343625268e+00
3.757550949541193397e+00,7.902520658937720599e-01,1.873978090858000201e+01,3.941170931883239525e+00
3.763845004733054278e+00,7.903785299189570734e-01,1.877117082634981671e+01,3.941801637403033798e+00
3.770139059924916047e+00,7.905037244363853910e-01,1.880256074411963496e+01,3.942426011592250923e+00
3.776433115116777373e+00,7.906276572367950672e-01,1.883395066188944966e+01,3.943044093305114295e+00
3.782727170308638254e+00,7.907503362251196988e-01,1.886534057965926436e+01,3.943655921965367295e+00
3.789021225500500023e+00,7.908717692996626303e-01,1.889673049742908262e+01,3.944261536963685977e+00
3.795315280692361348e+00,7.909919642312696064e-01,1.892812041519889732e+01,3.944860977055087314e+00
3.801609335884222229e+00,7.911109285425035331e-01,1.895951033296871202e+01,3.945454279756341442e+00
3.807903391076083555e+00,7.912286693868160192e-01,1.899090025073852672e+01,3.946041480743377239e+00
3.814197446267945324e+00,7.913451934277232480e-01,1.902229016850834498e+01,3.946622613248699452e+00
3.820491501459806205e+00,7.914605067203095423e-01,1.905368008627815968e+01,3.947197707470423644e+00
3.826785556651667530e+00,7.915746146583978460e-01,1.908507000404797438e+01,3.947766790308798512e+00
3.833079611843529300e+00,7.916875220967897198e-01,1.911645992181779263e+01,3.948329885975850662e+00
3.839373667035390181e+00,7.917992335459383968e-01,1.914784983958760733e+01,3.948887016966258656e+00
3.845667722227251506e+00,7.919097533696280999e-01,1.917923975735742204e+01,3.949438205043230177e+00
3.851961777419112387e+00,7.920190859826556906e-01,1.921062967512723674e+01,3.949983472224384062e+00
3.858255832610974156e+00,7.921272360485096531e-01,1.924201959289705499e+01,3.950522841767623028e+00
3.864549887802835482e+00,7.922342086770527425e-01,1.927340951066686969e+01,3.951056339157021924e+00
3.870843942994696363e+00,7.923400096221462352e-01,1.930479942843668439e+01,3.951583993088425117e+00
3.877137998186558132e+00,7.924446454537342754e-01,1.933618934620650265e+01,3.952105836327672428e+00
3.883432053378419457e+00,7.925481235092396437e-01,1.936757926397631735e+01,3.952621905468199692e+00
3.889726108570280338e+00,7.926504515867395240e-01,1.939896918174613205e+01,3.953132239400831693e+00
3.896020163762142108e+00,7.927516375941764393e-01,1.943035909951595031e+01,3.953636877564317587e+00
3.902314218954003433e+00,7.928516891982571035e-01,1.946174901728576501e+01,3.954135858194308017e+00
3.908608274145864314e+00,7.929506134733502742e-01,1.949313893505557971e+01,3.954629216572326467e+00
3.914902329337725195e+00,7.930484165503854932e-01,1.952452885282539441e+01,3.955116983274744147e+00
3.921196384529587409e+00,7.931451032657488298e-01,1.955591877059521266e+01,3.955599182421744686e+00
3.927490439721448290e+00,7.932406768258707386e-01,1.958730868836502736e+01,3.956075830004542215e+00
3.933784494913309171e+00,7.933351387489970818e-01,1.961869860613484207e+01,3.956546933594982551e+00
3.940078550105171384e+00,7.934284893536903693e-01,1.965008852390466032e+01,3.957012494781810386e+00
3.946372605297032266e+00,7.935207284136667205e-01,1.968147844167447502e+01,3.957472512436496448e+00
3.952666660488893147e+00,7.936118558167664094e-01,1.971286835944428972e+01,3.957926985999673075e+00
3.958960715680754916e+00,7.937018722239198576e-01,1.974425827721410798e+01,3.958375918767554680e+00
3.965254770872616241e+00,7.937907797281190669e-01,1.977564819498392268e+01,3.958819321178378647e+00
3.971548826064477122e+00,7.938785825133840568e-01,1.980703811275373738e+01,3.959257214098827138e+00
3.977842881256338448e+00,7.939652874901864665e-01,1.983842803052355208e+01,3.959689631993030368e+00
3.984136936448200217e+00,7.940509045065543559e-01,1.986981794829337034e+01,3.960116623975395100e+00
3.990430991640061098e+00,7.941354457109626175e-01,1.990120786606318504e+01,3.960538250633192092e+00
3.996725046831922423e+00,7.942189246535251712e-01,1.993259778383299974e+01,3.960954579543993326e+00
4.003019102023784193e+00,7.943013553805202687e-01,1.996398770160281799e+01,3.961365680759856289e+00
4.009313157215645518e+00,7.943827515289167973e-01,1.999537761937263269e+01,3.961771622291518025e+00
4.015607212407505955e+00,7.944631254208981419e-01,2.002676753714244740e+01,3.962172465592574078e+00
4.021901267599367280e+00,7.945424871585230475e-01,2.005815745491226210e+01,3.962568261044341789e+00
4.028195322791229493e+00,7.946208437960142756e-01,2.008954737268208035e+01,3.962959043827872119e+00
4.034489377983089931e+00,7.946981992244013249e-01,2.012093729045189505e+01,3.963344833348634300e+00
4.040783433174951256e+00,7.947745549295761602e-01,2.015232720822170975e+01,3.963725637017116998e+00
4.047077488366813469e+00,7.948499109074373958e-01,2.018371712599152801e+01,3.964101454812865910e+00
4.053371543558673906e+00,7.949242665803285535e-01,2.021510704376134271e+01,3.964472283854973966e+00
4.059665598750535231e+00,7.949976217134772094e-01,2.024649696153115741e+01,3.964838122972576429e+00
4.065959653942397445e+00,7.950699773314341412e-01,2.027788687930097566e+01,3.965198977275345982e+00
4.072253709134257882e+00,7.951413366248607506e-01,2.030927679707079037e+01,3.965554862675853887e+00
4.078547764326119207e+00,7.952117055289225078e-01,2.034066671484060507e+01,3.965905808774150554e+00
4.084841819517980532e+00,7.952810923208585292e-01,2.037205663261041977e+01,3.966251856850754542e+00
4.091135874709841858e+00,7.953495067640332650e-01,2.040344655038023802e+01,3.966593055597835704e+00
4.097429929901703183e+00,7.954169592296166380e-01,2.043483646815005272e+01,3.966929456738832016e+00
4.103723985093564508e+00,7.954834598182602967e-01,2.046622638591986743e+01,3.967261110648042433e+00
4.110018040285425833e+00,7.955490174817774207e-01,2.049761630368968568e+01,3.967588061970243274e+00
4.116312095477287158e+00,7.956136391474970537e-01,2.052900622145950038e+01,3.967910345253636173e+00
4.122606150669148484e+00,7.956773290506538032e-01,2.056039613922931508e+01,3.968227981620321199e+00
4.128900205861009809e+00,7.957400890218421230e-01,2.059178605699912978e+01,3.968540980199898982e+00
4.135194261052871134e+00,7.958019194333636470e-01,2.062317597476894804e+01,3.968849342849124717e+00
4.141488316244732459e+00,7.958628202031281518e-01,2.065456589253876274e+01,3.969153069158594782e+00
4.147782371436593785e+00,7.959227917985854939e-01,2.068595581030857744e+01,3.969452161459591011e+00
4.154076426628455110e+00,7.959818362406625436e-01,2.071734572807839569e+01,3.969746629830945395e+00
4.160370481820316435e+00,7.960399581038519745e-01,2.074873564584821040e+01,3.970036497086717908e+00
4.166664537012177760e+00,7.960971652633960227e-01,2.078012556361802510e+01,3.970321802502573494e+00
4.172958592204039086e+00,7.961534685693922864e-01,2.081151548138784335e+01,3.970602600190474174e+00
4.179252647395900411e+00,7.962088808311865717e-01,2.084290539915765805e+01,3.970878954033607133e+00
4.185546702587761736e+00,7.962634157470712681e-01,2.087429531692747275e+01,3.971150932348544327e+00
4.191840757779622173e+00,7.963170868339610742e-01,2.090568523469728746e+01,3.971418602547284404e+00
4.198134812971484386e+00,7.963699063570717218e-01,2.093707515246710571e+01,3.971682025799312399e+00
4.204428868163345712e+00,7.964218842770299789e-01,2.096846507023692041e+01,3.971941251780591653e+00
4.210722923355206149e+00,7.964730276177042212e-01,2.099985498800673511e+01,3.972196315520788001e+00
4.217016978547068362e+00,7.965233408529448500e-01,2.103124490577655337e+01,3.972447239332034474e+00
4.223311033738929687e+00,7.965728266761932241e-01,2.106263482354636807e+01,3.972694036647149485e+00
4.229605088930790124e+00,7.966214867837356772e-01,2.109402474131618277e+01,3.972936715925908135e+00
4.235899144122651450e+00,7.966693226579595333e-01,2.112541465908599747e+01,3.973175284561320630e+00
4.242193199314513663e+00,7.967163363501339468e-01,2.115680457685581572e+01,3.973409752783543691e+00
4.248487254506374100e+00,7.967625311806694199e-01,2.118819449462563043e+01,3.973640137152237184e+00
4.254781309698235425e+00,7.968079119117531528e-01,2.121958441239544513e+01,3.973866461417537188e+00
4.261075364890097639e+00,7.968524844357864900e-01,2.125097433016526338e+01,3.974088754966218939e+00
4.267369420081958076e+00,7.968962554025016409e-01,2.128236424793507808e+01,3.974307050962045285e+00
4.273663475273819401e+00,7.969392318458959901e-01,2.131375416570489278e+01,3.974521384485198094e+00
4.279957530465680726e+00,7.969814208111726250e-01,2.134514408347471104e+01,3.974731790671743425e+00
4.286251585657542051e+00,7.970228289981403647e-01,2.137653400124452574e+01,3.974938302935187906e+00
4.292545640849403377e+00,7.970634625917992766e-01,2.140792391901434044e+01,3.975140952121565263e+00
4.298839696041264702e+00,7.971033273629767324e-01,2.143931383678415514e+01,3.975339767011334846e+00
4.305133751233126027e+00,7.971424288274773229e-01,2.147070375455397340e+01,3.975534775113096941e+00
4.311427806424987352e+00,7.971807724059746247e-01,2.150209367232378810e+01,3.975726003461013125e+00
4.317721861616848678e+00,7.972183635839026339e-01,2.153348359009360280e+01,3.975913479412217733e+00
4.324015916808710003e+00,7.972552080663717344e-01,2.156487350786342105e+01,3.976097231419425171e+00
4.330309972000571328e+00,7.972913118731995707e-01,2.159626342563323576e+01,3.976277289504865475e+00
4.336604027192432653e+00,7.973266813438362188e-01,2.162765334340305046e+01,3.976453685284851769e+00
4.342898082384293090e+00,7.973613231218253938e-01,2.165904326117286516e+01,3.976626451892282699e+00
4.349192137576155304e+00,7.973952441389812185e-01,2.169043317894268341e+01,3.976795623897728227e+00
4.355486192768016629e+00,7.974284515995456735e-01,2.172182309671249811e+01,3.976961237230418611e+00
4.361780247959877066e+00,7.974609529594473001e-01,2.175321301448231281e+01,3.977123329074804925e+00
4.368074303151739279e+00,7.974927558684389295e-01,2.178460293225213107e+01,3.977281937581985005e+00
4.374368358343600605e+00,7.975238680730878382e-01,2.181599285002194577e+01,3.977437101385891349e+00
4.380662413535461042e+00,7.975542973138844971e-01,2.184738276779176047e+01,3.977588859090151807e+00
4.386956468727323255e+00,7.975840512223187906e-01,2.187877268556157873e+01,3.977737248754781962e+00
4.393250523919184580e+00,7.976131372196625380e-01,2.191016260333139343e+01,3.977882307391390704e+00
4.399544579111045017e+00,7.976415624830837103e-01,2.194155252110120813e+01,3.978024070794185629e+00
4.405838634302906343e+00,7.976693341308682683e-01,2.197294243887102283e+01,3.978162574463714574e+00
4.412132689494768556e+00,7.976964595176629924e-01,2.200433235664084108e+01,3.978297855079312217e+00
4.418426744686628993e+00,7.977229465358560700e-01,2.203572227441065579e+01,3.978429952002154657e+00
4.424720799878490318e+00,7.977488039167811573e-01,2.206711219218047049e+01,3.978558908777435565e+00
4.431014855070352532e+00,7.977740414803802249e-01,2.209850210995028874e+01,3.978684774379489753e+00
4.437308910262212969e+00,7.977986699968465656e-01,2.212989202772010344e+01,3.978807602521777120e+00
4.443602965454074294e+00,7.978227006412299538e-01,2.216128194548991814e+01,3.978927448936871336e+00
4.449897020645936507e+00,7.978461443872403303e-01,2.219267186325973640e+01,3.979044368353217731e+00
4.456191075837796944e+00,7.978690114007493950e-01,2.222406178102955110e+01,3.979158411470383072e+00
4.462485131029658270e+00,7.978913104328944073e-01,2.225545169879936580e+01,3.979269621932325585e+00
4.468779186221519595e+00,7.979130482083106601e-01,2.228684161656918050e+01,3.979378033276365745e+00
4.475073241413380920e+00,7.979342288058817179e-01,2.231823153433899876e+01,3.979483665844846030e+00
4.481367296605242245e+00,7.979548530377532645e-01,2.234962145210881346e+01,3.979586523688124711e+00
4.487661351797103571e+00,7.979749178283677136e-01,2.238101136987862816e+01,3.979686591467681556e+00
4.493955406988964896e+00,7.979944157517745440e-01,2.241240128764844641e+01,3.979783832148572564e+00
4.500249462180826221e+00,7.980133366490050895e-01,2.244379120541826111e+01,3.979878195065657209e+00
4.506543517372687546e+00,7.980316725798954902e-01,2.247518112318807582e+01,3.979969640619491766e+00
4.512837572564548871e+00,7.980494235870602138e-01,2.250657104095789052e+01,3.980058169022603565e+00
4.519131627756410197e+00,7.980666034714263279e-01,2.253796095872770877e+01,3.980143849103427112e+00
4.525425682948271522e+00,7.980832446756085385e-01,2.256935087649752347e+01,3.980226842660830933e+00
4.531719738140132847e+00,7.980993951134572884e-01,2.260074079426733817e+01,3.980307388652336353e+00
4.538013793331994172e+00,7.981151052492513331e-01,2.263213071203715643e+01,3.980385738755043867e+00
4.544307848523855498e+00,7.981304134490517788e-01,2.266352062980697113e+01,3.980462084309426718e+00
4.550601903715716823e+00,7.981453313781488035e-01,2.269491054757678583e+01,3.980536483493001931e+00
4.556895958907578148e+00,7.981598337839801438e-01,2.272630046534660408e+01,3.980608810365365624e+00
4.563190014099439473e+00,7.981738678717522628e-01,2.275769038311641879e+01,3.980678801626597263e+00
4.569484069291299910e+00,7.981873758723783130e-01,2.278908030088623349e+01,3.980746169168819293e+00
4.575778124483161236e+00,7.982003187251841547e-01,2.282047021865604819e+01,3.980810718187361097e+00
4.582072179675023449e+00,7.982126987184341438e-01,2.285186013642586644e+01,3.980872460094329046e+00
4.588366234866883886e+00,7.982245664957968723e-01,2.288325005419568114e+01,3.980931647461483092e+00
4.594660290058745211e+00,7.982360005370068290e-01,2.291463997196549585e+01,3.980988671685519176e+00
4.600954345250607425e+00,7.982470792158108397e-01,2.294602988973531410e+01,3.981043923634549841e+00
4.607248400442467862e+00,7.982578528758179637e-01,2.297741980750512880e+01,3.981097654383867201e+00
4.613542455634329187e+00,7.982683237420267197e-01,2.300880972527494350e+01,3.981149875030056684e+00
4.619836510826190512e+00,7.982784539781269117e-01,2.304019964304475820e+01,3.981200396874635672e+00
4.626130566018051837e+00,7.982881892613790109e-01,2.307158956081457646e+01,3.981248948997461401e+00
4.632424621209913163e+00,7.982974833263442038e-01,2.310297947858439116e+01,3.981295300662026193e+00
4.638718676401774488e+00,7.983063194393865691e-01,2.313436939635420586e+01,3.981339368413793878e+00
4.645012731593635813e+00,7.983147141700249749e-01,2.316575931412402412e+01,3.981381234888809573e+00
4.651306786785497138e+00,7.983227062645494865e-01,2.319714923189383882e+01,3.981421093323838534e+00
4.657600841977358463e+00,7.983303438319964140e-01,2.322853914966365352e+01,3.981459183649838529e+00
4.663894897169219789e+00,7.983376721543112842e-01,2.325992906743347177e+01,3.981495731698408314e+00
4.670188952361081114e+00,7.983447259457262524e-01,2.329131898520328647e+01,3.981530910597501638e+00
4.676483007552942439e+00,7.983515260572571215e-01,2.332270890297310117e+01,3.981564824335985353e+00
4.682777062744803764e+00,7.983580768120462912e-01,2.335409882074291588e+01,3.981597494474377275e+00
4.689071117936665090e+00,7.983643643384450428e-01,2.338548873851273413e+01,3.981628851831536586e+00
4.695365173128526415e+00,7.983703614613079091e-01,2.341687865628254883e+01,3.981658760878690195e+00
4.701659228320387740e+00,7.983760387648252133e-01,2.344826857405236353e+01,3.981687074912350521e+00
4.707953283512249065e+00,7.983813764366565202e-01,2.347965849182218179e+01,3.981713695123765717e+00
4.714247338704110390e+00,7.983863739766366985e-01,2.351104840959199649e+01,3.981738619018496461e+00
4.720541393895971716e+00,7.983910497093693603e-01,2.354243832736181119e+01,3.981761937985603517e+00
4.726835449087832153e+00,7.983954330210051298e-01,2.357382824513162589e+01,3.981783798580659006e+00
4.733129504279694366e+00,7.983995559845145085e-01,2.360521816290144415e+01,3.981804360759029660e+00
4.739423559471555691e+00,7.984034466373010064e-01,2.363660808067125885e+01,3.981823764349769590e+00
4.745717614663416128e+00,7.984071269224963796e-01,2.366799799844107355e+01,3.981842118788383900e+00
4.752011669855278342e+00,7.984106126703077733e-01,2.369938791621089180e+01,3.981859503023798208e+00
4.758305725047139667e+00,7.984139137378621909e-01,2.373077783398070650e+01,3.981875966215798535e+00
4.764599780239000104e+00,7.984170348835911701e-01,2.376216775175052121e+01,3.981891532095790609e+00
4.770893835430862318e+00,7.984199776838976081e-01,2.379355766952033946e+01,3.981906208525662461e+00
4.777187890622723643e+00,7.984227426687626750e-01,2.382494758729015416e+01,3.981919998148553130e+00
4.783481945814584080e+00,7.984253313004409103e-01,2.385633750505996886e+01,3.981932908257066472e+00
4.789776001006445405e+00,7.984277473121056401e-01,2.388772742282978356e+01,3.981944957469406354e+00
4.796070056198307618e+00,7.984299976555410128e-01,2.391911734059960182e+01,3.981956180455738181e+00
4.802364111390168055e+00,7.984320931728151605e-01,2.395050725836941652e+01,3.981966631287978675e+00
4.808658166582029381e+00,7.984340465463369840e-01,2.398189717613923122e+01,3.981976373216251197e+00
4.814952221773891594e+00,7.984358664166908426e-01,2.401328709390904947e+01,3.981985449333161231e+00
4.821246276965752031e+00,7.984375508246462916e-01,2.404467701167886418e+01,3.981993849867570656e+00
4.827540332157613356e+00,7.984390848193954060e-01,2.407606692944867888e+01,3.982001500256321158e+00
4.833834387349474682e+00,7.984404500074242517e-01,2.410745684721849358e+01,3.982008308766678439e+00
4.840128442541336007e+00,7.984416393643642973e-01,2.413884676498831183e+01,3.982014240366483104e+00
4.846422497733197332e+00,7.984426692115303981e-01,2.417023668275812653e+01,3.982019376453930004e+00
4.852716552925058657e+00,7.984435749208526056e-01,2.420162660052794124e+01,3.982023893437064199e+00
4.859010608116919983e+00,7.984443939228892395e-01,2.423301651829775949e+01,3.982027977990789669e+00
4.865304663308781308e+00,7.984451487583111851e-01,2.426440643606757419e+01,3.982031742530677487e+00
4.871598718500642633e+00,7.984458422912605879e-01,2.429579635383738889e+01,3.982035201340870412e+00
4.877892773692503958e+00,7.984464676240199399e-01,2.432718627160720715e+01,3.982038320020846456e+00
4.884186828884365283e+00,7.984470202006130890e-01,2.435857618937702185e+01,3.982041075848892220e+00
4.890480884076226609e+00,7.984475041120644434e-01,2.438996610714683655e+01,3.982043489227898636e+00
4.896774939268087046e+00,7.984479285661829628e-01,2.442135602491665125e+01,3.982045606079351874e+00
4.903068994459949259e+00,7.984483019380664848e-01,2.445274594268646950e+01,3.982047468171812543e+00
4.909363049651810584e+00,7.984486281852822831e-01,2.448413586045628421e+01,3.982049095242590209e+00
4.915657104843671021e+00,7.984489084824213379e-01,2.451552577822609891e+01,3.982050493149643877e+00
4.921951160035533235e+00,7.984491445593955294e-01,2.454691569599591716e+01,3.982051670520445619e+00
4.928245215227394560e+00,7.984493408869490771e-01,2.457830561376573186e+01,3.982052649651637299e+00
4.934539270419254997e+00,7.984495037730584555e-01,2.460969553153554656e+01,3.982053462002565603e+00
4.940833325611117210e+00,7.984496392497808515e-01,2.464108544930536482e+01,3.982054137656503734e+00
4.947127380802978536e+00,7.984497515415123203e-01,2.467247536707517952e+01,3.982054697681496780e+00
4.953421435994838973e+00,7.984498433214082258e-01,2.470386528484499422e+01,3.982055155409193858e+00
4.959715491186700298e+00,7.984499167470350267e-01,2.473525520261480892e+01,3.982055521599879633e+00
4.966009546378562511e+00,7.984499742571167236e-01,2.476664512038462718e+01,3.982055808416038900e+00
4.972303601570422948e+00,7.984500185509745274e-01,2.479803503815444188e+01,3.982056029319813728e+00
4.978597656762284274e+00,7.984500521948432183e-01,2.482942495592425658e+01,3.982056197109615336e+00
4.984891711954146487e+00,7.984500773122003014e-01,2.486081487369407483e+01,3.982056322375719493e+00
4.991185767146006924e+00,7.984500955787012799e-01,2.489220479146388953e+01,3.982056413475010714e+00
4.997479822337868249e+00,7.984501083567890900e-01,2.492359470923370424e+01,3.982056477202307487e+00
5.003773877529729575e+00,7.984501168196430632e-01,2.495498462700351894e+01,3.982056519408529560e+00
5.010067932721590900e+00,7.984501220246944531e-01,2.498637454477333719e+01,3.982056545367332223e+00
5.016361987913452225e+00,7.984501249644117005e-01,2.501776446254315189e+01,3.982056560028385928e+00
5.022656043105313550e+00,7.984501266086118099e-01,2.504915438031296659e+01,3.982056568228394600e+00
5.028950098297174875e+00,7.984501279265746598e-01,2.508054429808278485e+01,3.982056574801382087e+00
