x_m,r_m,x_over_rt,r_over_rt
# M4.19 vitiated-air nozzle [euler] inviscid design wall (AxisMachCFDWall)
# R=2, L_U=6, L_c=8 (r_t units), M_d=4.4; r_t=0.191903 m
# throat x=0.000000 m r=0.191903 m; exit x=5.032547 m r=0.798451 m
-1.247369500000000020e+00,7.292313999999999741e-01,-6.500000000000000000e+00,3.799999999999999822e+00
-1.244060827586206841e+00,7.292313999999999741e-01,-6.482758620689654805e+00,3.799999999999999822e+00
-1.240752155172413662e+00,7.292313999999999741e-01,-6.465517241379310498e+00,3.799999999999999822e+00
-1.237443482758620483e+00,7.292313999999999741e-01,-6.448275862068965303e+00,3.799999999999999822e+00
-1.234134810344827526e+00,7.292313999999999741e-01,-6.431034482758620996e+00,3.799999999999999822e+00
-1.230826137931034348e+00,7.292313999999999741e-01,-6.413793103448275801e+00,3.799999999999999822e+00
-1.227517465517241169e+00,7.292313999999999741e-01,-6.396551724137930606e+00,3.799999999999999822e+00
-1.224208793103448212e+00,7.292313999999999741e-01,-6.379310344827586299e+00,3.799999999999999822e+00
-1.220900120689655033e+00,7.292313999999999741e-01,-6.362068965517241104e+00,3.799999999999999822e+00
-1.217591448275862076e+00,7.292313999999999741e-01,-6.344827586206896797e+00,3.799999999999999822e+00
-1.214282775862068897e+00,7.292313999999999741e-01,-6.327586206896551602e+00,3.799999999999999822e+00
-1.210974103448275940e+00,7.292313999999999741e-01,-6.310344827586207295e+00,3.799999999999999822e+00
-1.207665431034482761e+00,7.292313999999999741e-01,-6.293103448275862100e+00,3.799999999999999822e+00
-1.204356758620689583e+00,7.292313999999999741e-01,-6.275862068965516904e+00,3.799999999999999822e+00
-1.201048086206896626e+00,7.292313999999999741e-01,-6.258620689655172598e+00,3.799999999999999822e+00
-1.197739413793103447e+00,7.292313999999999741e-01,-6.241379310344827402e+00,3.799999999999999822e+00
-1.194430741379310268e+00,7.292313999999999741e-01,-6.224137931034483096e+00,3.799999999999999822e+00
-1.191122068965517089e+00,7.292313999999999741e-01,-6.206896551724137900e+00,3.799999999999999822e+00
-1.187813396551723910e+00,7.292313999999999741e-01,-6.189655172413792705e+00,3.799999999999999822e+00
-1.184504724137930953e+00,7.292313999999999741e-01,-6.172413793103448398e+00,3.799999999999999822e+00
-1.181196051724137774e+00,7.292313999999999741e-01,-6.155172413793103203e+00,3.799999999999999822e+00
-1.177887379310344818e+00,7.292313999999999741e-01,-6.137931034482758896e+00,3.799999999999999822e+00
-1.174578706896551639e+00,7.292313999999999741e-01,-6.120689655172413701e+00,3.799999999999999822e+00
-1.171270034482758682e+00,7.292313999999999741e-01,-6.103448275862069394e+00,3.799999999999999822e+00
-1.167961362068965503e+00,7.292313999999999741e-01,-6.086206896551724199e+00,3.799999999999999822e+00
-1.164652689655172324e+00,7.292313999999999741e-01,-6.068965517241379004e+00,3.799999999999999822e+00
-1.161344017241379367e+00,7.292313999999999741e-01,-6.051724137931034697e+00,3.799999999999999822e+00
-1.158035344827586188e+00,7.292313999999999741e-01,-6.034482758620689502e+00,3.799999999999999822e+00
-1.154726672413793009e+00,7.292313999999999741e-01,-6.017241379310345195e+00,3.799999999999999822e+00
-1.151418000000000053e+00,7.292313999999999741e-01,-6.000000000000000000e+00,3.799999999999999822e+00
-1.145631979899497388e+00,7.292309402569375765e-01,-5.969849246231155426e+00,3.799997604294552911e+00
-1.139845959798994945e+00,7.292277454351306920e-01,-5.939698492462311741e+00,3.799980956186879588e+00
-1.134059939698492281e+00,7.292191444908144859e-01,-5.909547738693467167e+00,3.799936136958851574e+00
-1.128273919597990060e+00,7.292025357133266050e-01,-5.879396984924623482e+00,3.799849589184778775e+00
-1.122487899497487396e+00,7.291753861495453570e-01,-5.849246231155778908e+00,3.799708113732174208e+00
-1.116701879396984731e+00,7.291352310283277793e-01,-5.819095477386934334e+00,3.799498866762519800e+00
-1.110915859296482289e+00,7.290796731849470413e-01,-5.788944723618090649e+00,3.799209356732031750e+00
-1.105129839195979846e+00,7.290063824855304020e-01,-5.758793969849246075e+00,3.798827441392424564e+00
-1.099343819095477404e+00,7.289130952514973893e-01,-5.728643216080402389e+00,3.798341324791678186e+00
-1.093557798994974739e+00,7.287976136839970920e-01,-5.698492462311557816e+00,3.797739554274801144e+00
-1.087771778894472297e+00,7.286578052883465606e-01,-5.668341708542713242e+00,3.797011017484596795e+00
-1.081985758793969854e+00,7.284916022984680994e-01,-5.638190954773869557e+00,3.796144939362428694e+00
-1.076199738693467189e+00,7.282970011013280009e-01,-5.608040201005024983e+00,3.795130879148986836e+00
-1.070413718592964747e+00,7.280720616613730600e-01,-5.577889447236181297e+00,3.793958727385049023e+00
-1.064627698492462304e+00,7.278149069449696418e-01,-5.547738693467336724e+00,3.792618702912250672e+00
-1.058841678391959640e+00,7.275237223448405288e-01,-5.517587939698492150e+00,3.791101349873845283e+00
-1.053055658291457197e+00,7.271967551045038780e-01,-5.487437185929648464e+00,3.789397534715475580e+00
-1.047269638190954755e+00,7.268323137427102898e-01,-5.457286432160803891e+00,3.787498443185934427e+00
-1.041483618090452312e+00,7.264287674778804327e-01,-5.427135678391960205e+00,3.785395577337928419e+00
-1.035697597989949648e+00,7.259845456525437779e-01,-5.396984924623115631e+00,3.783080752528849455e+00
-1.029911577889447205e+00,7.254981371577754468e-01,-5.366834170854271058e+00,3.780546094421533443e+00
-1.024125557788944763e+00,7.249680898576350563e-01,-5.336683417085427372e+00,3.777784035985029654e+00
-1.018339537688442098e+00,7.243930100136038996e-01,-5.306532663316582799e+00,3.774787314495364310e+00
-1.012553517587939655e+00,7.237715617090224596e-01,-5.276381909547739113e+00,3.771548968536304614e+00
-1.006767497487437213e+00,7.231024662735294761e-01,-5.246231155778894539e+00,3.768062335000127661e+00
-1.000981477386934548e+00,7.223845017074983499e-01,-5.216080402010049966e+00,3.764321046088380029e+00
-9.951954572864321058e-01,7.216165021064764318e-01,-5.185929648241206280e+00,3.760319026312650248e+00
-9.894094371859295522e-01,7.207973570856214263e-01,-5.155778894472361706e+00,3.756050489495325717e+00
-9.836234170854269987e-01,7.199260112041405701e-01,-5.125628140703517133e+00,3.751509935770366067e+00
-9.778373969849245562e-01,7.190014633897271468e-01,-5.095477386934673447e+00,3.746692148584061410e+00
-9.720513768844220026e-01,7.180227663629995538e-01,-5.065326633165828873e+00,3.741592191695802594e+00
-9.662653567839195601e-01,7.169890260619383726e-01,-5.035175879396985188e+00,3.736205406178842559e+00
-9.604793366834170065e-01,7.158994010663246588e-01,-5.005025125628140614e+00,3.730527407421065256e+00
-9.546933165829145640e-01,7.147531020221773446e-01,-4.974874371859296929e+00,3.724554082125747900e+00
-9.489072964824120104e-01,7.135493910661913075e-01,-4.944723618090452355e+00,3.718281585312326332e+00
-9.431212763819094569e-01,7.122875812501755499e-01,-4.914572864321607781e+00,3.711706337317163040e+00
-9.373352562814070144e-01,7.109670359654903793e-01,-4.884422110552764096e+00,3.704825020794309864e+00
-9.315492361809044608e-01,7.095871683674856989e-01,-4.854271356783919522e+00,3.697634577716272020e+00
-9.257632160804019072e-01,7.081474407999387433e-01,-4.824120603015074948e+00,3.690132206374777013e+00
-9.199771959798994647e-01,7.066473642194922578e-01,-4.793969849246231263e+00,3.682315358381537784e+00
-9.141911758793969112e-01,7.050864976200912349e-01,-4.763819095477386689e+00,3.674181735669016291e+00
-9.084051557788944686e-01,7.034644474574223150e-01,-4.733668341708543004e+00,3.665729287491192423e+00
-9.026191356783919151e-01,7.017808670733504117e-01,-4.703517587939698430e+00,3.656956207424325811e+00
-8.968331155778894725e-01,7.000354561203572246e-01,-4.673366834170854744e+00,3.647860930367723409e+00
-8.910470954773869190e-01,6.982279599859785302e-01,-4.643216080402010171e+00,3.638442129544501746e+00
-8.852610753768843654e-01,6.963581692172426951e-01,-4.613065326633165597e+00,3.628698713502356288e+00
-8.794750552763819229e-01,6.944259189451080783e-01,-4.582914572864321912e+00,3.618629823114323685e+00
-8.736890351758793694e-01,6.924310883089007662e-01,-4.552763819095477338e+00,3.608234828579546694e+00
-8.679030150753768158e-01,6.903735998807526419e-01,-4.522613065326632764e+00,3.597513326424040869e+00
-8.621169949748743733e-01,6.882534190900398974e-01,-4.492462311557789079e+00,3.586465136501461259e+00
-8.563309748743718197e-01,6.860705536478189925e-01,-4.462311557788944505e+00,3.575090298993861548e+00
-8.505449547738693772e-01,6.838250529712668335e-01,-4.432160804020100819e+00,3.563389071412467857e+00
-8.447589346733668236e-01,6.815170076081165096e-01,-4.402010050251256246e+00,3.551361925598435221e+00
-8.389729145728643811e-01,6.791465486610968050e-01,-4.371859296482412560e+00,3.539009544723620060e+00
-8.331868944723618275e-01,6.767138472123691573e-01,-4.341708542713567986e+00,3.526332820291340653e+00
-8.274008743718591630e-01,6.742191137479655039e-01,-4.311557788944723413e+00,3.513332849137144720e+00
-8.216148542713568315e-01,6.716625975822263506e-01,-4.281407035175879727e+00,3.500010930429573452e+00
-8.158288341708542779e-01,6.690445862822389511e-01,-4.251256281407035154e+00,3.486368562670927318e+00
-8.100428140703516133e-01,6.663654050922741545e-01,-4.221105527638190580e+00,3.472407440698030534e+00
-8.042567939698492818e-01,6.636254163582252508e-01,-4.190954773869346894e+00,3.458129452682997318e+00
-7.984707738693466172e-01,6.608250189520453732e-01,-4.160804020100502321e+00,3.443536677133996804e+00
-7.926847537688442857e-01,6.579646476961854562e-01,-4.130653266331658635e+00,3.428631379896017517e+00
-7.868987336683416212e-01,6.550447727880319704e-01,-4.100502512562814061e+00,3.413416011151634066e+00
-7.811127135678392897e-01,6.520658992243448804e-01,-4.070351758793970376e+00,3.397893202421769843e+00
-7.753266934673366251e-01,6.490285662256949362e-01,-4.040201005025125802e+00,3.382065763566462824e+00
-7.695406733668340715e-01,6.459333466609029628e-01,-4.010050251256281229e+00,3.365936679785636265e+00
-7.637546532663316290e-01,6.427808464714758196e-01,-3.979899497487437099e+00,3.349509108619853848e+00
-7.579686331658290754e-01,6.395717040960456901e-01,-3.949748743718592969e+00,3.332786376951093921e+00
-7.521826130653266329e-01,6.363065898948073729e-01,-3.919597989949748840e+00,3.315771978003509091e+00
-7.463965929648240794e-01,6.329862055739560178e-01,-3.889447236180904710e+00,3.298469568344195135e+00
-7.406105728643216368e-01,6.296112836101253052e-01,-3.859296482412060580e+00,3.280882964883953257e+00
-7.348245527638190833e-01,6.261825866748245151e-01,-3.829145728643216007e+00,3.263016141878055887e+00
-7.290385326633165297e-01,6.227009070588780393e-01,-3.798994974874371877e+00,3.244873227927015602e+00
-7.232525125628140872e-01,6.191670660968611184e-01,-3.768844221105527748e+00,3.226458502977343379e+00
-7.174664924623115336e-01,6.155819135915391316e-01,-3.738693467336683618e+00,3.207776395322320173e+00
-7.116804723618090911e-01,6.119463272383052210e-01,-3.708542713567839488e+00,3.188831478602758729e+00
-7.058944522613065375e-01,6.082612120496174724e-01,-3.678391959798994915e+00,3.169628468807769828e+00
-7.001084321608039840e-01,6.045274997794374272e-01,-3.648241206030150785e+00,3.150172221275527207e+00
-6.943224120603015415e-01,6.007461483476681519e-01,-3.618090452261306655e+00,3.130467727694033808e+00
-6.885363919597989879e-01,5.969181412645908624e-01,-3.587939698492462526e+00,3.110520113101884032e+00
-6.827503718592965454e-01,5.930444870553038816e-01,-3.557788944723618396e+00,3.090334632889032207e+00
-6.769643517587938808e-01,5.891262186841603743e-01,-3.527638190954773822e+00,3.069916669797556175e+00
-6.711783316582914383e-01,5.851643929792059717e-01,-3.497487437185929693e+00,3.049271730922424428e+00
-6.653923115577888847e-01,5.811600900566161743e-01,-3.467336683417085563e+00,3.028405444712256589e+00
-6.596062914572864422e-01,5.771144127451350858e-01,-3.437185929648241434e+00,3.007323557970094985e+00
-6.538202713567839997e-01,5.730284860105127054e-01,-3.407035175879397304e+00,2.986031932854164683e+00
-6.480342512562813351e-01,5.689034563799425515e-01,-3.376884422110552730e+00,2.964536543878639741e+00
-6.422482311557788925e-01,5.647404913665001747e-01,-3.346733668341708601e+00,2.942843474914411228e+00
-6.364622110552763390e-01,5.605407788935810043e-01,-3.316582914572864471e+00,2.920958916189851262e+00
-6.306761909547738965e-01,5.563055267193369735e-01,-3.286432160804020342e+00,2.898889161291574368e+00
-6.248901708542713429e-01,5.520359618611159203e-01,-3.256281407035176212e+00,2.876640604165208170e+00
-6.191041507537687894e-01,5.477333300198982124e-01,-3.226130653266331638e+00,2.854219736116153427e+00
-6.133181306532663468e-01,5.433988950047357047e-01,-3.195979899497487509e+00,2.831633142810356052e+00
-6.075321105527637933e-01,5.390339381571886967e-01,-3.165829145728643379e+00,2.808887501275064480e+00
-6.017460904522613507e-01,5.346397577757641129e-01,-3.135678391959799249e+00,2.785989576899601250e+00
-5.959600703517587972e-01,5.302176685403532375e-01,-3.105527638190954676e+00,2.762946220436122591e+00
-5.901740502512562436e-01,5.257690009366697836e-01,-3.075376884422110546e+00,2.739764365000390001e+00
-5.843880301507538011e-01,5.212951006806876286e-01,-3.045226130653266416e+00,2.716451023072529836e+00
-5.786020100502512475e-01,5.167973281430783272e-01,-3.015075376884422287e+00,2.693013283497800447e+00
-5.728159899497488050e-01,5.122770577736496245e-01,-2.984924623115578157e+00,2.669458308487358877e+00
-5.670299698492461404e-01,5.077356775257825250e-01,-2.954773869346733584e+00,2.645793330619023997e+00
-5.612439497487436979e-01,5.031745882808700276e-01,-2.924623115577889454e+00,2.622025649838043648e+00
-5.554579296482411443e-01,4.985952032727540839e-01,-2.894472361809045324e+00,2.598162630457856892e+00
-5.496719095477387018e-01,4.939989475121641660e-01,-2.864321608040201195e+00,2.574211698160863371e+00
-5.438858894472362593e-01,4.893872572111541697e-01,-2.834170854271357065e+00,2.550180336999182895e+00
-5.380998693467335947e-01,4.847615792075415930e-01,-2.804020100502512491e+00,2.526076086395427023e+00
-5.323138492462311522e-01,4.801233703893443838e-01,-2.773869346733668362e+00,2.501906538143459979e+00
-5.265278291457285986e-01,4.754740971192188415e-01,-2.743718592964824232e+00,2.477679333409164464e+00
-5.207418090452261561e-01,4.708152346588980741e-01,-2.713567839195980103e+00,2.453402159731208343e+00
-5.149557889447236025e-01,4.661482665936291236e-01,-2.683417085427135973e+00,2.429082748021808680e+00
-5.091697688442210490e-01,4.614746842566110341e-01,-2.653266331658291399e+00,2.404728869567495320e+00
-5.033837487437186065e-01,4.567959861534334198e-01,-2.623115577889447270e+00,2.380348333029882024e+00
-4.975977286432160529e-01,4.521136773865130354e-01,-2.592964824120603140e+00,2.355948981446423840e+00
-4.918117085427136104e-01,4.474292690795325100e-01,-2.562814070351759010e+00,2.331538689231187345e+00
-4.860256884422111123e-01,4.427442778018780278e-01,-2.532663316582914881e+00,2.307125359175615120e+00
-4.802396683417085033e-01,4.380602249930768410e-01,-2.502512562814070307e+00,2.282716919449288895e+00
-4.744536482412060052e-01,4.333786363872356162e-01,-2.472361809045226178e+00,2.258321320600697568e+00
-4.686676281407035072e-01,4.287010414374780032e-01,-2.442211055276382048e+00,2.233946532558000797e+00
-4.628816080402010091e-01,4.240289727403824260e-01,-2.412060301507537918e+00,2.209600541629794357e+00
-4.570955879396985111e-01,4.193639654604197631e-01,-2.381909547738693789e+00,2.185291347505874171e+00
-4.513095678391959575e-01,4.147075567543920260e-01,-2.351758793969849215e+00,2.161026960258005669e+00
-4.455235477386934595e-01,4.100612851958693184e-01,-2.321608040201005085e+00,2.136815397340684264e+00
-4.397375276381909615e-01,4.054266901996276817e-01,-2.291457286432160956e+00,2.112664680591901600e+00
-4.339515075376884634e-01,4.008053114460876087e-01,-2.261306532663316826e+00,2.088582833233913139e+00
-4.281654874371859654e-01,3.961986883057512787e-01,-2.231155778894472697e+00,2.064577876874000406e+00
-4.223794673366834118e-01,3.916083592636406263e-01,-2.201005025125628123e+00,2.040657828505237692e+00
-4.165934472361809138e-01,3.870358613437356876e-01,-2.170854271356783993e+00,2.016830697507260073e+00
-4.108074271356784157e-01,3.824827295334111144e-01,-2.140703517587939864e+00,1.993104482647020337e+00
-4.050214070351759177e-01,3.779504962078755748e-01,-2.110552763819095734e+00,1.969487169079564115e+00
-3.992353869346734196e-01,3.734406905546083788e-01,-2.080402010050251604e+00,1.945986725348787694e+00
-3.934493668341708106e-01,3.689548379977984904e-01,-2.050251256281407031e+00,1.922611100388209149e+00
-3.876633467336683125e-01,3.644944596227804312e-01,-2.020100502512562901e+00,1.899368220521724160e+00
-3.818773266331658700e-01,3.600610716004749023e-01,-1.989949748743718771e+00,1.876265986464385138e+00
-3.760913065326632609e-01,3.556561846118239667e-01,-1.959798994974874198e+00,1.853312270323152822e+00
-3.703052864321608739e-01,3.512813032722308937e-01,-1.929648241206030512e+00,1.830514912597671184e+00
-3.645192663316582649e-01,3.469379255559962294e-01,-1.899497487437185939e+00,1.807881719181025026e+00
-3.587332462311558778e-01,3.426275422207575305e-01,-1.869346733668342253e+00,1.785420458360513107e+00
-3.529472261306532688e-01,3.383516362319256010e-01,-1.839195979899497679e+00,1.763138857818406402e+00
-3.471612060301507152e-01,3.341116821871227272e-01,-1.809045226130653106e+00,1.741044601632714128e+00
-3.413751859296482727e-01,3.299091457406220784e-01,-1.778894472361809420e+00,1.719145327277958657e+00
-3.355891658291457191e-01,3.257454830277826119e-01,-1.748743718592964846e+00,1.697448622625923775e+00
-3.298031457286433321e-01,3.216221400894900273e-01,-1.718592964824121161e+00,1.675962022946436702e+00
-3.240171256281407230e-01,3.175405522965915051e-01,-1.688442211055276587e+00,1.654693007908117686e+00
-3.182311055276381695e-01,3.135021437743366057e-01,-1.658291457286432014e+00,1.633648998579160461e+00
-3.124450854271357270e-01,3.095083268268132848e-01,-1.628140703517588328e+00,1.612837354428087622e+00
-3.066590653266331734e-01,3.055605013613860166e-01,-1.597989949748743754e+00,1.592265370324518203e+00
-3.008730452261307309e-01,3.016600543131333079e-01,-1.567839195979900069e+00,1.571940273539930821e+00
-2.950870251256281773e-01,2.978083590692869320e-01,-1.537688442211055495e+00,1.551869220748435030e+00
-2.893010050251255683e-01,2.940067748936677217e-01,-1.507537688442210921e+00,1.532059295027528023e+00
-2.835149849246231812e-01,2.902566463511263573e-01,-1.477386934673367236e+00,1.512517502858873319e+00
-2.777289648241205722e-01,2.865593027319764952e-01,-1.447236180904522662e+00,1.493250771129041699e+00
-2.719429447236181852e-01,2.829160574764386649e-01,-1.417085427135678977e+00,1.474265944130308981e+00
-2.661569246231156316e-01,2.793282075990721203e-01,-1.386934673366834403e+00,1.455569780561388527e+00
-2.603709045226130225e-01,2.757970331132180708e-01,-1.356783919597989829e+00,1.437168950528225686e+00
-2.545848844221106355e-01,2.723237964554335311e-01,-1.326633165829146144e+00,1.419070032544741622e+00
-2.487988643216080265e-01,2.689097419099298336e-01,-1.296482412060301570e+00,1.401279510533602224e+00
-2.430128442211056394e-01,2.655560950330128067e-01,-1.266331658291457885e+00,1.383803770826995017e+00
-2.372268241206030581e-01,2.622640620775189002e-01,-1.236180904522613311e+00,1.366649099167386083e+00
-2.314408040201004768e-01,2.590348294172523103e-01,-1.206030150753768737e+00,1.349821677708281431e+00
-2.256547839195980620e-01,2.558695629714231590e-01,-1.175879396984925052e+00,1.333327582014992796e+00
-2.198687638190954807e-01,2.527694076290884495e-01,-1.145728643216080478e+00,1.317172778065420768e+00
-2.140827437185930660e-01,2.497354866735844170e-01,-1.115577889447236792e+00,1.301363119250790401e+00
-2.082967236180904846e-01,2.467689012069689825e-01,-1.085427135678392219e+00,1.285904343376440107e+00
-2.025107035175879033e-01,2.438707295744574621e-01,-1.055276381909547645e+00,1.270802069662576805e+00
-1.967246834170854886e-01,2.410420267888609136e-01,-1.025125628140703959e+00,1.256061795745042620e+00
-1.909386633165829350e-01,2.382838239550238990e-01,-9.949748743718593857e-01,1.241688894676080679e+00
-1.851526432160805202e-01,2.355971276942619430e-01,-9.648241206030157002e-01,1.227688611925097373e+00
-1.793666231155779389e-01,2.329829195687999899e-01,-9.346733668341711265e-01,1.214066062379431266e+00
-1.735806030150753576e-01,2.304421555062115268e-01,-9.045226130653265528e-01,1.200826227345125119e+00
-1.677945829145729428e-01,2.279757652238515453e-01,-8.743718592964828673e-01,1.187973951547665052e+00
-1.620085628140703615e-01,2.255846516533009660e-01,-8.442211055276382936e-01,1.175513940132780544e+00
-1.562225427135679467e-01,2.232696903647996833e-01,-8.140703517587946081e-01,1.163450755667184477e+00
-1.504365226130653654e-01,2.210317289916876315e-01,-7.839195979899500344e-01,1.151788815139354938e+00
-1.446505025125627841e-01,2.188715866548383016e-01,-7.537688442211054607e-01,1.140532386960278366e+00
-1.388644824120603971e-01,2.167900533871008895e-01,-7.236180904522617752e-01,1.129685587964236682e+00
-1.330784623115578158e-01,2.147878895577383651e-01,-6.934673366834172015e-01,1.119252380409573533e+00
-1.272924422110554010e-01,2.128658252968596842e-01,-6.633165829145735159e-01,1.109236568979430793e+00
-1.215064221105528197e-01,2.110245599198642408e-01,-6.331658291457289423e-01,1.099641797782547670e+00
-1.157204020100502384e-01,2.092647613518753835e-01,-6.030150753768843686e-01,1.090471547354003867e+00
-1.099343819095478236e-01,2.075870655521817043e-01,-5.728643216080406830e-01,1.081729131656001819e+00
-1.041483618090452423e-01,2.059920759386714706e-01,-5.427135678391961093e-01,1.073417695078615175e+00
-9.836234170854284142e-02,2.044803628122714989e-01,-5.125628140703524238e-01,1.065540209440558606e+00
-9.257632160804026011e-02,2.030524627813870275e-01,-4.824120603015078501e-01,1.058099470989963820e+00
-8.679030150753767880e-02,2.017088781863361213e-01,-4.522613065326632764e-01,1.051098097405127163e+00
-8.100428140703526403e-02,2.004500765237920701e-01,-4.221105527638195909e-01,1.044538524795298073e+00
-7.521826130653268272e-02,1.992764898712161559e-01,-3.919597989949750172e-01,1.038423004701417796e+00
-6.943224120603028182e-02,1.981885143112985248e-01,-3.618090452261313317e-01,1.032753601096900731e+00
-6.364622110552770051e-02,1.971865093563953952e-01,-3.316582914572867580e-01,1.027532187388396245e+00
-5.786020100502511920e-02,1.962707973729688471e-01,-3.015075376884421843e-01,1.022760443416563803e+00
-5.207418090452271137e-02,1.954416630060190063e-01,-2.713567839195984988e-01,1.018439852456809014e+00
-4.628816080402013006e-02,1.946993526035281918e-01,-2.412060301507539251e-01,1.014571698220080975e+00
-4.050214070351754875e-02,1.940440736408957090e-01,-2.110552763819093514e-01,1.011157061853622530e+00
-3.471612060301514091e-02,1.934759941453769172e-01,-1.809045226130656658e-01,1.008196818941740958e+00
-2.893010050251255960e-02,1.929952421205195778e-01,-1.507537688442210921e-01,1.005691636506566233e+00
-2.314408040201014830e-02,1.926019049706008679e-01,-1.206030150753774066e-01,1.003641970008811057e+00
-1.735806030150757046e-02,1.922960289250704169e-01,-9.045226130653283292e-02,1.002048060348563752e+00
-1.157204020100498915e-02,1.920776184629792438e-01,-6.030150753768825922e-02,1.000909930866006547e+00
-5.786020100502579575e-03,1.919466357374296495e-01,-3.015075376884457370e-02,1.000227384342244008e+00
0.000000000000000000e+00,1.919029999999999625e-01,0.000000000000000000e+00,9.999999999999998890e-01
6.298556888075746915e-03,1.919706440567390260e-01,3.282156552047517384e-02,1.000352490876844191e+00
1.259711377615149383e-02,1.921341076135705539e-01,6.564313104095034768e-02,1.001204293906664100e+00
1.889567066422724248e-02,1.923941327093066922e-01,9.846469656142552151e-02,1.002559275828448282e+00
2.519422755230298766e-02,1.927534832253240404e-01,1.312862620819006954e-01,1.004431839133958615e+00
3.149278444037872937e-02,1.932133189783999394e-01,1.641078276023758553e-01,1.006828027588937857e+00
3.779134132845448496e-02,1.937754929949127847e-01,1.969293931228510430e-01,1.009757497250761027e+00
4.408989821653023361e-02,1.944458507434984329e-01,2.297509586433262307e-01,1.013250708657490673e+00
5.038845510460597532e-02,1.952268605667735746e-01,2.625725241638013907e-01,1.017320524258472192e+00
5.668701199268171703e-02,1.961259670968031332e-01,2.953940896842765507e-01,1.022005737777956336e+00
6.298556888075745874e-02,1.971514958604523582e-01,3.282156552047517106e-01,1.027349733253009934e+00
6.928412576883322127e-02,1.983187647762519878e-01,3.610372207252269261e-01,1.033432331835625329e+00
7.558268265690896992e-02,1.996452190917362701e-01,3.938587862457020861e-01,1.040344440116810487e+00
8.188123954498470469e-02,2.011587298131920498e-01,4.266803517661772460e-01,1.048231292961506966e+00
8.817979643306046722e-02,2.028831948134808549e-01,4.595019172866524615e-01,1.057217421371634991e+00
9.447835332113620199e-02,2.047974675669068656e-01,4.923234828071276215e-01,1.067192631521689972e+00
1.007769102092119506e-01,2.068448871219646934e-01,5.251450483276027814e-01,1.077861665122299861e+00
1.070754670972877132e-01,2.089817076738461066e-01,5.579666138480779969e-01,1.088996564273857715e+00
1.133740239853634341e-01,2.111842393163184672e-01,5.907881793685531013e-01,1.100473881681466537e+00
1.196725808734391966e-01,2.134374745284943475e-01,6.236097448890283168e-01,1.112215413664686681e+00
1.259711377615149175e-01,2.157315031068039457e-01,6.564313104095034213e-01,1.124169518490091058e+00
1.322696946495906800e-01,2.180589634389431819e-01,6.892528759299786367e-01,1.136297835046576665e+00
1.385682515376664425e-01,2.204142707306160631e-01,7.220744414504538522e-01,1.148571261161191126e+00
1.448668084257421773e-01,2.227931488673684790e-01,7.548960069709289566e-01,1.160967514147087210e+00
1.511653653138179398e-01,2.251920050713516475e-01,7.877175724914041721e-01,1.173467872161204628e+00
1.574639222018936746e-01,2.276077873815540997e-01,8.205391380118793876e-01,1.186056431538611289e+00
1.637624790899694094e-01,2.300379288139237921e-01,8.533607035323544920e-01,1.198719815812800293e+00
1.700610359780451719e-01,2.324802505840641298e-01,8.861822690528297075e-01,1.211446671412453879e+00
1.763595928661209344e-01,2.349328785291100730e-01,9.190038345733049230e-01,1.224227232138685117e+00
1.826581497541966692e-01,2.373941229306810730e-01,9.518254000937800274e-01,1.237052692926536190e+00
1.889567066422724040e-01,2.398623745371459282e-01,9.846469656142552429e-01,1.249914668020541297e+00
1.952552635303481665e-01,2.423362104288812324e-01,1.017468531134730458e+00,1.262805742634983464e+00
2.015538204184239013e-01,2.448145231814080058e-01,1.050290096655205563e+00,1.275720146018603174e+00
2.078523773064996361e-01,2.472964380869484280e-01,1.083111662175680667e+00,1.288653320098948063e+00
2.141509341945754263e-01,2.497811128447287310e-01,1.115933227696155994e+00,1.301600875675360758e+00
2.204494910826511334e-01,2.522674963727833397e-01,1.148754793216631098e+00,1.314557335595500476e+00
2.267480479707268681e-01,2.547543976798846699e-01,1.181576358737106203e+00,1.327516493644626205e+00
2.330466048588026584e-01,2.572409582739199618e-01,1.214397924257581529e+00,1.340473876249563379e+00
2.393451617468783932e-01,2.597267882377161108e-01,1.247219489778056634e+00,1.353427451565197615e+00
2.456437186349541280e-01,2.622115396371320073e-01,1.280041055298531738e+00,1.366375406518564262e+00
2.519422755230298350e-01,2.646946095365402818e-01,1.312862620819006843e+00,1.379314599232634553e+00
2.582408324111056253e-01,2.671752482454309297e-01,1.345684186339482169e+00,1.392241123095683486e+00
2.645393892991813600e-01,2.696527449416251665e-01,1.378505751859957273e+00,1.405151274037535591e+00
2.708379461872570948e-01,2.721265550736211014e-01,1.411327317380432378e+00,1.418042214418852920e+00
2.771365030753328851e-01,2.745963660738113821e-01,1.444148882900907704e+00,1.430912315460474149e+00
2.834350599634086199e-01,2.770619837694517917e-01,1.476970448421382809e+00,1.443760565334839985e+00
2.897336168514843546e-01,2.795231095303268298e-01,1.509792013941857913e+00,1.456585407890063522e+00
2.960321737395601449e-01,2.819792599286706780e-01,1.542613579462333240e+00,1.469384324000514219e+00
3.023307306276358797e-01,2.844299193103974610e-01,1.575435144982808344e+00,1.482154626610305614e+00
3.086292875157116145e-01,2.868747114944706356e-01,1.608256710503283449e+00,1.494894355452862422e+00
3.149278444037873492e-01,2.893134129179509295e-01,1.641078276023758775e+00,1.507602345549318823e+00
3.212264012918630840e-01,2.917458568547149356e-01,1.673899841544233880e+00,1.520277728095521974e+00
3.275249581799388188e-01,2.941718562002462178e-01,1.706721407064708984e+00,1.532919528096206019e+00
3.338235150680146091e-01,2.965911987453800358e-01,1.739542972585184311e+00,1.545526639736638064e+00
3.401220719560903438e-01,2.990036707524827420e-01,1.772364538105659415e+00,1.558097949237285285e+00
3.464206288441660786e-01,3.014090703706215346e-01,1.805186103626134519e+00,1.570632404759808587e+00
3.527191857322418689e-01,3.038071987786064021e-01,1.838007669146609846e+00,1.583128970253755430e+00
3.590177426203176037e-01,3.061978453828329561e-01,1.870829234667084950e+00,1.595586548323022491e+00
3.653162995083933384e-01,3.085807884515836541e-01,1.903650800187560055e+00,1.608003983531178127e+00
3.716148563964690732e-01,3.109558279319022955e-01,1.936472365708035159e+00,1.620380233409077997e+00
3.779134132845448080e-01,3.133228280025644463e-01,1.969293931228510486e+00,1.632714590196945759e+00
3.842119701726205983e-01,3.156817415972484886e-01,2.002115496748985812e+00,1.645006808633781015e+00
3.905105270606963330e-01,3.180325792869277968e-01,2.034937062269460917e+00,1.657256943804567006e+00
3.968090839487720678e-01,3.203753520217472173e-01,2.067758627789936021e+00,1.669465052770135127e+00
4.031076408368478026e-01,3.227100183925638577e-01,2.100580193310411126e+00,1.681630919748851705e+00
4.094061977249235373e-01,3.250364725749185224e-01,2.133401758830886230e+00,1.693753993293062310e+00
4.157047546129992721e-01,3.273545723199986490e-01,2.166223324351361335e+00,1.705833532149047427e+00
4.220033115010750069e-01,3.296641719131025439e-01,2.199044889871836439e+00,1.717868777002457215e+00
4.283018683891508527e-01,3.319651451943476106e-01,2.231866455392311988e+00,1.729859070438438451e+00
4.346004252772265319e-01,3.342573890131619319e-01,2.264688020912787092e+00,1.741803874942871921e+00
4.408989821653022667e-01,3.365408207550820152e-01,2.297509586433262196e+00,1.753702760014601347e+00
4.471975390533780015e-01,3.388153757223971718e-01,2.330331151953737301e+00,1.765555388516058644e+00
4.534960959414537363e-01,3.410810045147920078e-01,2.363152717474212405e+00,1.777361503023882072e+00
4.597946528295294710e-01,3.433376704099897481e-01,2.395974282994687510e+00,1.789120912179537504e+00
4.660932097176053168e-01,3.455853467443955607e-01,2.428795848515163058e+00,1.800833477039939901e+00
4.723917666056810516e-01,3.478240142937395474e-01,2.461617414035638163e+00,1.812499097428073247e+00
4.786903234937567864e-01,3.500536586537201789e-01,2.494438979556113267e+00,1.824117698283613143e+00
4.849888803818325211e-01,3.522742676353068370e-01,2.527260545076588372e+00,1.835689216089935405e+00
4.912874372699082559e-01,3.544858291927199812e-01,2.560082110597063476e+00,1.847213588076892954e+00
4.975859941579839907e-01,3.566883310039458688e-01,2.592903676117538581e+00,1.858690750034891925e+00
5.038845510460596699e-01,3.588817608439292539e-01,2.625725241638013685e+00,1.870120638259585633e+00
5.101831079341355712e-01,3.610661069990904193e-01,2.658546807158489234e+00,1.881503191711908940e+00
5.164816648222112505e-01,3.632413586818433182e-01,2.691368372678964338e+00,1.892838354178117743e+00
5.227802217102870408e-01,3.654075064451136057e-01,2.724189938199439442e+00,1.904126076429829784e+00
5.290787785983627201e-01,3.675645425968566138e-01,2.757011503719914547e+00,1.915366318384061906e+00
5.353773354864385103e-01,3.697124616145756604e-01,2.789833069240389651e+00,1.926559051263271982e+00
5.416758923745141896e-01,3.718512605598395804e-01,2.822654634760864756e+00,1.937704259755395286e+00
5.479744492625899799e-01,3.739809394926844610e-01,2.855476200281340304e+00,1.948801944173277567e+00
5.542730061506657702e-01,3.761015018475915017e-01,2.888297765801815409e+00,1.959852122413883624e+00
5.605715630387414494e-01,3.782129545073687482e-01,2.921119331322290513e+00,1.970854830343292008e+00
5.668701199268172397e-01,3.803153075489418833e-01,2.953940896842765618e+00,1.981810120472019321e+00
5.731686768148929190e-01,3.824085739380364557e-01,2.986762462363240722e+00,1.992718060364019772e+00
5.794672337029687093e-01,3.844927692235727834e-01,3.019584027883715827e+00,2.003578731044187933e+00
5.857657905910444995e-01,3.865679112320610233e-01,3.052405593404191375e+00,2.014392225405861492e+00
5.920643474791202898e-01,3.886340197619942427e-01,3.085227158924666480e+00,2.025158646618313796e+00
5.983629043671959691e-01,3.906911162782444324e-01,3.118048724445141584e+00,2.035878106534261711e+00
6.046614612552717594e-01,3.927392236064553566e-01,3.150870289965616688e+00,2.046550724097358387e+00
6.109600181433474386e-01,3.947783656274386765e-01,3.183691855486091793e+00,2.057176623749700006e+00
6.172585750314232289e-01,3.968085669722188902e-01,3.216513421006566897e+00,2.067755933842716942e+00
6.235571319194989082e-01,3.988298527578747477e-01,3.249334986527042002e+00,2.078288785260651306e+00
6.298556888075746985e-01,4.008422484922242179e-01,3.282156552047517550e+00,2.088775310923874251e+00
6.361542456956504887e-01,4.028457800846249048e-01,3.314978117567992655e+00,2.099215645845166289e+00
6.424528025837261680e-01,4.048404738649308832e-01,3.347799683088467759e+00,2.109609927228500492e+00
6.487513594718019583e-01,4.068263566024519218e-01,3.380621248608942864e+00,2.119958294567838575e+00
6.550499163598776375e-01,4.088034555249130397e-01,3.413442814129417968e+00,2.130260889745929198e+00
6.613484732479534278e-01,4.107717983374147286e-01,3.446264379649893073e+00,2.140517857133107604e+00
6.676470301360292181e-01,4.127314132413913428e-01,3.479085945170368621e+00,2.150729343686088146e+00
6.739455870241048974e-01,4.146823289535713775e-01,3.511907510690843726e+00,2.160895499046765256e+00
6.802441439121806876e-01,4.166245747249368025e-01,3.544729076211318830e+00,2.171016475641010413e+00
6.865427008002563669e-01,4.185581803595215811e-01,3.577550641731793934e+00,2.181092428776629788e+00
6.928412576883321572e-01,4.204831762232802417e-01,3.610372207252269039e+00,2.191123516689578832e+00
6.991398145764078365e-01,4.223995932121671903e-01,3.643193772772744143e+00,2.201109900377624218e+00
7.054383714644837378e-01,4.243074626947577754e-01,3.676015338293219692e+00,2.211051743301343908e+00
7.117369283525594170e-01,4.262068164529295711e-01,3.708836903813694796e+00,2.220949211075020191e+00
7.180354852406352073e-01,4.280976866225440491e-01,3.741658469334169901e+00,2.230802471157533162e+00
7.243340421287108866e-01,4.299801056341282512e-01,3.774480034854645005e+00,2.240611692543255096e+00
7.306325990167866768e-01,4.318541061535555725e-01,3.807301600375120110e+00,2.250377045452940372e+00
7.369311559048623561e-01,4.337197210227279331e-01,3.840123165895595214e+00,2.260098701024621626e+00
7.432297127929381464e-01,4.355769832002564512e-01,3.872944731416070319e+00,2.269776831004499673e+00
7.495282696810139367e-01,4.374259257021425040e-01,3.905766296936545867e+00,2.279411607437833442e+00
7.558268265690896159e-01,4.392665815424822151e-01,3.938587862457020972e+00,2.289003202359953804e+00
7.621253834571654062e-01,4.410989836815767950e-01,3.971409427977496076e+00,2.298551787525868750e+00
7.684239403452411965e-01,4.429231650333668724e-01,4.004230993497971625e+00,2.308057534449002191e+00
7.747224972333169868e-01,4.447391585382154400e-01,4.037052559018446729e+00,2.317520614780464339e+00
7.810210541213926660e-01,4.465469972460467951e-01,4.069874124538921834e+00,2.326941200742285609e+00
7.873196110094684563e-01,4.483467143995495952e-01,4.102695690059396938e+00,2.336319465560984465e+00
7.936181678975441356e-01,4.501383435173753611e-01,4.135517255579872042e+00,2.345655583901113506e+00
7.999167247856199259e-01,4.519219184773426989e-01,4.168338821100347147e+00,2.354949732298831755e+00
8.062152816736956051e-01,4.536974735996355257e-01,4.201160386620822251e+00,2.364202089595449419e+00
8.125138385617713954e-01,4.554650437300063470e-01,4.233981952141297356e+00,2.373412837370996620e+00
8.188123954498470747e-01,4.572246643229758156e-01,4.266803517661772460e+00,2.382582160377773484e+00
8.251109523379228650e-01,4.589763715250355092e-01,4.299625083182247565e+00,2.391710246973916654e+00
8.314095092259985442e-01,4.607202022569521493e-01,4.332446648702722669e+00,2.400797289552285108e+00
8.377080661140743345e-01,4.624561942526541070e-01,4.365268214223197774e+00,2.409843484743094955e+00
8.440066230021500138e-01,4.641843859401622585e-01,4.398089779743672878e+00,2.418849032793454423e+00
8.503051798902259151e-01,4.659048162344013866e-01,4.430911345264148871e+00,2.427814136487711938e+00
8.566037367783017054e-01,4.676175243242831625e-01,4.463732910784623975e+00,2.436739000037952518e+00
8.629022936663773846e-01,4.693225494597869640e-01,4.496554476305099080e+00,2.445623827974481745e+00
8.692008505544530639e-01,4.710199307390436907e-01,4.529376041825574184e+00,2.454468824036329266e+00
8.754994074425288542e-01,4.727097068954153047e-01,4.562197607346049288e+00,2.463274190061725655e+00
8.817979643306045334e-01,4.743919160845795346e-01,4.595019172866524393e+00,2.472040124878608136e+00
8.880965212186803237e-01,4.760665956716094160e-01,4.627840738386999497e+00,2.480766823195101001e+00
8.943950781067560030e-01,4.777337820180566630e-01,4.660662303907474602e+00,2.489454474490011560e+00
9.006936349948317933e-01,4.793935102690332628e-01,4.693483869427949706e+00,2.498103261903322547e+00
9.069921918829074725e-01,4.810458141422456757e-01,4.726305434948424811e+00,2.506713361136854168e+00
9.132907487709832628e-01,4.826907257971574383e-01,4.759127000468899915e+00,2.515284939772476136e+00
9.195893056590589421e-01,4.843282759703549378e-01,4.791948565989375020e+00,2.523818157977493648e+00
9.258878625471347323e-01,4.859584942472567892e-01,4.824770131509850124e+00,2.532313169920516138e+00
9.321864194352106336e-01,4.875814093416575012e-01,4.857591697030326117e+00,2.540770125228149379e+00
9.384849763232863129e-01,4.891970493752687554e-01,4.890413262550801221e+00,2.549189170441675145e+00
9.447835332113621032e-01,4.908054421572635162e-01,4.923234828071276326e+00,2.557570450473747314e+00
9.510820900994377824e-01,4.924066154638164772e-01,4.956056393591751430e+00,2.565914110065066644e+00
9.573806469875135727e-01,4.940005973176486709e-01,4.988877959112226534e+00,2.574220295241078649e+00
9.636792038755892520e-01,4.955874162675696915e-01,5.021699524632701639e+00,2.582489154768657702e+00
9.699777607636650423e-01,4.971671016680192512e-01,5.054521090153176743e+00,2.590720841612790259e+00
9.762763176517407215e-01,4.987396839586106800e-01,5.087342655673651848e+00,2.598915514393264736e+00
9.825748745398165118e-01,5.003051949433405809e-01,5.120164221194126952e+00,2.607073338839624999e+00
9.888734314278921911e-01,5.018636680236374659e-01,5.152985786714602057e+00,2.615194489005578493e+00
9.951719883159679814e-01,5.034151381609636156e-01,5.185807352235077161e+00,2.623279147074113471e+00
1.001470545204043772e+00,5.049596416087709372e-01,5.218628917755552266e+00,2.631327501960734949e+00
1.007769102092119340e+00,5.064972156178423335e-01,5.251450483276027370e+00,2.639339747778004064e+00
1.014067658980195352e+00,5.080278981415716766e-01,5.284272048796503363e+00,2.647316082299764339e+00
1.020366215868271142e+00,5.095517275412461133e-01,5.317093614316978467e+00,2.655256705425376840e+00
1.026664772756346711e+00,5.110687422913265943e-01,5.349915179837453572e+00,2.663161817643948215e+00
1.032963329644422501e+00,5.125789806847310670e-01,5.382736745357928676e+00,2.671031618498569848e+00
1.039261886532498291e+00,5.140824805381141172e-01,5.415558310878403780e+00,2.678866305050541907e+00
1.045560443420574082e+00,5.155792788971496066e-01,5.448379876398878885e+00,2.686666070343608936e+00
1.051859000308649650e+00,5.170694117418122016e-01,5.481201441919353989e+00,2.694431101868195011e+00
1.058157557196725440e+00,5.185529136916583459e-01,5.514023007439829094e+00,2.702161580025629561e+00
1.064456114084801230e+00,5.200298177155996404e-01,5.546844572960304198e+00,2.709857676615788247e+00
1.070754670972877021e+00,5.215001549582549689e-01,5.579666138480779303e+00,2.717519553932220777e+00
1.077053227860952589e+00,5.229639548619045009e-01,5.612487704001254407e+00,2.725147365397646571e+00
1.083351784749028379e+00,5.244212454047626482e-01,5.645309269521729512e+00,2.732741256805587327e+00
1.089650341637104392e+00,5.258720533437181155e-01,5.678130835042205504e+00,2.740301367585280978e+00
1.095948898525179960e+00,5.273164044570745057e-01,5.710952400562680609e+00,2.747827832066588538e+00
1.102247455413255750e+00,5.287543237872884827e-01,5.743773966083155713e+00,2.755320780744900055e+00
1.108546012301331540e+00,5.301858358837110430e-01,5.776595531603630818e+00,2.762780341546047236e+00
1.114844569189407331e+00,5.316109650453263447e-01,5.809417097124105922e+00,2.770206641091209399e+00
1.121143126077482899e+00,5.330297355634908696e-01,5.842238662644581026e+00,2.777599805961818991e+00
1.127441682965558689e+00,5.344421719646750280e-01,5.875060228165056131e+00,2.784959963964477314e+00
1.133740239853634479e+00,5.358482992532005440e-01,5.907881793685531235e+00,2.792287245395853823e+00
1.140038796741710270e+00,5.372481431539817276e-01,5.940703359206006340e+00,2.799581784307602295e+00
1.146337353629785838e+00,5.386417303495411035e-01,5.973524924726481444e+00,2.806843719741437759e+00
1.152635910517861628e+00,5.400290886105578725e-01,6.006346490246956549e+00,2.814073196409425215e+00
1.158934467405937419e+00,5.414102467089951798e-01,6.039168055767431653e+00,2.821270364241284412e+00
1.165233024294013209e+00,5.427852342626322546e-01,6.071989621287906758e+00,2.828435377574255227e+00
1.171531581182088999e+00,5.441540815777781148e-01,6.104811186808382750e+00,2.835568394333481734e+00
1.177830138070164789e+00,5.455168194919838287e-01,6.137632752328857855e+00,2.842669575212393163e+00
1.184128694958240580e+00,5.468734792167579961e-01,6.170454317849332959e+00,2.849739082853097738e+00
1.190427251846316148e+00,5.482240921802788991e-01,6.203275883369808064e+00,2.856777081026763199e+00
1.196725808734391938e+00,5.495686898701096501e-01,6.236097448890283168e+00,2.863783733814008414e+00
1.203024365622467728e+00,5.509073036759101205e-01,6.268919014410758273e+00,2.870759204785283014e+00
1.209322922510543519e+00,5.522399647321517557e-01,6.301740579931233377e+00,2.877703656181257230e+00
1.215621479398619087e+00,5.535667037608312802e-01,6.334562145451708481e+00,2.884617248093210407e+00
1.221920036286694877e+00,5.548875509141836249e-01,6.367383710972183586e+00,2.891500137643411961e+00
1.228218593174770668e+00,5.562025356188262659e-01,6.400205276492658690e+00,2.898352478172963931e+00
1.234517150062846458e+00,5.575116864641870285e-01,6.433026842013133795e+00,2.905174418660401603e+00
1.240815706950922026e+00,5.588150312159974042e-01,6.465848407533608899e+00,2.911966103792006599e+00
1.247114263838997816e+00,5.601125968845420688e-01,6.498669973054084004e+00,2.918727674317452614e+00
1.253412820727073829e+00,5.614044097953974077e-01,6.531491538574559996e+00,2.925459267418422105e+00
1.259711377615149397e+00,5.626904956601657126e-01,6.564313104095035101e+00,2.932161017077199006e+00
1.266009934503225187e+00,5.639708796472139296e-01,6.597134669615510205e+00,2.938833054445287196e+00
1.272308491391300977e+00,5.652455864524074114e-01,6.629956235135985310e+00,2.945475508212000104e+00
1.278607048279376768e+00,5.665146403698501087e-01,6.662777800656460414e+00,2.952088504973085836e+00
1.284905605167452336e+00,5.677780653626167684e-01,6.695599366176935519e+00,2.958672169599312340e+00
1.291204162055528126e+00,5.690358851334934576e-01,6.728420931697410623e+00,2.965226625605089428e+00
1.297502718943603917e+00,5.702881231957107611e-01,6.761242497217885727e+00,2.971751995517062372e+00
1.303801275831679485e+00,5.715348029436825295e-01,6.794064062738360832e+00,2.978248401242724608e+00
1.310099832719755275e+00,5.727759477237167607e-01,6.826885628258835936e+00,2.984715964438892311e+00
1.316398389607831065e+00,5.740115808993323521e-01,6.859707193779311041e+00,2.991154806852068138e+00
1.322696946495906856e+00,5.752417258791945320e-01,6.892528759299786145e+00,2.997565050464007896e+00
1.328995503383982424e+00,5.764664061083943913e-01,6.925350324820261250e+00,3.003946817446284889e+00
1.335294060272058436e+00,5.776856450546895561e-01,6.958171890340737242e+00,3.010300230088584161e+00
1.341592617160134226e+00,5.788994661947229892e-01,6.990993455861212347e+00,3.016625410726893275e+00
1.347891174048209795e+00,5.801078930002435685e-01,7.023815021381687451e+00,3.022922481671696637e+00
1.354189730936285585e+00,5.813109489243247774e-01,7.056636586902162556e+00,3.029191565136161390e+00
1.360488287824361375e+00,5.825086573875841722e-01,7.089458152422637660e+00,3.035432783164329074e+00
1.366786844712437166e+00,5.837010417644045157e-01,7.122279717943112765e+00,3.041646257559311284e+00
1.373085401600512734e+00,5.848881253691525783e-01,7.155101283463587869e+00,3.047832109811480894e+00
1.379383958488588524e+00,5.860699314423981621e-01,7.187922848984062973e+00,3.053990461026655279e+00
1.385682515376664314e+00,5.872464831371347893e-01,7.220744414504538078e+00,3.060121431854295526e+00
1.391981072264740105e+00,5.884178035049985045e-01,7.253565980025013182e+00,3.066225142415691884e+00
1.398279629152815673e+00,5.895839154825409656e-01,7.286387545545488287e+00,3.072301712232435200e+00
1.404578186040891463e+00,5.907448418798907364e-01,7.319209111065963391e+00,3.078351260167328185e+00
1.410876742928967476e+00,5.919006053778113063e-01,7.352030676586439384e+00,3.084373904409057232e+00
1.417175299817043044e+00,5.930512285292914854e-01,7.384852242106914488e+00,3.090369762480479565e+00
1.423473856705118834e+00,5.941967337614180167e-01,7.417673807627389593e+00,3.096338951248381210e+00
1.429772413593194624e+00,5.953371433772498555e-01,7.450495373147864697e+00,3.102281586933241631e+00
1.436070970481270415e+00,5.964724795576866745e-01,7.483316938668339802e+00,3.108197785118975265e+00
1.442369527369345983e+00,5.976027643633451403e-01,7.516138504188814906e+00,3.114087660762704157e+00
1.448668084257421773e+00,5.987280197364290846e-01,7.548960069709290011e+00,3.119951328204504826e+00
1.454966641145497563e+00,5.998482675026027833e-01,7.581781635229765115e+00,3.125788901177172008e+00
1.461265198033573354e+00,6.009635293728630145e-01,7.614603200750240219e+00,3.131600492815969528e+00
1.467563754921648922e+00,6.020738269454116720e-01,7.647424766270715324e+00,3.137386215668393152e+00
1.473862311809724712e+00,6.031791817075272677e-01,7.680246331791190428e+00,3.143146181703919684e+00
1.480160868697800503e+00,6.042796150374400987e-01,7.713067897311665533e+00,3.148880502323778696e+00
1.486459425585876293e+00,6.053751482061636713e-01,7.745889462832140637e+00,3.154589288370498235e+00
1.492757982473952083e+00,6.064658023781617224e-01,7.778711028352616630e+00,3.160272650131377592e+00
1.499056539362027873e+00,6.075515986086643672e-01,7.811532593873091734e+00,3.165930697324504717e+00
1.505355096250103664e+00,6.086325578395046509e-01,7.844354159393566839e+00,3.171563539077058014e+00
1.511653653138179232e+00,6.097087008948811615e-01,7.877175724914041943e+00,3.177171283903228005e+00
1.517952210026255022e+00,6.107800484771283012e-01,7.909997290434517048e+00,3.182754039682174518e+00
1.524250766914330812e+00,6.118466211624798978e-01,7.942818855954992152e+00,3.188311913635951012e+00
1.530549323802406603e+00,6.129084393968357025e-01,7.975640421475467257e+00,3.193845012307445774e+00
1.536847880690482393e+00,6.139655234915295523e-01,8.008461986995943249e+00,3.199353441538327125e+00
1.543146437578558183e+00,6.150178936190922041e-01,8.041283552516418354e+00,3.204837306446966849e+00
1.549444994466633974e+00,6.160655698090202748e-01,8.074105118036893458e+00,3.210296711406389392e+00
1.555743551354709542e+00,6.171085719435419614e-01,8.106926683557368563e+00,3.215731760022209063e+00
1.562042108242785332e+00,6.181469197533824289e-01,8.139748249077843667e+00,3.221142555110563244e+00
1.568340665130861122e+00,6.191806328135299742e-01,8.172569814598318771e+00,3.226529198676050036e+00
1.574639222018936913e+00,6.202097305390501525e-01,8.205391380118793876e+00,3.231891791889914156e+00
1.580937778907012481e+00,6.212342321828833169e-01,8.238212945639268980e+00,3.237230435078572555e+00
1.587236335795088271e+00,6.222541568403825440e-01,8.271034511159744085e+00,3.242545227747260839e+00
1.593534892683164061e+00,6.232695234573699672e-01,8.303856076680219189e+00,3.247836268622012135e+00
1.599833449571239852e+00,6.242803508384008326e-01,8.336677642200694294e+00,3.253103655692724416e+00
1.606132006459315420e+00,6.252866576550315525e-01,8.369499207721169398e+00,3.258347486256242043e+00
1.612430563347391210e+00,6.262884624540812073e-01,8.402320773241644503e+00,3.263567856959407543e+00
1.618729120235467001e+00,6.272857836658992658e-01,8.435142338762119607e+00,3.268764863842145818e+00
1.625027677123542791e+00,6.282786396126296413e-01,8.467963904282594712e+00,3.273938602380523921e+00
1.631326234011618359e+00,6.292670485164758576e-01,8.500785469803069816e+00,3.279089167529824600e+00
1.637624790899694149e+00,6.302510285079661045e-01,8.533607035323544920e+00,3.284216653767612737e+00
1.643923347787769940e+00,6.312305976342185154e-01,8.566428600844020025e+00,3.289321155136806230e+00
1.650221904675845730e+00,6.322057738672057781e-01,8.599250166364495129e+00,3.294402765288743762e+00
1.656520461563921298e+00,6.331765751120216335e-01,8.632071731884970234e+00,3.299461577526258793e+00
1.662819018451997088e+00,6.341430192151301659e-01,8.664893297405445338e+00,3.304497684846668282e+00
1.669117575340072879e+00,6.351051239708884744e-01,8.697714862925920443e+00,3.309511179975761497e+00
1.675416132228148669e+00,6.360629071181970184e-01,8.730536428446395547e+00,3.314502155350344204e+00
1.681714689116224237e+00,6.370163863289349804e-01,8.763357993966870652e+00,3.319470703057977090e+00
1.688013246004300028e+00,6.379655791954716992e-01,8.796179559487345756e+00,3.324416914771898934e+00
1.694311802892376040e+00,6.389105032181783272e-01,8.829001125007822637e+00,3.329340881685947107e+00
1.700610359780451830e+00,6.398511757929392640e-01,8.861822690528297741e+00,3.334242694449483846e+00
1.706908916668527620e+00,6.407876141986638130e-01,8.894644256048772846e+00,3.339122443102316762e+00
1.713207473556603411e+00,6.417198355847959501e-01,8.927465821569247950e+00,3.343980217009614009e+00
1.719506030444678979e+00,6.426478569588260914e-01,8.960287387089723055e+00,3.348816104796830562e+00
1.725804587332754769e+00,6.435716951738038594e-01,8.993108952610198159e+00,3.353630194284632715e+00
1.732103144220830560e+00,6.444913669158466307e-01,9.025930518130673263e+00,3.358422572423811481e+00
1.738401701108906128e+00,6.454068886916525249e-01,9.058752083651148368e+00,3.363193325230207531e+00
1.744700257996981918e+00,6.463182768160112834e-01,9.091573649171623472e+00,3.367942537719636142e+00
1.750998814885057708e+00,6.472255473993151487e-01,9.124395214692098577e+00,3.372670293842801481e+00
1.757297371773133499e+00,6.481287163359912284e-01,9.157216780212573681e+00,3.377376676425023483e+00
1.763595928661209067e+00,6.490277993060343809e-01,9.190038345733048786e+00,3.382061767174220357e+00
1.769894485549284857e+00,6.499228117987799758e-01,9.222859911253523890e+00,3.386725646804792156e+00
1.776193042437360647e+00,6.508137691424392690e-01,9.255681476773998995e+00,3.391368395191525664e+00
1.782491599325436438e+00,6.517006865337428012e-01,9.288503042294474099e+00,3.395990091524065946e+00
1.788790156213512006e+00,6.525835790675822423e-01,9.321324607814949204e+00,3.400590814461380340e+00
1.795088713101587796e+00,6.534624617666545676e-01,9.354146173335424308e+00,3.405170642286231342e+00
1.801387269989663587e+00,6.543373496111017928e-01,9.386967738855899412e+00,3.409729653059628163e+00
1.807685826877739377e+00,6.552082575681557053e-01,9.419789304376374517e+00,3.414267924775307161e+00
1.813984383765814945e+00,6.560752006217794863e-01,9.452610869896849621e+00,3.418785535514189622e+00
1.820282940653890735e+00,6.569381938023112211e-01,9.485432435417324726e+00,3.423282563598855965e+00
1.826581497541966526e+00,6.577972522161046331e-01,9.518254000937799830e+00,3.427759087748001310e+00
1.832880054430042316e+00,6.586523910751739264e-01,9.551075566458274935e+00,3.432215187230913234e+00
1.839178611318117884e+00,6.595036257268338531e-01,9.583897131978750039e+00,3.436650942021926891e+00
1.845477168206193674e+00,6.603509716832230980e-01,9.616718697499225144e+00,3.441066432954269505e+00
1.851775725094269465e+00,6.611944446421637034e-01,9.649540263019700248e+00,3.445461741828755642e+00
1.858074281982345477e+00,6.620340604697775300e-01,9.682361828540177129e+00,3.449836951323207668e+00
1.864372838870421267e+00,6.628698351576221004e-01,9.715183394060652233e+00,3.454192144769087314e+00
1.870671395758497058e+00,6.637017847777038071e-01,9.748004959581127338e+00,3.458527405917072084e+00
1.876969952646572626e+00,6.645299254374912312e-01,9.780826525101602442e+00,3.462842818702632108e+00
1.883268509534648416e+00,6.653542732349253530e-01,9.813648090622077547e+00,3.467138467011591008e+00
1.889567066422724206e+00,6.661748442134337589e-01,9.846469656142552651e+00,3.471414434445703190e+00
1.895865623310799997e+00,6.669916543169407408e-01,9.879291221663027756e+00,3.475670804088215160e+00
1.902164180198875565e+00,6.678047193448813923e-01,9.912112787183502860e+00,3.479907658269445925e+00
1.908462737086951355e+00,6.686140549072130401e-01,9.944934352703977964e+00,3.484125078332350522e+00
1.914761293975027145e+00,6.694196763794266758e-01,9.977755918224453069e+00,3.488323144398090214e+00
1.921059850863102936e+00,6.702215988575607186e-01,1.001057748374492817e+01,3.492501935131607116e+00
1.927358407751178504e+00,6.710198371132115591e-01,1.004339904926540328e+01,3.496661527507186396e+00
1.933656964639254294e+00,6.718144055485473221e-01,1.007622061478587838e+01,3.500801996574036679e+00
1.939955521527330085e+00,6.726053181530310399e-01,1.010904218030635349e+01,3.504923415230773109e+00
1.946254078415405875e+00,6.733925884885785251e-01,1.014186374582682859e+01,3.509025854148077439e+00
1.952552635303481443e+00,6.741762297284727978e-01,1.017468531134730370e+01,3.513109381971479372e+00
1.958851192191557233e+00,6.749562547119168920e-01,1.020750687686777880e+01,3.517174065605628730e+00
1.965149749079633024e+00,6.757326759989449316e-01,1.024032844238825390e+01,3.521219970500435004e+00
1.971448305967708814e+00,6.765055059253356484e-01,1.027315000790872901e+01,3.525247160937221569e+00
1.977746862855784382e+00,6.772747566575209044e-01,1.030597157342920411e+01,3.529255700314851474e+00
1.984045419743860172e+00,6.780404402475005421e-01,1.033879313894967922e+01,3.533245651435884760e+00
1.990343976631935963e+00,6.788025686877521281e-01,1.037161470447015432e+01,3.537217076792713577e+00
1.996642533520011753e+00,6.795611539661422507e-01,1.040443626999062943e+01,3.541170038853703517e+00
2.002941090408087543e+00,6.803162081208403711e-01,1.043725783551110453e+01,3.545104600349345159e+00
2.009239647296163334e+00,6.810677432952275678e-01,1.047007940103157964e+01,3.549020824558384302e+00
2.015538204184238680e+00,6.818157717928104988e-01,1.050290096655205474e+01,3.552918775593974843e+00
2.021836761072314914e+00,6.825603061321317000e-01,1.053572253207253162e+01,3.556798518689815669e+00
2.028135317960390704e+00,6.833013591016354749e-01,1.056854409759300673e+01,3.560660120486055291e+00
2.034433874848466495e+00,6.840389438064228278e-01,1.060136566311348183e+01,3.564503649272928953e+00
2.040732431736542285e+00,6.847730736630306403e-01,1.063418722863395693e+01,3.568329174963552841e+00
2.047030988624618075e+00,6.855037623464272922e-01,1.066700879415443204e+01,3.572136768817721908e+00
2.053329545512693421e+00,6.862310237309412475e-01,1.069983035967490714e+01,3.575926503134089884e+00
2.059628102400769212e+00,6.869548718311720981e-01,1.073265192519538225e+01,3.579698450942258248e+00
2.065926659288845002e+00,6.876753207429013859e-01,1.076547349071585735e+01,3.583452685694863415e+00
2.072225216176920792e+00,6.883923845840009825e-01,1.079829505623633246e+01,3.587189280959656834e+00
2.078523773064996583e+00,6.891060774353480189e-01,1.083111662175680756e+01,3.590908310111608603e+00
2.084822329953072373e+00,6.898164132817315997e-01,1.086393818727728267e+01,3.594609846024979571e+00
2.091120886841148163e+00,6.905234059527650681e-01,1.089675975279775777e+01,3.598293960765413413e+00
2.097419443729223953e+00,6.912270690637971615e-01,1.092958131831823287e+01,3.601960725282029152e+00
2.103718000617299300e+00,6.919274159568216120e-01,1.096240288383870798e+01,3.605610209099501695e+00
2.110016557505375090e+00,6.926244596413879684e-01,1.099522444935918308e+01,3.609242480010151244e+00
2.116315114393450880e+00,6.933182127355134172e-01,1.102804601487965819e+01,3.612857603766034931e+00
2.122613671281526670e+00,6.940086874072756151e-01,1.106086758040013329e+01,3.616455643774592499e+00
2.128912228169602461e+00,6.946958953390226510e-01,1.109368914592060840e+01,3.620036660912141269e+00
2.135210785057678251e+00,6.953798477579977710e-01,1.112651071144108350e+01,3.623600713683464036e+00
2.141509341945754041e+00,6.960605554971784903e-01,1.115933227696155861e+01,3.627147858538837255e+00
2.147807898833829388e+00,6.967380290575665436e-01,1.119215384248203371e+01,3.630678150198624277e+00
2.154106455721905178e+00,6.974122786704801680e-01,1.122497540800250881e+01,3.634191641977875253e+00
2.160405012609980968e+00,6.980833143598466073e-01,1.125779697352298392e+01,3.637688386110934591e+00
2.166703569498056758e+00,6.987511460044930622e-01,1.129061853904345902e+01,3.641168434076033744e+00
2.173002126386132549e+00,6.994157834004381957e-01,1.132344010456393413e+01,3.644631836919892898e+00
2.179300683274208783e+00,7.000772363231849704e-01,1.135626167008441101e+01,3.648078645582325308e+00
2.185599240162284129e+00,7.007355145900117099e-01,1.138908323560488611e+01,3.651508911220834097e+00
2.191897797050359920e+00,7.013906281222632710e-01,1.142190480112536122e+01,3.654922685535209492e+00
2.198196353938435710e+00,7.020425870076441033e-01,1.145472636664583632e+01,3.658320021092135832e+00
2.204494910826511500e+00,7.026914015625083110e-01,1.148754793216631143e+01,3.661700971649783476e+00
2.210793467714587290e+00,7.033370823941501593e-01,1.152036949768678653e+01,3.665065592482400714e+00
2.217092024602663081e+00,7.039796404592127965e-01,1.155319106320726164e+01,3.668413940684683627e+00
2.223390581490738871e+00,7.046190870802703232e-01,1.158601262872773674e+01,3.671746075258179420e+00
2.229689138378814661e+00,7.052554339043983767e-01,1.161883419424821184e+01,3.675062056895402662e+00
2.235987695266890007e+00,7.058886928497247748e-01,1.165165575976868695e+01,3.678361947701311419e+00
2.242286252154965798e+00,7.065188760518423816e-01,1.168447732528916205e+01,3.681645810914067951e+00
2.248584809043041588e+00,7.071459958102205290e-01,1.171729889080963716e+01,3.684913710625787875e+00
2.254883365931117378e+00,7.077700645346177710e-01,1.175012045633011226e+01,3.688165711503300415e+00
2.261181922819193169e+00,7.083910946914941942e-01,1.178294202185058737e+01,3.691401878508904222e+00
2.267480479707268959e+00,7.090090987504238385e-01,1.181576358737106247e+01,3.694622276621125412e+00
2.273779036595344749e+00,7.096240891305062304e-01,1.184858515289153758e+01,3.697826970555469384e+00
2.280077593483420539e+00,7.102360781467784712e-01,1.188140671841201268e+01,3.701016024485174860e+00
2.286376150371495886e+00,7.108450779566301003e-01,1.191422828393248778e+01,3.704189501761984804e+00
2.292674707259571676e+00,7.114511005062114091e-01,1.194704984945296289e+01,3.707347464636881362e+00
2.298973264147647466e+00,7.120541574768485260e-01,1.197987141497343799e+01,3.710489973980858114e+00
2.305271821035723256e+00,7.126542602316651154e-01,1.201269298049391310e+01,3.713617089006764793e+00
2.311570377923799047e+00,7.132514197745133400e-01,1.204551454601438820e+01,3.716728867055300700e+00
2.317868934811874837e+00,7.138456467582191545e-01,1.207833611153486331e+01,3.719825363637979443e+00
2.324167491699950627e+00,7.144369515229135326e-01,1.211115767705533841e+01,3.722906632636871382e+00
2.330466048588026418e+00,7.150253441365802543e-01,1.214397924257581352e+01,3.725972726515897282e+00
2.336764605476101764e+00,7.156108344356054696e-01,1.217680080809628862e+01,3.729023696532130838e+00
2.343063162364177998e+00,7.161934320653279284e-01,1.220962237361676550e+01,3.732059592947103432e+00
2.349361719252253788e+00,7.167731465205871011e-01,1.224244393913724060e+01,3.735080465238100444e+00
2.355660276140329579e+00,7.173499871862736299e-01,1.227526550465771571e+01,3.738086362309466892e+00
2.361958833028405369e+00,7.179239633778782270e-01,1.230808707017819081e+01,3.741077332703909075e+00
2.368257389916481159e+00,7.184950843820411270e-01,1.234090863569866592e+01,3.744053424813792219e+00
2.374555946804556505e+00,7.190633594971023168e-01,1.237373020121914102e+01,3.747014687092449670e+00
2.380854503692632296e+00,7.196287980736493228e-01,1.240655176673961613e+01,3.749961168265474765e+00
2.387153060580708086e+00,7.201914095550684403e-01,1.243937333226009123e+01,3.752892917542031803e+00
2.393451617468783876e+00,7.207512035180911880e-01,1.247219489778056634e+01,3.755809984826142589e+00
2.399750174356859667e+00,7.213081897110513729e-01,1.250501646330104144e+01,3.758712420916042962e+00
2.406048731244935457e+00,7.218623780655850641e-01,1.253783802882151655e+01,3.761600277565150474e+00
2.412347288133011247e+00,7.224137786695038477e-01,1.257065959434199165e+01,3.764473607340708128e+00
2.418645845021087037e+00,7.229624017311280237e-01,1.260348115986246675e+01,3.767332463437924606e+00
2.424944401909162384e+00,7.235082575435073382e-01,1.263630272538294186e+01,3.770176899493532741e+00
2.431242958797238174e+00,7.240513564486414921e-01,1.266912429090341696e+01,3.773006969399339994e+00
2.437541515685313964e+00,7.245917088017004293e-01,1.270194585642389207e+01,3.775822727115785149e+00
2.443840072573389754e+00,7.251293249352456227e-01,1.273476742194436717e+01,3.778624226485493676e+00
2.450138629461465545e+00,7.256642151234509175e-01,1.276758898746484228e+01,3.781411521046835755e+00
2.456437186349541335e+00,7.261963895463218188e-01,1.280041055298531738e+01,3.784184663847474095e+00
2.462735743237617125e+00,7.267258582539182221e-01,1.283323211850579249e+01,3.786943707257928615e+00
2.469034300125692916e+00,7.272526311305733682e-01,1.286605368402626759e+01,3.789688702785122487e+00
2.475332857013768262e+00,7.277767178591156849e-01,1.289887524954674269e+01,3.792419700885946376e+00
2.481631413901844052e+00,7.282981278850880758e-01,1.293169681506721780e+01,3.795136750780801371e+00
2.487929970789919842e+00,7.288168703814112970e-01,1.296451838058769290e+01,3.797839900269466273e+00
2.494228527677995633e+00,7.293329542276194566e-01,1.299733994610816801e+01,3.800529195622889933e+00
2.500527084566071867e+00,7.298463880319309149e-01,1.303016151162864489e+01,3.803204681698206802e+00
2.506825641454147657e+00,7.303571801728121482e-01,1.306298307714911999e+01,3.805866402155319239e+00
2.513124198342223004e+00,7.308653388414787511e-01,1.309580464266959510e+01,3.808514399678372797e+00
2.519422755230298794e+00,7.313708720843976607e-01,1.312862620819007020e+01,3.811148716197233721e+00
2.525721312118374584e+00,7.318737878457883816e-01,1.316144777371054531e+01,3.813769393108958017e+00
2.532019869006450374e+00,7.323740940101267638e-01,1.319426933923102041e+01,3.816376471499282719e+00
2.538318425894526165e+00,7.328717984446452283e-01,1.322709090475149551e+01,3.818969992364086075e+00
2.544616982782601955e+00,7.333669090418353242e-01,1.325991247027197062e+01,3.821549996830874818e+00
2.550915539670677745e+00,7.338594337619496200e-01,1.329273403579244572e+01,3.824116526380252790e+00
2.557214096558753536e+00,7.343493806755045927e-01,1.332555560131292083e+01,3.826669623067407322e+00
2.563512653446828882e+00,7.348367580057802995e-01,1.335837716683339593e+01,3.829209329743569867e+00
2.569811210334904672e+00,7.353215741713255982e-01,1.339119873235387104e+01,3.831735690277513040e+00
2.576109767222980462e+00,7.358038378283429104e-01,1.342402029787434614e+01,3.834248749776412613e+00
2.582408324111056253e+00,7.362835579037392275e-01,1.345684186339482125e+01,3.836748554758077301e+00
2.588706880999132043e+00,7.367607435841361241e-01,1.348966342891529635e+01,3.839235153093678132e+00
2.595005437887207833e+00,7.372354042737768731e-01,1.352248499443577145e+01,3.841708593788408344e+00
2.601303994775283623e+00,7.377075495496292490e-01,1.355530655995624656e+01,3.844168926747519865e+00
2.607602551663358970e+00,7.381771891164869981e-01,1.358812812547672166e+01,3.846616202542362917e+00
2.613901108551434760e+00,7.386443327620682009e-01,1.362094969099719677e+01,3.849050472176402948e+00
2.620199665439510550e+00,7.391089903121178528e-01,1.365377125651767187e+01,3.851471786851262902e+00
2.626498222327586340e+00,7.395711715855075585e-01,1.368659282203814698e+01,3.853880197732748147e+00
2.632796779215662131e+00,7.400308863493351152e-01,1.371941438755862208e+01,3.856275755716873199e+00
2.639095336103737921e+00,7.404881442740273156e-01,1.375223595307909719e+01,3.858658511195902641e+00
2.645393892991813711e+00,7.409429548884381989e-01,1.378505751859957229e+01,3.861028513824370734e+00
2.651692449879889502e+00,7.413953275349504102e-01,1.381787908412004739e+01,3.863385812285115239e+00
2.657991006767964848e+00,7.418452713245760055e-01,1.385070064964052250e+01,3.865730454055309462e+00
2.664289563656041082e+00,7.422927950921199836e-01,1.388352221516099938e+01,3.868062485172821585e+00
2.670588120544116872e+00,7.427379073588354919e-01,1.391634378068147448e+01,3.870381950041612562e+00
2.676886677432192663e+00,7.431806163364869100e-01,1.394916534620194959e+01,3.872688891452905846e+00
2.683185234320268453e+00,7.436209299649960691e-01,1.398198691172242469e+01,3.874983350781364244e+00
2.689483791208344243e+00,7.440588559537230084e-01,1.401480847724289980e+01,3.877265368200200069e+00
2.695782348096419589e+00,7.444944018227565019e-01,1.404763004276337490e+01,3.879534982896340800e+00
2.702080904984495380e+00,7.449275749442000327e-01,1.408045160828385001e+01,3.881792233285566329e+00
2.708379461872571170e+00,7.453583825834609877e-01,1.411327317380432511e+01,3.884037157227667514e+00
2.714678018760646960e+00,7.457868319405381863e-01,1.414609473932480022e+01,3.886269792241591858e+00
2.720976575648722751e+00,7.462129301913100754e-01,1.417891630484527532e+01,3.888490175720598963e+00
2.727275132536798541e+00,7.466366845288229248e-01,1.421173787036575042e+01,3.890698345147407533e+00
2.733573689424874331e+00,7.470581022045782449e-01,1.424455943588622553e+01,3.892894338309345503e+00
2.739872246312950121e+00,7.474771905698224250e-01,1.427738100140670063e+01,3.895078193513506815e+00
2.746170803201025468e+00,7.478939571168325973e-01,1.431020256692717574e+01,3.897249949801892654e+00
2.752469360089101258e+00,7.483084095200801533e-01,1.434302413244765084e+01,3.899409647165912762e+00
2.758767916977177048e+00,7.487205556684233265e-01,1.437584569796812595e+01,3.901557326714138796e+00
2.765066473865252838e+00,7.491304036578304570e-01,1.440866726348860105e+01,3.903693030634385774e+00
2.771365030753328629e+00,7.495379617578744602e-01,1.444148882900907616e+01,3.905816802019116185e+00
2.777663587641404419e+00,7.499432383760534782e-01,1.447431039452955126e+01,3.907928684679518039e+00
2.783962144529480209e+00,7.503462420221110873e-01,1.450713196005002636e+01,3.910028722959574043e+00
2.790260701417556000e+00,7.507469812723545077e-01,1.453995352557050147e+01,3.912116961550129890e+00
2.796559258305631346e+00,7.511454647339742552e-01,1.457277509109097657e+01,3.914193445302962093e+00
2.802857815193707136e+00,7.515417010093626837e-01,1.460559665661145168e+01,3.916258219044844058e+00
2.809156372081782926e+00,7.519356986604341930e-01,1.463841822213192678e+01,3.918311327391621024e+00
2.815454928969858717e+00,7.523274661729433266e-01,1.467123978765240189e+01,3.920352814562270360e+00
2.821753485857934951e+00,7.527170119208049792e-01,1.470406135317287877e+01,3.922382724192977843e+00
2.828052042746010741e+00,7.531043441304126063e-01,1.473688291869335387e+01,3.924401099151199723e+00
2.834350599634086088e+00,7.534894708449585421e-01,1.476970448421382898e+01,3.926407981349736787e+00
2.840649156522161878e+00,7.538723998893960276e-01,1.480252604973430408e+01,3.928403411564155068e+00
2.846947713410237668e+00,7.542531388503883605e-01,1.483534761525477919e+01,3.930387429328298321e+00
2.853246270298313458e+00,7.546316950916722721e-01,1.486816918077525429e+01,3.932360073014347535e+00
2.859544827186389249e+00,7.550080757824116917e-01,1.490099074629572939e+01,3.934321379980572075e+00
2.865843384074465039e+00,7.553822879259965983e-01,1.493381231181620450e+01,3.936271386721398979e+00
2.872141940962540829e+00,7.557543383888406519e-01,1.496663387733667960e+01,3.938210129017476024e+00
2.878440497850616620e+00,7.561242339291793790e-01,1.499945544285715471e+01,3.940137642085737912e+00
2.884739054738691966e+00,7.564919812258684706e-01,1.503227700837762981e+01,3.942053960729475559e+00
2.891037611626767756e+00,7.568575869071818563e-01,1.506509857389810492e+01,3.943959119488396947e+00
2.897336168514843546e+00,7.572210575796088916e-01,1.509792013941858002e+01,3.945853152788695084e+00
2.903634725402919337e+00,7.575823998566554307e-01,1.513074170493905513e+01,3.947736095093122621e+00
2.909933282290995127e+00,7.579416203876385705e-01,1.516356327045953023e+01,3.949607981051044714e+00
2.916231839179070917e+00,7.582987258864856139e-01,1.519638483598000533e+01,3.951468845648508310e+00
2.922530396067146707e+00,7.586537231605070541e-01,1.522920640150048044e+01,3.953318724358176439e+00
2.928828952955222498e+00,7.590066191352219382e-01,1.526202796702095554e+01,3.955157653268692730e+00
2.935127509843297844e+00,7.593574208556540528e-01,1.529484953254143065e+01,3.956985669091437341e+00
2.941426066731373634e+00,7.597061354672562938e-01,1.532767109806190575e+01,3.958802809061121142e+00
2.947724623619449424e+00,7.600527701944308490e-01,1.536049266358238086e+01,3.960609110823858359e+00
2.954023180507525215e+00,7.603973323190487132e-01,1.539331422910285596e+01,3.962404612325230779e+00
2.960321737395601005e+00,7.607398291589665407e-01,1.542613579462333107e+01,3.964189351698340413e+00
2.966620294283676795e+00,7.610802680465442727e-01,1.545895736014380617e+01,3.965963367151864816e+00
2.972918851171752586e+00,7.614186563071618785e-01,1.549177892566428127e+01,3.967726696858110191e+00
2.979217408059827932e+00,7.617550012377393154e-01,1.552460049118475638e+01,3.969479378841077821e+00
2.985515964947904166e+00,7.620893100852524915e-01,1.555742205670523326e+01,3.971221450864512725e+00
2.991814521835979956e+00,7.624215900252503397e-01,1.559024362222570836e+01,3.972952950319955434e+00
2.998113078724055747e+00,7.627518481403730011e-01,1.562306518774618347e+01,3.974673914114803086e+00
3.004411635612131537e+00,7.630800913988734502e-01,1.565588675326665857e+01,3.976384378560384736e+00
3.010710192500207327e+00,7.634063266352141275e-01,1.568870831878713368e+01,3.978084379270851123e+00
3.017008749388282673e+00,7.637305605507969108e-01,1.572152988430760878e+01,3.979773951166980073e+00
3.023307306276358464e+00,7.640527997404320537e-01,1.575435144982808389e+01,3.981453128614102166e+00
3.029605863164434254e+00,7.643730507236627947e-01,1.578717301534855899e+01,3.983121945585336388e+00
3.035904420052510044e+00,7.646913199761407043e-01,1.581999458086903410e+01,3.984780435825082456e+00
3.042202976940585835e+00,7.650076139609968129e-01,1.585281614638950920e+01,3.986428633012495393e+00
3.048501533828661625e+00,7.653219391602134047e-01,1.588563771190998430e+01,3.988066570924964527e+00
3.054800090716737415e+00,7.656343021059972553e-01,1.591845927743045941e+01,3.989694283601596947e+00
3.061098647604813205e+00,7.659447094121517585e-01,1.595128084295093451e+01,3.991311805506697841e+00
3.067397204492888552e+00,7.662531678054490536e-01,1.598410240847140962e+01,3.992919171693246394e+00
3.073695761380964786e+00,7.665596841570033737e-01,1.601692397399188650e+01,3.994516417966386346e+00
3.079994318269040576e+00,7.668642655136418407e-01,1.604974553951236160e+01,3.996103581046893005e+00
3.086292875157116367e+00,7.671669191292691536e-01,1.608256710503283671e+01,3.997680698734616733e+00
3.092591432045192157e+00,7.674676524917855014e-01,1.611538867055331181e+01,3.999247810048751628e+00
3.098889988933267947e+00,7.677664733118452212e-01,1.614821023607378692e+01,4.000804955169253496e+00
3.105188545821343293e+00,7.680633894671557993e-01,1.618103180159426202e+01,4.002352175146588920e+00
3.111487102709419084e+00,7.683584089392486716e-01,1.621385336711473713e+01,4.003889511572245929e+00
3.117785659597494874e+00,7.686515397501986202e-01,1.624667493263521223e+01,4.005417006248983114e+00
3.124084216485570664e+00,7.689427898993412835e-01,1.627949649815568733e+01,4.006934700861067178e+00
3.130382773373646454e+00,7.692321672999905546e-01,1.631231806367616244e+01,4.008442636644505619e+00
3.136681330261722245e+00,7.695196797161566460e-01,1.634513962919663754e+01,4.009940854057292725e+00
3.142979887149798035e+00,7.698053346992648205e-01,1.637796119471711265e+01,4.011429392449648468e+00
3.149278444037873825e+00,7.700891395248742333e-01,1.641078276023758775e+01,4.012908289734262723e+00
3.155577000925949172e+00,7.703711011293926658e-01,1.644360432575806286e+01,4.014377582056521732e+00
3.161875557814024962e+00,7.706512260467992537e-01,1.647642589127853796e+01,4.015837303464767416e+00
3.168174114702100752e+00,7.709295203456726364e-01,1.650924745679901307e+01,4.017287485582157203e+00
3.174472671590176542e+00,7.712059895864981085e-01,1.654206902231948817e+01,4.018728157384189537e+00
3.180771228478252333e+00,7.714806388640443879e-01,1.657489058783996327e+01,4.020159345419531682e+00
3.187069785366328123e+00,7.717534729039025043e-01,1.660771215336043838e+01,4.021581074313077764e+00
3.193368342254403913e+00,7.720244961632531933e-01,1.664053371888091348e+01,4.022993367291044287e+00
3.199666899142479703e+00,7.722937129316432836e-01,1.667335528440138859e+01,4.024396246706113622e+00
3.205965456030555050e+00,7.725611274317564225e-01,1.670617684992186369e+01,4.025789734562547295e+00
3.212264012918630840e+00,7.728267439201851330e-01,1.673899841544233880e+01,4.027173853041302820e+00
3.218562569806706630e+00,7.730905667882056465e-01,1.677181998096281390e+01,4.028548625025172747e+00
3.224861126694782421e+00,7.733526006625501825e-01,1.680464154648328901e+01,4.029914074623899722e+00
3.231159683582858211e+00,7.736128505061781180e-01,1.683746311200376411e+01,4.031270227699296882e+00
3.237458240470934001e+00,7.738713217190510418e-01,1.687028467752423921e+01,4.032617112390379788e+00
3.243756797359009791e+00,7.741280202388920451e-01,1.690310624304471432e+01,4.033954759638421983e+00
3.250055354247085582e+00,7.743829526332943747e-01,1.693592780856518942e+01,4.035283203666927498e+00
3.256353911135160928e+00,7.746361261079083294e-01,1.696874937408566453e+01,4.036602482024295391e+00
3.262652468023236718e+00,7.748875484072602626e-01,1.700157093960613963e+01,4.037912635066988720e+00
3.268951024911312508e+00,7.751372276952784857e-01,1.703439250512661474e+01,4.039213705336959670e+00
3.275249581799388299e+00,7.753851724356372044e-01,1.706721407064708984e+01,4.040505736938126091e+00
3.281548138687464089e+00,7.756313912720909087e-01,1.710003563616756495e+01,4.041788774912799198e+00
3.287846695575539879e+00,7.758758929088203082e-01,1.713285720168804005e+01,4.043062864618168106e+00
3.294145252463615670e+00,7.761186859907668323e-01,1.716567876720851515e+01,4.044328051102728416e+00
3.300443809351691460e+00,7.763597789839761232e-01,1.719850033272899026e+01,4.045584378482755206e+00
3.306742366239766806e+00,7.765991800559347569e-01,1.723132189824946536e+01,4.046831889318743158e+00
3.313040923127842596e+00,7.768368969559130699e-01,1.726414346376994047e+01,4.048070623991876893e+00
3.319339480015918387e+00,7.770729368953062099e-01,1.729696502929041557e+01,4.049300620080489743e+00
3.325638036903994177e+00,7.773073064345858985e-01,1.732978659481089068e+01,4.050521911770977646e+00
3.331936593792069967e+00,7.775400114476290758e-01,1.736260816033136578e+01,4.051734529671913165e+00
3.338235150680145757e+00,7.777710572000998690e-01,1.739542972585184089e+01,4.052938501222492107e+00
3.344533707568221548e+00,7.780004484531420905e-01,1.742825129137231599e+01,4.054133851232873731e+00
3.350832264456297338e+00,7.782281895674169059e-01,1.746107285689279109e+01,4.055320602426314203e+00
3.357130821344372684e+00,7.784542846071352828e-01,1.749389442241326620e+01,4.056498775981278726e+00
3.363429378232448475e+00,7.786787374440919951e-01,1.752671598793374130e+01,4.057668392073558117e+00
3.369727935120524265e+00,7.789015518616995148e-01,1.755953755345421641e+01,4.058829470418386265e+00
3.376026492008600055e+00,7.791227316590245700e-01,1.759235911897469151e+01,4.059982030812570031e+00
3.382325048896675845e+00,7.793422807548185949e-01,1.762518068449516662e+01,4.061126093676589832e+00
3.388623605784752080e+00,7.795602032915549540e-01,1.765800225001564527e+01,4.062261680596733981e+00
3.394922162672827870e+00,7.797765037394115417e-01,1.769082381553612038e+01,4.063388814866946142e+00
3.401220719560903660e+00,7.799911869900633121e-01,1.772364538105659548e+01,4.064507521977579252e+00
3.407519276448979451e+00,7.802042583819106536e-01,1.775646694657707059e+01,4.065617829746854817e+00
3.413817833337055241e+00,7.804157236596727110e-01,1.778928851209754569e+01,4.066719768110309552e+00
3.420116390225131031e+00,7.806255889252198266e-01,1.782211007761802080e+01,4.067813368864581669e+00
3.426414947113206821e+00,7.808338605883748951e-01,1.785493164313849590e+01,4.068898665411040838e+00
3.432713504001282168e+00,7.810405453177139412e-01,1.788775320865897100e+01,4.069975692499408382e+00
3.439012060889357958e+00,7.812456499913662533e-01,1.792057477417944611e+01,4.071044485971382798e+00
3.445310617777433748e+00,7.814491816478169595e-01,1.795339633969992121e+01,4.072105082504270612e+00
3.451609174665509538e+00,7.816511474367068280e-01,1.798621790522039632e+01,4.073157519354605682e+00
3.457907731553585329e+00,7.818515545696329561e-01,1.801903947074087142e+01,4.074201834101775610e+00
3.464206288441661119e+00,7.820504102709505689e-01,1.805186103626134653e+01,4.075238064391649040e+00
3.470504845329736909e+00,7.822477217287909790e-01,1.808468260178182163e+01,4.076266247681333610e+00
3.476803402217812256e+00,7.824434960505592951e-01,1.811750416730229674e+01,4.077286421007276118e+00
3.483101959105888046e+00,7.826377402282018725e-01,1.815032573282277184e+01,4.078298620804270413e+00
3.489400515993963836e+00,7.828304611067762320e-01,1.818314729834324694e+01,4.079302882741678182e+00
3.495699072882039626e+00,7.830216653531206772e-01,1.821596886386372205e+01,4.080299241560166656e+00
3.501997629770115417e+00,7.832113594245221355e-01,1.824879042938419715e+01,4.081287730908439215e+00
3.508296186658191207e+00,7.833995495373851092e-01,1.828161199490467226e+01,4.082268383179966875e+00
3.514594743546266997e+00,7.835862416358996274e-01,1.831443356042514736e+01,4.083241229349721557e+00
3.520893300434342787e+00,7.837714413607110853e-01,1.834725512594562247e+01,4.084206298810915570e+00
3.527191857322418134e+00,7.839551540175878630e-01,1.838007669146609757e+01,4.085163619211725994e+00
3.533490414210493924e+00,7.841373845460913872e-01,1.841289825698657268e+01,4.086113216292040384e+00
3.539788971098569714e+00,7.843181374893006819e-01,1.844571982250704778e+01,4.087055113725687860e+00
3.546087527986645505e+00,7.844974169946902220e-01,1.847854138802752288e+01,4.087989333125017666e+00
3.552386084874721295e+00,7.846752269003511859e-01,1.851136295354799799e+01,4.088915894490191327e+00
3.558684641762797085e+00,7.848515708574825833e-01,1.854418451906847309e+01,4.089834816847483623e+00
3.564983198650872875e+00,7.850264524544546818e-01,1.857700608458894820e+01,4.090746118895769001e+00
3.571281755538948666e+00,7.851998753408709897e-01,1.860982765010942330e+01,4.091649819653007114e+00
3.577580312427024012e+00,7.853718433516349018e-01,1.864264921562989841e+01,4.092545939102749664e+00
3.583878869315099802e+00,7.855423606310095730e-01,1.867547078115037351e+01,4.093434498840609947e+00
3.590177426203175592e+00,7.857114317566830097e-01,1.870829234667084862e+01,4.094315522720765266e+00
3.596475983091251383e+00,7.858790618638332726e-01,1.874111391219132372e+01,4.095189037502453111e+00
3.602774539979327173e+00,7.860452567691869064e-01,1.877393547771179882e+01,4.096055073496438048e+00
3.609073096867402963e+00,7.862100230889857988e-01,1.880675704323227393e+01,4.096913665179730657e+00
3.615371653755478754e+00,7.863733682600816399e-01,1.883957860875274903e+01,4.097764851305512046e+00
3.621670210643554544e+00,7.865353003835193757e-01,1.887240017427322414e+01,4.098608674088051629e+00
3.627968767531629890e+00,7.866958280181549634e-01,1.890522173979369924e+01,4.099445178127257172e+00
3.634267324419705680e+00,7.868549599731942124e-01,1.893804330531417435e+01,4.100274409327599123e+00
3.640565881307781471e+00,7.870127051007338448e-01,1.897086487083464945e+01,4.101096413817052699e+00
3.646864438195857261e+00,7.871690720883018910e-01,1.900368643635512456e+01,4.101911236866031096e+00
3.653162995083933051e+00,7.873240692513984174e-01,1.903650800187559966e+01,4.102718921806321362e+00
3.659461551972008841e+00,7.874777043260350329e-01,1.906932956739607476e+01,4.103519508950016714e+00
3.665760108860084632e+00,7.876299842612749513e-01,1.910215113291654987e+01,4.104313034508449753e+00
3.672058665748160422e+00,7.877809150125365534e-01,1.913497269843702497e+01,4.105099529515102041e+00
3.678357222636235768e+00,7.879305013904956967e-01,1.916779426395750008e+01,4.105879019038241928e+00
3.684655779524311559e+00,7.880787471578659664e-01,1.920061582947797518e+01,4.106651522685242028e+00
3.690954336412387349e+00,7.882256552927605631e-01,1.923343739499845029e+01,4.107417055974948994e+00
3.697252893300463139e+00,7.883712282660968462e-01,1.926625896051892539e+01,4.108175631783228532e+00
3.703551450188538929e+00,7.885154683190066516e-01,1.929908052603940050e+01,4.108927261788542395e+00
3.709850007076615164e+00,7.886583777402477180e-01,1.933190209155987915e+01,4.109671957917529816e+00
3.716148563964690954e+00,7.887999591436158919e-01,1.936472365708035426e+01,4.110409733790591602e+00
3.722447120852766744e+00,7.889402157453536679e-01,1.939754522260082936e+01,4.111140606167458245e+00
3.728745677740842535e+00,7.890791516415643914e-01,1.943036678812130447e+01,4.111864596392783788e+00
3.735044234628918325e+00,7.892167720852225621e-01,1.946318835364177957e+01,4.112581731839640931e+00
3.741342791516994115e+00,7.893530837103048814e-01,1.949600991916225468e+01,4.113292047077455216e+00
3.747641348405069905e+00,7.894880944509901077e-01,1.952883148468272978e+01,4.113995583450963167e+00
3.753939905293145252e+00,7.896218132043314464e-01,1.956165305020320488e+01,4.114692387322405054e+00
3.760238462181221042e+00,7.897542494638297716e-01,1.959447461572367999e+01,4.115382508162091391e+00
3.766537019069296832e+00,7.898854129529516710e-01,1.962729618124415509e+01,4.116065996638675450e+00
3.772835575957372622e+00,7.900153132586447136e-01,1.966011774676463020e+01,4.116742902709414231e+00
3.779134132845448413e+00,7.901439594648519416e-01,1.969293931228510530e+01,4.117413273710426758e+00
3.785432689733524203e+00,7.902713597860328010e-01,1.972576087780558041e+01,4.118077152446979916e+00
3.791731246621599993e+00,7.903975212006734141e-01,1.975858244332605551e+01,4.118734575283728994e+00
3.798029803509675784e+00,7.905224490871510801e-01,1.979140400884653062e+01,4.119385570247214190e+00
3.804328360397751130e+00,7.906461469778931495e-01,1.982422557436700572e+01,4.120030155744793809e+00
3.810626917285826920e+00,7.907686167528875654e-01,1.985704713988748082e+01,4.120668341573021642e+00
3.816925474173902710e+00,7.908898590830786279e-01,1.988986870540795593e+01,4.121300131228165853e+00
3.823224031061978501e+00,7.910098738904650650e-01,1.992269027092843103e+01,4.121925524303763133e+00
3.829522587950054291e+00,7.911286608081966598e-01,1.995551183644890614e+01,4.122544518888171083e+00
3.835821144838130081e+00,7.912462196406756521e-01,1.998833340196938124e+01,4.123157113962135689e+00
3.842119701726205871e+00,7.913625508236518113e-01,2.002115496748985635e+01,4.123763311796333930e+00
3.848418258614281662e+00,7.914776558843241716e-01,2.005397653301033145e+01,4.124363120348948364e+00
3.854716815502357008e+00,7.915915379013961362e-01,2.008679809853080656e+01,4.124956555662997459e+00
3.861015372390432798e+00,7.917042019306698153e-01,2.011961966405128166e+01,4.125543644084094019e+00
3.867313929278508589e+00,7.918156550829863471e-01,2.015244122957175676e+01,4.126124422666588742e+00
3.873612486166584379e+00,7.919259061438818081e-01,2.018526279509223187e+01,4.126698937191611627e+00
3.879911043054660169e+00,7.920349651036165950e-01,2.021808436061270697e+01,4.127267239718069192e+00
3.886209599942735959e+00,7.921428426862996419e-01,2.025090592613318208e+01,4.127829386128928135e+00
3.892508156830811750e+00,7.922495498790083079e-01,2.028372749165365718e+01,4.128385433677474126e+00
3.898806713718887096e+00,7.923550974609127051e-01,2.031654905717413229e+01,4.128935438533596347e+00
3.905105270606962886e+00,7.924594955323998047e-01,2.034937062269460739e+01,4.129479453330066718e+00
3.911403827495038676e+00,7.925627530441973212e-01,2.038219218821508250e+01,4.130017524708823551e+00
3.917702384383114467e+00,7.926648773471428600e-01,2.041501375373555760e+01,4.130549690974830490e+00
3.924000941271190257e+00,7.927658740283592964e-01,2.044783531925603270e+01,4.131075981242394946e+00
3.930299498159266047e+00,7.928657472248211713e-01,2.048065688477650781e+01,4.131596417069150817e+00
3.936598055047341838e+00,7.929645000582575820e-01,2.051347845029698291e+01,4.132111014722321229e+00
3.942896611935417628e+00,7.930621350722033558e-01,2.054630001581745802e+01,4.132619787456180305e+00
3.949195168823492974e+00,7.931586546690521100e-01,2.057912158133793312e+01,4.133122747789519380e+00
3.955493725711568764e+00,7.932540615471062040e-01,2.061194314685840823e+01,4.133619909783099899e+00
3.961792282599644555e+00,7.933483591376294664e-01,2.064476471237888333e+01,4.134111291317121406e+00
3.968090839487720345e+00,7.934415520417907874e-01,2.067758627789935844e+01,4.134596916368117547e+00
3.974389396375796135e+00,7.935336464209749030e-01,2.071040784341983354e+01,4.135076817042854458e+00
3.980687953263871925e+00,7.936246499902270823e-01,2.074322940894030864e+01,4.135551033544171418e+00
3.986986510151947716e+00,7.937145715528335366e-01,2.077605097446078375e+01,4.136019611745692437e+00
3.993285067040023506e+00,7.938034204578706676e-01,2.080887253998125885e+01,4.136482600365136264e+00
3.999583623928098852e+00,7.938912060572244078e-01,2.084169410550173396e+01,4.136940048134862380e+00
4.005882180816175087e+00,7.939779371626103366e-01,2.087451567102220906e+01,4.137392000972420547e+00
4.012180737704250433e+00,7.940636215025904665e-01,2.090733723654268417e+01,4.137838499151084370e+00
4.018479294592326667e+00,7.941482651795931380e-01,2.094015880206315927e+01,4.138279574470399957e+00
4.024777851480402013e+00,7.942318721351108168e-01,2.097298036758363438e+01,4.138715247469351155e+00
4.031076408368477360e+00,7.943144438727713919e-01,2.100580193310410948e+01,4.139145525983290774e+00
4.037374965256554482e+00,7.943959799177533476e-01,2.103862349862458814e+01,4.139570407537940255e+00
4.043673522144629828e+00,7.944764786020900305e-01,2.107144506414506324e+01,4.139989883441582919e+00
4.049972079032705174e+00,7.945559378650072224e-01,2.110426662966553835e+01,4.140403942955593664e+00
4.056270635920781409e+00,7.946343560532667105e-01,2.113708819518601345e+01,4.140812577465004196e+00
4.062569192808856755e+00,7.947117327215045268e-01,2.116990976070648856e+01,4.141215784649038945e+00
4.068867749696932989e+00,7.947880694325754058e-01,2.120273132622696366e+01,4.141613572651680286e+00
4.075166306585008336e+00,7.948633705539528416e-01,2.123555289174743876e+01,4.142005964231683990e+00
4.081464863473084570e+00,7.949376438267108380e-01,2.126837445726791387e+01,4.142392999727523062e+00
4.087763420361159916e+00,7.950109000294556250e-01,2.130119602278838897e+01,4.142774735306147704e+00
4.094061977249236151e+00,7.950831520935695007e-01,2.133401758830886408e+01,4.143151238352550614e+00
4.100360534137311497e+00,7.951544141783264408e-01,2.136683915382933918e+01,4.143522582650226660e+00
4.106659091025386843e+00,7.952247007460003791e-01,2.139966071934981429e+01,4.143888843561593482e+00
4.112957647913463077e+00,7.952940256369737115e-01,2.143248228487028939e+01,4.144250093208411201e+00
4.119256204801538424e+00,7.953624011448462428e-01,2.146530385039076450e+01,4.144606395652211006e+00
4.125554761689614658e+00,7.954298371005910084e-01,2.149812541591123960e+01,4.144957802121858492e+00
4.131853318577690004e+00,7.954963402678465467e-01,2.153094698143171470e+01,4.145304347862444061e+00
4.138151875465766238e+00,7.955619146730421587e-01,2.156376854695218981e+01,4.145646053855553070e+00
4.144450432353841585e+00,7.956265623702997170e-01,2.159659011247266491e+01,4.145982930805145017e+00
4.150748989241916931e+00,7.956902842279742760e-01,2.162941167799314002e+01,4.146314983236188745e+00
4.157047546129993165e+00,7.957530807151917962e-01,2.166223324351361512e+01,4.146642213593283444e+00
4.163346103018068511e+00,7.958149526883887548e-01,2.169505480903409023e+01,4.146964626339290305e+00
4.169644659906144746e+00,7.958759021777853659e-01,2.172787637455456533e+01,4.147282232053617790e+00
4.175943216794220092e+00,7.959359331189369557e-01,2.176069794007504044e+01,4.147595051244310937e+00
4.182241773682296326e+00,7.959950515370268764e-01,2.179351950559551554e+01,4.147903115308395172e+00
4.188540330570371673e+00,7.960532650163680835e-01,2.182634107111599064e+01,4.148206463767466268e+00
4.194838887458447907e+00,7.961105820315800274e-01,2.185916263663646575e+01,4.148505140782479117e+00
4.201137444346523253e+00,7.961670112774025254e-01,2.189198420215694085e+01,4.148799191661425745e+00
4.207436001234598599e+00,7.962225609985115193e-01,2.192480576767741596e+01,4.149088659367031973e+00
4.213734558122674834e+00,7.962772383193311709e-01,2.195762733319789106e+01,4.149373581024430102e+00
4.220033115010750180e+00,7.963310485925760851e-01,2.199044889871836617e+01,4.149653984526433526e+00
4.226331671898826414e+00,7.963839951226517888e-01,2.202327046423884127e+01,4.149929887092186576e+00
4.232630228786901760e+00,7.964360796931060360e-01,2.205609202975931638e+01,4.150201298015695706e+00
4.238928785674977995e+00,7.964873033610094799e-01,2.208891359527979148e+01,4.150468222805320906e+00
4.245227342563053341e+00,7.965376672590622764e-01,2.212173516080026658e+01,4.150730667363523807e+00
4.251525899451128687e+00,7.965871733977050173e-01,2.215455672632074169e+01,4.150988642166641540e+00
4.257824456339204922e+00,7.966358254672277761e-01,2.218737829184121679e+01,4.151242166444650827e+00
4.264123013227280268e+00,7.966836296161701192e-01,2.222019985736169190e+01,4.151491272237381125e+00
4.270421570115356502e+00,7.967305947787305387e-01,2.225302142288216700e+01,4.151736006100636978e+00
4.276720127003431848e+00,7.967767320671463871e-01,2.228584298840264211e+01,4.151976425939909454e+00
4.283018683891508083e+00,7.968220538644070761e-01,2.231866455392311721e+01,4.152212596282534030e+00
4.289317240779583429e+00,7.968665729088003635e-01,2.235148611944359232e+01,4.152444583507294951e+00
4.295615797667658775e+00,7.969103013784583078e-01,2.238430768496406742e+01,4.152672451074023385e+00
4.301914354555735009e+00,7.969532499760447752e-01,2.241712925048454252e+01,4.152896254753937200e+00
4.308212911443810356e+00,7.969954270858029544e-01,2.244995081600501763e+01,4.153116038237041785e+00
4.314511468331886590e+00,7.970368385777494291e-01,2.248277238152549273e+01,4.153331832111793354e+00
4.320810025219961936e+00,7.970774883896477592e-01,2.251559394704596784e+01,4.153543656897744185e+00
4.327108582108038171e+00,7.971173792456380802e-01,2.254841551256644294e+01,4.153751526790295578e+00
4.333407138996113517e+00,7.971565133759306310e-01,2.258123707808691805e+01,4.153955453410997478e+00
4.339705695884189751e+00,7.971948932364971707e-01,2.261405864360739315e+01,4.154155449557834778e+00
4.346004252772265097e+00,7.972325222209676321e-01,2.264688020912786826e+01,4.154351532914898115e+00
4.352302809660340444e+00,7.972694051417530403e-01,2.267970177464834336e+01,4.154543728559496607e+00
4.358601366548417566e+00,7.973055480768471703e-01,2.271252334016882202e+01,4.154732068163849767e+00
4.364899923436492912e+00,7.973409579461986363e-01,2.274534490568929712e+01,4.154916587787573334e+00
4.371198480324568258e+00,7.973756420763011832e-01,2.277816647120977223e+01,4.155097325608777759e+00
4.377497037212644493e+00,7.974096077647857550e-01,2.281098803673024733e+01,4.155274319655168469e+00
4.383795594100719839e+00,7.974428618470530417e-01,2.284380960225072243e+01,4.155447605545786516e+00
4.390094150988796073e+00,7.974754103796871663e-01,2.287663116777119754e+01,4.155617214841285545e+00
4.396392707876871420e+00,7.975072587864162621e-01,2.290945273329167264e+01,4.155783175804527829e+00
4.402691264764947654e+00,7.975384122832748224e-01,2.294227429881214775e+01,4.155945515616092045e+00
4.408989821653023000e+00,7.975688763240635915e-01,2.297509586433262285e+01,4.156104262695547114e+00
4.415288378541099235e+00,7.975986570458115654e-01,2.300791742985309796e+01,4.156259449022743802e+00
4.421586935429174581e+00,7.976277617099764017e-01,2.304073899537357306e+01,4.156411112436889432e+00
4.427885492317249927e+00,7.976561989514254769e-01,2.307356056089404817e+01,4.156559297933984709e+00
4.434184049205326161e+00,7.976839783551460394e-01,2.310638212641452327e+01,4.156704055461071690e+00
4.440482606093401508e+00,7.977111096714664118e-01,2.313920369193499837e+01,4.156845435826779678e+00
4.446781162981477742e+00,7.977376020089882447e-01,2.317202525745547348e+01,4.156983486495720470e+00
4.453079719869553088e+00,7.977634630275181049e-01,2.320484682297594858e+01,4.157118247382887155e+00
4.459378276757629322e+00,7.977886981744120032e-01,2.323766838849642369e+01,4.157249746874264851e+00
4.465676833645704669e+00,7.978133106839823130e-01,2.327048995401689879e+01,4.157378001823746061e+00
4.471975390533780015e+00,7.978373030766597873e-01,2.330331151953737390e+01,4.157503025365209659e+00
4.478273947421856249e+00,7.978606791127359488e-01,2.333613308505784900e+01,4.157624837093406356e+00
4.484572504309931595e+00,7.978834457573240613e-01,2.336895465057832411e+01,4.157743473303304960e+00
4.490871061198007830e+00,7.979056151378880468e-01,2.340177621609879921e+01,4.157858997190706063e+00
4.497169618086083176e+00,7.979272057960273834e-01,2.343459778161927431e+01,4.157971505375254395e+00
4.503468174974159410e+00,7.979482403958625403e-01,2.346741934713974942e+01,4.158081115958909280e+00
4.509766731862234757e+00,7.979687407867491755e-01,2.350024091266022452e+01,4.158187942797919590e+00
4.516065288750310991e+00,7.979887228091520068e-01,2.353306247818069963e+01,4.158292068436407973e+00
4.522363845638386337e+00,7.980081911015923790e-01,2.356588404370117473e+01,4.158393517045551491e+00
4.528662402526461683e+00,7.980271346084706341e-01,2.359870560922164984e+01,4.158492231014995433e+00
4.534960959414537918e+00,7.980455283526604049e-01,2.363152717474212494e+01,4.158588080189785430e+00
4.541259516302613264e+00,7.980633427345034114e-01,2.366434874026260005e+01,4.158680910327110070e+00
4.547558073190689498e+00,7.980805541525907154e-01,2.369717030578307515e+01,4.158770598440830746e+00
4.553856630078764844e+00,7.980971556337097539e-01,2.372999187130355025e+01,4.158857108193774188e+00
4.560155186966841079e+00,7.981131664919408619e-01,2.376281343682402536e+01,4.158940540230954497e+00
4.566453743854916425e+00,7.981286321151636054e-01,2.379563500234450046e+01,4.159021131067068389e+00
4.572752300742991771e+00,7.981436106572662448e-01,2.382845656786497557e+01,4.159099183740047501e+00
4.579050857631068006e+00,7.981581571512319506e-01,2.386127813338545067e+01,4.159174985024892912e+00
4.585349414519143352e+00,7.981723076039130005e-01,2.389409969890592578e+01,4.159248722552086441e+00
4.591647971407219586e+00,7.981860651823665664e-01,2.392692126442640088e+01,4.159320412825055158e+00
4.597946528295294932e+00,7.981994016382993884e-01,2.395974282994687599e+01,4.159389908642904921e+00
4.604245085183371167e+00,7.982122742983888131e-01,2.399256439546735109e+01,4.159456987636404257e+00
4.610543642071446513e+00,7.982246453058225999e-01,2.402538596098782619e+01,4.159521452534992392e+00
4.616842198959522747e+00,7.982365007488516628e-01,2.405820752650830130e+01,4.159583230845019131e+00
4.623140755847598093e+00,7.982478637810315192e-01,2.409102909202877640e+01,4.159642443218873886e+00
4.629439312735673440e+00,7.982587858311329665e-01,2.412385065754925151e+01,4.159699357650130658e+00
4.635737869623749674e+00,7.982693255614174976e-01,2.415667222306972661e+01,4.159754279825836676e+00
4.642036426511825020e+00,7.982795270280075295e-01,2.418949378859020172e+01,4.159807439320946543e+00
4.648334983399901255e+00,7.982893993771693619e-01,2.422231535411067682e+01,4.159858883796341722e+00
4.654633540287976601e+00,7.982989133072730947e-01,2.425513691963115193e+01,4.159908460562227184e+00
4.660932097176052835e+00,7.983080209841697528e-01,2.428795848515162703e+01,4.159955920356480874e+00
4.667230654064128181e+00,7.983166808648708423e-01,2.432078005067210213e+01,4.160001046700004146e+00
4.673529210952203528e+00,7.983248821877262369e-01,2.435360161619257724e+01,4.160043783514203675e+00
4.679827767840280650e+00,7.983326587454739887e-01,2.438642318171305590e+01,4.160084306891888239e+00
4.686126324728355996e+00,7.983400745604440907e-01,2.441924474723353100e+01,4.160122950451238921e+00
4.692424881616432231e+00,7.983471981287431074e-01,2.445206631275400611e+01,4.160160071123136127e+00
4.698723438504507577e+00,7.983540763349971092e-01,2.448488787827448121e+01,4.160195913221769182e+00
4.705021995392582923e+00,7.983607151439345850e-01,2.451770944379495631e+01,4.160230507829135504e+00
4.711320552280659157e+00,7.983670855555522472e-01,2.455053100931543142e+01,4.160263703827205894e+00
4.717619109168734504e+00,7.983731439799863772e-01,2.458335257483590652e+01,4.160295274070684002e+00
4.723917666056810738e+00,7.983788535120754926e-01,2.461617414035638163e+01,4.160325026248028912e+00
4.730216222944886084e+00,7.983842011824806573e-01,2.464899570587685673e+01,4.160352892776458589e+00
4.736514779832962319e+00,7.983891990978401187e-01,2.468181727139733184e+01,4.160378936743251543e+00
4.742813336721037665e+00,7.983938757580744117e-01,2.471463883691780694e+01,4.160403306660523270e+00
4.749111893609113011e+00,7.983982666782050153e-01,2.474746040243828205e+01,4.160426187595843039e+00
4.755410450497189245e+00,7.984024061559480412e-01,2.478028196795875715e+01,4.160447758273440932e+00
4.761709007385264592e+00,7.984063228023193792e-01,2.481310353347923225e+01,4.160468167784346250e+00
4.768007564273340826e+00,7.984100369782879403e-01,2.484592509899970736e+01,4.160487522228875967e+00
4.774306121161416172e+00,7.984135584754287196e-01,2.487874666452018246e+01,4.160505872630593238e+00
4.780604678049492406e+00,7.984168869007101099e-01,2.491156823004065757e+01,4.160523216941424351e+00
4.786903234937567753e+00,7.984200178277425231e-01,2.494438979556113267e+01,4.160539532095603121e+00
4.793201791825643099e+00,7.984229508482380000e-01,2.497721136108160778e+01,4.160554815965555875e+00
4.799500348713719333e+00,7.984256966113735254e-01,2.501003292660208288e+01,4.160569124043780320e+00
4.805798905601794679e+00,7.984282749552182867e-01,2.504285449212255799e+01,4.160582559705780170e+00
4.812097462489870914e+00,7.984307028901510561e-01,2.507567605764303309e+01,4.160595211592060139e+00
4.818396019377946260e+00,7.984329810621243473e-01,2.510849762316350819e+01,4.160607083068656564e+00
4.824694576266022494e+00,7.984350863134117571e-01,2.514131918868398330e+01,4.160618053461445420e+00
4.830993133154097841e+00,7.984369841849342508e-01,2.517414075420445840e+01,4.160627943205339463e+00
4.837291690042174075e+00,7.984386514585216643e-01,2.520696231972493351e+01,4.160636631311244393e+00
4.843590246930249421e+00,7.984400970432142808e-01,2.523978388524540861e+01,4.160644164203865181e+00
4.849888803818324767e+00,7.984413633911634500e-01,2.527260545076588372e+01,4.160650763099917882e+00
4.856187360706401002e+00,7.984425048568987160e-01,2.530542701628635882e+01,4.160656711239004935e+00
4.862485917594476348e+00,7.984435624902818107e-01,2.533824858180683393e+01,4.160662222530558729e+00
4.868784474482552582e+00,7.984445486303638484e-01,2.537107014732730903e+01,4.160667361272954778e+00
4.875083031370627928e+00,7.984454550337103385e-01,2.540389171284778413e+01,4.160672084509936752e+00
4.881381588258704163e+00,7.984462696995835440e-01,2.543671327836825924e+01,4.160676329706068266e+00
4.887680145146779509e+00,7.984469909682946342e-01,2.546953484388873434e+01,4.160680088212767025e+00
4.893978702034854855e+00,7.984476284581037975e-01,2.550235640940920945e+01,4.160683410150460837e+00
4.900277258922931090e+00,7.984481953707740498e-01,2.553517797492968455e+01,4.160686364313085583e+00
4.906575815811006436e+00,7.984487008607578096e-01,2.556799954045015966e+01,4.160688998404182826e+00
4.912874372699082670e+00,7.984491479174514739e-01,2.560082110597063476e+01,4.160691328001393963e+00
4.919172929587158016e+00,7.984495368129548298e-01,2.563364267149110987e+01,4.160693354522623011e+00
4.925471486475234251e+00,7.984498691393795422e-01,2.566646423701158497e+01,4.160695086264308173e+00
4.931770043363309597e+00,7.984501496304791113e-01,2.569928580253206007e+01,4.160696547893879327e+00
4.938068600251385831e+00,7.984503848846836727e-01,2.573210736805253518e+01,4.160697773795530630e+00
4.944367157139461177e+00,7.984505814887470354e-01,2.576492893357301028e+01,4.160698798292611578e+00
4.950665714027536524e+00,7.984507448548057162e-01,2.579775049909348539e+01,4.160699649587582094e+00
4.956964270915612758e+00,7.984508793334832433e-01,2.583057206461396049e+01,4.160700350351392629e+00
4.963262827803688104e+00,7.984509886662092271e-01,2.586339363013443560e+01,4.160700920080505405e+00
4.969561384691764339e+00,7.984510763135781453e-01,2.589621519565491070e+01,4.160701376807961260e+00
4.975859941579839685e+00,7.984511455106841904e-01,2.592903676117538581e+01,4.160701737391724997e+00
4.982158498467915919e+00,7.984511992344898168e-01,2.596185832669586091e+01,4.160702017344647174e+00
4.988457055355991265e+00,7.984512401705424756e-01,2.599467989221633601e+01,4.160702230661024181e+00
4.994755612244066612e+00,7.984512706838068352e-01,2.602750145773681112e+01,4.160702389664606038e+00
5.001054169132143734e+00,7.984512927925565551e-01,2.606032302325728978e+01,4.160702504872547891e+00
5.007352726020219080e+00,7.984513081815505231e-01,2.609314458877776488e+01,4.160702585064071535e+00
5.013651282908295315e+00,7.984513183115884427e-01,2.612596615429823999e+01,4.160702637851354524e+00
5.019949839796370661e+00,7.984513245641734480e-01,2.615878771981871509e+01,4.160702670433361838e+00
5.026248396684446007e+00,7.984513283453515964e-01,2.619160928533919019e+01,4.160702690136952597e+00
5.032546953572522241e+00,7.984513310831926614e-01,2.622443085085966530e+01,4.160702704403749230e+00
