x_m,r_m,x_over_rt,r_over_rt
# M4.19 vitiated-air nozzle [euler] inviscid design wall (AxisMachCFDWall)
# R=2, L_U=6, L_c=8 (r_t units), M_d=4.19; r_t=0.205711 m
# throat x=0.000000 m r=0.205711 m; exit x=4.985842 m r=0.798461 m
-1.337121500000000074e+00,8.000100789999999851e-01,-6.500000000000000000e+00,3.888999999999999790e+00
-1.333574758620689638e+00,8.000100789999999851e-01,-6.482758620689654805e+00,3.888999999999999790e+00
-1.330028017241379423e+00,8.000100789999999851e-01,-6.465517241379310498e+00,3.888999999999999790e+00
-1.326481275862068987e+00,8.000100789999999851e-01,-6.448275862068965303e+00,3.888999999999999790e+00
-1.322934534482758773e+00,8.000100789999999851e-01,-6.431034482758620996e+00,3.888999999999999790e+00
-1.319387793103448336e+00,8.000100789999999851e-01,-6.413793103448275801e+00,3.888999999999999790e+00
-1.315841051724137900e+00,8.000100789999999851e-01,-6.396551724137930606e+00,3.888999999999999790e+00
-1.312294310344827686e+00,8.000100789999999851e-01,-6.379310344827586299e+00,3.888999999999999790e+00
-1.308747568965517249e+00,8.000100789999999851e-01,-6.362068965517241104e+00,3.888999999999999790e+00
-1.305200827586207035e+00,8.000100789999999851e-01,-6.344827586206896797e+00,3.888999999999999790e+00
-1.301654086206896599e+00,8.000100789999999851e-01,-6.327586206896551602e+00,3.888999999999999790e+00
-1.298107344827586385e+00,8.000100789999999851e-01,-6.310344827586207295e+00,3.888999999999999790e+00
-1.294560603448275948e+00,8.000100789999999851e-01,-6.293103448275862100e+00,3.888999999999999790e+00
-1.291013862068965512e+00,8.000100789999999851e-01,-6.275862068965516904e+00,3.888999999999999790e+00
-1.287467120689655298e+00,8.000100789999999851e-01,-6.258620689655172598e+00,3.888999999999999790e+00
-1.283920379310344861e+00,8.000100789999999851e-01,-6.241379310344827402e+00,3.888999999999999790e+00
-1.280373637931034647e+00,8.000100789999999851e-01,-6.224137931034483096e+00,3.888999999999999790e+00
-1.276826896551724211e+00,8.000100789999999851e-01,-6.206896551724137900e+00,3.888999999999999790e+00
-1.273280155172413775e+00,8.000100789999999851e-01,-6.189655172413792705e+00,3.888999999999999790e+00
-1.269733413793103560e+00,8.000100789999999851e-01,-6.172413793103448398e+00,3.888999999999999790e+00
-1.266186672413793124e+00,8.000100789999999851e-01,-6.155172413793103203e+00,3.888999999999999790e+00
-1.262639931034482910e+00,8.000100789999999851e-01,-6.137931034482758896e+00,3.888999999999999790e+00
-1.259093189655172473e+00,8.000100789999999851e-01,-6.120689655172413701e+00,3.888999999999999790e+00
-1.255546448275862259e+00,8.000100789999999851e-01,-6.103448275862069394e+00,3.888999999999999790e+00
-1.251999706896551823e+00,8.000100789999999851e-01,-6.086206896551724199e+00,3.888999999999999790e+00
-1.248452965517241386e+00,8.000100789999999851e-01,-6.068965517241379004e+00,3.888999999999999790e+00
-1.244906224137931172e+00,8.000100789999999851e-01,-6.051724137931034697e+00,3.888999999999999790e+00
-1.241359482758620736e+00,8.000100789999999851e-01,-6.034482758620689502e+00,3.888999999999999790e+00
-1.237812741379310522e+00,8.000100789999999851e-01,-6.017241379310345195e+00,3.888999999999999790e+00
-1.234266000000000085e+00,8.000100789999999851e-01,-6.000000000000000000e+00,3.888999999999999790e+00
-1.228063658291457250e+00,8.000095631197103874e-01,-5.969849246231155426e+00,3.888997492208536855e+00
-1.221861316582914636e+00,8.000059784120308048e-01,-5.939698492462311741e+00,3.888980066267874847e+00
-1.215658974874371800e+00,7.999963285023790061e-01,-5.909547738693467167e+00,3.888933156235587774e+00
-1.209456633165829187e+00,7.999776954563136977e-01,-5.879396984924623482e+00,3.888842577481582019e+00
-1.203254291457286573e+00,7.999472391203200639e-01,-5.849246231155778908e+00,3.888694523483528176e+00
-1.197051949748743738e+00,7.999021964625943060e-01,-5.819095477386934334e+00,3.888475562622291992e+00
-1.190849608040201124e+00,7.998398809138296262e-01,-5.788944723618090649e+00,3.888172634977369313e+00
-1.184647266331658289e+00,7.997576817080013223e-01,-5.758793969849246075e+00,3.887773049122318803e+00
-1.178444924623115675e+00,7.996530632231522162e-01,-5.728643216080402389e+00,3.887264478920194666e+00
-1.172242582914572839e+00,7.995235643221774158e-01,-5.698492462311557816e+00,3.886634960318978482e+00
-1.166040241206030004e+00,7.993667976936104091e-01,-5.668341708542713242e+00,3.885872888147014148e+00
-1.159837899497487612e+00,7.991804491924081599e-01,-5.638190954773869557e+00,3.884967012908440154e+00
-1.153635557788944777e+00,7.989622771807359802e-01,-5.608040201005024983e+00,3.883906437578622306e+00
-1.147433216080402163e+00,7.987101118687532919e-01,-5.577889447236181297e+00,3.882680614399586005e+00
-1.141230874371859327e+00,7.984218546553986107e-01,-5.547738693467336724e+00,3.881279341675450301e+00
-1.135028532663316492e+00,7.980954774691754183e-01,-5.517587939698492150e+00,3.879692760567861498e+00
-1.128826190954773878e+00,7.977290221089364808e-01,-5.487437185929648464e+00,3.877911351891422775e+00
-1.122623849246231265e+00,7.973205995846706085e-01,-5.457286432160803891e+00,3.875925932909132676e+00
-1.116421507537688651e+00,7.968683894582864191e-01,-5.427135678391960205e+00,3.873727654127812503e+00
-1.110219165829145815e+00,7.963706391843986543e-01,-5.396984924623115631e+00,3.871307996093542148e+00
-1.104016824120602980e+00,7.958256634511133853e-01,-5.366834170854271058e+00,3.868658766187094145e+00
-1.097814482412060366e+00,7.952318435208126646e-01,-5.336683417085427372e+00,3.865772095419363286e+00
-1.091612140703517531e+00,7.945876265709406194e-01,-5.306532663316582799e+00,3.862640435226801561e+00
-1.085409798994974917e+00,7.938915250347885477e-01,-5.276381909547739113e+00,3.859256554266852657e+00
-1.079207457286432303e+00,7.931421159422799017e-01,-5.246231155778894539e+00,3.855613535213381571e+00
-1.073005115577889468e+00,7.923380402607561601e-01,-5.216080402010049966e+00,3.851704771552109996e+00
-1.066802773869346854e+00,7.914780022357613687e-01,-5.185929648241206280e+00,3.847523964376048600e+00
-1.060600432160804019e+00,7.905607687318283450e-01,-5.155778894472361706e+00,3.843065119180930189e+00
-1.054398090452261183e+00,7.895851685732631076e-01,-5.125628140703517133e+00,3.838322542660640657e+00
-1.048195748743718569e+00,7.885500918849311924e-01,-5.095477386934673447e+00,3.833290839502657477e+00
-1.041993407035175956e+00,7.874544894330416378e-01,-5.065326633165828873e+00,3.827964909183473985e+00
-1.035791065326633342e+00,7.862973719659339666e-01,-5.035175879396985188e+00,3.822339942764042764e+00
-1.029588723618090507e+00,7.850778095548618385e-01,-5.005025125628140614e+00,3.816411419685198148e+00
-1.023386381909547893e+00,7.837949309347795879e-01,-4.974874371859296929e+00,3.810175104563098714e+00
-1.017184040201005057e+00,7.824479228451266533e-01,-4.944723618090452355e+00,3.803627043984651568e+00
-1.010981698492462222e+00,7.810360293706137824e-01,-4.914572864321607781e+00,3.796763563302953060e+00
-1.004779356783919608e+00,7.795585512820072394e-01,-4.884422110552764096e+00,3.789581263432714842e+00
-9.985770150753768837e-01,7.780148453769152317e-01,-4.854271356783919522e+00,3.782077017645703254e+00
-9.923746733668341591e-01,7.764043238205726727e-01,-4.824120603015074948e+00,3.774247968366167605e+00
-9.861723316582915455e-01,7.747264534866263874e-01,-4.793969849246231263e+00,3.766091523966275112e+00
-9.799699899497487099e-01,7.729807552979206520e-01,-4.763819095477386689e+00,3.757605355561543181e+00
-9.737676482412060963e-01,7.711668035672822885e-01,-4.733668341708543004e+00,3.748787393806273460e+00
-9.675653065326633717e-01,7.692842253383066486e-01,-4.703517587939698430e+00,3.739635825688984117e+00
-9.613629648241207581e-01,7.673326997261415983e-01,-4.673366834170854744e+00,3.730149091327841226e+00
-9.551606231155779225e-01,7.653119572582740560e-01,-4.643216080402010171e+00,3.720325880766094606e+00
-9.489582814070351979e-01,7.632217792153150882e-01,-4.613065326633165597e+00,3.710165130767509201e+00
-9.427559396984925844e-01,7.610619969717847821e-01,-4.582914572864321912e+00,3.699666021611799138e+00
-9.365535979899497487e-01,7.588324913368977853e-01,-4.552763819095477338e+00,3.688827973890058232e+00
-9.303512562814070241e-01,7.565331918953487333e-01,-4.522613065326632764e+00,3.677650645300196253e+00
-9.241489145728644106e-01,7.541640763480970122e-01,-4.492462311557789079e+00,3.666133927442368101e+00
-9.179465728643215749e-01,7.517251698531530746e-01,-4.462311557788944505e+00,3.654277942614410968e+00
-9.117442311557789614e-01,7.492165443663630908e-01,-4.432160804020100819e+00,3.642083040607274835e+00
-9.055418894472362368e-01,7.466383179821940441e-01,-4.402010050251256246e+00,3.629549795500454756e+00
-8.993395477386936232e-01,7.439906542745197138e-01,-4.371859296482412560e+00,3.616679002457426684e+00
-8.931372060301507876e-01,7.412737616374053262e-01,-4.341708542713567986e+00,3.603471674521077084e+00
-8.869348643216080630e-01,7.384878926258929832e-01,-4.311557788944723413e+00,3.589929039409136990e+00
-8.807325226130654494e-01,7.356333432967882002e-01,-4.281407035175879727e+00,3.576052536309619612e+00
-8.745301809045226138e-01,7.327104525494428922e-01,-4.251256281407035154e+00,3.561843812676244170e+00
-8.683278391959798892e-01,7.297196014665424668e-01,-4.221105527638190580e+00,3.547304721023875285e+00
-8.621254974874372756e-01,7.266612126548909201e-01,-4.190954773869346894e+00,3.532437315723957028e+00
-8.559231557788944400e-01,7.235357495861954868e-01,-4.160804020100502321e+00,3.517243849799939870e+00
-8.497208140703518264e-01,7.203437159378526244e-01,-4.130653266331658635e+00,3.501726771722720954e+00
-8.435184723618091018e-01,7.170856549337327746e-01,-4.100502512562814061e+00,3.485888722206069268e+00
-8.373161306532664883e-01,7.137621486849661245e-01,-4.070351758793970376e+00,3.469732531002066356e+00
-8.311137889447236526e-01,7.103738175307272584e-01,-4.040201005025125802e+00,3.453261213696531939e+00
-8.249114472361809280e-01,7.069213193790216954e-01,-4.010050251256281229e+00,3.436477968504463298e+00
-8.187091055276382034e-01,7.034053490474700965e-01,-3.979899497487437099e+00,3.419386173065465773e+00
-8.125067638190954789e-01,6.998266376040936931e-01,-3.949748743718592969e+00,3.401989381239183263e+00
-8.063044221105527543e-01,6.961859517080999371e-01,-3.919597989949748840e+00,3.384291319900734063e+00
-8.001020804020101407e-01,6.924840929506679288e-01,-3.889447236180904710e+00,3.366295885736144022e+00
-7.938997386934674161e-01,6.887218971957334013e-01,-3.859296482412060580e+00,3.348007142037778383e+00
-7.876973969849245805e-01,6.849002339207740375e-01,-3.829145728643216007e+00,3.329429315499774056e+00
-7.814950552763819669e-01,6.810200055575948985e-01,-3.798994974874371877e+00,3.310566793013474562e+00
-7.752927135678392423e-01,6.770821468331137405e-01,-3.768844221105527748e+00,3.291424118462861870e+00
-7.690903718592965177e-01,6.730876241101464430e-01,-3.738693467336683618e+00,3.272005989519988667e+00
-7.628880301507537931e-01,6.690374347281916600e-01,-3.708542713567839488e+00,3.252317254440412420e+00
-7.566856884422110685e-01,6.649326063442175805e-01,-3.678391959798994915e+00,3.232362908858629424e+00
-7.504833467336683439e-01,6.607741962734453578e-01,-3.648241206030150785e+00,3.212148092583504866e+00
-7.442810050251256193e-01,6.565632908301359816e-01,-3.618090452261306655e+00,3.191678086393707758e+00
-7.380786633165830057e-01,6.523010046683747065e-01,-3.587939698492462526e+00,3.170958308833143224e+00
-7.318763216080402811e-01,6.479884801228569247e-01,-3.557788944723618396e+00,3.149994313006386992e+00
-7.256739798994974455e-01,6.436268865496723723e-01,-3.527638190954773822e+00,3.128791783374114122e+00
-7.194716381909548319e-01,6.392174196670925568e-01,-3.497487437185929693e+00,3.107356532548539274e+00
-7.132692964824121074e-01,6.347613008963536307e-01,-3.467336683417085563e+00,3.085694498088841442e+00
-7.070669547738693828e-01,6.302597767024435971e-01,-3.437185929648241434e+00,3.063811739296603331e+00
-7.008646130653267692e-01,6.257141179348865156e-01,-3.407035175879397304e+00,3.041714434011241419e+00
-6.946622713567839336e-01,6.211256191685279315e-01,-3.376884422110552730e+00,3.019408875405437342e+00
-6.884599296482412090e-01,6.164955980443210803e-01,-3.346733668341708601e+00,2.996901468780575950e+00
-6.822575879396984844e-01,6.118253946101110952e-01,-3.316582914572864471e+00,2.974198728362173583e+00
-6.760552462311558708e-01,6.071163706614208788e-01,-3.286432160804020342e+00,2.951307274095312572e+00
-6.698529045226131462e-01,6.023699090822359770e-01,-3.256281407035176212e+00,2.928233828440073516e+00
-6.636505628140703106e-01,5.975874131857907834e-01,-3.226130653266331638e+00,2.904985213166971114e+00
-6.574482211055276970e-01,5.927703060553530801e-01,-3.195979899497487509e+00,2.881568346152383775e+00
-6.512458793969849724e-01,5.879200298850093542e-01,-3.165829145728643379e+00,2.857990238173988562e+00
-6.450435376884422478e-01,5.830380453204505597e-01,-3.135678391959799249e+00,2.834257989706192582e+00
-6.388411959798995232e-01,5.781258307997568791e-01,-3.105527638190954676e+00,2.810378787715566151e+00
-6.326388542713567986e-01,5.731848818941837065e-01,-3.075376884422110546e+00,2.786359902456279514e+00
-6.264365125628140740e-01,5.682167106489465214e-01,-3.045226130653266416e+00,2.762208684265530234e+00
-6.202341708542714604e-01,5.632228449240057611e-01,-3.015075376884422287e+00,2.737932560358978140e+00
-6.140318291457287359e-01,5.582048277348533594e-01,-2.984924623115578157e+00,2.713539031626181153e+00
-6.078294874371859002e-01,5.531642165932967314e-01,-2.954773869346733584e+00,2.689035669426023567e+00
-6.016271457286432867e-01,5.481025828482452011e-01,-2.924623115577889454e+00,2.664430112382153659e+00
-5.954248040201005621e-01,5.430215110264945411e-01,-2.894472361809045324e+00,2.639730063178413300e+00
-5.892224623115578375e-01,5.379225981735127338e-01,-2.864321608040201195e+00,2.614943285354272451e+00
-5.830201206030151129e-01,5.328074531942244008e-01,-2.834170854271357065e+00,2.590077600100259225e+00
-5.768177788944723883e-01,5.276776961937977850e-01,-2.804020100502512491e+00,2.565140883053398824e+00
-5.706154371859296637e-01,5.225349578184286248e-01,-2.773869346733668362e+00,2.540141061092642705e+00
-5.644130954773869391e-01,5.173808785961258039e-01,-2.743718592964824232e+00,2.515086109134299086e+00
-5.582107537688443255e-01,5.122171082774971129e-01,-2.713567839195980103e+00,2.489984046927471439e+00
-5.520084120603016009e-01,5.070453051765336783e-01,-2.683417085427135973e+00,2.464842935849486327e+00
-5.458060703517587653e-01,5.018671355113966115e-01,-2.653266331658291399e+00,2.439670875701331454e+00
-5.396037286432161517e-01,4.966842727452009387e-01,-2.623115577889447270e+00,2.414476001503083946e+00
-5.334013869346734271e-01,4.914983969268018615e-01,-2.592964824120603140e+00,2.389266480289347072e+00
-5.271990452261307025e-01,4.863111940315794079e-01,-2.562814070351759010e+00,2.364050507904678966e+00
-5.209967035175879779e-01,4.811243553022243047e-01,-2.532663316582914881e+00,2.338836305799030235e+00
-5.147943618090452533e-01,4.759395765895229613e-01,-2.502512562814070307e+00,2.313632117823174017e+00
-5.085920201005025287e-01,4.707585576931426763e-01,-2.472361809045226178e+00,2.288446207024139145e+00
-5.023896783919598041e-01,4.655830017024178424e-01,-2.442211055276382048e+00,2.263286852440646424e+00
-4.961873366834171351e-01,4.604146143371334876e-01,-2.412060301507537918e+00,2.238162345898534689e+00
-4.899849949748744660e-01,4.552551032883122573e-01,-2.381909547738693789e+00,2.213080988806200189e+00
-4.837826532663316859e-01,4.501061775589992875e-01,-2.351758793969849215e+00,2.188051088950028422e+00
-4.775803115577889613e-01,4.449695468050471336e-01,-2.321608040201005085e+00,2.163080957289824635e+00
-4.713779698492462922e-01,4.398469206759010319e-01,-2.291457286432160956e+00,2.138178904754247434e+00
-4.651756281407035676e-01,4.347400081553849938e-01,-2.261306532663316826e+00,2.113353239036245057e+00
-4.589732864321608985e-01,4.296505169024861237e-01,-2.231155778894472697e+00,2.088612261388482327e+00
-4.527709447236181184e-01,4.245801525921403252e-01,-2.201005025125628123e+00,2.063964263418778255e+00
-4.465686030150753938e-01,4.195306182560187280e-01,-2.170854271356783993e+00,2.039417523885541872e+00
-4.403662613065327247e-01,4.145036136233106183e-01,-2.140703517587939864e+00,2.014980305493194734e+00
-4.341639195979900001e-01,4.095008344615110318e-01,-2.110552763819095734e+00,1.990660851687615196e+00
-4.279615778894473310e-01,4.045239719172046278e-01,-2.080402010050251604e+00,1.966467383451563578e+00
-4.217592361809045509e-01,3.995747118568519496e-01,-2.050251256281407031e+00,1.942408096100120662e+00
-4.155568944723618263e-01,3.946547342075732434e-01,-2.020100502512562901e+00,1.918491156076112647e+00
-4.093545527638191572e-01,3.897657122979363287e-01,-1.989949748743718771e+00,1.894724697745557185e+00
-4.031522110552763771e-01,3.849093121987394728e-01,-1.959798994974874198e+00,1.871116820193083896e+00
-3.969498693467337636e-01,3.800871920637983736e-01,-1.929648241206030512e+00,1.847675584017375527e+00
-3.907475276381909834e-01,3.753010014707289788e-01,-1.899497487437185939e+00,1.824409008126590015e+00
-3.845451859296483699e-01,3.705523807617369103e-01,-1.869346733668342253e+00,1.801325066533811414e+00
-3.783428442211055898e-01,3.658429603843982303e-01,-1.839195979899497679e+00,1.778431685152462416e+00
-3.721405025125628097e-01,3.611743602324484215e-01,-1.809045226130653106e+00,1.755736738591754609e+00
-3.659381608040201961e-01,3.565481889865663168e-01,-1.778894472361809420e+00,1.733248046952113874e+00
-3.597358190954774160e-01,3.519660434551578621e-01,-1.748743718592964846e+00,1.710973372620607780e+00
-3.535334773869348024e-01,3.474295079151444310e-01,-1.718592964824121161e+00,1.688920417066391400e+00
-3.473311356783920223e-01,3.429401534527449225e-01,-1.688442211055276587e+00,1.667096817636124939e+00
-3.411287939698492422e-01,3.384995373042644640e-01,-1.658291457286432014e+00,1.645510144349424442e+00
-3.349264522613066286e-01,3.341092021968771197e-01,-1.628140703517588328e+00,1.624167896694280300e+00
-3.287241105527638485e-01,3.297706756894126512e-01,-1.597989949748743754e+00,1.603077500422498636e+00
-3.225217688442212349e-01,3.254854695131396136e-01,-1.567839195979900069e+00,1.582246304345123145e+00
-3.163194271356784548e-01,3.212550789125543926e-01,-1.537688442211055495e+00,1.561681577127885134e+00
-3.101170854271356747e-01,3.170809819861629686e-01,-1.507537688442210921e+00,1.541390504086621371e+00
-3.039147437185930611e-01,3.129646390272683987e-01,-1.477386934673367236e+00,1.521380183982715462e+00
-2.977124020100502810e-01,3.089074918647553569e-01,-1.447236180904522662e+00,1.501657625818528796e+00
-2.915100603015076675e-01,3.049109632038754514e-01,-1.417085427135678977e+00,1.482229745632831719e+00
-2.853077185929648873e-01,3.009764559670320416e-01,-1.386934673366834403e+00,1.463103363296236026e+00
-2.791053768844221072e-01,2.971053526345666662e-01,-1.356783919597989829e+00,1.444285199306632350e+00
-2.729030351758794937e-01,2.932990145855440822e-01,-1.326633165829146144e+00,1.425781871584621552e+00
-2.667006934673367136e-01,2.895587814385367498e-01,-1.296482412060301570e+00,1.407599892268943886e+00
-2.604983517587941000e-01,2.858859703924102602e-01,-1.266331658291457885e+00,1.389745664511913503e+00
-2.542960100502513199e-01,2.822818755671102631e-01,-1.236180904522613311e+00,1.372225479274857829e+00
-2.480936683417085398e-01,2.787477673444459514e-01,-1.206030150753768737e+00,1.355045512123541851e+00
-2.418913266331659262e-01,2.752848917088751568e-01,-1.175879396984925052e+00,1.338211820023601728e+00
-2.356889849246231461e-01,2.718944695882924423e-01,-1.145728643216080478e+00,1.321730338135989058e+00
-2.294866432160805325e-01,2.685776961948101449e-01,-1.115577889447236792e+00,1.305606876612384060e+00
-2.232843015075377524e-01,2.653357403655483004e-01,-1.085427135678392219e+00,1.289847117390651388e+00
-2.170819597989949723e-01,2.621697439034152977e-01,-1.055276381909547645e+00,1.274456610990249761e+00
-2.108796180904523587e-01,2.590808209178985244e-01,-1.025125628140703959e+00,1.259440773307691330e+00
-2.046772763819095786e-01,2.560700571658438007e-01,-9.949748743718593857e-01,1.244804882411945979e+00
-1.984749346733669650e-01,2.531385093922454699e-01,-9.648241206030157002e-01,1.230554075339896691e+00
-1.922725929648241849e-01,2.502872046710291065e-01,-9.346733668341711265e-01,1.216693344891761175e+00
-1.860702512562814048e-01,2.475171397458376388e-01,-9.045226130653265528e-01,1.203227536426528577e+00
-1.798679095477387913e-01,2.448292803708158882e-01,-8.743718592964828673e-01,1.190161344657387765e+00
-1.736655678391960111e-01,2.422245606513989402e-01,-8.442211055276382936e-01,1.177499310447175596e+00
-1.674632261306533976e-01,2.397038823850926315e-01,-8.140703517587946081e-01,1.165245817603786982e+00
-1.612608844221106175e-01,2.372681144022625865e-01,-7.839195979899500344e-01,1.153405089675625383e+00
-1.550585427135678374e-01,2.349180919069165929e-01,-7.537688442211054607e-01,1.141981186747021759e+00
-1.488562010050252238e-01,2.326546158174946921e-01,-7.236180904522617752e-01,1.130978002233690383e+00
-1.426538592964824437e-01,2.304784521076488069e-01,-6.934673366834172015e-01,1.120399259678134918e+00
-1.364515175879398301e-01,2.283903311470316666e-01,-6.633165829145735159e-01,1.110248509545098017e+00
-1.302491758793970500e-01,2.263909470420805981e-01,-6.331658291457289423e-01,1.100529126016987824e+00
-1.240468341708542699e-01,2.244809569768028978e-01,-6.030150753768843686e-01,1.091244303789310699e+00
-1.178444924623116563e-01,2.226609805535642306e-01,-5.728643216080406830e-01,1.082397054866119035e+00
-1.116421507537688762e-01,2.209315991338678953e-01,-5.427135678391961093e-01,1.073990205355415561e+00
-1.054398090452262765e-01,2.192933551791453883e-01,-5.125628140703524238e-01,1.066026392264610934e+00
-9.923746733668348252e-02,2.177467515915393059e-01,-4.824120603015078501e-01,1.058508060295945796e+00
-9.303512562814070241e-02,2.162922510546894661e-01,-4.522613065326632764e-01,1.051437458641927059e+00
-8.683278391959808884e-02,2.149302753745173100e-01,-4.221105527638195909e-01,1.044816637780757063e+00
-8.063044221105530873e-02,2.136612048200142444e-01,-3.919597989949750172e-01,1.038647446271780517e+00
-7.442810050251270904e-02,2.124853774640208803e-01,-3.618090452261313317e-01,1.032931527550888795e+00
-6.822575879396991505e-02,2.114030885240172075e-01,-3.316582914572867580e-01,1.027670316725975752e+00
-6.202341708542713494e-02,2.104145897029104373e-01,-3.015075376884421843e-01,1.022865037372383767e+00
-5.582107537688452831e-02,2.095200885298103832e-01,-2.713567839195984988e-01,1.018516698328287617e+00
-4.961873366834174126e-02,2.087197477008267965e-01,-2.412060301507539251e-01,1.014626090490186705e+00
-4.341639195979895421e-02,2.080136844198438029e-01,-2.110552763819093514e-01,1.011193783608284491e+00
-3.721405025125635452e-02,2.074019697393146011e-01,-1.809045226130656658e-01,1.008220123081967401e+00
-3.101170854271356747e-02,2.068846279010413680e-01,-1.507537688442210921e-01,1.005705226755211790e+00
-2.480936683417096084e-02,2.064616356769584660e-01,-1.206030150753774066e-01,1.003648981712006005e+00
-1.860702512562817726e-02,2.061329217099261701e-01,-9.045226130653283292e-02,1.002051041071824855e+00
-1.240468341708539021e-02,2.058983658545057160e-01,-6.030150753768825922e-02,1.000910820785012589e+00
-6.202341708542786179e-03,2.057577985177532487e-01,-3.015075376884457370e-02,1.000227496428257368e+00
0.000000000000000000e+00,2.057109999999999495e-01,0.000000000000000000e+00,9.999999999999996669e-01
6.240102406925487205e-03,2.057738930328164295e-01,3.033431565120721374e-02,1.000305734903901289e+00
1.248020481385097441e-02,2.059211476762383697e-01,6.066863130241442748e-02,1.001021567520639977e+00
1.872030722077646162e-02,2.061616679009052044e-01,9.100294695362164121e-02,1.002190781732164027e+00
2.496040962770194882e-02,2.064897553892530990e-01,1.213372626048288550e-01,1.003785676941209237e+00
3.120051203462743256e-02,2.069098514086581131e-01,1.516715782560360548e-01,1.005827842986802390e+00
3.744061444155292323e-02,2.074223288161889389e-01,1.820058939072432824e-01,1.008319092397533145e+00
4.368071684847841391e-02,2.080301966075901177e-01,2.123402095584505100e-01,1.011274052469678830e+00
4.992081925540389764e-02,2.087357150766890879e-01,2.426745252096577099e-01,1.014703710918176904e+00
5.616092166232938138e-02,2.095419268102609867e-01,2.730088408608649098e-01,1.018622858331644787e+00
6.240102406925486511e-02,2.104533539285879384e-01,3.033431565120721096e-01,1.023053477590347260e+00
6.864112647618036966e-02,2.114753340796838021e-01,3.336774721632793650e-01,1.028021516008787994e+00
7.488122888310584646e-02,2.126158568904989166e-01,3.640117878144865649e-01,1.033565812671655371e+00
8.112133129003133714e-02,2.138812933846848952e-01,3.943461034656937647e-01,1.039717338327483143e+00
8.736143369695682781e-02,2.152793121421250344e-01,4.246804191169010201e-01,1.046513371390567437e+00
9.360153610388231848e-02,2.168173303727744250e-01,4.550147347681082199e-01,1.053989968318536308e+00
9.984163851080779528e-02,2.184917682006706219e-01,4.853490504193154198e-01,1.062129726658616269e+00
1.060817409177332860e-01,2.202909034305310654e-01,5.156833660705226752e-01,1.070875662606914913e+00
1.123218433246587628e-01,2.221943343569064422e-01,5.460176817217298195e-01,1.080128599622316887e+00
1.185619457315842673e-01,2.241809968362786787e-01,5.763519973729370749e-01,1.089786140927216707e+00
1.248020481385097302e-01,2.262350687312979225e-01,6.066863130241442192e-01,1.099771372125447400e+00
1.310421505454352209e-01,2.283436016224438259e-01,6.370206286753514746e-01,1.110021348505640493e+00
1.372822529523607393e-01,2.304967424789944874e-01,6.673549443265587300e-01,1.120488172625647039e+00
1.435223553592862022e-01,2.326873781590279022e-01,6.976892599777658743e-01,1.131137266159942367e+00
1.497624577662116929e-01,2.349098497860387935e-01,7.280235756289731297e-01,1.141941120241692476e+00
1.560025601731371836e-01,2.371593333034046069e-01,7.583578912801803851e-01,1.152876284221089787e+00
1.622426625800626743e-01,2.394318259370940283e-01,7.886922069313875294e-01,1.163923299858024230e+00
1.684827649869881649e-01,2.417241631315529826e-01,8.190265225825947848e-01,1.175066783650621449e+00
1.747228673939136556e-01,2.440336168055105281e-01,8.493608382338020402e-01,1.186293473880883909e+00
1.809629698008391185e-01,2.463577493317775369e-01,8.796951538850091845e-01,1.197591520782931074e+00
1.872030722077646370e-01,2.486945348064615036e-01,9.100294695362164399e-01,1.208951076055541529e+00
1.934431746146900999e-01,2.510421434113975780e-01,9.403637851874235842e-01,1.220363244607228559e+00
1.996832770216155906e-01,2.533987564706394746e-01,9.706981008386308396e-01,1.231819185510932613e+00
2.059233794285410812e-01,2.557629106683350084e-01,1.001032416489838095e+00,1.243311785312088302e+00
2.121634818354665719e-01,2.581335995710971609e-01,1.031366732141045350e+00,1.254836151548031742e+00
2.184035842423920348e-01,2.605096577953086578e-01,1.061701047792252384e+00,1.266386619069027164e+00
2.246436866493175255e-01,2.628895840105191506e-01,1.092035363443459639e+00,1.277955889624371677e+00
2.308837890562430162e-01,2.652722934334848515e-01,1.122369679094666894e+00,1.289538689877959055e+00
2.371238914631685346e-01,2.676573898088559500e-01,1.152703994745874150e+00,1.301133093557738540e+00
2.433639938700940253e-01,2.700443446090641242e-01,1.183038310397081405e+00,1.312736531391438088e+00
2.496040962770194604e-01,2.724320021522890767e-01,1.213372626048288438e+00,1.324343385391588468e+00
2.558441986839449789e-01,2.748192552971766567e-01,1.243706941699495694e+00,1.335948273535088715e+00
2.620843010908704418e-01,2.772057247424929982e-01,1.274041257350702949e+00,1.347549351967046061e+00
2.683244034977959602e-01,2.795913726986578030e-01,1.304375573001910205e+00,1.359146436985177120e+00
2.745645059047214787e-01,2.819757432746357040e-01,1.334709888653117460e+00,1.370737312417107834e+00
2.808046083116469416e-01,2.843579212335083373e-01,1.365044204304324715e+00,1.382317529123422428e+00
2.870447107185724045e-01,2.867371082542369276e-01,1.395378519955531749e+00,1.393883206314863621e+00
2.932848131254978674e-01,2.891129797538393720e-01,1.425712835606739004e+00,1.405432766132289402e+00
2.995249155324233858e-01,2.914854746467537283e-01,1.456047151257946259e+00,1.416965911627252384e+00
3.057650179393489043e-01,2.938544530058422311e-01,1.486381466909153515e+00,1.428481962587524245e+00
3.120051203462743672e-01,2.962195762521372400e-01,1.516715782560360770e+00,1.439979273116835046e+00
3.182452227531998301e-01,2.985803859670504434e-01,1.547050098211567803e+00,1.451455614755897461e+00
3.244853251601253485e-01,3.009364002785968051e-01,1.577384413862775059e+00,1.462908645034036947e+00
3.307254275670508115e-01,3.032871898343442174e-01,1.607718729513982314e+00,1.474336276788038580e+00
3.369655299739763299e-01,3.056324419224875633e-01,1.638053045165189570e+00,1.485736989866791591e+00
3.432056323809017928e-01,3.079719881577334117e-01,1.668387360816396825e+00,1.497109965717600799e+00
3.494457347878273112e-01,3.103057435773304285e-01,1.698721676467604080e+00,1.508454791320495314e+00
3.556858371947527742e-01,3.126336129876581826e-01,1.729055992118811114e+00,1.519771003921317698e+00
3.619259396016782371e-01,3.149554274733363801e-01,1.759390307770018369e+00,1.531057782390520483e+00
3.681660420086037555e-01,3.172709598338559478e-01,1.789724623421225624e+00,1.542314022263544082e+00
3.744061444155292739e-01,3.195799706364179649e-01,1.820058939072432880e+00,1.553538559612358982e+00
3.806462468224547369e-01,3.218822480845276446e-01,1.850393254723640135e+00,1.564730364854225675e+00
3.868863492293801998e-01,3.241776217310719521e-01,1.880727570374847168e+00,1.575888609413555574e+00
3.931264516363057182e-01,3.264659618909223626e-01,1.911061886026054424e+00,1.587012662866460033e+00
3.993665540432311811e-01,3.287471771723978753e-01,1.941396201677261679e+00,1.598102080940726921e+00
4.056066564501566996e-01,3.310212044996670433e-01,1.971730517328468935e+00,1.609156557012833666e+00
4.118467588570821625e-01,3.332879911362369718e-01,2.002064832979676190e+00,1.620175834720734231e+00
4.180868612640076809e-01,3.355474756444659090e-01,2.032399148630883445e+00,1.631159615404455199e+00
4.243269636709331438e-01,3.377995743287773855e-01,2.062733464282090701e+00,1.642107492204001540e+00
4.305670660778586623e-01,3.400441845677377728e-01,2.093067779933297956e+00,1.653018966257214117e+00
4.368071684847840697e-01,3.422811961811287329e-01,2.123402095584504767e+00,1.663893501957254273e+00
4.430472708917095881e-01,3.445105027668579067e-01,2.153736411235712023e+00,1.674730582063467255e+00
4.492873732986350510e-01,3.467320083757334803e-01,2.184070726886919278e+00,1.685529740148720590e+00
4.555274757055605694e-01,3.489456278513097809e-01,2.214405042538126533e+00,1.696290562251458578e+00
4.617675781124860324e-01,3.511512858870170506e-01,2.244739358189333789e+00,1.707012682292230465e+00
4.680076805194115508e-01,3.533489160692665498e-01,2.275073673840541044e+00,1.717695777422046044e+00
4.742477829263370692e-01,3.555384599205561602e-01,2.305407989491748300e+00,1.728339563370729692e+00
4.804878853332625321e-01,3.577198659425767646e-01,2.335742305142955555e+00,1.738943789795279526e+00
4.867279877401880506e-01,3.598930886593169065e-01,2.366076620794162810e+00,1.749508235628220776e+00
4.929680901471135135e-01,3.620580876601692255e-01,2.396410936445370066e+00,1.760032704425962713e+00
4.992081925540389209e-01,3.642148266437701398e-01,2.426745252096576877e+00,1.770517019720725393e+00
5.054482949609644393e-01,3.663632725510629906e-01,2.457079567747784132e+00,1.780961020806194117e+00
5.116883973678899578e-01,3.685033951947920272e-01,2.487413883398991388e+00,1.791364560936420602e+00
5.179284997748154762e-01,3.706351672941316511e-01,2.517748199050198643e+00,1.801727507494162328e+00
5.241686021817408836e-01,3.727585645534948755e-01,2.548082514701405898e+00,1.812049742373985195e+00
5.304087045886664020e-01,3.748735657414231648e-01,2.578416830352613154e+00,1.822331162365761426e+00
5.366488069955919205e-01,3.769801527694729981e-01,2.608751146003820409e+00,1.832571679538153031e+00
5.428889094025174389e-01,3.790783107711048205e-01,2.639085461655027665e+00,1.842771221622104827e+00
5.491290118094429573e-01,3.811680281805702175e-01,2.669419777306234920e+00,1.852929732394331008e+00
5.553691142163683647e-01,3.832492968117998111e-01,2.699754092957442175e+00,1.863047172060802836e+00
5.616092166232938832e-01,3.853221119364472758e-01,2.730088408608649431e+00,1.873123517636136492e+00
5.678493190302192906e-01,3.873864723070634120e-01,2.760422724259856242e+00,1.883158763056245855e+00
5.740894214371448090e-01,3.894423799488811455e-01,2.790757039911063497e+00,1.893152918166170595e+00
5.803295238440703274e-01,3.914898398036895100e-01,2.821091355562270753e+00,1.903106006988880106e+00
5.865696262509957348e-01,3.935288593620686615e-01,2.851425671213478008e+00,1.913018065937498013e+00
5.928097286579212533e-01,3.955594482956192870e-01,2.881759986864685263e+00,1.922889142027501164e+00
5.990498310648467717e-01,3.975816180891936780e-01,2.912094302515892519e+00,1.932719291088924152e+00
6.052899334717722901e-01,3.995953816731248054e-01,2.942428618167099774e+00,1.942508575978556307e+00
6.115300358786978085e-01,4.016007530554568938e-01,2.972762933818307030e+00,1.952257064792144670e+00
6.177701382856232160e-01,4.035977469541761065e-01,3.003097249469514285e+00,1.961964829076598305e+00
6.240102406925487344e-01,4.055863784300206554e-01,3.033431565120721540e+00,1.971631942045007913e+00
6.302503430994742528e-01,4.075666625683239119e-01,3.063765880771928796e+00,1.981258477030026999e+00
6.364904455063996602e-01,4.095386143945225488e-01,3.094100196423135607e+00,1.990844507073139313e+00
6.427305479133251787e-01,4.115022489563120445e-01,3.124434512074342862e+00,2.000390105324032497e+00
6.489706503202506971e-01,4.134575814210200151e-01,3.154768827725550118e+00,2.009895345513949216e+00
6.552107527271761045e-01,4.154046271729925355e-01,3.185103143376757373e+00,2.019360302429099807e+00
6.614508551341016229e-01,4.173434019109805160e-01,3.215437459027964628e+00,2.028785052384075360e+00
6.676909575410271414e-01,4.192739217455264678e-01,3.245771774679171884e+00,2.038169673695263917e+00
6.739310599479526598e-01,4.211962032963485481e-01,3.276106090330379139e+00,2.047514247154253120e+00
6.801711623548781782e-01,4.231102637897297680e-01,3.306440405981586395e+00,2.056818856501255510e+00
6.864112647618035856e-01,4.250161211558930452e-01,3.336774721632793650e+00,2.066083588898469436e+00
6.926513671687291041e-01,4.269137941220597643e-01,3.367109037284000905e+00,2.075308535382452746e+00
6.988914695756546225e-01,4.288033022673840566e-01,3.397443352935208161e+00,2.084493791131169615e+00
7.051315719825800299e-01,4.306846660325582277e-01,3.427777668586414972e+00,2.093639455510683423e+00
7.113716743895055483e-01,4.325579067215439277e-01,3.458111984237622227e+00,2.102745632083573124e+00
7.176117767964310667e-01,4.344230465032490884e-01,3.488446299888829483e+00,2.111812428617084514e+00
7.238518792033564742e-01,4.362801084132024165e-01,3.518780615540036738e+00,2.120839957091270822e+00
7.300919816102819926e-01,4.381291163552286649e-01,3.549114931191243993e+00,2.129828333707135979e+00
7.363320840172075110e-01,4.399700951031238483e-01,3.579449246842451249e+00,2.138777678894778767e+00
7.425721864241330294e-01,4.418030703023309025e-01,3.609783562493658504e+00,2.147688117321537860e+00
7.488122888310585479e-01,4.436280684716131240e-01,3.640117878144865760e+00,2.156559777900127539e+00
7.550523912379839553e-01,4.454451170041401897e-01,3.670452193796073015e+00,2.165392793793915693e+00
7.612924936449094737e-01,4.472542441466962893e-01,3.700786509447280270e+00,2.174187302315852222e+00
7.675325960518348811e-01,4.490554789103344824e-01,3.731120825098487082e+00,2.182943444494142238e+00
7.737726984587603996e-01,4.508488509478193462e-01,3.761455140749694337e+00,2.191661364476471086e+00
7.800128008656859180e-01,4.526343904293136933e-01,3.791789456400901592e+00,2.200341208925695291e+00
7.862529032726114364e-01,4.544121279180646233e-01,3.822123772052108848e+00,2.208983126415527742e+00
7.924930056795368438e-01,4.561820942460910744e-01,3.852458087703316103e+00,2.217587266826232195e+00
7.987331080864623623e-01,4.579443203898684867e-01,3.882792403354523358e+00,2.226153780740303123e+00
8.049732104933878807e-01,4.596988373460166311e-01,3.913126719005730614e+00,2.234682818838159335e+00
8.112133129003133991e-01,4.614456760069856056e-01,3.943461034656937869e+00,2.243174531293832707e+00
8.174534153072388065e-01,4.631848670367422760e-01,3.973795350308145125e+00,2.251629067170653364e+00
8.236935177141643249e-01,4.649164407496265694e-01,4.004129665959352380e+00,2.260046573832350081e+00
8.299336201210898434e-01,4.666404270448707980e-01,4.034463981610559635e+00,2.268427196624734687e+00
8.361737225280153618e-01,4.683568554504478620e-01,4.064798297261766891e+00,2.276771079088856897e+00
8.424138249349408802e-01,4.700657552000320205e-01,4.095132612912974146e+00,2.285078363335125484e+00
8.486539273418662876e-01,4.717671553107763427e-01,4.125466928564181401e+00,2.293349190421398731e+00
8.548940297487918061e-01,4.734610846610909918e-01,4.155801244215388657e+00,2.301583700731078874e+00
8.611341321557173245e-01,4.751475720684193438e-01,4.186135559866595912e+00,2.309782034351198110e+00
8.673742345626426209e-01,4.768266463670162159e-01,4.216469875517802279e+00,2.317944331450511708e+00
8.736143369695681393e-01,4.784983364857257615e-01,4.246804191169009535e+00,2.326070732657591122e+00
8.798544393764936578e-01,4.801626715257582556e-01,4.277138506820216790e+00,2.334161379438913109e+00
8.860945417834191762e-01,4.818196808384678231e-01,4.307472822471424045e+00,2.342216414476949726e+00
8.923346441903445836e-01,4.834693941006564244e-01,4.337807138122631301e+00,2.350235982036237292e+00
8.985747465972701020e-01,4.851118413462180978e-01,4.368141453773838556e+00,2.358220228117203554e+00
9.048148490041956205e-01,4.867470529117252642e-01,4.398475769425045812e+00,2.366169300191653502e+00
9.110549514111211389e-01,4.883750593558500719e-01,4.428810085076253067e+00,2.374083346811060480e+00
9.172950538180466573e-01,4.899958913781414793e-01,4.459144400727460322e+00,2.381962517211726471e+00
9.235351562249720647e-01,4.916095797377942334e-01,4.489478716378667578e+00,2.389806960919903300e+00
9.297752586318975832e-01,4.932161551724263404e-01,4.519813032029874833e+00,2.397616827356953806e+00
9.360153610388231016e-01,4.948156483168502096e-01,4.550147347681082088e+00,2.405392265444483701e+00
9.422554634457486200e-01,4.964080896218472927e-01,4.580481663332289344e+00,2.413133423209489425e+00
9.484955658526741384e-01,4.979935092729420587e-01,4.610815978983496599e+00,2.420840447389502881e+00
9.547356682595995458e-01,4.995719371091741356e-01,4.641150294634703855e+00,2.428513483037728182e+00
9.609757706665250643e-01,5.011434025426435568e-01,4.671484610285911110e+00,2.436152673131935398e+00
9.672158730734505827e-01,5.027079345068766747e-01,4.701818925937118365e+00,2.443758158323456886e+00
9.734559754803761011e-01,5.042655614961267796e-01,4.732153241588325621e+00,2.451330077128237139e+00
9.796960778873016196e-01,5.058163116490032030e-01,4.762487557239532876e+00,2.458868566333366701e+00
9.859361802942270270e-01,5.073602128344691931e-01,4.792821872890740131e+00,2.466373761415136645e+00
9.921762827011525454e-01,5.088972927378377920e-01,4.823156188541947387e+00,2.473845796957079735e+00
9.984163851080778418e-01,5.104275789467699331e-01,4.853490504193153754e+00,2.481284807068022236e+00
1.004656487515003471e+00,5.119510990372710957e-01,4.883824819844361009e+00,2.488690925800132625e+00
1.010896589921928879e+00,5.134678806596881806e-01,4.914159135495568265e+00,2.496064287566966300e+00
1.017136692328854286e+00,5.149779516247070532e-01,4.944493451146775520e+00,2.503405027561516061e+00
1.023376794735779916e+00,5.164813399893493084e-01,4.974827766797982775e+00,2.510713282174260375e+00
1.029616897142705323e+00,5.179780741429526048e-01,5.005162082449190031e+00,2.517989189411128148e+00
1.035856999549630952e+00,5.194681828849988525e-01,5.035496398100397286e+00,2.525232889271836978e+00
1.042097101956556360e+00,5.209516954311828041e-01,5.065830713751604542e+00,2.532444523779393553e+00
1.048337204363481767e+00,5.224286413342956736e-01,5.096165029402811797e+00,2.539624236595493745e+00
1.054577306770407397e+00,5.238990503903564466e-01,5.126499345054019052e+00,2.546772172564211179e+00
1.060817409177332804e+00,5.253629525446330550e-01,5.156833660705226308e+00,2.553888477255144451e+00
1.067057511584258434e+00,5.268203777976636637e-01,5.187167976356433563e+00,2.560973296506573238e+00
1.073297613991183841e+00,5.282713561112776235e-01,5.217502292007640818e+00,2.568026775968604625e+00
1.079537716398109248e+00,5.297159173146170907e-01,5.247836607658848074e+00,2.575049060646329657e+00
1.085777818805034878e+00,5.311540910101572033e-01,5.278170923310055329e+00,2.582040294442967010e+00
1.092017921211960285e+00,5.325859064797281439e-01,5.308505238961262584e+00,2.589000619703020867e+00
1.098258023618885915e+00,5.340113925905357606e-01,5.338839554612469840e+00,2.595930176755427699e+00
1.104498126025811322e+00,5.354305777014385370e-01,5.369173870263677095e+00,2.602829103457950932e+00
1.110738228432736729e+00,5.368434895895420889e-01,5.399508185914884351e+00,2.609697534840344613e+00
1.116978330839662359e+00,5.382501554710709124e-01,5.429842501566091606e+00,2.616535603205812688e+00
1.123218433246587766e+00,5.396506020879016097e-01,5.460176817217298861e+00,2.623343438551665407e+00
1.129458535653513396e+00,5.410448557999026908e-01,5.490511132868506117e+00,2.630121169018198923e+00
1.135698638060438581e+00,5.424329426772811491e-01,5.520845448519712484e+00,2.636868921337610416e+00
1.141938740467363989e+00,5.438148885929263709e-01,5.551179764170919739e+00,2.643586821282898569e+00
1.148178842874289618e+00,5.451907193147558228e-01,5.581514079822126995e+00,2.650274994116774696e+00
1.154418945281215025e+00,5.465604605980599606e-01,5.611848395473334250e+00,2.656933565040566325e+00
1.160659047688140655e+00,5.479241382778478053e-01,5.642182711124541505e+00,2.663562659643129660e+00
1.166899150095066062e+00,5.492817783611911864e-01,5.672517026775748761e+00,2.670162404349748719e+00
1.173139252501991470e+00,5.506334071195706503e-01,5.702851342426956016e+00,2.676732926871050466e+00
1.179379354908917099e+00,5.519790511806966782e-01,5.733185658078163272e+00,2.683274356649361092e+00
1.185619457315842507e+00,5.533187375900511240e-01,5.763519973729370527e+00,2.689786825157872485e+00
1.191859559722768136e+00,5.546524937517933740e-01,5.793854289380577782e+00,2.696270465613376910e+00
1.198099662129693543e+00,5.559803472964588433e-01,5.824188605031785038e+00,2.702725412333121913e+00
1.204339764536618951e+00,5.573023259432959842e-01,5.854522920682992293e+00,2.709151800065606519e+00
1.210579866943544580e+00,5.586184573626028493e-01,5.884857236334199548e+00,2.715549763321372545e+00
1.216819969350469988e+00,5.599287690380634341e-01,5.915191551985406804e+00,2.721919435703795465e+00
1.223060071757395617e+00,5.612332881290839071e-01,5.945525867636614059e+00,2.728260949239874833e+00
1.229300174164321025e+00,5.625320413331277303e-01,5.975860183287821314e+00,2.734574433711020269e+00
1.235540276571246432e+00,5.638250547480541108e-01,6.006194498939028570e+00,2.740860015983851650e+00
1.241780378978172061e+00,5.651123537344523440e-01,6.036528814590235825e+00,2.747117819340979761e+00
1.248020481385097469e+00,5.663939627779781549e-01,6.066863130241443081e+00,2.753347962811799832e+00
1.254260583792023098e+00,5.676699053520121163e-01,6.097197445892650336e+00,2.759550560504844707e+00
1.260500686198948506e+00,5.689402038132875816e-01,6.127531761543857591e+00,2.765725721100415591e+00
1.266740788605873913e+00,5.702048794687861744e-01,6.157866077195063959e+00,2.771873548175771695e+00
1.272980891012799320e+00,5.714639527743482494e-01,6.188200392846271214e+00,2.777994141170614384e+00
1.279220993419724728e+00,5.727174435465770541e-01,6.218534708497478469e+00,2.784087596417192501e+00
1.285461095826650357e+00,5.739653711747623177e-01,6.248869024148685725e+00,2.790154008170502742e+00
1.291701198233575765e+00,5.752077548328026202e-01,6.279203339799892980e+00,2.796193469638486029e+00
1.297941300640501394e+00,5.764446136911276497e-01,6.309537655451100235e+00,2.802206074012218995e+00
1.304181403047426802e+00,5.776759671286206821e-01,6.339871971102307491e+00,2.808191915496112134e+00
1.310421505454352209e+00,5.789018349445418377e-01,6.370206286753514746e+00,2.814151090338104400e+00
1.316661607861277838e+00,5.801222375704491174e-01,6.400540602404722001e+00,2.820083697859857352e+00
1.322901710268203246e+00,5.813371962821216599e-01,6.430874918055929257e+00,2.825989841486948428e+00
1.329141812675128875e+00,5.825467334114686757e-01,6.461209233707136512e+00,2.831869629779003805e+00
1.335381915082054283e+00,5.837508725425056832e-01,6.491543549358343768e+00,2.837723177382374562e+00
1.341622017488979690e+00,5.849496385382226826e-01,6.521877865009551023e+00,2.843550605160748201e+00
1.347862119895905320e+00,5.861430573357478968e-01,6.552212180660758278e+00,2.849352039199400721e+00
1.354102222302830727e+00,5.873311556941506195e-01,6.582546496311965534e+00,2.855127609579218628e+00
1.360342324709756356e+00,5.885139609417153750e-01,6.612880811963172789e+00,2.860877449148151452e+00
1.366582427116681764e+00,5.896915007232164108e-01,6.643215127614380044e+00,2.866601692292665149e+00
1.372822529523607171e+00,5.908638027471921905e-01,6.673549443265587300e+00,2.872300473709194613e+00
1.379062631930532801e+00,5.920308945332182216e-01,6.703883758916794555e+00,2.877973927175591751e+00
1.385302734337458208e+00,5.931928031591831019e-01,6.734218074568001811e+00,2.883622184322584214e+00
1.391542836744383838e+00,5.943495550085611256e-01,6.764552390219209066e+00,2.889245373405219475e+00
1.397782939151309245e+00,5.955011755176877752e-01,6.794886705870416321e+00,2.894843618074326219e+00
1.404023041558234652e+00,5.966476889230327707e-01,6.825221021521622689e+00,2.900417036147958871e+00
1.410263143965160060e+00,5.977891180102679058e-01,6.855555337172829944e+00,2.905965738391568021e+00
1.416503246372085467e+00,5.989254839413721276e-01,6.885889652824037199e+00,2.911489827677528730e+00
1.422743348779011097e+00,6.000568063495516080e-01,6.916223968475244455e+00,2.916989399446561215e+00
1.428983451185936504e+00,6.011831035756072250e-01,6.946558284126451710e+00,2.922464542856761049e+00
1.435223553592862133e+00,6.023043929128047980e-01,6.976892599777658965e+00,2.927915341973957641e+00
1.441463655999787541e+00,6.034206908517417700e-01,7.007226915428866221e+00,2.933341876962057171e+00
1.447703758406712948e+00,6.045320133252163330e-01,7.037561231080073476e+00,2.938744225273399735e+00
1.453943860813638578e+00,6.056383759530955535e-01,7.067895546731280731e+00,2.944122462839107168e+00
1.460183963220563985e+00,6.067397942871840533e-01,7.098229862382487987e+00,2.949476665259437080e+00
1.466424065627489615e+00,6.078362840560914693e-01,7.128564178033695242e+00,2.954806908994129788e+00
1.472664168034415022e+00,6.089278614101016895e-01,7.158898493684902498e+00,2.960113272552764130e+00
1.478904270441340429e+00,6.100145431660415341e-01,7.189232809336109753e+00,2.965395837685109282e+00
1.485144372848266059e+00,6.110963470521458829e-01,7.219567124987317008e+00,2.970654690571461032e+00
1.491384475255191466e+00,6.121732919430725728e-01,7.249901440638524264e+00,2.975889922965094581e+00
1.497624577662117096e+00,6.132453979545881007e-01,7.280235756289731519e+00,2.981101632652547018e+00
1.503864680069042503e+00,6.143126862999951365e-01,7.310570071940938774e+00,2.986289922755686721e+00
1.510104782475967911e+00,6.153751790847784564e-01,7.340904387592146030e+00,2.991454900733448774e+00
1.516344884882893540e+00,6.164328991001127855e-01,7.371238703243353285e+00,2.996596677378033924e+00
1.522584987289818947e+00,6.174858696163697536e-01,7.401573018894560541e+00,3.001715365811112424e+00
1.528825089696744577e+00,6.185341141766262929e-01,7.431907334545767796e+00,3.006811080480024323e+00
1.535065192103669762e+00,6.195776563901718159e-01,7.462241650196974163e+00,3.011883936153981978e+00
1.541305294510595392e+00,6.206165197260153921e-01,7.492575965848181418e+00,3.016934046920268564e+00
1.547545396917520799e+00,6.216507273063935912e-01,7.522910281499388674e+00,3.021961525180440589e+00
1.553785499324446207e+00,6.226803017002784379e-01,7.553244597150595929e+00,3.026966480646530400e+00
1.560025601731371836e+00,6.237052647168844777e-01,7.583578912801803185e+00,3.031949019337247364e+00
1.566265704138297243e+00,6.247256371992325752e-01,7.613913228453010440e+00,3.036909242574449497e+00
1.572505806545222873e+00,6.257414388367307234e-01,7.644247544104217695e+00,3.041847246072065580e+00
1.578745908952148280e+00,6.267526881286937801e-01,7.674581859755424951e+00,3.046763119758757465e+00
1.584986011359073688e+00,6.277594025130219801e-01,7.704916175406632206e+00,3.051656948403449476e+00
1.591226113765999317e+00,6.287615985208419023e-01,7.735250491057839461e+00,3.056528812367067971e+00
1.597466216172924725e+00,6.297592919312972048e-01,7.765584806709046717e+00,3.061378788355008762e+00
1.603706318579850354e+00,6.307524979263364751e-01,7.795919122360253972e+00,3.066206950169589440e+00
1.609946420986775761e+00,6.317412312455060741e-01,7.826253438011461228e+00,3.071013369462527898e+00
1.616186523393701169e+00,6.327255063407390967e-01,7.856587753662668483e+00,3.075798116487397760e+00
1.622426625800626798e+00,6.337053375311451076e-01,7.886922069313875738e+00,3.080561260852094030e+00
1.628666728207552206e+00,6.346807391578019875e-01,7.917256384965082994e+00,3.085302872271302732e+00
1.634906830614477613e+00,6.356517257385444486e-01,7.947590700616290249e+00,3.090023021318959451e+00
1.641146933021403242e+00,6.366183121227556585e-01,7.977925016267497504e+00,3.094721780180718085e+00
1.647387035428328650e+00,6.375805136460219735e-01,8.008259331918704760e+00,3.099399223405758352e+00
1.653627137835254057e+00,6.385383462654299347e-01,8.038593647569911127e+00,3.104055428564490349e+00
1.659867240242179687e+00,6.394918265798528179e-01,8.068927963221119271e+00,3.108690476347170772e+00
1.666107342649105094e+00,6.404409717510000100e-01,8.099262278872325638e+00,3.113304450180107263e+00
1.672347445056030724e+00,6.413857994128376872e-01,8.129596594523533781e+00,3.117897435785338178e+00
1.678587547462955909e+00,6.423263275809830697e-01,8.159930910174740148e+00,3.122469520740179583e+00
1.684827649869881760e+00,6.432625745620998980e-01,8.190265225825948292e+00,3.127020794036779350e+00
1.691067752276806946e+00,6.441945588632930209e-01,8.220599541477154659e+00,3.131551345641667261e+00
1.697307854683732575e+00,6.451222991015028718e-01,8.250933857128362803e+00,3.136061266055305108e+00
1.703547957090657983e+00,6.460458139129005017e-01,8.281268172779569170e+00,3.140550645871637681e+00
1.709788059497583612e+00,6.469651218622822775e-01,8.311602488430777314e+00,3.145019575337644646e+00
1.716028161904509020e+00,6.478802413524645809e-01,8.341936804081983681e+00,3.149468143912890206e+00
1.722268264311434649e+00,6.487911905336781748e-01,8.372271119733191824e+00,3.153896439829071863e+00
1.728508366718360056e+00,6.496979872130670408e-01,8.402605435384398191e+00,3.158304549650077231e+00
1.734748469125285242e+00,6.506006487758988488e-01,8.432939751035604559e+00,3.162692557888974410e+00
1.740988571532210871e+00,6.514991921700769018e-01,8.463274066686812702e+00,3.167060546932720655e+00
1.747228673939136279e+00,6.523936339410467689e-01,8.493608382338019069e+00,3.171408597211849312e+00
1.753468776346061908e+00,6.532839902720231073e-01,8.523942697989227213e+00,3.175736787396021832e+00
1.759708878752987316e+00,6.541702770242235898e-01,8.554277013640433580e+00,3.180045194589611324e+00
1.765948981159912945e+00,6.550525097771046079e-01,8.584611329291641724e+00,3.184333894527295872e+00
1.772189083566838352e+00,6.559307038685958657e-01,8.614945644942848091e+00,3.188602961769646971e+00
1.778429185973763982e+00,6.568048744353346402e-01,8.645279960594056234e+00,3.192852469898715295e+00
1.784669288380689167e+00,6.576750364529013737e-01,8.675614276245262602e+00,3.197082491713624464e+00
1.790909390787615019e+00,6.585412047760548226e-01,8.705948591896470745e+00,3.201293099426159916e+00
1.797149493194540204e+00,6.594033941789644304e-01,8.736282907547677112e+00,3.205484364856348911e+00
1.803389595601465833e+00,6.602616193954490287e-01,8.766617223198885256e+00,3.209656359628065392e+00
1.809629698008391241e+00,6.611158951591706856e-01,8.796951538850091623e+00,3.213809155364422132e+00
1.815869800415316870e+00,6.619662362390804633e-01,8.827285854501299767e+00,3.217942823860077795e+00
1.822109902822242278e+00,6.628126574480727173e-01,8.857620170152506134e+00,3.222057437123307277e+00
1.828350005229167907e+00,6.636551736295241977e-01,8.887954485803714277e+00,3.226153067310567391e+00
1.834590107636093315e+00,6.644937996413894377e-01,8.918288801454920645e+00,3.230229786649180035e+00
1.840830210043018944e+00,6.653285503402912582e-01,8.948623117106128788e+00,3.234287667359991403e+00
1.847070312449944129e+00,6.661594405656083850e-01,8.978957432757335155e+00,3.238326781580024072e+00
1.853310414856869981e+00,6.669864851235670633e-01,9.009291748408543299e+00,3.242347201285137981e+00
1.859550517263795166e+00,6.678096987713298960e-01,9.039626064059749666e+00,3.246348998212686077e+00
1.865790619670720574e+00,6.686290962010853489e-01,9.069960379710956033e+00,3.250332243784169961e+00
1.872030722077646203e+00,6.694446920241384769e-01,9.100294695362164177e+00,3.254297009027900867e+00
1.878270824484571611e+00,6.702565007549996512e-01,9.130629011013370544e+00,3.258243364501653527e+00
1.884510926891497240e+00,6.710645367954743978e-01,9.160963326664578688e+00,3.262171380215323158e+00
1.890751029298422425e+00,6.718688144187666689e-01,9.191297642315785055e+00,3.266081125553648601e+00
1.896991131705348277e+00,6.726693477559060330e-01,9.221631957966993198e+00,3.269972669210231775e+00
1.903231234112273462e+00,6.734661507971339001e-01,9.251966273618199565e+00,3.273846079194276726e+00
1.909471336519199092e+00,6.742592374070902617e-01,9.282300589269407709e+00,3.277701422904415907e+00
1.915711438926124499e+00,6.750486213417594694e-01,9.312634904920614076e+00,3.281538767211084728e+00
1.921951541333050129e+00,6.758343162654205649e-01,9.342969220571822220e+00,3.285358178538923646e+00
1.928191643739975536e+00,6.766163357675997192e-01,9.373303536223028587e+00,3.289159722949184683e+00
1.934431746146901165e+00,6.773946933800210068e-01,9.403637851874236731e+00,3.292943466222132187e+00
1.940671848553826573e+00,6.781694025935565140e-01,9.433972167525443098e+00,3.296709473939441803e+00
1.946911950960752202e+00,6.789404768751792218e-01,9.464306483176651241e+00,3.300457811566611444e+00
1.953152053367677388e+00,6.797079296849130037e-01,9.494640798827857608e+00,3.304188544535358041e+00
1.959392155774603239e+00,6.804717744927843981e-01,9.524975114479065752e+00,3.307901738326022301e+00
1.965632258181528425e+00,6.812320247957733832e-01,9.555309430130272119e+00,3.311597458549972561e+00
1.971872360588454054e+00,6.819886941347564902e-01,9.585643745781480263e+00,3.315275771031964691e+00
1.978112462995379461e+00,6.827417961089701226e-01,9.615978061432686630e+00,3.318936741880454289e+00
1.984352565402305091e+00,6.834913443714208947e-01,9.646312377083894773e+00,3.322580437465283421e+00
1.990592667809230498e+00,6.842373526039856602e-01,9.676646692735101141e+00,3.326206924296637890e+00
1.996832770216155684e+00,6.849798344894175717e-01,9.706981008386307508e+00,3.329816268888963648e+00
2.003072872623081313e+00,6.857188036833362643e-01,9.737315324037515651e+00,3.333408537624805046e+00
2.009312975030006942e+00,6.864542737862165955e-01,9.767649639688722019e+00,3.336983796618637754e+00
2.015553077436932572e+00,6.871862583153781623e-01,9.797983955339930162e+00,3.340542111580703910e+00
2.021793179843857757e+00,6.879147706769764836e-01,9.828318270991136529e+00,3.344083547680855251e+00
2.028033282250783387e+00,6.886398241379910745e-01,9.858652586642344673e+00,3.347608169412384704e+00
2.034273384657708572e+00,6.893614317982160733e-01,9.888986902293551040e+00,3.351116040455862866e+00
2.040513487064634202e+00,6.900796065622488706e-01,9.919321217944759184e+00,3.354607223542974470e+00
2.046753589471559831e+00,6.907943611114808480e-01,9.949655533595965551e+00,3.358081780320356202e+00
2.052993691878485460e+00,6.915057078760914466e-01,9.979989849247173694e+00,3.361539771213457151e+00
2.059233794285410646e+00,6.922136590099091658e-01,1.001032416489838006e+01,3.364981255304330343e+00
2.065473896692336275e+00,6.929182263914600570e-01,1.004065848054958821e+01,3.368406290336734887e+00
2.071713999099261905e+00,6.936194216570364945e-01,1.007099279620079457e+01,3.371814932876882942e+00
2.077954101506187534e+00,6.943172562394973601e-01,1.010132711185200272e+01,3.375207238502060392e+00
2.084194203913112720e+00,6.950117414071186328e-01,1.013166142750320908e+01,3.378583261989483333e+00
2.090434306320038349e+00,6.957028883024442001e-01,1.016199574315441723e+01,3.381943057505160777e+00
2.096674408726963534e+00,6.963907079811323397e-01,1.019233005880562359e+01,3.385286678792735149e+00
2.102914511133889164e+00,6.970752114508094177e-01,1.022266437445683174e+01,3.388614179362355205e+00
2.109154613540814793e+00,6.977564097099165918e-01,1.025299869010803810e+01,3.391925612679519197e+00
2.115394715947740423e+00,6.984343137865616225e-01,1.028333300575924625e+01,3.395221032353941126e+00
2.121634818354665608e+00,6.991089347773661311e-01,1.031366732141045262e+01,3.398500492328393463e+00
2.127874920761591238e+00,6.997802838863177444e-01,1.034400163706166076e+01,3.401764047067573848e+00
2.134115023168516867e+00,7.004483724636157982e-01,1.037433595271286713e+01,3.405011751746945148e+00
2.140355125575442052e+00,7.011132120419895086e-01,1.040467026836407349e+01,3.408243662429279563e+00
2.146595227982367682e+00,7.017748143470663447e-01,1.043500458401528164e+01,3.411459836115065869e+00
2.152835330389292867e+00,7.024331912730809035e-01,1.046533889966648800e+01,3.414660330624423867e+00
2.159075432796218497e+00,7.030883548517055104e-01,1.049567321531769615e+01,3.417845204445583818e+00
2.165315535203144126e+00,7.037403172208066549e-01,1.052600753096890251e+01,3.421014516583005260e+00
2.171555637610069756e+00,7.043890905932017610e-01,1.055634184662011066e+01,3.424168326405499840e+00
2.177795740016994941e+00,7.050346872254179553e-01,1.058667616227131703e+01,3.427306693494358125e+00
2.184035842423920570e+00,7.056771193864477265e-01,1.061701047792252517e+01,3.430429677491469764e+00
2.190275944830845756e+00,7.063163993265071383e-01,1.064734479357373154e+01,3.433537337947446311e+00
2.196516047237771829e+00,7.069525392457934876e-01,1.067767910922493968e+01,3.436629734169750261e+00
2.202756149644697015e+00,7.075855512632415190e-01,1.070801342487614605e+01,3.439706925070810328e+00
2.208996252051622644e+00,7.082154473852818599e-01,1.073834774052735419e+01,3.442768969016152703e+00
2.215236354458547829e+00,7.088422394745985677e-01,1.076868205617856056e+01,3.445815923672523873e+00
2.221476456865473459e+00,7.094659392206188464e-01,1.079901637182976870e+01,3.448847845864435158e+00
2.227716559272399088e+00,7.100865581277029381e-01,1.082935068748097507e+01,3.451864791516753517e+00
2.233956661679324718e+00,7.107041075269693309e-01,1.085968500313218321e+01,3.454866815712185346e+00
2.240196764086249903e+00,7.113185985928015542e-01,1.089001931878338958e+01,3.457853972771517181e+00
2.246436866493175533e+00,7.119300423594053795e-01,1.092035363443459772e+01,3.460826316334106423e+00
2.252676968900100718e+00,7.125384497373646875e-01,1.095068795008580409e+01,3.463783899438360958e+00
2.258917071307026792e+00,7.131438315302001119e-01,1.098102226573701223e+01,3.466726774602233885e+00
2.265157173713951977e+00,7.137461984509246848e-01,1.101135658138821860e+01,3.469654993903703133e+00
2.271397276120877162e+00,7.143455611386008153e-01,1.104169089703942497e+01,3.472568609061259526e+00
2.277637378527802792e+00,7.149419301748973776e-01,1.107202521269063311e+01,3.475467671514393508e+00
2.283877480934727977e+00,7.155353161006464680e-01,1.110235952834183948e+01,3.478352232504078323e+00
2.290117583341654051e+00,7.161257294324014921e-01,1.113269384399304762e+01,3.481222343153266063e+00
2.296357685748579236e+00,7.167131806789882598e-01,1.116302815964425399e+01,3.484078054547341985e+00
2.302597788155504865e+00,7.172976803565160875e-01,1.119336247529546213e+01,3.486919417807098576e+00
2.308837890562430051e+00,7.178792389899917303e-01,1.122369679094666850e+01,3.489746484096580836e+00
2.315077992969355680e+00,7.184578670992123328e-01,1.125403110659787664e+01,3.492559304554507804e+00
2.321318095376281310e+00,7.190335751819726395e-01,1.128436542224908301e+01,3.495357930212641406e+00
2.327558197783206939e+00,7.196063736972524438e-01,1.131469973790029115e+01,3.498142411914056282e+00
2.333798300190132124e+00,7.201762730484054797e-01,1.134503405355149752e+01,3.500912800231418931e+00
2.340038402597057754e+00,7.207432835663459825e-01,1.137536836920270567e+01,3.503669145385253980e+00
2.346278505003982939e+00,7.213074154927375803e-01,1.140570268485391203e+01,3.506411497162220670e+00
2.352518607410909013e+00,7.218686789631804102e-01,1.143603700050512018e+01,3.509139904833384449e+00
2.358758709817834198e+00,7.224270839903990105e-01,1.146637131615632654e+01,3.511854417072489909e+00
2.364998812224759828e+00,7.229826404474305468e-01,1.149670563180753469e+01,3.514555081874233711e+00
2.371238914631685013e+00,7.235353580508124827e-01,1.152703994745874105e+01,3.517241946472538849e+00
2.377479017038610642e+00,7.240852463437960074e-01,1.155737426310994920e+01,3.519915057258950597e+00
2.383719119445536272e+00,7.246323146835101925e-01,1.158770857876115556e+01,3.522574459720239304e+00
2.389959221852461901e+00,7.251765722520311375e-01,1.161804289441236371e+01,3.525220198492210688e+00
2.396199324259387087e+00,7.257180280884054646e-01,1.164837721006357008e+01,3.527852317515375535e+00
2.402439426666312272e+00,7.262566911231781441e-01,1.167871152571477644e+01,3.530470860202799877e+00
2.408679529073237902e+00,7.267925702129279797e-01,1.170904584136598459e+01,3.533075869607983588e+00
2.414919631480163531e+00,7.273256741748005405e-01,1.173938015701719095e+01,3.535667388592737215e+00
2.421159733887089160e+00,7.278560118210444241e-01,1.176971447266839910e+01,3.538245459995062792e+00
2.427399836294014346e+00,7.283835919935440772e-01,1.180004878831960546e+01,3.540810126797031110e+00
2.433639938700939975e+00,7.289084235983556148e-01,1.183038310397081361e+01,3.543361432292661206e+00
2.439880041107865605e+00,7.294305156402395296e-01,1.186071741962201997e+01,3.545899420255793189e+00
2.446120143514791234e+00,7.299498772571973992e-01,1.189105173527322812e+01,3.548424135107978383e+00
2.452360245921716420e+00,7.304665177550038191e-01,1.192138605092443449e+01,3.550935622086343724e+00
2.458600348328642049e+00,7.309804466414802082e-01,1.195172036657564263e+01,3.553433927410202475e+00
2.464840450735567234e+00,7.314916736490962856e-01,1.198205468222684900e+01,3.555919098390928124e+00
2.471080553142492864e+00,7.320002087170923710e-01,1.201238899787805714e+01,3.558391183345043896e+00
2.477320655549418493e+00,7.325060619519999650e-01,1.204272331352926351e+01,3.560850231402306942e+00
2.483560757956344123e+00,7.330092435868454936e-01,1.207305762918047165e+01,3.563296292307389646e+00
2.489800860363269308e+00,7.335097639403539427e-01,1.210339194483167802e+01,3.565729416221563142e+00
2.496040962770194938e+00,7.340076333761532679e-01,1.213372626048288616e+01,3.568149653524377740e+00
2.502281065177120567e+00,7.345028622619759195e-01,1.216406057613409253e+01,3.570557054615338455e+00
2.508521167584046196e+00,7.349954609288643637e-01,1.219439489178530067e+01,3.572951669715592971e+00
2.514761269990971382e+00,7.354854396303749375e-01,1.222472920743650704e+01,3.575333548669613837e+00
2.521001372397897011e+00,7.359728085017790411e-01,1.225506352308771518e+01,3.577702740746868226e+00
2.527241474804822197e+00,7.364575775192696572e-01,1.228539783873892155e+01,3.580059294443513895e+00
2.533481577211747826e+00,7.369397564591635419e-01,1.231573215439012792e+01,3.582403257284071163e+00
2.539721679618673456e+00,7.374193548587345548e-01,1.234606647004133606e+01,3.584734675631028544e+00
2.545961782025598641e+00,7.378963819988670902e-01,1.237640078569254243e+01,3.587053594600517759e+00
2.552201884432524270e+00,7.383708469221843540e-01,1.240673510134375057e+01,3.589360058150436128e+00
2.558441986839449456e+00,7.388427584599477349e-01,1.243706941699495694e+01,3.591654109211212198e+00
2.564682089246375529e+00,7.393121252591065007e-01,1.246740373264616508e+01,3.593935789817299220e+00
2.570922191653300715e+00,7.397789558093429418e-01,1.249773804829737145e+01,3.596205141238645098e+00
2.577162294060226344e+00,7.402432584701233997e-01,1.252807236394857959e+01,3.598462204112192975e+00
2.583402396467151529e+00,7.407050414977425223e-01,1.255840667959978596e+01,3.600707018573350737e+00
2.589642498874077159e+00,7.411643130723745143e-01,1.258874099525099410e+01,3.602939624387487605e+00
2.595882601281002788e+00,7.416210813251186140e-01,1.261907531090220047e+01,3.605160061081413403e+00
2.602122703687928418e+00,7.420753543650480122e-01,1.264940962655340861e+01,3.607368368074862275e+00
2.608362806094853603e+00,7.425271403062569942e-01,1.267974394220461498e+01,3.609564584811979060e+00
2.614602908501779233e+00,7.429764472948404697e-01,1.271007825785582313e+01,3.611748750892467719e+00
2.620843010908704418e+00,7.434232835319694033e-01,1.274041257350702949e+01,3.613920906183769599e+00
2.627083113315630492e+00,7.438676572815695609e-01,1.277074688915823764e+01,3.616081090858386471e+00
2.633323215722555677e+00,7.443095768687435498e-01,1.280108120480944400e+01,3.618229345386214213e+00
2.639563318129481306e+00,7.447490506775206187e-01,1.283141552046065215e+01,3.620365710523601344e+00
2.645803420536406492e+00,7.451860871486084559e-01,1.286174983611185851e+01,3.622490227302421761e+00
2.652043522943332121e+00,7.456206947771463200e-01,1.289208415176306666e+01,3.624602937019149707e+00
2.658283625350257751e+00,7.460528821104532859e-01,1.292241846741427302e+01,3.626703881223917403e+00
2.664523727757182936e+00,7.464826577457824852e-01,1.295275278306547939e+01,3.628793101709594904e+00
2.670763830164108565e+00,7.469100303280699071e-01,1.298308709871668754e+01,3.630870640500847735e+00
2.677003932571033751e+00,7.473350085476877513e-01,1.301342141436789390e+01,3.632936539843215851e+00
2.683244034977959380e+00,7.477576011381950050e-01,1.304375573001910205e+01,3.634990842192177052e+00
2.689484137384885010e+00,7.481778168740811363e-01,1.307409004567030841e+01,3.637033590202182420e+00
2.695724239791810639e+00,7.485956645665436948e-01,1.310442436132151656e+01,3.639064826706125189e+00
2.701964342198735824e+00,7.490111530445507926e-01,1.313475867697272292e+01,3.641084594623285930e+00
2.708204444605661454e+00,7.494242911205546420e-01,1.316509299262393107e+01,3.643092936792658776e+00
2.714444547012587083e+00,7.498350875539274707e-01,1.319542730827513743e+01,3.645089895795205148e+00
2.720684649419512713e+00,7.502435510143870001e-01,1.322576162392634558e+01,3.647075513776059541e+00
2.726924751826437898e+00,7.506496900454192600e-01,1.325609593957755195e+01,3.649049832266719751e+00
2.733164854233363528e+00,7.510535130277058435e-01,1.328643025522876009e+01,3.651012892007261978e+00
2.739404956640288713e+00,7.514550281425457223e-01,1.331676457087996646e+01,3.652964732768523071e+00
2.745645059047214342e+00,7.518542433352826126e-01,1.334709888653117460e+01,3.654905393174320505e+00
2.751885161454139972e+00,7.522511662787282338e-01,1.337743320218238097e+01,3.656834910523638627e+00
2.758125263861065601e+00,7.526458043365871209e-01,1.340776751783358911e+01,3.658753320612835758e+00
2.764365366267990787e+00,7.530381645268873214e-01,1.343810183348479548e+01,3.660660657557871733e+00
2.770605468674916416e+00,7.534282534906961981e-01,1.346843614913600362e+01,3.662556953642226887e+00
2.776845571081841602e+00,7.538160775136689695e-01,1.349877046478720999e+01,3.664442239421659142e+00
2.783085673488767675e+00,7.542016426168137722e-01,1.352910478043841813e+01,3.666316544165425295e+00
2.789325775895692860e+00,7.545849546606879787e-01,1.355943909608962450e+01,3.668179896362800285e+00
2.795565878302618490e+00,7.549660194497306298e-01,1.358977341174083264e+01,3.670032324230258158e+00
2.801805980709543675e+00,7.553448428365947542e-01,1.362010772739203901e+01,3.671873856218649923e+00
2.808046083116469305e+00,7.557214308264793567e-01,1.365044204304324538e+01,3.673704521520382293e+00
2.814286185523394934e+00,7.560957896814614054e-01,1.368077635869445352e+01,3.675524350576592436e+00
2.820526287930320120e+00,7.564679260248278192e-01,1.371111067434565989e+01,3.677333375584328490e+00
2.826766390337245749e+00,7.568378469454063451e-01,1.374144498999686803e+01,3.679131631003720315e+00
2.833006492744170934e+00,7.572055601018996551e-01,1.377177930564807440e+01,3.680919154065167120e+00
2.839246595151096564e+00,7.575710738271855815e-01,1.380211362129928254e+01,3.682695985276361217e+00
2.845486697558022193e+00,7.579343972192782442e-01,1.383244793695048891e+01,3.684462168864466314e+00
2.851726799964947823e+00,7.582955401179672927e-01,1.386278225260169705e+01,3.686217752662557245e+00
2.857966902371873008e+00,7.586545129485637862e-01,1.389311656825290342e+01,3.687962787350038685e+00
2.864207004778798638e+00,7.590113265431933653e-01,1.392345088390411156e+01,3.689697325583917831e+00
2.870447107185724267e+00,7.593659919619337728e-01,1.395378519955531793e+01,3.691421421129320812e+00
2.876687209592649896e+00,7.597185203139520393e-01,1.398411951520652607e+01,3.693135127990005540e+00
2.882927311999575082e+00,7.600689225786407821e-01,1.401445383085773244e+01,3.694838499538871446e+00
2.889167414406500711e+00,7.604172094267542814e-01,1.404478814650894059e+01,3.696531587648469230e+00
2.895407516813425897e+00,7.607633910415475542e-01,1.407512246216014695e+01,3.698214441821523923e+00
2.901647619220351526e+00,7.611074769399096551e-01,1.410545677781135510e+01,3.699887108321429530e+00
2.907887721627277156e+00,7.614494757935039715e-01,1.413579109346256146e+01,3.701549629302778754e+00
2.914127824034202785e+00,7.617893952503935751e-01,1.416612540911376961e+01,3.703202041944249956e+00
2.920367926441127970e+00,7.621272417980305969e-01,1.419645972476497597e+01,3.704844377782571474e+00
2.926608028848053600e+00,7.624630208231883977e-01,1.422679404041618412e+01,3.706476663003866356e+00
2.932848131254979229e+00,7.627967368122463565e-01,1.425712835606739048e+01,3.708098919417271766e+00
2.939088233661904415e+00,7.631283935642797500e-01,1.428746267171859685e+01,3.709711165490808593e+00
2.945328336068830044e+00,7.634579944041585131e-01,1.431779698736980500e+01,3.711313417387298141e+00
2.951568438475755229e+00,7.637855423956482204e-01,1.434813130302101136e+01,3.712905690000282810e+00
2.957808540882680859e+00,7.641110405545090689e-01,1.437846561867221951e+01,3.714487997989942336e+00
2.964048643289606488e+00,7.644344920615956385e-01,1.440879993432342587e+01,3.716060356819011368e+00
2.970288745696532118e+00,7.647559004759580947e-01,1.443913424997463402e+01,3.717622783788703700e+00
2.976528848103457303e+00,7.650752699479395069e-01,1.446946856562584038e+01,3.719175299074621854e+00
2.982768950510382933e+00,7.653926054322780503e-01,1.449980288127704853e+01,3.720717926762681760e+00
2.989009052917308118e+00,7.657079128942481105e-01,1.453013719692825489e+01,3.722250695851208935e+00
2.995249155324234192e+00,7.660211994027075200e-01,1.456047151257946304e+01,3.723773640703256227e+00
3.001489257731159377e+00,7.663324730124319029e-01,1.459080582823066941e+01,3.725286800474607141e+00
3.007729360138085006e+00,7.666417425860900803e-01,1.462114014388187755e+01,3.726790218248368092e+00
3.013969462545010192e+00,7.669490176148756611e-01,1.465147445953308392e+01,3.728283940163023225e+00
3.020209564951935821e+00,7.672543080391405201e-01,1.468180877518429206e+01,3.729768014540498555e+00
3.026449667358861451e+00,7.675576240690250573e-01,1.471214309083549843e+01,3.731242491014214124e+00
3.032689769765787080e+00,7.678589760050905655e-01,1.474247740648670657e+01,3.732707419657143255e+00
3.038929872172712265e+00,7.681583740589522646e-01,1.477281172213791294e+01,3.734162850109874032e+00
3.045169974579637895e+00,7.684558281739094499e-01,1.480314603778912108e+01,3.735608830708661454e+00
3.051410076986563080e+00,7.687513478455787475e-01,1.483348035344032745e+01,3.737045407613490688e+00
3.057650179393489154e+00,7.690449419436858891e-01,1.486381466909153559e+01,3.738472623941772266e+00
3.063890281800414339e+00,7.693366185810843749e-01,1.489414898474274196e+01,3.739890519131618518e+00
3.070130384207339524e+00,7.696263851389654187e-01,1.492448330039394833e+01,3.741299129064393103e+00
3.076370486614265154e+00,7.699142483717174024e-01,1.495481761604515647e+01,3.742698486574453476e+00
3.082610589021190783e+00,7.702002145163335811e-01,1.498515193169636284e+01,3.744088621981000564e+00
3.088850691428116413e+00,7.704842894018226751e-01,1.501548624734757098e+01,3.745469563619945763e+00
3.095090793835041598e+00,7.707664785586136880e-01,1.504582056299877735e+01,3.746841338375748620e+00
3.101330896241967228e+00,7.710467873279656104e-01,1.507615487864998549e+01,3.748203972213278057e+00
3.107570998648892413e+00,7.713252209713753471e-01,1.510648919430119186e+01,3.749557490709662488e+00
3.113811101055818042e+00,7.716017847799852003e-01,1.513682350995240000e+01,3.750901919586143496e+00
3.120051203462743672e+00,7.718764841839912405e-01,1.516715782560360637e+01,3.752237285239929943e+00
3.126291305869669301e+00,7.721493248615975968e-01,1.519749214125481451e+01,3.753563615273843190e+00
3.132531408276594487e+00,7.724203128241696747e-01,1.522782645690602088e+01,3.754880938910265531e+00
3.138771510683520116e+00,7.726894544112055119e-01,1.525816077255722902e+01,3.756189286966693519e+00
3.145011613090445746e+00,7.729567562330500463e-01,1.528849508820843539e+01,3.757488691577261619e+00
3.151251715497371375e+00,7.732222251100225874e-01,1.531882940385964353e+01,3.758779185896829134e+00
3.157491817904296560e+00,7.734858680115442864e-01,1.534916371951084990e+01,3.760060803805067575e+00
3.163731920311222190e+00,7.737476919952650523e-01,1.537949803516205804e+01,3.761333579610545819e+00
3.169972022718147375e+00,7.740077041461927987e-01,1.540983235081326441e+01,3.762597547754825023e+00
3.176212125125073005e+00,7.742659115158191385e-01,1.544016666646447256e+01,3.763852742516535788e+00
3.182452227531998634e+00,7.745223210612478537e-01,1.547050098211567892e+01,3.765099197715473966e+00
3.188692329938924264e+00,7.747769395843219220e-01,1.550083529776688707e+01,3.766336946416680931e+00
3.194932432345849449e+00,7.750297736716424968e-01,1.553116961341809343e+01,3.767566020638869695e+00
3.201172534752774634e+00,7.752808296603826976e-01,1.556150392906929980e+01,3.768786451188233411e+00
3.207412637159700708e+00,7.755301136740263557e-01,1.559183824472050794e+01,3.769998267832183725e+00
3.213652739566625893e+00,7.757776316875217848e-01,1.562217256037171431e+01,3.771201499616072095e+00
3.219892841973551523e+00,7.760233895936854420e-01,1.565250687602292246e+01,3.772396175185991130e+00
3.226132944380476708e+00,7.762673932696084744e-01,1.568284119167412882e+01,3.773582323111591030e+00
3.232373046787402338e+00,7.765096486430617118e-01,1.571317550732533697e+01,3.774759972208883596e+00
3.238613149194327967e+00,7.767501617589009921e-01,1.574350982297654333e+01,3.775929151863055111e+00
3.244853251601253596e+00,7.769889388454731538e-01,1.577384413862775148e+01,3.777089892351275235e+00
3.251093354008178782e+00,7.772259863810220271e-01,1.580417845427895784e+01,3.778242225165509005e+00
3.257333456415104411e+00,7.774613111600803261e-01,1.583451276993016599e+01,3.779386183335263105e+00
3.263573558822029597e+00,7.776949203522171006e-01,1.586484708558137235e+01,3.780521801713165875e+00
3.269813661228955226e+00,7.779268214891155164e-01,1.589518140123258050e+01,3.781649116912150888e+00
3.276053763635880856e+00,7.781570223623326399e-01,1.592551571688378687e+01,3.782768166808447852e+00
3.282293866042806485e+00,7.783855309046912030e-01,1.595585003253499501e+01,3.783878989965005157e+00
3.288533968449731670e+00,7.786123550715231545e-01,1.598618434818620138e+01,3.784981625054193444e+00
3.294774070856657300e+00,7.788375027219216484e-01,1.601651866383740952e+01,3.786076110280546914e+00
3.301014173263582929e+00,7.790609814999842619e-01,1.604685297948861589e+01,3.787162482803468233e+00
3.307254275670508115e+00,7.792827987160639847e-01,1.607718729513982225e+01,3.788240778159962296e+00
3.313494378077434188e+00,7.795029612280152120e-01,1.610752161079103217e+01,3.789311029687353560e+00
3.319734480484359374e+00,7.797214753224407380e-01,1.613785592644223854e+01,3.790373267946005154e+00
3.325974582891284559e+00,7.799383465990386011e-01,1.616819024209344491e+01,3.791427520157106823e+00
3.332214685298210188e+00,7.801535799256581472e-01,1.619852455774465128e+01,3.792473809984191924e+00
3.338454787705135374e+00,7.803671795586247795e-01,1.622885887339585764e+01,3.793512158118062416e+00
3.344694890112061447e+00,7.805791493229708999e-01,1.625919318904706756e+01,3.794542583152922699e+00
3.350934992518986633e+00,7.807894927946781305e-01,1.628952750469827393e+01,3.795565102472294061e+00
3.357175094925911818e+00,7.809982134829182021e-01,1.631986182034948030e+01,3.796579733134922918e+00
3.363415197332837447e+00,7.812053150122970635e-01,1.635019613600068666e+01,3.797586492760703258e+00
3.369655299739763521e+00,7.814108013050967694e-01,1.638053045165189658e+01,3.798585400416587987e+00
3.375895402146688706e+00,7.816146767635168136e-01,1.641086476730310295e+01,3.799576477502500271e+00
3.382135504553613892e+00,7.818169464519179046e-01,1.644119908295430932e+01,3.800559748637252433e+00
3.388375606960539521e+00,7.820176162763714522e-01,1.647153339860551569e+01,3.801535242531373981e+00
3.394615709367465151e+00,7.822166930846569111e-01,1.650186771425672561e+01,3.802502992473211663e+00
3.400855811774390780e+00,7.824141845477539103e-01,1.653220202990793197e+01,3.803463035752846721e+00
3.407095914181315965e+00,7.826100989482506209e-01,1.656253634555913834e+01,3.804415412633503468e+00
3.413336016588241151e+00,7.828044449647026948e-01,1.659287066121034471e+01,3.805360165303278031e+00
3.419576118995167224e+00,7.829972314559895397e-01,1.662320497686155463e+01,3.806297336826856892e+00
3.425816221402092854e+00,7.831884672456744800e-01,1.665353929251276099e+01,3.807226970097245644e+00
3.432056323809018039e+00,7.833781609063611429e-01,1.668387360816396736e+01,3.808149106787488858e+00
3.438296426215943224e+00,7.835663205440530632e-01,1.671420792381517373e+01,3.809063786302400167e+00
3.444536528622869298e+00,7.837529535825109583e-01,1.674454223946638365e+01,3.809971044730281697e+00
3.450776631029794483e+00,7.839380665546247240e-01,1.677487655511759002e+01,3.810870913828743767e+00
3.457016733436720113e+00,7.841216650181019876e-01,1.680521087076879638e+01,3.811763420614852738e+00
3.463256835843645298e+00,7.843037537169018636e-01,1.683554518642000275e+01,3.812648588149889051e+00
3.469496938250570484e+00,7.844843368176008802e-01,1.686587950207120912e+01,3.813526436688368104e+00
3.475737040657496557e+00,7.846634181476321857e-01,1.689621381772241904e+01,3.814396984836164073e+00
3.481977143064421742e+00,7.848410014335205354e-01,1.692654813337362540e+01,3.815260250708617740e+00
3.488217245471347372e+00,7.850170905391201659e-01,1.695688244902483177e+01,3.816116253088654098e+00
3.494457347878272557e+00,7.851916897038517806e-01,1.698721676467603814e+01,3.816965012584897288e+00
3.500697450285198631e+00,7.853648037809396465e-01,1.701755108032724806e+01,3.817806552789785979e+00
3.506937552692123816e+00,7.855364384754069951e-01,1.704788539597845443e+01,3.818640901436515023e+00
3.513177655099049446e+00,7.857066005433398503e-01,1.707821971162966079e+01,3.819468091367694385e+00
3.519417757505974631e+00,7.858752977512644122e-01,1.710855402728086716e+01,3.820288160337873773e+00
3.525657859912900705e+00,7.860425386211444820e-01,1.713888834293207708e+01,3.821101149773927563e+00
3.531897962319825890e+00,7.862083321491212251e-01,1.716922265858328345e+01,3.821907103407796491e+00
3.538138064726751075e+00,7.863726875241831005e-01,1.719955697423448981e+01,3.822706065908886952e+00
3.544378167133676705e+00,7.865356138468343472e-01,1.722989128988569618e+01,3.823498081516468972e+00
3.550618269540602778e+00,7.866971198477659133e-01,1.726022560553690610e+01,3.824283192672078169e+00
3.556858371947527964e+00,7.868572136065231648e-01,1.729055992118811247e+01,3.825061438651910617e+00
3.563098474354453149e+00,7.870159022701824769e-01,1.732089423683931884e+01,3.825832854199252786e+00
3.569338576761378334e+00,7.871731917864701611e-01,1.735122855249052520e+01,3.826597468227125098e+00
3.575578679168304408e+00,7.873290868236381135e-01,1.738156286814173512e+01,3.827355303428781497e+00
3.581818781575230037e+00,7.874835909861528371e-01,1.741189718379294149e+01,3.828106377326214282e+00
3.588058883982155223e+00,7.876367071014998000e-01,1.744223149944414786e+01,3.828850703664362864e+00
3.594298986389080408e+00,7.877884375081085633e-01,1.747256581509535422e+01,3.829588293810775923e+00
3.600539088796005593e+00,7.879387843432832383e-01,1.750290013074656059e+01,3.830319158155291781e+00
3.606779191202931667e+00,7.880877498311305018e-01,1.753323444639777051e+01,3.831043307509712559e+00
3.613019293609857296e+00,7.882353365704857229e-01,1.756356876204897688e+01,3.831760754507467670e+00
3.619259396016782482e+00,7.883815478228423101e-01,1.759390307770018325e+01,3.832471515003292417e+00
3.625499498423707667e+00,7.885263877903868623e-01,1.762423739335138961e+01,3.833175609424809060e+00
3.631739600830633741e+00,7.886698617471519235e-01,1.765457170900259953e+01,3.833873063410084825e+00
3.637979703237559370e+00,7.888119759132851128e-01,1.768490602465380590e+01,3.834563907196431476e+00
3.644219805644484556e+00,7.889527372605371625e-01,1.771524034030501227e+01,3.835248174674845245e+00
3.650459908051409741e+00,7.890921533164081403e-01,1.774557465595621863e+01,3.835925902437925750e+00
3.656700010458335814e+00,7.892302319682884537e-01,1.777590897160742855e+01,3.836597128827765601e+00
3.662940112865261000e+00,7.893669812676030739e-01,1.780624328725863492e+01,3.837261892983861333e+00
3.669180215272186629e+00,7.895024092339544275e-01,1.783657760290984129e+01,3.837920233891014110e+00
3.675420317679111815e+00,7.896365236592900461e-01,1.786691191856104766e+01,3.838572189427352122e+00
3.681660420086037888e+00,7.897693319251818389e-01,1.789724623421225758e+01,3.839217795476089545e+00
3.687900522492963074e+00,7.899008409367836991e-01,1.792758054986346394e+01,3.839857085604482467e+00
3.694140624899888259e+00,7.900310571965117878e-01,1.795791486551467031e+01,3.840490091422003704e+00
3.700380727306813888e+00,7.901599869021708189e-01,1.798824918116587668e+01,3.841116843057351460e+00
3.706620829713739962e+00,7.902876360452628646e-01,1.801858349681708660e+01,3.841737369636348376e+00
3.712860932120665147e+00,7.904140105093029334e-01,1.804891781246829296e+01,3.842351699759871675e+00
3.719101034527590333e+00,7.905391161681306622e-01,1.807925212811949933e+01,3.842959861981763758e+00
3.725341136934515518e+00,7.906629589842206762e-01,1.810958644377070570e+01,3.843561885286740587e+00
3.731581239341441147e+00,7.907855451060743501e-01,1.813992075942191207e+01,3.844157799563826750e+00
3.737821341748367221e+00,7.909068809278415602e-01,1.817025507507312199e+01,3.844747635896192062e+00
3.744061444155292406e+00,7.910269730236844099e-01,1.820058939072432835e+01,3.845331426242079242e+00
3.750301546562217592e+00,7.911458280180870828e-01,1.823092370637553472e+01,3.845909202804356664e+00
3.756541648969143221e+00,7.912634524524968516e-01,1.826125802202674109e+01,3.846480997382234257e+00
3.762781751376068851e+00,7.913798526519614240e-01,1.829159233767795101e+01,3.847046840722962990e+00
3.769021853782994480e+00,7.914950345917700636e-01,1.832192665332915738e+01,3.847606761873551218e+00
3.775261956189919665e+00,7.916090037640922672e-01,1.835226096898036374e+01,3.848160787532471261e+00
3.781502058596844851e+00,7.917217650448059585e-01,1.838259528463157011e+01,3.848708941402287476e+00
3.787742161003770924e+00,7.918333225879127246e-01,1.841292960028278003e+01,3.849251243676384160e+00
3.793982263410696554e+00,7.919436798848384917e-01,1.844326391593398640e+01,3.849787711327242956e+00
3.800222365817621739e+00,7.920528399667448038e-01,1.847359823158519276e+01,3.850318359089911269e+00
3.806462468224546924e+00,7.921608056237036122e-01,1.850393254723639913e+01,3.850843200527456656e+00
3.812702570631472998e+00,7.922675796239134760e-01,1.853426686288760905e+01,3.851362249096613510e+00
3.818942673038398183e+00,7.923731649329139870e-01,1.856460117853881542e+01,3.851875519213430188e+00
3.825182775445323813e+00,7.924775649327999716e-01,1.859493549419002179e+01,3.852383027318908137e+00
3.831422877852248998e+00,7.925807836413536478e-01,1.862526980984122815e+01,3.852884792944245351e+00
3.837662980259175072e+00,7.926828259162701507e-01,1.865560412549243807e+01,3.853380839703613781e+00
3.843903082666100257e+00,7.927836975633535399e-01,1.868593844114364444e+01,3.853871195820123940e+00
3.850143185073025442e+00,7.928834053560336326e-01,1.871627275679485081e+01,3.854355894220696133e+00
3.856383287479951072e+00,7.929819570435638898e-01,1.874660707244605717e+01,3.854834972575913898e+00
3.862623389886876257e+00,7.930793613591817781e-01,1.877694138809726354e+01,3.855308473339694064e+00
3.868863492293802331e+00,7.931756280282731275e-01,1.880727570374847346e+01,3.855776443788971442e+00
3.875103594700727516e+00,7.932707677765330478e-01,1.883761001939967983e+01,3.856238936063375533e+00
3.881343697107653146e+00,7.933647923364854915e-01,1.886794433505088620e+01,3.856696007196919407e+00
3.887583799514578331e+00,7.934577143532661747e-01,1.889827865070209256e+01,3.857147718659994506e+00
3.893823901921504405e+00,7.935495468773747785e-01,1.892861296635330248e+01,3.857594133893543553e+00
3.900064004328429590e+00,7.936403026000969918e-01,1.895894728200450885e+01,3.858035314592301646e+00
3.906304106735354775e+00,7.937299930693797467e-01,1.898928159765571522e+01,3.858471316893018699e+00
3.912544209142280405e+00,7.938186279056977934e-01,1.901961591330692158e+01,3.858902187562637920e+00
3.918784311549206478e+00,7.939062140179243832e-01,1.904995022895813150e+01,3.859327960186496487e+00
3.925024413956131664e+00,7.939927548192073914e-01,1.908028454460933787e+01,3.859748651356550653e+00
3.931264516363056849e+00,7.940782494986702300e-01,1.911061886026054424e+01,3.860164257130976218e+00
3.937504618769982034e+00,7.941626930854281952e-01,1.914095317591175061e+01,3.860574753345364041e+00
3.943744721176908108e+00,7.942460778546501787e-01,1.917128749156296053e+01,3.860980102447852502e+00
3.949984823583833737e+00,7.943283950807266125e-01,1.920162180721416689e+01,3.861380262021606224e+00
3.956224925990758923e+00,7.944096367967995453e-01,1.923195612286537326e+01,3.861775193338224721e+00
3.962465028397684108e+00,7.944897975542902779e-01,1.926229043851657963e+01,3.862164869911138609e+00
3.968705130804610182e+00,7.945688761824306612e-01,1.929262475416778955e+01,3.862549286049023589e+00
3.974945233211535367e+00,7.946468775271970930e-01,1.932295906981899591e+01,3.862928465309084292e+00
3.981185335618460996e+00,7.947238134726825054e-01,1.935329338547020228e+01,3.863302465462140844e+00
3.987425438025386182e+00,7.947997017897473482e-01,1.938362770112140865e+01,3.863671372895700173e+00
3.993665540432311367e+00,7.948745639665968366e-01,1.941396201677261502e+01,3.864035292067982574e+00
3.999905642839237441e+00,7.949484229881192965e-01,1.944429633242382494e+01,3.864394334712870194e+00
4.006145745246162626e+00,7.950213011152226228e-01,1.947463064807503130e+01,3.864748609044837746e+00
4.012385847653088256e+00,7.950932176641708482e-01,1.950496496372623767e+01,3.865098208963890336e+00
4.018625950060013885e+00,7.951641867998010538e-01,1.953529927937744404e+01,3.865443203327974864e+00
4.024866052466939514e+00,7.952342159476850636e-01,1.956563359502865396e+01,3.865783628234197522e+00
4.031106154873865144e+00,7.953033063583989648e-01,1.959596791067986032e+01,3.866119489761845163e+00
4.037346257280789885e+00,7.953714548226089587e-01,1.962630222633106669e+01,3.866450772309740103e+00
4.043586359687715515e+00,7.954386554565520129e-01,1.965663654198227306e+01,3.866777447275799418e+00
4.049826462094641144e+00,7.955049014875203994e-01,1.968697085763348298e+01,3.867099481736612887e+00
4.056066564501566774e+00,7.955701870393430131e-01,1.971730517328468935e+01,3.867416847127003621e+00
4.062306666908492403e+00,7.956345088969435375e-01,1.974763948893589571e+01,3.867729527817878044e+00
4.068546769315417144e+00,7.956978677215040818e-01,1.977797380458710208e+01,3.868037527023368227e+00
4.074786871722343662e+00,7.957602678626877202e-01,1.980830812023831200e+01,3.868340865888006519e+00
4.081026974129268403e+00,7.958217166148774391e-01,1.983864243588951837e+01,3.868639579871165690e+00
4.087267076536194033e+00,7.958822234518283523e-01,1.986897675154072473e+01,3.868933715026558140e+00
4.093507178943119662e+00,7.959417992613183612e-01,1.989931106719193110e+01,3.869223324281727106e+00
4.099747281350045292e+00,7.960004555798438908e-01,1.992964538284314102e+01,3.869508463717758584e+00
4.105987383756970921e+00,7.960582038556850426e-01,1.995997969849434739e+01,3.869789188986904271e+00
4.112227486163896550e+00,7.961150549790826370e-01,1.999031401414555376e+01,3.870065553028679162e+00
4.118467588570821292e+00,7.961710191464879127e-01,2.002064832979676012e+01,3.870337605409957860e+00
4.124707690977747809e+00,7.962261057863045943e-01,2.005098264544797004e+01,3.870605391963991337e+00
4.130947793384672551e+00,7.962803234851647538e-01,2.008131696109917641e+01,3.870868954432017617e+00
4.137187895791598180e+00,7.963336799142046729e-01,2.011165127675038278e+01,3.871128330104878223e+00
4.143427998198523809e+00,7.963861817580955016e-01,2.014198559240158914e+01,3.871383551478022600e+00
4.149668100605448551e+00,7.964378347210824272e-01,2.017231990805279551e+01,3.871634646280861958e+00
4.155908203012375068e+00,7.964886437376360595e-01,2.020265422370400543e+01,3.871881638500790146e+00
4.162148305419299810e+00,7.965386132674526776e-01,2.023298853935521180e+01,3.872124549817232086e+00
4.168388407826225439e+00,7.965877475939373564e-01,2.026332285500641817e+01,3.872363401052628884e+00
4.174628510233151069e+00,7.966360511226915353e-01,2.029365717065762453e+01,3.872598213623440255e+00
4.180868612640076698e+00,7.966835286787061765e-01,2.032399148630883445e+01,3.872829010984858211e+00
4.187108715047002327e+00,7.967301857329461834e-01,2.035432580196004082e+01,3.873055819732275751e+00
4.193348817453927069e+00,7.967760283555649359e-01,2.038466011761124719e+01,3.873278669373854122e+00
4.199588919860852698e+00,7.968210630075389656e-01,2.041499443326245355e+01,3.873497591317620170e+00
4.205829022267778328e+00,7.968652963208949780e-01,2.044532874891366347e+01,3.873712617803107161e+00
4.212069124674703957e+00,7.969087348789382075e-01,2.047566306456486984e+01,3.873923780833004482e+00
4.218309227081629587e+00,7.969513849978662190e-01,2.050599738021607621e+01,3.874131111111541070e+00
4.224549329488554328e+00,7.969932525804278578e-01,2.053633169586728258e+01,3.874334637333092690e+00
4.230789431895480845e+00,7.970343432409291440e-01,2.056666601151849250e+01,3.874534386789861173e+00
4.237029534302405587e+00,7.970746625866304003e-01,2.059700032716969886e+01,3.874730386739797083e+00
4.243269636709331216e+00,7.971142165097817589e-01,2.062733464282090523e+01,3.874922665826240564e+00
4.249509739116256846e+00,7.971530114796675504e-01,2.065766895847211160e+01,3.875111255497603491e+00
4.255749841523182475e+00,7.971910548268343888e-01,2.068800327412332152e+01,3.875296191389057121e+00
4.261989943930108105e+00,7.972283548307967926e-01,2.071833758977452788e+01,3.875477513748884384e+00
4.268230046337033734e+00,7.972649203189957623e-01,2.074867190542573425e+01,3.875655265488942014e+00
4.274470148743958475e+00,7.973007600771419012e-01,2.077900622107694062e+01,3.875829489318227683e+00
4.280710251150884105e+00,7.973358822525404843e-01,2.080934053672814699e+01,3.876000224842329533e+00
4.286950353557809734e+00,7.973702937576230276e-01,2.083967485237935691e+01,3.876167505663882906e+00
4.293190455964735364e+00,7.974039997694551962e-01,2.087000916803056327e+01,3.876331356949580531e+00
4.299430558371660993e+00,7.974370040595388787e-01,2.090034348368176964e+01,3.876491797033405629e+00
4.305670660778585734e+00,7.974693102960347391e-01,2.093067779933297601e+01,3.876648843746978823e+00
4.311910763185512252e+00,7.975009235117186401e-01,2.096101211498418593e+01,3.876802521555573922e+00
4.318150865592436993e+00,7.975318515731324442e-01,2.099134643063539230e+01,3.876952868699935717e+00
4.324390967999362623e+00,7.975621066056149955e-01,2.102168074628659866e+01,3.877099944123624908e+00
4.330631070406288252e+00,7.975917052763548121e-01,2.105201506193780503e+01,3.877243828848991214e+00
4.336871172813213882e+00,7.976206661865964387e-01,2.108234937758901495e+01,3.877384613300194793e+00
4.343111275220139511e+00,7.976490061281833466e-01,2.111268369324022132e+01,3.877522379105557526e+00
4.349351377627064252e+00,7.976767362966177277e-01,2.114301800889142768e+01,3.877657180688527383e+00
4.355591480033989882e+00,7.977038585275674221e-01,2.117335232454263405e+01,3.877789026972633390e+00
4.361831582440915511e+00,7.977303629158006837e-01,2.120368664019384397e+01,3.877917869806673856e+00
4.368071684847841141e+00,7.977562309919151717e-01,2.123402095584505034e+01,3.878043619407397280e+00
4.374311787254766770e+00,7.977814423001969857e-01,2.126435527149625671e+01,3.878166176335718252e+00
4.380551889661691511e+00,7.978059812284620245e-01,2.129468958714746307e+01,3.878285464697862395e+00
4.386791992068618029e+00,7.978298438183882846e-01,2.132502390279867299e+01,3.878401465251679614e+00
4.393032094475543659e+00,7.978530430598759215e-01,2.135535821844987936e+01,3.878514241143526053e+00
4.399272196882468400e+00,7.978756072366979257e-01,2.138569253410108573e+01,3.878623929866161557e+00
4.405512299289394029e+00,7.978975734849388379e-01,2.141602684975229209e+01,3.878730711945101550e+00
4.411752401696318771e+00,7.979189809340999640e-01,2.144636116540349846e+01,3.878834777596239292e+00
4.417992504103245288e+00,7.979398638704305879e-01,2.147669548105470838e+01,3.878936293491503040e+00
4.424232606510170918e+00,7.979602460459425117e-01,2.150702979670591475e+01,3.879035375093906168e+00
4.430472708917095659e+00,7.979801392630871959e-01,2.153736411235712112e+01,3.879132079777392494e+00
4.436712811324021288e+00,7.979995444023187945e-01,2.156769842800832748e+01,3.879226411822016107e+00
4.442952913730946918e+00,7.980184526139697532e-01,2.159803274365953740e+01,3.879318328207872923e+00
4.449193016137872547e+00,7.980368465842445636e-01,2.162836705931074377e+01,3.879407744769334254e+00
4.455433118544798177e+00,7.980547034060115896e-01,2.165870137496195014e+01,3.879494550150510257e+00
4.461673220951722918e+00,7.980720010746338300e-01,2.168903569061315650e+01,3.879578637382705697e+00
4.467913323358649436e+00,7.980887262529434700e-01,2.171937000626436642e+01,3.879659941631431685e+00
4.474153425765574177e+00,7.981048820721433623e-01,2.174970432191557279e+01,3.879738478118055500e+00
4.480393528172499806e+00,7.981204946536546441e-01,2.178003863756677916e+01,3.879814373823736506e+00
4.486633630579425436e+00,7.981356098769363250e-01,2.181037295321798553e+01,3.879887851777183982e+00
4.492873732986351065e+00,7.981502798098032425e-01,2.184070726886919545e+01,3.879959165089874595e+00
4.499113835393276695e+00,7.981645475752391361e-01,2.187104158452040181e+01,3.880028523390771866e+00
4.505353937800201436e+00,7.981784325016201276e-01,2.190137590017160818e+01,3.880096020638760468e+00
4.511594040207127065e+00,7.981919224230462628e-01,2.193171021582281455e+01,3.880161597693104536e+00
4.517834142614053583e+00,7.982049834748681238e-01,2.196204453147402447e+01,3.880225089931351068e+00
4.524074245020978324e+00,7.982175765316857907e-01,2.199237884712523083e+01,3.880286307157545078e+00
4.530314347427903954e+00,7.982296738477827613e-01,2.202271316277643720e+01,3.880345114494522463e+00
4.536554449834828695e+00,7.982412727679009112e-01,2.205304747842764357e+01,3.880401499034572321e+00
4.542794552241754324e+00,7.982523960886737102e-01,2.208338179407884994e+01,3.880455571596432396e+00
4.549034654648680842e+00,7.982630832715946756e-01,2.211371610973005986e+01,3.880507524009871201e+00
4.555274757055605583e+00,7.982733808653578178e-01,2.214405042538126622e+01,3.880557582556877438e+00
4.561514859462531213e+00,7.982833331791866494e-01,2.217438474103247259e+01,3.880605962632949435e+00
4.567754961869455954e+00,7.982929746547597905e-01,2.220471905668367896e+01,3.880652831665587943e+00
4.573995064276382472e+00,7.983023238693837120e-01,2.223505337233488888e+01,3.880698279962586650e+00
4.580235166683308101e+00,7.983113777624873952e-01,2.226538768798609524e+01,3.880742292645932512e+00
4.586475269090232842e+00,7.983201073307177875e-01,2.229572200363730161e+01,3.880784728724850474e+00
4.592715371497158472e+00,7.983284647109646359e-01,2.232605631928850798e+01,3.880825355527728782e+00
4.598955473904084101e+00,7.983364025001453701e-01,2.235639063493971790e+01,3.880863942619234397e+00
4.605195576311009731e+00,7.983438949431982401e-01,2.238672495059092427e+01,3.880900364799151347e+00
4.611435678717935360e+00,7.983509562027638617e-01,2.241705926624213063e+01,3.880934690914748408e+00
4.617675781124860102e+00,7.983576385209791848e-01,2.244739358189333700e+01,3.880967174924915053e+00
4.623915883531786619e+00,7.983640108096184962e-01,2.247772789754454692e+01,3.880998151822792508e+00
4.630155985938711360e+00,7.983701346171693247e-01,2.250806221319575329e+01,3.881027920807197162e+00
4.636396088345636990e+00,7.983760439261285979e-01,2.253839652884695965e+01,3.881056647073460208e+00
4.642636190752562619e+00,7.983817434716713457e-01,2.256873084449816602e+01,3.881084353640162021e+00
4.648876293159488249e+00,7.983872204091035929e-01,2.259906516014937594e+01,3.881110978066819595e+00
4.655116395566413878e+00,7.983924571158966810e-01,2.262939947580058231e+01,3.881136434686995873e+00
4.661356497973338620e+00,7.983974408344942653e-01,2.265973379145178868e+01,3.881160661483801455e+00
4.667596600380264249e+00,7.984021643752535757e-01,2.269006810710299504e+01,3.881183623507024727e+00
4.673836702787189878e+00,7.984066228992463543e-01,2.272040242275420141e+01,3.881205297233722984e+00
4.680076805194115508e+00,7.984108108349948774e-01,2.275073673840541133e+01,3.881225655579890521e+00
4.686316907601041137e+00,7.984147223096699220e-01,2.278107105405661770e+01,3.881244669996596564e+00
4.692557010007965879e+00,7.984183566092764028e-01,2.281140536970782406e+01,3.881262337012976182e+00
4.698797112414891508e+00,7.984217246795594081e-01,2.284173968535903043e+01,3.881278709838362317e+00
4.705037214821818026e+00,7.984248532291881029e-01,2.287207400101024035e+01,3.881293918308637014e+00
4.711277317228742767e+00,7.984277789045334250e-01,2.290240831666144672e+01,3.881308140568727083e+00
4.717517419635668396e+00,7.984305362548833607e-01,2.293274263231265309e+01,3.881321544569241944e+00
4.723757522042594026e+00,7.984331459050016955e-01,2.296307694796385945e+01,3.881334230571051869e+00
4.729997624449519655e+00,7.984356107267792657e-01,2.299341126361506937e+01,3.881346212534960483e+00
4.736237726856445285e+00,7.984379238188468175e-01,2.302374557926627574e+01,3.881357456912108983e+00
4.742477829263370026e+00,7.984400790335702824e-01,2.305407989491748211e+01,3.881367933817687188e+00
4.748717931670295656e+00,7.984420787184757229e-01,2.308441421056868847e+01,3.881377654663463517e+00
4.754958034077221285e+00,7.984439327113129758e-01,2.311474852621989839e+01,3.881386667272595847e+00
4.761198136484146914e+00,7.984456531460143447e-01,2.314508284187110476e+01,3.881395030630419907e+00
4.767438238891072544e+00,7.984472496388952401e-01,2.317541715752231113e+01,3.881402791483660408e+00
4.773678341297997285e+00,7.984487280690566458e-01,2.320575147317351750e+01,3.881409978411736184e+00
4.779918443704923803e+00,7.984500924876404282e-01,2.323608578882472742e+01,3.881416611108012837e+00
4.786158546111848544e+00,7.984513472892810215e-01,2.326642010447593378e+01,3.881422710935637621e+00
4.792398648518774174e+00,7.984524982016617534e-01,2.329675442012714015e+01,3.881428305737961271e+00
4.798638750925699803e+00,7.984535516224899876e-01,2.332708873577834652e+01,3.881433426615445548e+00
4.804878853332624544e+00,7.984545136344437521e-01,2.335742305142955288e+01,3.881438103137137663e+00
4.811118955739551062e+00,7.984553894466849266e-01,2.338775736708076280e+01,3.881442360625756205e+00
4.817359058146475803e+00,7.984561837107911897e-01,2.341809168273196917e+01,3.881446221693498178e+00
4.823599160553401433e+00,7.984569011026728669e-01,2.344842599838317554e+01,3.881449709070845966e+00
4.829839262960327062e+00,7.984575466744836536e-01,2.347876031403438191e+01,3.881452847317273580e+00
4.836079365367252691e+00,7.984581255658836918e-01,2.350909462968559183e+01,3.881455661417637870e+00
4.842319467774178321e+00,7.984586424531047166e-01,2.353942894533679819e+01,3.881458174103983971e+00
4.848559570181103950e+00,7.984591012404933519e-01,2.356976326098800456e+01,3.881460404356078975e+00
4.854799672588028692e+00,7.984595055924286200e-01,2.360009757663921093e+01,3.881462369987159544e+00
4.861039774994955209e+00,7.984598598846412987e-01,2.363043189229042085e+01,3.881464092268479771e+00
4.867279877401879951e+00,7.984601696851439945e-01,2.366076620794162721e+01,3.881465598267199724e+00
4.873519979808805580e+00,7.984604403713644327e-01,2.369110052359283358e+01,3.881466914124010792e+00
4.879760082215731209e+00,7.984606746904029384e-01,2.372143483924403995e+01,3.881468053193085854e+00
4.886000184622656839e+00,7.984608712420201426e-01,2.375176915489524987e+01,3.881469008667597365e+00
4.892240287029582468e+00,7.984610269533897187e-01,2.378210347054645624e+01,3.881469765609955935e+00
4.898480389436507210e+00,7.984611419656588716e-01,2.381243778619766260e+01,3.881470324706305597e+00
4.904720491843432839e+00,7.984612232559711309e-01,2.384277210184886897e+01,3.881470719873857611e+00
4.910960594250358469e+00,7.984612824385500796e-01,2.387310641750007889e+01,3.881471007571545062e+00
4.917200696657284098e+00,7.984613300207916708e-01,2.390344073315128526e+01,3.881471238877802765e+00
4.923440799064209727e+00,7.984613707681709194e-01,2.393377504880249163e+01,3.881471436958504384e+00
4.929680901471134469e+00,7.984614043840003728e-01,2.396410936445369799e+01,3.881471600371396491e+00
4.935921003878060098e+00,7.984614293095966264e-01,2.399444368010490436e+01,3.881471721539424991e+00
4.942161106284985728e+00,7.984614458745538101e-01,2.402477799575611428e+01,3.881471802064808241e+00
4.948401208691911357e+00,7.984614563259749831e-01,2.405511231140732065e+01,3.881471852871139383e+00
4.954641311098836987e+00,7.984614631525697170e-01,2.408544662705852701e+01,3.881471886056504950e+00
4.960881413505761728e+00,7.984614677474846101e-01,2.411578094270973338e+01,3.881471908393253401e+00
4.967121515912688245e+00,7.984614705213666230e-01,2.414611525836094330e+01,3.881471921877617692e+00
4.973361618319613875e+00,7.984614717312298326e-01,2.417644957401214967e+01,3.881471927758991303e+00
4.979601720726538616e+00,7.984614720716431968e-01,2.420678388966335604e+01,3.881471929413804478e+00
4.985841823133464246e+00,7.984614724664164109e-01,2.423711820531456240e+01,3.881471931332872050e+00
