x_m,r_m,x_over_rt,r_over_rt
# M4.19 vitiated-air nozzle [euler] inviscid design wall (AxisMachCFDWall)
# R=2, L_U=6, L_c=9 (r_t units), M_d=4.5; r_t=0.183759 m
# throat x=0.000000 m r=0.183759 m; exit x=5.237464 m r=0.798452 m
-1.194433500000000148e+00,6.982842000000000215e-01,-6.500000000000000000e+00,3.799999999999999822e+00
-1.191265241379310336e+00,6.982842000000000215e-01,-6.482758620689654805e+00,3.799999999999999822e+00
-1.188096982758620745e+00,6.982842000000000215e-01,-6.465517241379310498e+00,3.799999999999999822e+00
-1.184928724137930933e+00,6.982842000000000215e-01,-6.448275862068965303e+00,3.799999999999999822e+00
-1.181760465517241565e+00,6.982842000000000215e-01,-6.431034482758620996e+00,3.799999999999999822e+00
-1.178592206896551753e+00,6.982842000000000215e-01,-6.413793103448275801e+00,3.799999999999999822e+00
-1.175423948275861941e+00,6.982842000000000215e-01,-6.396551724137930606e+00,3.799999999999999822e+00
-1.172255689655172572e+00,6.982842000000000215e-01,-6.379310344827586299e+00,3.799999999999999822e+00
-1.169087431034482760e+00,6.982842000000000215e-01,-6.362068965517241104e+00,3.799999999999999822e+00
-1.165919172413793170e+00,6.982842000000000215e-01,-6.344827586206896797e+00,3.799999999999999822e+00
-1.162750913793103358e+00,6.982842000000000215e-01,-6.327586206896551602e+00,3.799999999999999822e+00
-1.159582655172413990e+00,6.982842000000000215e-01,-6.310344827586207295e+00,3.799999999999999822e+00
-1.156414396551724177e+00,6.982842000000000215e-01,-6.293103448275862100e+00,3.799999999999999822e+00
-1.153246137931034365e+00,6.982842000000000215e-01,-6.275862068965516904e+00,3.799999999999999822e+00
-1.150077879310344997e+00,6.982842000000000215e-01,-6.258620689655172598e+00,3.799999999999999822e+00
-1.146909620689655185e+00,6.982842000000000215e-01,-6.241379310344827402e+00,3.799999999999999822e+00
-1.143741362068965595e+00,6.982842000000000215e-01,-6.224137931034483096e+00,3.799999999999999822e+00
-1.140573103448275782e+00,6.982842000000000215e-01,-6.206896551724137900e+00,3.799999999999999822e+00
-1.137404844827586192e+00,6.982842000000000215e-01,-6.189655172413792705e+00,3.799999999999999822e+00
-1.134236586206896602e+00,6.982842000000000215e-01,-6.172413793103448398e+00,3.799999999999999822e+00
-1.131068327586206790e+00,6.982842000000000215e-01,-6.155172413793103203e+00,3.799999999999999822e+00
-1.127900068965517422e+00,6.982842000000000215e-01,-6.137931034482758896e+00,3.799999999999999822e+00
-1.124731810344827609e+00,6.982842000000000215e-01,-6.120689655172413701e+00,3.799999999999999822e+00
-1.121563551724138019e+00,6.982842000000000215e-01,-6.103448275862069394e+00,3.799999999999999822e+00
-1.118395293103448429e+00,6.982842000000000215e-01,-6.086206896551724199e+00,3.799999999999999822e+00
-1.115227034482758617e+00,6.982842000000000215e-01,-6.068965517241379004e+00,3.799999999999999822e+00
-1.112058775862069027e+00,6.982842000000000215e-01,-6.051724137931034697e+00,3.799999999999999822e+00
-1.108890517241379214e+00,6.982842000000000215e-01,-6.034482758620689502e+00,3.799999999999999822e+00
-1.105722258620689846e+00,6.982842000000000215e-01,-6.017241379310345195e+00,3.799999999999999822e+00
-1.102554000000000034e+00,6.982842000000000215e-01,-6.000000000000000000e+00,3.799999999999999822e+00
-1.097013527638190933e+00,6.982837597675627395e-01,-5.969849246231155426e+00,3.799997604294552911e+00
-1.091473055276382054e+00,6.982807005279447754e-01,-5.939698492462311741e+00,3.799980956186879588e+00
-1.085932582914572953e+00,6.982724645914216710e-01,-5.909547738693467167e+00,3.799936136958851574e+00
-1.080392110552763851e+00,6.982565606590057650e-01,-5.879396984924623482e+00,3.799849589184778775e+00
-1.074851638190954750e+00,6.982305632713106114e-01,-5.849246231155778908e+00,3.799708113732174208e+00
-1.069311165829145649e+00,6.981921122574138439e-01,-5.819095477386934334e+00,3.799498866762519800e+00
-1.063770693467336770e+00,6.981389121837214828e-01,-5.788944723618090649e+00,3.799209356732031750e+00
-1.058230221105527669e+00,6.980687318028305777e-01,-5.758793969849246075e+00,3.798827441392424564e+00
-1.052689748743718789e+00,6.979794035023939580e-01,-5.728643216080402389e+00,3.798341324791678186e+00
-1.047149276381909688e+00,6.978688227539832090e-01,-5.698492462311557816e+00,3.797739554274801144e+00
-1.041608804020100365e+00,6.977349475619520902e-01,-5.668341708542713242e+00,3.797011017484596795e+00
-1.036068331658291486e+00,6.975757979123005104e-01,-5.638190954773869557e+00,3.796144939362428694e+00
-1.030527859296482385e+00,6.973894552215387233e-01,-5.608040201005024983e+00,3.795130879148986836e+00
-1.024987386934673506e+00,6.971740617855491928e-01,-5.577889447236181297e+00,3.793958727385049023e+00
-1.019446914572864404e+00,6.969278202284523438e-01,-5.547738693467336724e+00,3.792618702912250672e+00
-1.013906442211055303e+00,6.966489929514679824e-01,-5.517587939698492150e+00,3.791101349873845283e+00
-1.008365969849246202e+00,6.963359015817810471e-01,-5.487437185929648464e+00,3.789397534715475580e+00
-1.002825497487437101e+00,6.959869264214041396e-01,-5.457286432160803891e+00,3.787498443185934427e+00
-9.972850251256282217e-01,6.956005058960403886e-01,-5.427135678391960205e+00,3.785395577337928419e+00
-9.917445527638191205e-01,6.951751360039488681e-01,-5.396984924623115631e+00,3.783080752528849455e+00
-9.862040804020100193e-01,6.947093697648065724e-01,-5.366834170854271058e+00,3.780546094421533443e+00
-9.806636080402010291e-01,6.942018166685730574e-01,-5.336683417085427372e+00,3.777784035985029654e+00
-9.751231356783919280e-01,6.936511421243536368e-01,-5.306532663316582799e+00,3.774787314495364310e+00
-9.695826633165830488e-01,6.930560669092628023e-01,-5.276381909547739113e+00,3.771548968536304614e+00
-9.640421909547739476e-01,6.924153666172885302e-01,-5.246231155778894539e+00,3.768062335000127661e+00
-9.585017185929648464e-01,6.917278711081547016e-01,-5.216080402010049966e+00,3.764321046088380029e+00
-9.529612462311558563e-01,6.909924639561862980e-01,-5.185929648241206280e+00,3.760319026312650248e+00
-9.474207738693467551e-01,6.902080818991715994e-01,-5.155778894472361706e+00,3.756050489495325717e+00
-9.418803015075376539e-01,6.893737142872267132e-01,-5.125628140703517133e+00,3.751509935770366067e+00
-9.363398291457286637e-01,6.884884025316585499e-01,-5.095477386934673447e+00,3.746692148584061410e+00
-9.307993567839195626e-01,6.875512395538290189e-01,-5.065326633165828873e+00,3.741592191695802594e+00
-9.252588844221106834e-01,6.865613692340180041e-01,-5.035175879396985188e+00,3.736205406178842559e+00
-9.197184120603014712e-01,6.855179858602875598e-01,-5.005025125628140614e+00,3.730527407421065256e+00
-9.141779396984925921e-01,6.844203335773453301e-01,-4.974874371859296929e+00,3.724554082125747900e+00
-9.086374673366834909e-01,6.832677058354077460e-01,-4.944723618090452355e+00,3.718281585312326332e+00
-9.030969949748743897e-01,6.820594448390645548e-01,-4.914572864321607781e+00,3.711706337317163040e+00
-8.975565226130653995e-01,6.807949409961415732e-01,-4.884422110552764096e+00,3.704825020794309864e+00
-8.920160502512562983e-01,6.794736323665644395e-01,-4.854271356783919522e+00,3.697634577716272020e+00
-8.864755778894471971e-01,6.780950041112226989e-01,-4.824120603015074948e+00,3.690132206374777013e+00
-8.809351055276382070e-01,6.766585879408330007e-01,-4.793969849246231263e+00,3.682315358381537784e+00
-8.753946331658291058e-01,6.751639615648027393e-01,-4.763819095477386689e+00,3.674181735669016291e+00
-8.698541608040202266e-01,6.736107481400940289e-01,-4.733668341708543004e+00,3.665729287491192423e+00
-8.643136884422111255e-01,6.719986157200866783e-01,-4.703517587939698430e+00,3.656956207424325811e+00
-8.587732160804021353e-01,6.703272767034424984e-01,-4.673366834170854744e+00,3.647860930367723409e+00
-8.532327437185930341e-01,6.685964872829681660e-01,-4.643216080402010171e+00,3.638442129544501746e+00
-8.476922713567839329e-01,6.668060468944795316e-01,-4.613065326633165597e+00,3.628698713502356288e+00
-8.421517989949749428e-01,6.649557976656650382e-01,-4.582914572864321912e+00,3.618629823114323685e+00
-8.366113266331658416e-01,6.630456238649489187e-01,-4.552763819095477338e+00,3.608234828579546694e+00
-8.310708542713567404e-01,6.610754513503553920e-01,-4.522613065326632764e+00,3.597513326424040869e+00
-8.255303819095477502e-01,6.590452470183720823e-01,-4.492462311557789079e+00,3.586465136501461259e+00
-8.199899095477386490e-01,6.569550182528129945e-01,-4.462311557788944505e+00,3.575090298993861548e+00
-8.144494371859297699e-01,6.548048123736837089e-01,-4.432160804020100819e+00,3.563389071412467857e+00
-8.089089648241206687e-01,6.525947160860429141e-01,-4.402010050251256246e+00,3.551361925598435221e+00
-8.033684924623116785e-01,6.503248549288677127e-01,-4.371859296482412560e+00,3.539009544723620060e+00
-7.978280201005025773e-01,6.479953927239164857e-01,-4.341708542713567986e+00,3.526332820291340653e+00
-7.922875477386934762e-01,6.456065310245926447e-01,-4.311557788944723413e+00,3.513332849137144720e+00
-7.867470753768844860e-01,6.431585085648080513e-01,-4.281407035175879727e+00,3.500010930429573452e+00
-7.812066030150753848e-01,6.406516007078469910e-01,-4.251256281407035154e+00,3.486368562670927318e+00
-7.756661306532662836e-01,6.380861188952293706e-01,-4.221105527638190580e+00,3.472407440698030534e+00
-7.701256582914572935e-01,6.354624100955749144e-01,-4.190954773869346894e+00,3.458129452682997318e+00
-7.645851859296481923e-01,6.327808562534661396e-01,-4.160804020100502321e+00,3.443536677133996804e+00
-7.590447135678393131e-01,6.300418737383123302e-01,-4.130653266331658635e+00,3.428631379896017517e+00
-7.535042412060302119e-01,6.272459127932131784e-01,-4.100502512562814061e+00,3.413416011151634066e+00
-7.479637688442212218e-01,6.243934569838219817e-01,-4.070351758793970376e+00,3.397893202421769843e+00
-7.424232964824121206e-01,6.214850226472096173e-01,-4.040201005025125802e+00,3.382065763566462824e+00
-7.368828241206030194e-01,6.185211583407287383e-01,-4.010050251256281229e+00,3.365936679785636265e+00
-7.313423517587940292e-01,6.155024442908757498e-01,-3.979899497487437099e+00,3.349509108619853848e+00
-7.258018793969849281e-01,6.124294918421561151e-01,-3.949748743718592969e+00,3.332786376951093921e+00
-7.202614070351759379e-01,6.093029429059468871e-01,-3.919597989949748840e+00,3.315771978003509091e+00
-7.147209346733668367e-01,6.061234694093610154e-01,-3.889447236180904710e+00,3.298469568344195135e+00
-7.091804623115578465e-01,6.028917727441104324e-01,-3.859296482412060580e+00,3.280882964883953257e+00
-7.036399899497487453e-01,5.996085832153696948e-01,-3.829145728643216007e+00,3.263016141878055887e+00
-6.980995175879397552e-01,5.962746594906405129e-01,-3.798994974874371877e+00,3.244873227927015602e+00
-6.925590452261306540e-01,5.928907880486136150e-01,-3.768844221105527748e+00,3.226458502977343379e+00
-6.870185728643216638e-01,5.894577826280342769e-01,-3.738693467336683618e+00,3.207776395322320173e+00
-6.814781005025126737e-01,5.859764836765644080e-01,-3.708542713567839488e+00,3.188831478602758729e+00
-6.759376281407035725e-01,5.824477577996469702e-01,-3.678391959798994915e+00,3.169628468807769828e+00
-6.703971557788944713e-01,5.788724972093696186e-01,-3.648241206030150785e+00,3.150172221275527207e+00
-6.648566834170854811e-01,5.752516191733280104e-01,-3.618090452261306655e+00,3.130467727694033808e+00
-6.593162110552764910e-01,5.715860654634891125e-01,-3.587939698492462526e+00,3.110520113101884032e+00
-6.537757386934673898e-01,5.678768018050557309e-01,-3.557788944723618396e+00,3.090334632889032207e+00
-6.482352663316582886e-01,5.641248173253291531e-01,-3.527638190954773822e+00,3.069916669797556175e+00
-6.426947939698492984e-01,5.603311240025737883e-01,-3.497487437185929693e+00,3.049271730922424428e+00
-6.371543216080401972e-01,5.564967561148795872e-01,-3.467336683417085563e+00,3.028405444712256589e+00
-6.316138492462312071e-01,5.526227696890266827e-01,-3.437185929648241434e+00,3.007323557970094985e+00
-6.260733768844222169e-01,5.487102419493484762e-01,-3.407035175879397304e+00,2.986031932854164683e+00
-6.205329045226131157e-01,5.447602707665949451e-01,-3.376884422110552730e+00,2.964536543878639741e+00
-6.149924321608040145e-01,5.407739741067972838e-01,-3.346733668341708601e+00,2.942843474914411228e+00
-6.094519597989950244e-01,5.367524894801308788e-01,-3.316582914572864471e+00,2.920958916189851262e+00
-6.039114874371860342e-01,5.326969733897783943e-01,-3.286432160804020342e+00,2.898889161291574368e+00
-5.983710150753769330e-01,5.286086007807945242e-01,-3.256281407035176212e+00,2.876640604165208170e+00
-5.928305427135678318e-01,5.244885644889683007e-01,-3.226130653266331638e+00,2.854219736116153427e+00
-5.872900703517588417e-01,5.203380746896881792e-01,-3.195979899497487509e+00,2.831633142810356052e+00
-5.817495979899498515e-01,5.161583583468045688e-01,-3.165829145728643379e+00,2.808887501275064480e+00
-5.762091256281407503e-01,5.119506586614938071e-01,-3.135678391959799249e+00,2.785989576899601250e+00
-5.706686532663316491e-01,5.077162345211214678e-01,-3.105527638190954676e+00,2.762946220436122591e+00
-5.651281809045226590e-01,5.034563599481066687e-01,-3.075376884422110546e+00,2.739764365000390001e+00
-5.595877085427135578e-01,4.991723235487850463e-01,-3.045226130653266416e+00,2.716451023072529836e+00
-5.540472361809045676e-01,4.948654279622723418e-01,-3.015075376884422287e+00,2.693013283497800447e+00
-5.485067638190955774e-01,4.905369893093285971e-01,-2.984924623115578157e+00,2.669458308487358877e+00
-5.429662914572864763e-01,4.861883366412212415e-01,-2.954773869346733584e+00,2.645793330619023997e+00
-5.374258190954773751e-01,4.818208113885890653e-01,-2.924623115577889454e+00,2.622025649838043648e+00
-5.318853467336683849e-01,4.774357668103053620e-01,-2.894472361809045324e+00,2.598162630457856892e+00
-5.263448743718593947e-01,4.730345674423421243e-01,-2.864321608040201195e+00,2.574211698160863371e+00
-5.208044020100502935e-01,4.686185885466328527e-01,-2.834170854271357065e+00,2.550180336999182895e+00
-5.152639296482411924e-01,4.641892155599373071e-01,-2.804020100502512491e+00,2.526076086395427023e+00
-5.097234572864322022e-01,4.597478435427040933e-01,-2.773869346733668362e+00,2.501906538143459979e+00
-5.041829849246231010e-01,4.552958766279346925e-01,-2.743718592964824232e+00,2.477679333409164464e+00
-4.986425125628141108e-01,4.508347274700471030e-01,-2.713567839195980103e+00,2.453402159731208343e+00
-4.931020402010051207e-01,4.463658166937395366e-01,-2.683417085427135973e+00,2.429082748021808680e+00
-4.875615678391959640e-01,4.418905723428533938e-01,-2.653266331658291399e+00,2.404728869567495320e+00
-4.820210954773869738e-01,4.374104293292381263e-01,-2.623115577889447270e+00,2.380348333029882024e+00
-4.764806231155779281e-01,4.329268288816134347e-01,-2.592964824120603140e+00,2.355948981446423840e+00
-4.709401507537688825e-01,4.284412179944337429e-01,-2.562814070351759010e+00,2.331538689231187345e+00
-4.653996783919598923e-01,4.239550488767518943e-01,-2.532663316582914881e+00,2.307125359175615120e+00
-4.598592060301507356e-01,4.194697784010819053e-01,-2.502512562814070307e+00,2.282716919449288895e+00
-4.543187336683417454e-01,4.149868675522636052e-01,-2.472361809045226178e+00,2.258321320600697568e+00
-4.487782613065326998e-01,4.105077808763256675e-01,-2.442211055276382048e+00,2.233946532558000797e+00
-4.432377889447236541e-01,4.060339859293494169e-01,-2.412060301507537918e+00,2.209600541629794357e+00
-4.376973165829146639e-01,4.015669527263319716e-01,-2.381909547738693789e+00,2.185291347505874171e+00
-4.321568442211055627e-01,3.971081531900508832e-01,-2.351758793969849215e+00,2.161026960258005669e+00
-4.266163718592965171e-01,3.926590605999268346e-01,-2.321608040201005085e+00,2.136815397340684264e+00
-4.210758994974874714e-01,3.882211490408872812e-01,-2.291457286432160956e+00,2.112664680591901600e+00
-4.155354271356784257e-01,3.837958928522306468e-01,-2.261306532663316826e+00,2.088582833233913139e+00
-4.099949547738694355e-01,3.793847660764894658e-01,-2.231155778894472697e+00,2.064577876874000406e+00
-4.044544824120603344e-01,3.749892419082939687e-01,-2.201005025125628123e+00,2.040657828505237692e+00
-3.989140100502512887e-01,3.706107921432366115e-01,-2.170854271356783993e+00,2.016830697507260073e+00
-3.933735376884422430e-01,3.662508866267338292e-01,-2.140703517587939864e+00,1.993104482647020337e+00
-3.878330653266331973e-01,3.619109927028916207e-01,-2.110552763819095734e+00,1.969487169079564115e+00
-3.822925929648242072e-01,3.575925746633679125e-01,-2.080402010050251604e+00,1.945986725348787694e+00
-3.767521206030151060e-01,3.532970931962369221e-01,-2.050251256281407031e+00,1.922611100388209149e+00
-3.712116482412060603e-01,3.490260048348515221e-01,-2.020100502512562901e+00,1.899368220521724160e+00
-3.656711758793970146e-01,3.447807614067089355e-01,-1.989949748743718771e+00,1.876265986464385138e+00
-3.601307035175879134e-01,3.405628094823122676e-01,-1.959798994974874198e+00,1.853312270323152822e+00
-3.545902311557789788e-01,3.363735898240354794e-01,-1.929648241206030512e+00,1.830514912597671184e+00
-3.490497587939698776e-01,3.322145368349859740e-01,-1.899497487437185939e+00,1.807881719181025026e+00
-3.435092864321608874e-01,3.280870780078695148e-01,-1.869346733668342253e+00,1.785420458360513107e+00
-3.379688140703517862e-01,3.239926333738525344e-01,-1.839195979899497679e+00,1.763138857818406402e+00
-3.324283417085426851e-01,3.199326149514259421e-01,-1.809045226130653106e+00,1.741044601632714128e+00
-3.268878693467337504e-01,3.159084261952704309e-01,-1.778894472361809420e+00,1.719145327277958657e+00
-3.213473969849246492e-01,3.119214614451171208e-01,-1.748743718592964846e+00,1.697448622625923775e+00
-3.158069246231157146e-01,3.079731053746142533e-01,-1.718592964824121161e+00,1.675962022946436702e+00
-3.102664522613065579e-01,3.040647324401878349e-01,-1.688442211055276587e+00,1.654693007908117686e+00
-3.047259798994974567e-01,3.001977063299079429e-01,-1.658291457286432014e+00,1.633648998579160461e+00
-2.991855075376885220e-01,2.963733794123509790e-01,-1.628140703517588328e+00,1.612837354428087622e+00
-2.936450351758794208e-01,2.925930921854631439e-01,-1.597989949748743754e+00,1.592265370324518203e+00
-2.881045628140704862e-01,2.888581727254241338e-01,-1.567839195979900069e+00,1.571940273539930821e+00
-2.825640904522613295e-01,2.851699361355116702e-01,-1.537688442211055495e+00,1.551869220748435030e+00
-2.770236180904522283e-01,2.815296839949635310e-01,-1.507537688442210921e+00,1.532059295027528023e+00
-2.714831457286432936e-01,2.779387038078436900e-01,-1.477386934673367236e+00,1.512517502858873319e+00
-2.659426733668341924e-01,2.743982684519015725e-01,-1.447236180904522662e+00,1.493250771129041699e+00
-2.604022010050252578e-01,2.709096356274414696e-01,-1.417085427135678977e+00,1.474265944130308981e+00
-2.548617286432161566e-01,2.674740473061801849e-01,-1.386934673366834403e+00,1.455569780561388527e+00
-2.493212562814070277e-01,2.640927291801162258e-01,-1.356783919597989829e+00,1.437168950528225686e+00
-2.437807839195980653e-01,2.607668901103891712e-01,-1.326633165829146144e+00,1.419070032544741622e+00
-2.382403115577889641e-01,2.574977215761442007e-01,-1.296482412060301570e+00,1.401279510533602224e+00
-2.326998391959800294e-01,2.542863971233977893e-01,-1.266331658291457885e+00,1.383803770826995017e+00
-2.271593668341709005e-01,2.511340718138996841e-01,-1.236180904522613311e+00,1.366649099167386083e+00
-2.216188944723617993e-01,2.480418816739961008e-01,-1.206030150753768737e+00,1.349821677708281431e+00
-2.160784221105528369e-01,2.450109431434930596e-01,-1.175879396984925052e+00,1.333327582014992796e+00
-2.105379497487437357e-01,2.420423525245236629e-01,-1.145728643216080478e+00,1.317172778065420768e+00
-2.049974773869348010e-01,2.391371854304059907e-01,-1.115577889447236792e+00,1.301363119250790401e+00
-1.994570050251256721e-01,2.362964962345112663e-01,-1.085427135678392219e+00,1.285904343376440107e+00
-1.939165326633165709e-01,2.335213175191254709e-01,-1.055276381909547645e+00,1.270802069662576805e+00
-1.883760603015076363e-01,2.308126595243132906e-01,-1.025125628140703959e+00,1.256061795745042620e+00
-1.828355879396985073e-01,2.281715095967819240e-01,-9.949748743718593857e-01,1.241688894676080679e+00
-1.772951155778895727e-01,2.255988316387439740e-01,-9.648241206030157002e-01,1.227688611925097373e+00
-1.717546432160804437e-01,2.230955655567819218e-01,-9.346733668341711265e-01,1.214066062379431266e+00
-1.662141708542713425e-01,2.206626267107128503e-01,-9.045226130653265528e-01,1.200826227345125119e+00
-1.606736984924624079e-01,2.183009053624473950e-01,-8.743718592964828673e-01,1.187973951547665052e+00
-1.551332261306532789e-01,2.160112661248596300e-01,-8.442211055276382936e-01,1.175513940132780544e+00
-1.495927537688443443e-01,2.137945474106461574e-01,-8.140703517587946081e-01,1.163450755667184477e+00
-1.440522814070352431e-01,2.116515608811927185e-01,-7.839195979899500344e-01,1.151788815139354938e+00
-1.385118090452261141e-01,2.095830908954338101e-01,-7.537688442211054607e-01,1.140532386960278366e+00
-1.329713366834171795e-01,2.075898939587201841e-01,-7.236180904522617752e-01,1.129685587964236682e+00
-1.274308643216080783e-01,2.056726981716828218e-01,-6.934673366834172015e-01,1.119252380409573533e+00
-1.218903919597991159e-01,2.038322026790912178e-01,-6.633165829145735159e-01,1.109236568979430793e+00
-1.163499195979900147e-01,2.020690771187231838e-01,-6.331658291457289423e-01,1.099641797782547670e+00
-1.108094472361808996e-01,2.003839610702244090e-01,-6.030150753768843686e-01,1.090471547354003867e+00
-1.052689748743719511e-01,1.987774635039752380e-01,-5.728643216080406830e-01,1.081729131656001819e+00
-9.972850251256283605e-02,1.972501622299512591e-01,-5.427135678391961093e-01,1.073417695078615175e+00
-9.418803015075388751e-02,1.958026033465876115e-01,-5.125628140703524238e-01,1.065540209440558606e+00
-8.864755778894478633e-02,1.944353006896447633e-01,-4.824120603015078501e-01,1.058099470989963820e+00
-8.310708542713567126e-02,1.931487352810687674e-01,-4.522613065326632764e-01,1.051098097405127163e+00
-7.756661306532672273e-02,1.919433547778591764e-01,-4.221105527638195909e-01,1.044538524795298073e+00
-7.202614070351762154e-02,1.908195729209278269e-01,-3.919597989949750172e-01,1.038423004701417796e+00
-6.648566834170867301e-02,1.897777689839653947e-01,-3.618090452261313317e-01,1.032753601096900731e+00
-6.094519597989955795e-02,1.888182872223043152e-01,-3.316582914572867580e-01,1.027532187388396245e+00
-5.540472361809044982e-02,1.879414363217843664e-01,-3.015075376884421843e-01,1.022760443416563803e+00
-4.986425125628150129e-02,1.871474888476107601e-01,-2.713567839195984988e-01,1.018439852456809014e+00
-4.432377889447239316e-02,1.864366806932238607e-01,-2.412060301507539251e-01,1.014571698220080975e+00
-3.878330653266328504e-02,1.858092105291598295e-01,-2.110552763819093514e-01,1.011157061853622530e+00
-3.324283417085433651e-02,1.852652392519153757e-01,-1.809045226130656658e-01,1.008196818941740958e+00
-2.770236180904522491e-02,1.848048894328101210e-01,-1.507537688442210921e-01,1.005691636506566233e+00
-2.216188944723627638e-02,1.844282447668491032e-01,-1.206030150753774066e-01,1.003641970008811057e+00
-1.662141708542716825e-02,1.841353495215917457e-01,-9.045226130653283292e-02,1.002048060348563752e+00
-1.108094472361805666e-02,1.839262079860065069e-01,-6.030150753768825922e-02,1.000909930866006547e+00
-5.540472361809109861e-03,1.838007839193464277e-01,-3.015075376884457370e-02,1.000227384342244008e+00
0.000000000000000000e+00,1.837590000000000889e-01,0.000000000000000000e+00,1.000000000000000444e+00
6.555024325710699304e-03,1.838339816020471140e-01,3.567185457969786200e-02,1.000408043154605187e+00
1.311004865142139861e-02,1.840196247957627818e-01,7.134370915939572400e-02,1.001418296767846883e+00
1.966507297713209965e-02,1.843126420718184666e-01,1.070155637390935860e-01,1.003012870508755761e+00
2.622009730284279722e-02,1.847169603553972805e-01,1.426874183187914480e-01,1.005213134352044069e+00
3.277512162855349825e-02,1.852338929151730318e-01,1.783592728984892961e-01,1.008026234988071534e+00
3.933014595426419929e-02,1.858669902429658793e-01,2.140311274781871720e-01,1.011471493874944283e+00
4.588517027997490033e-02,1.866186395239486651e-01,2.497029820578850479e-01,1.015561901860309701e+00
5.244019460568559443e-02,1.874930336138013742e-01,2.853748366375828960e-01,1.020320276088797717e+00
5.899521893139629547e-02,1.884992898389296900e-01,3.210466912172807441e-01,1.025796232233140648e+00
6.555024325710699651e-02,1.896444154546690075e-01,3.567185457969785922e-01,1.032027903148520664e+00
7.210526758281769755e-02,1.909378394647467947e-01,3.923904003766764959e-01,1.039066600627706949e+00
7.866029190852839859e-02,1.923946606338464149e-01,4.280622549563743440e-01,1.046994490794172838e+00
8.521531623423908575e-02,1.940297550370975177e-01,4.637341095360721921e-01,1.055892527914809698e+00
9.177034055994980066e-02,1.958491535358091729e-01,4.994059641157700957e-01,1.065793531396063143e+00
9.832536488566048782e-02,1.978358436958808364e-01,5.350778186954678883e-01,1.076604921097093603e+00
1.048803892113711889e-01,1.999541769362318810e-01,5.707496732751657920e-01,1.088132700636332828e+00
1.114354135370819038e-01,2.021707097879443804e-01,6.064215278548636956e-01,1.100194873654865235e+00
1.179904378627925909e-01,2.044614122691498226e-01,6.420933824345614882e-01,1.112660671146174174e+00
1.245454621885032920e-01,2.068102391831516396e-01,6.777652370142593918e-01,1.125442776588638560e+00
1.311004865142139930e-01,2.092057543294540134e-01,7.134370915939571844e-01,1.138478955204664800e+00
1.376555108399246941e-01,2.116391352193865150e-01,7.491089461736550881e-01,1.151721195802037023e+00
1.442105351656353951e-01,2.141041172327177722e-01,7.847808007533529917e-01,1.165135406879215463e+00
1.507655594913460961e-01,2.165956454429092681e-01,8.204526553330507843e-01,1.178694079979262233e+00
1.573205838170567972e-01,2.191092843025634895e-01,8.561245099127486879e-01,1.192373077250983515e+00
1.638756081427674982e-01,2.216414162738432614e-01,8.917963644924465916e-01,1.206152712377860370e+00
1.704306324684781715e-01,2.241891508876527883e-01,9.274682190721443842e-01,1.220017255686267177e+00
1.769856567941889003e-01,2.267498892623544260e-01,9.631400736518422878e-01,1.233952564295378362e+00
1.835406811198996013e-01,2.293211874952450213e-01,9.988119282315401914e-01,1.247945338705832130e+00
1.900957054456103024e-01,2.319011535874053453e-01,1.034483782811238095e+00,1.261985282829169330e+00
1.966507297713209756e-01,2.344882469970603345e-01,1.070155637390935777e+00,1.276064013175193246e+00
2.032057540970316767e-01,2.370808119420904081e-01,1.105827491970633680e+00,1.290172519126085771e+00
2.097607784227423777e-01,2.396772434394672247e-01,1.141499346550331584e+00,1.304302066508128632e+00
2.163158027484531065e-01,2.422762821872417871e-01,1.177171201130029488e+00,1.318445802313039206e+00
2.228708270741638076e-01,2.448770660829853452e-01,1.212843055709727391e+00,1.332599035056706516e+00
2.294258513998744808e-01,2.474788577266712752e-01,1.248514910289425073e+00,1.346757751874309683e+00
2.359808757255851819e-01,2.500805485549997265e-01,1.284186764869122976e+00,1.360915920063777707e+00
2.425359000512958829e-01,2.526808172868739710e-01,1.319858619448820880e+00,1.375066349331863780e+00
2.490909243770065840e-01,2.552789100996127880e-01,1.355530474028518784e+00,1.389204937443133669e+00
2.556459487027172850e-01,2.578746640403398183e-01,1.391202328608216687e+00,1.403330797622645898e+00
2.622009730284279860e-01,2.604676603775336052e-01,1.426874183187914369e+00,1.417441651171009731e+00
2.687559973541386871e-01,2.630569361800557115e-01,1.462546037767612273e+00,1.431532257903317396e+00
2.753110216798493881e-01,2.656416442894902197e-01,1.498217892347310176e+00,1.445598007659435469e+00
2.818660460055600891e-01,2.682215134915953980e-01,1.533889746927008080e+00,1.459637424515780824e+00
2.884210703312707902e-01,2.707964492025065617e-01,1.569561601506705983e+00,1.473649993755443699e+00
2.949760946569814912e-01,2.733659870014775728e-01,1.605233456086403887e+00,1.487633188042368326e+00
3.015311189826921923e-01,2.759293670379804886e-01,1.640905310666101569e+00,1.501582872338119268e+00
3.080861433084028933e-01,2.784860079276012534e-01,1.676577165245799472e+00,1.515495882800849126e+00
3.146411676341135943e-01,2.810357367195920886e-01,1.712249019825497376e+00,1.529371278248097266e+00
3.211961919598242954e-01,2.835785582982771058e-01,1.747920874405195280e+00,1.543209085259916957e+00
3.277512162855349964e-01,2.861143494386517716e-01,1.783592728984893183e+00,1.557008633256884211e+00
3.343062406112456419e-01,2.886427854756937750e-01,1.819264583564590865e+00,1.570768155441060188e+00
3.408612649369563430e-01,2.911634639914609801e-01,1.854936438144288768e+00,1.584485461890089431e+00
3.474162892626670995e-01,2.936760291056698668e-01,1.890608292723986672e+00,1.598158615935381999e+00
3.539713135883778006e-01,2.961802153474155652e-01,1.926280147303684576e+00,1.611786172908078241e+00
3.605263379140885016e-01,2.986758458802831195e-01,1.961952001883382479e+00,1.625367170480265466e+00
3.670813622397992027e-01,3.011628217121524176e-01,1.997623856463080383e+00,1.638901069945702726e+00
3.736363865655099037e-01,3.036410908656633767e-01,2.033295711042778287e+00,1.652387588448257727e+00
3.801914108912206047e-01,3.061106073335841948e-01,2.068967565622476190e+00,1.665826475620699743e+00
3.867464352169312503e-01,3.085712964868458363e-01,2.104639420202173650e+00,1.679217325338328015e+00
3.933014595426419513e-01,3.110230512452217821e-01,2.140311274781871553e+00,1.692559554880151529e+00
3.998564838683526523e-01,3.134657485114537567e-01,2.175983129361569457e+00,1.705852494361929317e+00
4.064115081940633534e-01,3.158992655678716233e-01,2.211654983941267361e+00,1.719095475965104480e+00
4.129665325197740544e-01,3.183234875694184174e-01,2.247326838520965264e+00,1.732287874713175357e+00
4.195215568454847554e-01,3.207383081476098408e-01,2.282998693100663168e+00,1.745429111758389107e+00
4.260765811711954565e-01,3.231436293136312199e-01,2.318670547680361071e+00,1.758518653854402869e+00
4.326316054969062130e-01,3.255393613605142011e-01,2.354342402260058975e+00,1.771556012823938930e+00
4.391866298226169141e-01,3.279254227653148890e-01,2.390014256839756879e+00,1.784540745026446995e+00
4.457416541483276151e-01,3.303017400912914292e-01,2.425686111419454782e+00,1.797472450825763346e+00
4.522966784740383162e-01,3.326682478900814810e-01,2.461357965999152686e+00,1.810350774057768453e+00
4.588517027997489617e-01,3.350248886038797447e-01,2.497029820578850146e+00,1.823175401498047687e+00
4.654067271254596627e-01,3.373716124675530392e-01,2.532701675158548049e+00,1.835946062329208539e+00
4.719617514511703638e-01,3.397083773903983861e-01,2.568373529738245953e+00,1.848662527497419994e+00
4.785167757768810648e-01,3.420351486784356521e-01,2.604045384317943856e+00,1.861324608201152753e+00
4.850718001025917658e-01,3.443518985840215985e-01,2.639717238897641760e+00,1.873932153440221127e+00
4.916268244283024669e-01,3.466586058286595384e-01,2.675389093477339664e+00,1.886485047418953842e+00
4.981818487540131679e-01,3.489552551256597801e-01,2.711060948057037567e+00,1.898983206948556379e+00
5.047368730797239245e-01,3.512418367028004029e-01,2.746732802636735471e+00,1.911426578849473312e+00
5.112918974054345700e-01,3.535183458249866462e-01,2.782404657216433375e+00,1.923815137353743987e+00
5.178469217311453265e-01,3.557847823169116852e-01,2.818076511796131278e+00,1.936148881507363750e+00
5.244019460568559721e-01,3.580411500857164087e-01,2.853748366375828738e+00,1.948427832572643625e+00
5.309569703825666176e-01,3.602874566436505277e-01,2.889420220955526641e+00,1.960652031430572206e+00
5.375119947082773741e-01,3.625237126335026927e-01,2.925092075535224545e+00,1.972821535998251274e+00
5.440670190339880197e-01,3.647499314174123541e-01,2.960763930114922449e+00,1.984936418991245954e+00
5.506220433596987762e-01,3.669661288140192434e-01,2.996435784694620352e+00,1.996996766493174258e+00
5.571770676854094217e-01,3.691723228894525088e-01,3.032107639274318256e+00,2.009002676818291810e+00
5.637320920111201783e-01,3.713685337501363426e-01,3.067779493854016160e+00,2.020954259383955787e+00
5.702871163368309348e-01,3.735547833355921665e-01,3.103451348433714063e+00,2.032851633583074413e+00
5.768421406625415804e-01,3.757310952112431490e-01,3.139123203013411967e+00,2.044694927656567351e+00
5.833971649882523369e-01,3.778974943612175008e-01,3.174795057593109870e+00,2.056484277565819863e+00
5.899521893139629825e-01,3.800540069811524369e-01,3.210466912172807774e+00,2.068219825865140749e+00
5.965072136396736280e-01,3.822006602709974166e-01,3.246138766752505234e+00,2.079901720574216295e+00
6.030622379653843845e-01,3.843374822278276537e-01,3.281810621332203137e+00,2.091530114050618838e+00
6.096172622910950301e-01,3.864645014475330820e-01,3.317482475911901041e+00,2.103105161910617138e+00
6.161722866168057866e-01,3.885817470185295996e-01,3.353154330491598945e+00,2.114627022450762173e+00
6.227273109425164321e-01,3.906892485393140824e-01,3.388826185071296848e+00,2.126095856743419610e+00
6.292823352682271887e-01,3.927870361608211680e-01,3.424498039650994752e+00,2.137511828867272534e+00
6.358373595939378342e-01,3.948751406290446631e-01,3.460169894230692655e+00,2.148875106139262137e+00
6.423923839196485908e-01,3.969535933276604478e-01,3.495841748810390559e+00,2.160185859346537729e+00
6.489474082453592363e-01,3.990224263206466060e-01,3.531513603390088463e+00,2.171444262978393436e+00
6.555024325710699928e-01,4.010816723949059970e-01,3.567185457969786366e+00,2.182650495458214213e+00
6.620574568967807494e-01,4.031313651028879952e-01,3.602857312549484270e+00,2.193804739375420976e+00
6.686124812224912839e-01,4.051715388052092859e-01,3.638529167129181729e+00,2.204907181717408626e+00
6.751675055482020404e-01,4.072022287132734952e-01,3.674201021708879633e+00,2.215958014101477858e+00
6.817225298739126860e-01,4.092234709278686489e-01,3.709872876288577537e+00,2.226957432984880469e+00
6.882775541996234425e-01,4.112353024331757423e-01,3.745544730868275440e+00,2.237905639632212562e+00
6.948325785253341991e-01,4.132377610276573021e-01,3.781216585447973344e+00,2.248802839739317605e+00
7.013876028510448446e-01,4.152308852415579343e-01,3.816888440027671248e+00,2.259649242984332229e+00
7.079426271767556011e-01,4.172147142542447784e-01,3.852560294607369151e+00,2.270445062577858941e+00
7.144976515024662467e-01,4.191892878115440202e-01,3.888232149187067055e+00,2.281190514813119297e+00
7.210526758281770032e-01,4.211546461430814570e-01,3.923904003766764959e+00,2.291885818616130166e+00
7.276077001538876488e-01,4.231108298796200651e-01,3.959575858346462862e+00,2.302531195095859573e+00
7.341627244795984053e-01,4.250578799703991217e-01,3.995247712926160766e+00,2.313126867094395855e+00
7.407177488053090508e-01,4.269958376004727163e-01,4.030919567505858225e+00,2.323673058737110608e+00
7.472727731310198074e-01,4.289247441080493717e-01,4.066591422085556573e+00,2.334169994982827401e+00
7.538277974567304529e-01,4.308446409023797830e-01,4.102263276665254033e+00,2.344617901176975217e+00
7.603828217824412095e-01,4.327555693987544805e-01,4.137935131244952380e+00,2.355017002697851414e+00
7.669378461081518550e-01,4.346575710018904526e-01,4.173606985824649840e+00,2.365367524866213156e+00
7.734928704338625005e-01,4.365506871105426234e-01,4.209278840404347299e+00,2.375669692970372004e+00
7.800478947595732571e-01,4.384349591230815024e-01,4.244950694984045647e+00,2.385923732296548749e+00
7.866029190852839026e-01,4.403104284430695015e-01,4.280622549563743107e+00,2.396129868159216691e+00
7.931579434109946591e-01,4.421771364848391950e-01,4.316294404143441454e+00,2.406288325931460026e+00
7.997129677367053047e-01,4.440351246790696926e-01,4.351966258723138914e+00,2.416399331075319790e+00
8.062679920624160612e-01,4.458844344783640112e-01,4.387638113302837262e+00,2.426463109172143806e+00
8.128230163881267067e-01,4.477251073628257805e-01,4.423309967882534721e+00,2.436479885952937074e+00
8.193780407138374633e-01,4.495571848456378916e-01,4.458981822462233069e+00,2.446449887328717931e+00
8.259330650395481088e-01,4.513807084786374269e-01,4.494653677041930528e+00,2.456373339420857782e+00
8.324880893652589764e-01,4.531957198568538625e-01,4.530325531621628876e+00,2.466250468585777345e+00
8.390431136909695109e-01,4.550022606089709210e-01,4.565997386201326336e+00,2.476081501363040172e+00
8.455981380166801564e-01,4.568003723647536263e-01,4.601669240781023795e+00,2.485866664298094886e+00
8.521531623423909130e-01,4.585900967167333420e-01,4.637341095360722143e+00,2.495606183733767303e+00
8.587081866681015585e-01,4.603714751817966633e-01,4.673012949940419603e+00,2.505300285601231192e+00
8.652632109938124261e-01,4.621445491627737545e-01,4.708684804520117950e+00,2.514949195210975930e+00
8.718182353195229606e-01,4.639093599100252985e-01,4.744356659099815410e+00,2.524553137043765272e+00
8.783732596452338282e-01,4.656659484830324991e-01,4.780028513679513757e+00,2.534112334541614331e+00
8.849282839709444737e-01,4.674143557119839754e-01,4.815700368259211217e+00,2.543627009898747460e+00
8.914833082966552302e-01,4.691546221593642652e-01,4.851372222838909565e+00,2.553097383852569013e+00
8.980383326223658758e-01,4.708867880815422180e-01,4.887044077418607024e+00,2.562523675474628337e+00
9.045933569480766323e-01,4.726108933903592213e-01,4.922715931998305372e+00,2.571906101961586533e+00
9.111483812737872778e-01,4.743269776165124907e-01,4.958387786578002832e+00,2.581244878435954071e+00
9.177034055994979234e-01,4.760350799009498424e-01,4.994059641157700291e+00,2.590540217899258479e+00
9.242584299252086799e-01,4.777352390369670188e-01,5.029731495737398639e+00,2.599792331461136641e+00
9.308134542509193254e-01,4.794274935263940218e-01,5.065403350317096098e+00,2.609001428645095100e+00
9.373684785766300820e-01,4.811118816360772654e-01,5.101075204896794446e+00,2.618167717695880192e+00
9.439235029023407275e-01,4.827884414543606728e-01,5.136747059476491906e+00,2.627291405886844622e+00
9.504785272280514841e-01,4.844572109475692723e-01,5.172418914056190253e+00,2.636372699827324251e+00
9.570335515537621296e-01,4.861182280164884073e-01,5.208090768635887713e+00,2.645411805769994462e+00
9.635885758794728861e-01,4.877715305528484424e-01,5.243762623215586061e+00,2.654408929918254056e+00
9.701436002051835317e-01,4.894171564958048060e-01,5.279434477795283520e+00,2.663364278733584722e+00
9.766986245308942882e-01,4.910551438884203090e-01,5.315106332374981868e+00,2.672278059242922943e+00
9.832536488566049337e-01,4.926855309341474642e-01,5.350778186954679327e+00,2.681150479346031901e+00
9.898086731823155793e-01,4.943083560529700216e-01,5.386450041534376787e+00,2.689981748121017091e+00
9.963636975080263358e-01,4.959236579193042060e-01,5.422121896114075135e+00,2.698772076030584444e+00
1.002918721833736981e+00,4.975314754300586562e-01,5.457793750693772594e+00,2.707521674748222473e+00
1.009473746159447849e+00,4.991318476318153396e-01,5.493465605273470942e+00,2.716230756761929044e+00
1.016028770485158494e+00,5.007248136451687426e-01,5.529137459853168401e+00,2.724899534962470948e+00
1.022583794810869140e+00,5.023104125890652805e-01,5.564809314432866749e+00,2.733528222231647042e+00
1.029138819136579786e+00,5.038886835051413771e-01,5.600481169012564209e+00,2.742117031030542051e+00
1.035693843462290653e+00,5.054596652820622094e-01,5.636153023592262556e+00,2.750666172987783931e+00
1.042248867788001299e+00,5.070233965798587317e-01,5.671824878171960016e+00,2.759175858487795008e+00
1.048803892113711944e+00,5.085799157542690851e-01,5.707496732751657476e+00,2.767646296259062222e+00
1.055358916439422590e+00,5.101292607810743451e-01,5.743168587331355823e+00,2.776077692962381605e+00
1.061913940765133235e+00,5.116714691804389314e-01,5.778840441911053283e+00,2.784470252779123189e+00
1.068468965090844103e+00,5.132065779412481321e-01,5.814512296490751631e+00,2.792824176999483932e+00
1.075023989416554748e+00,5.147346234470490112e-01,5.850184151070449090e+00,2.801139663619463427e+00
1.081579013742265394e+00,5.162556414344571243e-01,5.885856005650147438e+00,2.809416907114520079e+00
1.088134038067976039e+00,5.177696670217833974e-01,5.921527860229844897e+00,2.817656098595352265e+00
1.094689062393686907e+00,5.192767347611714213e-01,5.957199714809543245e+00,2.825857426091627822e+00
1.101244086719397552e+00,5.207768786914248604e-01,5.992871569389240705e+00,2.834021074839462528e+00
1.107799111045108198e+00,5.222701323908359727e-01,6.028543423968939052e+00,2.842147227568913692e+00
1.114354135370818843e+00,5.237565290300132403e-01,6.064215278548636512e+00,2.850236064791456414e+00
1.120909159696529489e+00,5.252361014247101112e-01,6.099887133128333971e+00,2.858287765087479393e+00
1.127464184022240357e+00,5.267088820886518530e-01,6.135558987708032319e+00,2.866302505393759414e+00
1.134019208347951002e+00,5.281749032863649607e-01,6.171230842287729779e+00,2.874280461290956712e+00
1.140574232673661870e+00,5.296341970860040105e-01,6.206902696867428126e+00,2.882221807291093452e+00
1.147129256999372293e+00,5.310867954121805123e-01,6.242574551447125586e+00,2.890126717125041544e+00
1.153684281325083161e+00,5.325327300987909851e-01,6.278246406026823934e+00,2.897995364030011789e+00
1.160239305650793806e+00,5.339720329409699540e-01,6.313918260606521393e+00,2.905827921032275718e+00
1.166794329976504674e+00,5.354047357288819198e-01,6.349590115186219741e+00,2.913624561131057167e+00
1.173349354302215319e+00,5.368308702415727218e-01,6.385261969765917200e+00,2.921385457265074148e+00
1.179904378627925965e+00,5.382504682272208907e-01,6.420933824345615548e+00,2.929110782205066599e+00
1.186459402953636610e+00,5.396635613829757760e-01,6.456605678925313008e+00,2.936800708444080588e+00
1.193014427279347256e+00,5.410701813347985611e-01,6.492277533505010467e+00,2.944455408087759185e+00
1.199569451605058124e+00,5.424703596172990583e-01,6.527949388084708815e+00,2.952075052744622230e+00
1.206124475930768769e+00,5.438641276535772784e-01,6.563621242664406275e+00,2.959659813416362084e+00
1.212679500256479415e+00,5.452515167350611147e-01,6.599293097244104622e+00,2.967209860388122955e+00
1.219234524582190060e+00,5.466325580013454699e-01,6.634964951823802082e+00,2.974725363118788657e+00
1.225789548907900928e+00,5.480072824200331594e-01,6.670636806403500429e+00,2.982206490131276144e+00
1.232344573233611573e+00,5.493757207665715958e-01,6.706308660983197889e+00,2.989653408902810394e+00
1.238899597559322219e+00,5.507379036040940257e-01,6.741980515562896237e+00,2.997066285755222825e+00
1.245454621885032864e+00,5.520938612633500275e-01,6.777652370142593696e+00,3.004445285745731997e+00
1.252009646210743732e+00,5.534436238276326803e-01,6.813324224722292044e+00,3.011790572584922110e+00
1.258564670536454377e+00,5.547872211370101780e-01,6.848996079301989504e+00,3.019102308659767253e+00
1.265119694862165023e+00,5.561246828039317913e-01,6.884667933881686963e+00,3.026380655118561691e+00
1.271674719187875668e+00,5.574560382296407379e-01,6.920339788461385311e+00,3.033625771960234196e+00
1.278229743513586314e+00,5.587813166205832793e-01,6.956011643041082770e+00,3.040837818123647285e+00
1.284784767839297182e+00,5.601005470048193713e-01,6.991683497620781118e+00,3.048016951576899114e+00
1.291339792165007827e+00,5.614137582484327593e-01,7.027355352200478578e+00,3.055163329406628936e+00
1.297894816490718473e+00,5.627209790719417404e-01,7.063027206780176925e+00,3.062277107907322993e+00
1.304449840816429118e+00,5.640222380667087032e-01,7.098699061359874385e+00,3.069358442670610199e+00
1.311004865142139986e+00,5.653175637113511121e-01,7.134370915939572733e+00,3.076407488674574253e+00
1.317559889467850631e+00,5.666069843881517132e-01,7.170042770519270192e+00,3.083424400373052432e+00
1.324114913793561499e+00,5.678905283994689634e-01,7.205714625098968540e+00,3.090409331784940594e+00
1.330669938119271922e+00,5.691682239841464597e-01,7.241386479678665999e+00,3.097362436583495082e+00
1.337224962444982568e+00,5.704400993326408376e-01,7.277058334258363459e+00,3.104283868178651318e+00
1.343779986770693435e+00,5.717061825852882695e-01,7.312730188838061807e+00,3.111173779707596676e+00
1.350335011096404081e+00,5.729665018035318136e-01,7.348402043417759266e+00,3.118032323878187295e+00
1.356890035422114948e+00,5.742210849345620316e-01,7.384073897997457614e+00,3.124859652776527774e+00
1.363445059747825372e+00,5.754699597758486940e-01,7.419745752577155073e+00,3.131655917673957124e+00
1.370000084073536240e+00,5.767131539396754825e-01,7.455417607156853421e+00,3.138421268834046263e+00
1.376555108399246885e+00,5.779506948176700298e-01,7.491089461736550881e+00,3.145155855319575977e+00
1.383110132724957753e+00,5.791826095453387335e-01,7.526761316316249228e+00,3.151859824799540188e+00
1.389665157050668398e+00,5.804089249665987937e-01,7.562433170895946688e+00,3.158533323356128353e+00
1.396220181376379044e+00,5.816296675983110287e-01,7.598105025475645036e+00,3.165176495291719405e+00
1.402775205702089689e+00,5.828448635948122458e-01,7.633776880055342495e+00,3.171789482935868154e+00
1.409330230027800335e+00,5.840545387124479459e-01,7.669448734635039955e+00,3.178372426452298782e+00
1.415885254353511202e+00,5.852587182741065819e-01,7.705120589214738303e+00,3.184925463645897903e+00
1.422440278679221848e+00,5.864574271337679168e-01,7.740792443794435762e+00,3.191448729769795989e+00
1.428995303004932493e+00,5.876506896463714602e-01,7.776464298374134110e+00,3.197942357361388765e+00
1.435550327330643139e+00,5.888385296778424483e-01,7.812136152953831569e+00,3.204406476296902007e+00
1.442105351656354006e+00,5.900209706573759094e-01,7.847808007533529917e+00,3.210841214075914163e+00
1.448660375982064652e+00,5.911980356360556632e-01,7.883479862113227377e+00,3.217246696140355855e+00
1.455215400307775298e+00,5.923697473455042939e-01,7.919151716692925724e+00,3.223623046193679009e+00
1.461770424633485943e+00,5.935361282565331242e-01,7.954823571272623184e+00,3.229970386520024217e+00
1.468325448959196811e+00,5.946972006377952980e-01,7.990495425852321532e+00,3.236288838303404525e+00
1.474880473284907234e+00,5.958529866144330889e-01,8.026167280432018103e+00,3.242578521946860359e+00
1.481435497610618102e+00,5.970035082267306503e-01,8.061839135011716451e+00,3.248839557391641542e+00
1.487990521936328747e+00,5.981487874887640999e-01,8.097510989591414798e+00,3.255072064436376422e+00
1.494545546262039615e+00,5.992888464470518262e-01,8.133182844171113146e+00,3.261276163056241018e+00
1.501100570587750038e+00,6.004237072392043517e-01,8.168854698750809717e+00,3.267451973722127256e+00
1.507655594913460906e+00,6.015533921525779704e-01,8.204526553330508065e+00,3.273599617719828547e+00
1.514210619239171773e+00,6.026779236828909703e-01,8.240198407910206413e+00,3.279719217469027281e+00
1.520765643564882419e+00,6.037973245859025173e-01,8.275870262489904761e+00,3.285810896804524095e+00
1.527320667890592842e+00,6.049116178800587607e-01,8.311542117069601332e+00,3.291874780990638794e+00
1.533875692216303710e+00,6.060208268003293153e-01,8.347213971649299680e+00,3.297910996469992195e+00
1.540430716542014578e+00,6.071249747452003298e-01,8.382885826228998027e+00,3.303919670575048428e+00
1.546985740867725001e+00,6.082240852236435735e-01,8.418557680808694599e+00,3.309900931239523114e+00
1.553540765193435647e+00,6.093181818020807494e-01,8.454229535388392947e+00,3.315854906709770678e+00
1.560095789519146514e+00,6.104072880513506938e-01,8.489901389968091294e+00,3.321781725256181872e+00
1.566650813844857382e+00,6.114914274936762428e-01,8.525573244547789642e+00,3.327681514884583969e+00
1.573205838170567805e+00,6.125706235496298779e-01,8.561245099127486213e+00,3.333554403047632508e+00
1.579760862496278673e+00,6.136448994851011474e-01,8.596916953707184561e+00,3.339400516356211934e+00
1.586315886821989318e+00,6.147142783582622005e-01,8.632588808286882909e+00,3.345219980290827344e+00
1.592870911147700186e+00,6.157787829665344326e-01,8.668260662866581256e+00,3.351012918913002459e+00
1.599425935473410609e+00,6.168384357935559059e-01,8.703932517446277828e+00,3.356779454576678479e+00
1.605980959799121477e+00,6.178932589561517696e-01,8.739604372025976176e+00,3.362519707639635147e+00
1.612535984124832122e+00,6.189432741548595018e-01,8.775276226605674523e+00,3.368233796194251450e+00
1.619091008450542768e+00,6.199885026589525561e-01,8.810948081185371095e+00,3.373921835986006368e+00
1.625646032776253413e+00,6.210289653356174666e-01,8.846619935765069442e+00,3.379583940572257195e+00
1.632201057101964281e+00,6.220646826874821622e-01,8.882291790344767790e+00,3.385220221526467732e+00
1.638756081427674927e+00,6.230956748902211073e-01,8.917963644924466138e+00,3.390830788642848148e+00
1.645311105753385572e+00,6.241219618301609984e-01,8.953635499504162709e+00,3.396415750141005496e+00
1.651866130079096218e+00,6.251435631418857941e-01,8.989307354083861057e+00,3.401975212870584908e+00
1.658421154404807085e+00,6.261604982458431889e-01,9.024979208663559405e+00,3.407509282515921445e+00
1.664976178730517953e+00,6.271727863859478669e-01,9.060651063243257752e+00,3.413018063800672852e+00
1.671531203056228376e+00,6.281804466671894183e-01,9.096322917822954324e+00,3.418501660692479849e+00
1.678086227381939022e+00,6.291834980932363708e-01,9.131994772402652671e+00,3.423960176607601991e+00
1.684641251707649889e+00,6.301819596040417748e-01,9.167666626982351019e+00,3.429393714615565969e+00
1.691196276033360313e+00,6.311758501134483446e-01,9.203338481562047591e+00,3.434802377643807247e+00
1.697751300359071180e+00,6.321651885467952647e-01,9.239010336141745938e+00,3.440186268682324577e+00
1.704306324684781826e+00,6.331499938776951053e-01,9.274682190721444286e+00,3.445545490983816350e+00
1.710861349010492694e+00,6.341302851484500458e-01,9.310354045301142634e+00,3.450880148174783280e+00
1.717416373336203117e+00,6.351060814556417355e-01,9.346025899880839205e+00,3.456190344177111129e+00
1.723971397661913985e+00,6.360774019242503297e-01,9.381697754460537553e+00,3.461476183067225598e+00
1.730526421987624852e+00,6.370442656814451210e-01,9.417369609040235900e+00,3.466737768933467745e+00
1.737081446313335498e+00,6.380066918303765044e-01,9.453041463619934248e+00,3.471975205733468517e+00
1.743636470639045921e+00,6.389646994239686073e-01,9.488713318199630820e+00,3.477188597151533056e+00
1.750191494964756789e+00,6.399183074387088110e-01,9.524385172779329167e+00,3.482378046456003684e+00
1.756746519290467656e+00,6.408675347484410478e-01,9.560057027359027515e+00,3.487543656356646427e+00
1.763301543616178080e+00,6.418124000981562105e-01,9.595728881938724086e+00,3.492685528862021105e+00
1.769856567941888947e+00,6.427529220777841168e-01,9.631400736518422434e+00,3.497803765136858978e+00
1.776411592267599593e+00,6.436891190959848075e-01,9.667072591098120782e+00,3.502898465359437274e+00
1.782966616593310460e+00,6.446210093539406216e-01,9.702744445677819130e+00,3.507969728578957280e+00
1.789521640919020884e+00,6.455486108191470507e-01,9.738416300257515701e+00,3.513017652572919314e+00
1.796076665244731752e+00,6.464719411992861930e-01,9.774088154837214049e+00,3.518042333704940461e+00
1.802631689570442397e+00,6.473910179220678796e-01,9.809760009416912396e+00,3.523043866815056102e+00
1.809186713896153265e+00,6.483058581417099342e-01,9.845431863996610744e+00,3.528022345254980152e+00
1.815741738221863688e+00,6.492164787633346590e-01,9.881103718576307315e+00,3.532977861020873078e+00
1.822296762547574556e+00,6.501228964688806622e-01,9.916775573156005663e+00,3.537910504894348662e+00
1.828851786873285201e+00,6.510251277430132433e-01,9.952447427735704011e+00,3.542820366583477210e+00
1.835406811198995847e+00,6.519231888990368873e-01,9.988119282315400582e+00,3.547707534863798973e+00
1.841961835524706492e+00,6.528170961048052057e-01,1.002379113689509893e+01,3.552572097719323363e+00
1.848516859850417360e+00,6.537068654086334307e-01,1.005946299147479728e+01,3.557414142483543262e+00
1.855071884176128227e+00,6.545925127652090225e-01,1.009513484605449563e+01,3.562233755980436456e+00
1.861626908501838651e+00,6.554740540615033861e-01,1.013080670063419220e+01,3.567031024665476835e+00
1.868181932827549296e+00,6.563515051426830338e-01,1.016647855521389054e+01,3.571806034766640270e+00
1.874736957153260164e+00,6.572248818380210800e-01,1.020215040979358889e+01,3.576558872425410929e+00
1.881291981478971032e+00,6.580941999868085146e-01,1.023782226437328724e+01,3.581289623837790259e+00
1.887847005804681455e+00,6.589594754642644769e-01,1.027349411895298381e+01,3.585998375395297533e+00
1.894402030130392101e+00,6.598207242063458544e-01,1.030916597353268216e+01,3.590685213819980515e+00
1.900957054456102968e+00,6.606779622209513203e-01,1.034483782811238051e+01,3.595350226225389356e+00
1.907512078781813392e+00,6.615312055783006961e-01,1.038050968269207708e+01,3.599993500064218033e+00
1.914067103107524259e+00,6.623804703964916163e-01,1.041618153727177543e+01,3.604615123049709879e+00
1.920622127433235127e+00,6.632257728269844721e-01,1.045185339185147377e+01,3.609215183076662559e+00
1.927177151758945772e+00,6.640671290400886884e-01,1.048752524643117212e+01,3.613793768142450791e+00
1.933732176084656196e+00,6.649045552104472234e-01,1.052319710101086869e+01,3.618350966268031321e+00
1.940287200410367063e+00,6.657380675025240668e-01,1.055886895559056704e+01,3.622886865418967428e+00
1.946842224736077931e+00,6.665676820560882954e-01,1.059454081017026539e+01,3.627401553426435221e+00
1.953397249061788576e+00,6.673934149717007935e-01,1.063021266474996374e+01,3.631895117908242820e+00
1.959952273387499000e+00,6.682152822961987537e-01,1.066588451932966031e+01,3.636367646189839320e+00
1.966507297713209867e+00,6.690333000081826187e-01,1.070155637390935865e+01,3.640819225225336631e+00
1.973062322038920735e+00,6.698474840035012479e-01,1.073722822848905700e+01,3.645249941518517556e+00
1.979617346364631159e+00,6.706578500807367504e-01,1.077290008306875357e+01,3.649659881043849197e+00
1.986172370690342026e+00,6.714644139267242906e-01,1.080857193764845192e+01,3.654049129167683319e+00
1.992727395016052672e+00,6.722671911038986536e-01,1.084424379222815027e+01,3.658417770579392769e+00
1.999282419341763539e+00,6.730661970447530118e-01,1.087991564680784862e+01,3.662765889261222263e+00
2.005837443667473963e+00,6.738614470505231990e-01,1.091558750138754519e+01,3.667093568481125665e+00
2.012392467993184830e+00,6.746529562901706356e-01,1.095125935596724354e+01,3.671400890787229976e+00
2.018947492318895698e+00,6.754407397993669182e-01,1.098693121054694188e+01,3.675687938002312194e+00
2.025502516644606565e+00,6.762248124794779658e-01,1.102260306512664023e+01,3.679954791218269072e+00
2.032057540970316989e+00,6.770051890965465002e-01,1.105827491970633680e+01,3.684201530790581547e+00
2.038612565296027412e+00,6.777818842802765253e-01,1.109394677428603515e+01,3.688428236332786714e+00
2.045167589621738280e+00,6.785549125230180278e-01,1.112961862886573350e+01,3.692634986710952916e+00
2.051722613947448703e+00,6.793242881787489029e-01,1.116529048344543007e+01,3.696821860038141949e+00
2.058277638273159571e+00,6.800900254620603214e-01,1.120096233802512842e+01,3.700988933668883263e+00
2.064832662598870439e+00,6.808521384471397653e-01,1.123663419260482677e+01,3.705136284193643714e+00
2.071387686924581306e+00,6.816106410667551740e-01,1.127230604718452511e+01,3.709263987433296439e+00
2.077942711250291730e+00,6.823655471112384241e-01,1.130797790176422168e+01,3.713372118433591940e+00
2.084497735576002597e+00,6.831168702277776728e-01,1.134364975634392003e+01,3.717460751461303392e+00
2.091052759901713465e+00,6.838646239232832880e-01,1.137932161092361838e+01,3.721529960019826611e+00
2.097607784227423888e+00,6.846088215725028014e-01,1.141499346550331495e+01,3.725579816893337615e+00
2.104162808553134312e+00,6.853494764272953788e-01,1.145066532008301330e+01,3.729610394197265588e+00
2.110717832878845179e+00,6.860866016259175026e-01,1.148633717466271165e+01,3.733621763428825346e+00
2.117272857204556047e+00,6.868202102023147626e-01,1.152200902924240999e+01,3.737613995517578669e+00
2.123827881530266470e+00,6.875503150954082043e-01,1.155768088382210657e+01,3.741587160875974316e+00
2.130382905855977338e+00,6.882769291583827886e-01,1.159335273840180491e+01,3.745541329449892043e+00
2.136937930181688206e+00,6.890000651679776267e-01,1.162902459298150326e+01,3.749476570769200823e+00
2.143492954507399073e+00,6.897197358337724404e-01,1.166469644756120161e+01,3.753392953998293535e+00
2.150047978833109497e+00,6.904359538074777980e-01,1.170036830214089818e+01,3.757290547986644302e+00
2.156603003158820364e+00,6.911487316922222401e-01,1.173604015672059653e+01,3.761169421319348949e+00
2.163158027484530788e+00,6.918580820518414054e-01,1.177171201130029488e+01,3.765029642367673901e+00
2.169713051810241211e+00,6.925640174201670440e-01,1.180738386587999145e+01,3.768871279339607749e+00
2.176268076135952079e+00,6.932665503102841686e-01,1.184305572045968979e+01,3.772694400330237396e+00
2.182823100461662946e+00,6.939656932223473573e-01,1.187872757503938814e+01,3.776499073364283365e+00
2.189378124787373814e+00,6.946614586462368512e-01,1.191439942961908649e+01,3.780285366410553127e+00
2.195933149113084237e+00,6.953538590613825843e-01,1.195007128419878306e+01,3.784053347380985866e+00
2.202488173438795105e+00,6.960429069364042487e-01,1.198574313877848141e+01,3.787803084128691822e+00
2.209043197764505972e+00,6.967286147287532483e-01,1.202141499335817976e+01,3.791534644446003632e+00
2.215598222090216396e+00,6.974109948843544293e-01,1.205708684793787810e+01,3.795248096062529886e+00
2.222153246415927264e+00,6.980900598372483667e-01,1.209275870251757468e+01,3.798943506643202905e+00
2.228708270741637687e+00,6.987658220092319850e-01,1.212843055709727302e+01,3.802620943786328755e+00
2.235263295067348555e+00,6.994382938095011770e-01,1.216410241167697137e+01,3.806280475021637688e+00
2.241818319393058978e+00,7.001074876342926467e-01,1.219977426625666794e+01,3.809922167808339033e+00
2.248373343718769846e+00,7.007734158665241964e-01,1.223544612083636629e+01,3.813546089533160988e+00
2.254928368044480713e+00,7.014360908754381230e-01,1.227111797541606464e+01,3.817152307508410836e+00
2.261483392370191581e+00,7.020955250162418393e-01,1.230678982999576299e+01,3.820740888970019622e+00
2.268038416695902004e+00,7.027517306297491606e-01,1.234246168457545956e+01,3.824311901075589049e+00
2.274593441021612872e+00,7.034047200416131407e-01,1.237813353915515791e+01,3.827865410900217480e+00
2.281148465347323739e+00,7.040545055580271772e-01,1.241380539373485625e+01,3.831401485413107100e+00
2.287703489673034163e+00,7.047010994572875386e-01,1.244947724831455460e+01,3.834920191431644199e+00
2.294258513998744586e+00,7.053445139806487907e-01,1.248514910289425117e+01,3.838421595571638534e+00
2.300813538324455454e+00,7.059847613231774455e-01,1.252082095747394952e+01,3.841905764197548923e+00
2.307368562650166322e+00,7.066218536245999493e-01,1.255649281205364787e+01,3.845372763372677749e+00
2.313923586975876745e+00,7.072558029601555551e-01,1.259216466663334444e+01,3.848822658809394781e+00
2.320478611301587613e+00,7.078866213314487510e-01,1.262783652121304279e+01,3.852255515819354326e+00
2.327033635627298480e+00,7.085143206572981356e-01,1.266350837579274113e+01,3.855671399263699062e+00
2.333588659953009348e+00,7.091389127645885138e-01,1.269918023037243948e+01,3.859070373503275864e+00
2.340143684278719771e+00,7.097604093791231028e-01,1.273485208495213605e+01,3.862452502348853844e+00
2.346698708604430639e+00,7.103788221164729633e-01,1.277052393953183440e+01,3.865817849011329521e+00
2.353253732930141062e+00,7.109941624728304266e-01,1.280619579411153275e+01,3.869166476051950632e+00
2.359808757255851930e+00,7.116064418158579707e-01,1.284186764869123110e+01,3.872498445332516859e+00
2.366363781581562353e+00,7.122156713758589497e-01,1.287753950327092767e+01,3.875813817967332042e+00
2.372918805907273221e+00,7.128218622433388774e-01,1.291321135785062602e+01,3.879112654309932573e+00
2.379473830232984088e+00,7.134250253803091635e-01,1.294888321243032436e+01,3.882395014014601298e+00
2.386028854558694512e+00,7.140251716361682988e-01,1.298455506701002093e+01,3.885660956122792609e+00
2.392583878884405379e+00,7.146223117637158229e-01,1.302022692158971928e+01,3.888910539150277401e+00
2.399138903210116247e+00,7.152164564351648490e-01,1.305589877616941763e+01,3.892143821174281815e+00
2.405693927535826671e+00,7.158076162581549218e-01,1.309157063074911598e+01,3.895360859920629082e+00
2.412248951861537538e+00,7.163958017917665400e-01,1.312724248532881255e+01,3.898561712850888927e+00
2.418803976187247962e+00,7.169810235625341255e-01,1.316291433990851090e+01,3.901746437249517641e+00
2.425359000512958829e+00,7.175632920804586590e-01,1.319858619448820924e+01,3.904915090310997705e+00
2.431914024838669697e+00,7.181426178550215367e-01,1.323425804906790759e+01,3.908067729226984977e+00
2.438469049164380120e+00,7.187190114111992045e-01,1.326992990364760416e+01,3.911204411273456749e+00
2.445024073490090988e+00,7.192924833054727962e-01,1.330560175822730251e+01,3.914325193897837618e+00
2.451579097815801855e+00,7.198630441418459869e-01,1.334127361280700086e+01,3.917430134806164421e+00
2.458134122141512279e+00,7.204307045876723326e-01,1.337694546738669743e+01,3.920519292049218230e+00
2.464689146467223146e+00,7.209954753822289675e-01,1.341261732196639578e+01,3.923592724069182580e+00
2.471244170792933570e+00,7.215573673216836292e-01,1.344828917654609413e+01,3.926650489617834250e+00
2.477799195118644437e+00,7.221163912321997280e-01,1.348396103112579247e+01,3.929692647610183442e+00
2.484354219444354861e+00,7.226725579423837198e-01,1.351963288570548904e+01,3.932719256974535949e+00
2.490909243770065729e+00,7.232258782557312582e-01,1.355530474028518739e+01,3.935730376502545091e+00
2.497464268095776596e+00,7.237763629230714590e-01,1.359097659486488574e+01,3.938726064699260565e+00
2.504019292421487464e+00,7.243240226150141625e-01,1.362664844944458409e+01,3.941706379633183488e+00
2.510574316747197887e+00,7.248688678943968622e-01,1.366232030402428066e+01,3.944671378786328120e+00
2.517129341072908755e+00,7.254109091887283034e-01,1.369799215860397901e+01,3.947621118904262261e+00
2.523684365398619622e+00,7.259501567626359675e-01,1.373366401318367735e+01,3.950555655846168079e+00
2.530239389724330046e+00,7.264866206903117796e-01,1.376933586776337393e+01,3.953475044434894503e+00
2.536794414050040913e+00,7.270203108279580384e-01,1.380500772234307227e+01,3.956379338307010940e+00
2.543349438375751337e+00,7.275512367862330132e-01,1.384067957692277062e+01,3.959268589762857893e+00
2.549904462701462204e+00,7.280794079029115906e-01,1.387635143150246897e+01,3.962142849617768636e+00
2.556459487027172628e+00,7.286048332267726080e-01,1.391202328608216554e+01,3.965002167114386911e+00
2.563014511352883495e+00,7.291275215440284896e-01,1.394769514066186389e+01,3.967846590066491874e+00
2.569569535678594363e+00,7.296474814294070521e-01,1.398336699524156224e+01,3.970676165136983737e+00
2.576124560004305231e+00,7.301647212989217373e-01,1.401903884982126058e+01,3.973490938125053606e+00
2.582679584330015654e+00,7.306792494626452861e-01,1.405471070440095716e+01,3.976290954253371090e+00
2.589234608655726522e+00,7.311910741774819700e-01,1.409038255898065550e+01,3.979076258455270132e+00
2.595789632981436945e+00,7.317002036999402659e-01,1.412605441356035385e+01,3.981846895661928176e+00
2.602344657307147813e+00,7.322066463389039770e-01,1.416172626814005042e+01,3.984602911089546229e+00
2.608899681632858236e+00,7.327104105084064622e-01,1.419739812271974877e+01,3.987344350526539571e+00
2.615454705958569104e+00,7.332115047804007579e-01,1.423306997729944712e+01,3.990071260620708049e+00
2.622009730284279971e+00,7.337099379375339181e-01,1.426874183187914547e+01,3.992783689166429451e+00
2.628564754609990395e+00,7.342057190259182464e-01,1.430441368645884204e+01,3.995481685391835125e+00
2.635119778935701262e+00,7.346988574079050816e-01,1.434008554103854038e+01,3.998165300246001586e+00
2.641674803261412130e+00,7.351893628142910364e-01,1.437575739561823873e+01,4.000834586683052585e+00
2.648229827587122998e+00,7.356772453749895746e-01,1.441142925019793708e+01,4.003489599829067380e+00
2.654784851912833421e+00,7.361625155809714549e-01,1.444710110477763365e+01,4.006130396774968183e+00
2.661339876238543845e+00,7.366451842123292737e-01,1.448277295935733200e+01,4.008757036185053302e+00
2.667894900564254712e+00,7.371252622645085850e-01,1.451844481393703035e+01,4.011369577895551153e+00
2.674449924889965136e+00,7.376027608745313602e-01,1.455411666851672692e+01,4.013968082513136082e+00
2.681004949215676003e+00,7.380776912472273299e-01,1.458978852309642527e+01,4.016552611013486818e+00
2.687559973541386871e+00,7.385500645814578879e-01,1.462546037767612361e+01,4.019123224339803180e+00
2.694114997867097738e+00,7.390198919963474333e-01,1.466113223225582196e+01,4.021679983001362757e+00
2.700670022192808162e+00,7.394871844575072739e-01,1.469680408683551853e+01,4.024222946672039392e+00
2.707225046518519029e+00,7.399519527032669686e-01,1.473247594141521688e+01,4.026752173788858968e+00
2.713780070844229897e+00,7.404142071708983419e-01,1.476814779599491523e+01,4.029267721150519677e+00
2.720335095169940320e+00,7.408739579228460492e-01,1.480381965057461358e+01,4.031769643515942469e+00
2.726890119495650744e+00,7.413312145729529234e-01,1.483949150515431015e+01,4.034257993202797543e+00
2.733445143821361611e+00,7.417859862152065276e-01,1.487516335973400849e+01,4.036732819699750507e+00
2.740000168147072479e+00,7.422382813943837476e-01,1.491083521431370684e+01,4.039194169506711063e+00
2.746555192472782903e+00,7.426881081560261499e-01,1.494650706889340341e+01,4.041642086406794121e+00
2.753110216798493770e+00,7.431354741195302926e-01,1.498217892347310176e+01,4.044076611864073634e+00
2.759665241124204638e+00,7.435803865517712774e-01,1.501785077805280011e+01,4.046497785424230997e+00
2.766220265449915505e+00,7.440228524407248578e-01,1.505352263263249846e+01,4.048905645115204344e+00
2.772775289775625929e+00,7.444628785690888817e-01,1.508919448721219503e+01,4.051300227847827173e+00
2.779330314101336796e+00,7.449004715879072869e-01,1.512486634179189338e+01,4.053681569816483865e+00
2.785885338427047220e+00,7.453356380901901002e-01,1.516053819637159172e+01,4.056049706899743867e+00
2.792440362752758087e+00,7.457683846845383213e-01,1.519621005095129007e+01,4.058404675061021649e+00
2.798995387078468511e+00,7.461987180687650323e-01,1.523188190553098664e+01,4.060746510749215332e+00
2.805550411404179378e+00,7.466266451035169505e-01,1.526755376011068499e+01,4.063075251299347990e+00
2.812105435729890246e+00,7.470521728858987576e-01,1.530322561469038334e+01,4.065390935333228484e+00
2.818660460055600669e+00,7.474753088229872944e-01,1.533889746927007991e+01,4.067693603159503901e+00
2.825215484381311537e+00,7.478960606937095079e-01,1.537456932384977826e+01,4.069983297110397302e+00
2.831770508707022405e+00,7.483144366488193588e-01,1.541024117842947661e+01,4.072260061541580711e+00
2.838325533032733272e+00,7.487304451622659451e-01,1.544591303300917495e+01,4.074523942567525481e+00
2.844880557358443696e+00,7.491440949775217684e-01,1.548158488758887152e+01,4.076774987769424818e+00
2.851435581684154119e+00,7.495553950539035615e-01,1.551725674216856987e+01,4.079013245903077234e+00
2.857990606009864987e+00,7.499643545128944488e-01,1.555292859674826822e+01,4.081238766606775314e+00
2.864545630335575854e+00,7.503709825844636638e-01,1.558860045132796657e+01,4.083451600109184731e+00
2.871100654661286278e+00,7.507752885533875986e-01,1.562427230590766314e+01,4.085651796937225022e+00
2.877655678986997145e+00,7.511772817055719642e-01,1.565994416048736149e+01,4.087839407623963695e+00
2.884210703312708013e+00,7.515769712743706199e-01,1.569561601506705983e+01,4.090014482416483688e+00
2.890765727638418436e+00,7.519743663869102868e-01,1.573128786964675641e+01,4.092177070983789910e+00
2.897320751964129304e+00,7.523694760104068235e-01,1.576695972422645475e+01,4.094327222124667820e+00
2.903875776289840172e+00,7.527623088984940480e-01,1.580263157880615310e+01,4.096464983475606836e+00
2.910430800615550595e+00,7.531528735409552811e-01,1.583830343338585145e+01,4.098590401237246716e+00
2.916985824941261018e+00,7.535411781491130334e-01,1.587397528796554802e+01,4.100703520094868715e+00
2.923540849266971886e+00,7.539272306895032916e-01,1.590964714254524637e+01,4.102804383401647215e+00
2.930095873592682754e+00,7.543110389272870142e-01,1.594531899712494472e+01,4.104893033414890979e+00
2.936650897918393621e+00,7.546926104697700977e-01,1.598099085170464306e+01,4.106969511532877704e+00
2.943205922244104045e+00,7.550719528099238964e-01,1.601666270628433963e+01,4.109033858531685013e+00
2.949760946569814468e+00,7.554490733699020799e-01,1.605233456086403621e+01,4.111086114802007252e+00
2.956315970895525780e+00,7.558239795445618192e-01,1.608800641544373633e+01,4.113126320585994478e+00
2.962870995221236203e+00,7.561966787449815319e-01,1.612367827002343290e+01,4.115154516214071023e+00
2.969426019546947071e+00,7.565671784419804036e-01,1.615935012460313303e+01,4.117170742341764722e+00
2.975981043872657494e+00,7.569354862096375758e-01,1.619502197918282960e+01,4.119175040186535242e+00
2.982536068198367918e+00,7.573016097688122228e-01,1.623069383376252617e+01,4.121167451764605971e+00
2.989091092524079230e+00,7.576655570306589649e-01,1.626636568834222629e+01,4.123148020127770152e+00
2.995646116849789653e+00,7.580273361369649354e-01,1.630203754292192286e+01,4.125116789582904175e+00
3.002201141175500076e+00,7.583869554623349218e-01,1.633770939750161943e+01,4.127073805703855847e+00
3.008756165501211388e+00,7.587444235591678243e-01,1.637338125208131956e+01,4.129019115032013687e+00
3.015311189826921812e+00,7.590997490896926880e-01,1.640905310666101613e+01,4.130952764706450786e+00
3.021866214152632235e+00,7.594529407578223257e-01,1.644472496124071270e+01,4.132874802093080113e+00
3.028421238478343547e+00,7.598040072410092716e-01,1.648039681582041283e+01,4.134785274413820488e+00
3.034976262804053970e+00,7.601529571220977388e-01,1.651606867040010940e+01,4.136684228375740346e+00
3.041531287129764838e+00,7.604997988211804616e-01,1.655174052497980952e+01,4.138571709800229925e+00
3.048086311455475261e+00,7.608445405274518736e-01,1.658741237955950609e+01,4.140447763252150359e+00
3.054641335781185685e+00,7.611871901310619526e-01,1.662308423413920266e+01,4.142312431668989881e+00
3.061196360106896996e+00,7.615277551549722856e-01,1.665875608871890279e+01,4.144165755990031563e+00
3.067751384432607420e+00,7.618662426868088033e-01,1.669442794329859936e+01,4.146007774785500644e+00
3.074306408758317843e+00,7.622026593107594783e-01,1.673009979787829593e+01,4.147838523885956086e+00
3.080861433084029155e+00,7.625370110506679566e-01,1.676577165245799605e+01,4.149658036072616518e+00
3.087416457409739579e+00,7.628693033960520786e-01,1.680144350703769263e+01,4.151466341218944756e+00
3.093971481735450002e+00,7.631995414139303158e-01,1.683711536161738920e+01,4.153263466899201006e+00
3.100526506061160870e+00,7.635277298732583429e-01,1.687278721619708932e+01,4.155049439065614969e+00
3.107081530386871293e+00,7.638538733694253402e-01,1.690845907077678589e+01,4.156824282725882114e+00
3.113636554712582605e+00,7.641779764487510729e-01,1.694413092535648602e+01,4.158588022620666180e+00
3.120191579038293028e+00,7.645000437329818599e-01,1.697980277993618259e+01,4.160340683901098124e+00
3.126746603364003452e+00,7.648200800437878755e-01,1.701547463451587916e+01,4.162082292806272399e+00
3.133301627689714763e+00,7.651380905272581190e-01,1.705114648909557928e+01,4.163812877340745899e+00
3.139856652015425187e+00,7.654540807783993817e-01,1.708681834367527586e+01,4.165532467952042239e+00
3.146411676341135610e+00,7.657680569656297731e-01,1.712249019825497243e+01,4.167241098208140926e+00
3.152966700666846478e+00,7.660800259552787983e-01,1.715816205283467255e+01,4.168938805474990517e+00
3.159521724992557346e+00,7.663899954341106824e-01,1.719383390741436912e+01,4.170625631583273041e+00
3.166076749318267769e+00,7.666979739724911758e-01,1.722950576199406569e+01,4.172301623172150364e+00
3.172631773643978637e+00,7.670039709225857649e-01,1.726517761657376582e+01,4.173966831135268230e+00
3.179186797969689060e+00,7.673079962454628644e-01,1.730084947115346239e+01,4.175621309679867998e+00
3.185741822295400372e+00,7.676100603350507479e-01,1.733652132573316251e+01,4.177265115368775206e+00
3.192296846621110795e+00,7.679101738420914813e-01,1.737219318031285908e+01,4.178898306162373011e+00
3.198851870946821219e+00,7.682083474980968552e-01,1.740786503489255566e+01,4.180520940460586310e+00
3.205406895272532530e+00,7.685045919393050928e-01,1.744353688947225578e+01,4.182133076144869399e+00
3.211961919598242954e+00,7.687989175306335632e-01,1.747920874405195235e+01,4.183734769620174099e+00
3.218516943923953377e+00,7.690913341896375988e-01,1.751488059863164892e+01,4.185326074856946299e+00
3.225071968249664245e+00,7.693818512104626528e-01,1.755055245321134905e+01,4.186907042433092307e+00
3.231626992575374668e+00,7.696704770878022295e-01,1.758622430779104562e+01,4.188477718575972730e+00
3.238182016901085536e+00,7.699572193413946053e-01,1.762189616237074219e+01,4.190038144207329118e+00
3.244737041226796403e+00,7.702420843818678087e-01,1.765756801695044231e+01,4.191588354213223511e+00
3.251292065552506827e+00,7.705250775643551764e-01,1.769323987153013888e+01,4.193128377735812151e+00
3.257847089878218139e+00,7.708062033704384808e-01,1.772891172610983901e+01,4.194658239163461033e+00
3.264402114203928562e+00,7.710854656011516539e-01,1.776458358068953558e+01,4.196177959181055961e+00
3.270957138529638986e+00,7.713628675699932824e-01,1.780025543526923215e+01,4.197687555820358796e+00
3.277512162855349853e+00,7.716384122959387692e-01,1.783592728984893228e+01,4.199187045510362815e+00
3.284067187181060721e+00,7.719121026964504972e-01,1.787159914442862885e+01,4.200676444127637410e+00
3.290622211506771144e+00,7.721839417804922112e-01,1.790727099900832542e+01,4.202155768046692330e+00
3.297177235832482012e+00,7.724539328415381823e-01,1.794294285358802554e+01,4.203625035190320602e+00
3.303732260158192435e+00,7.727220796505864797e-01,1.797861470816772211e+01,4.205084266079954780e+00
3.310287284483902859e+00,7.729883866491708000e-01,1.801428656274741869e+01,4.206533484886023189e+00
3.316842308809614170e+00,7.732528591416473196e-01,1.804995841732711881e+01,4.207972720474356443e+00
3.323397333135324594e+00,7.735155034421437037e-01,1.808563027190681538e+01,4.209402007205871321e+00
3.329952357461035906e+00,7.737763268336234068e-01,1.812130212648651550e+01,4.210821384713801407e+00
3.336507381786746329e+00,7.740353374087638461e-01,1.815697398106621208e+01,4.212230897037771093e+00
3.343062406112456753e+00,7.742925439017311895e-01,1.819264583564590865e+01,4.213630591708330542e+00
3.349617430438167620e+00,7.745479555199566990e-01,1.822831769022560877e+01,4.215020518831495089e+00
3.356172454763878044e+00,7.748015817759094093e-01,1.826398954480530534e+01,4.216400730173266886e+00
3.362727479089588467e+00,7.750534323188708052e-01,1.829966139938500191e+01,4.217771278244171640e+00
3.369282503415299779e+00,7.753035167667086114e-01,1.833533325396470204e+01,4.219132215383782913e+00
3.375837527741010202e+00,7.755518445376534675e-01,1.837100510854439861e+01,4.220483592845266863e+00
3.382392552066720626e+00,7.757984246820694985e-01,1.840667696312409518e+01,4.221825459879894105e+00
3.388947576392431937e+00,7.760432657142301016e-01,1.844234881770379531e+01,4.223157862821576458e+00
3.395502600718142361e+00,7.762863754479061296e-01,1.847802067228349188e+01,4.224480844192154194e+00
3.402057625043853228e+00,7.765277609065464048e-01,1.851369252686319200e+01,4.225794442212606583e+00
3.408612649369563652e+00,7.767674283910589450e-01,1.854936438144288857e+01,4.227098691171909728e+00
3.415167673695274519e+00,7.770053835991045377e-01,1.858503623602258514e+01,4.228393622076222158e+00
3.421722698020985387e+00,7.772416317458309409e-01,1.862070809060228527e+01,4.229679263305911263e+00
3.428277722346695811e+00,7.774761776846190742e-01,1.865637994518198184e+01,4.230955641272640122e+00
3.434832746672406234e+00,7.777090260278219924e-01,1.869205179976167841e+01,4.232222781076420581e+00
3.441387770998117546e+00,7.779401812675044159e-01,1.872772365434137853e+01,4.233480707162666334e+00
3.447942795323827969e+00,7.781696478961853680e-01,1.876339550892107511e+01,4.234729443979262875e+00
3.454497819649538393e+00,7.783974305275783712e-01,1.879906736350077168e+01,4.235969016633625017e+00
3.461052843975249704e+00,7.786235340173319752e-01,1.883473921808047180e+01,4.237199451549757967e+00
3.467607868300960128e+00,7.788479635833707171e-01,1.887041107266016837e+01,4.238420777123137917e+00
3.474162892626670995e+00,7.790707249004670265e-01,1.890608292723986850e+01,4.239633024235367920e+00
3.480717916952381419e+00,7.792918240866117952e-01,1.894175478181956507e+01,4.240836226180006108e+00
3.487272941278091842e+00,7.795112676204888347e-01,1.897742663639926164e+01,4.242030418213468934e+00
3.493827965603803154e+00,7.797290622535594240e-01,1.901309849097896176e+01,4.243215637076602320e+00
3.500382989929513577e+00,7.799452149221425268e-01,1.904877034555865833e+01,4.244391920516233263e+00
3.506938014255224001e+00,7.801597326594956749e-01,1.908444220013835491e+01,4.245559306806717892e+00
3.513493038580935313e+00,7.803726225078969625e-01,1.912011405471805503e+01,4.246717834271501957e+00
3.520048062906645736e+00,7.805838914307243748e-01,1.915578590929775160e+01,4.247867540804664443e+00
3.526603087232356160e+00,7.807935462245393365e-01,1.919145776387744817e+01,4.249008463392483392e+00
3.533158111558067027e+00,7.810015934311659302e-01,1.922712961845714830e+01,4.250140637634977736e+00
3.539713135883777895e+00,7.812080392500733161e-01,1.926280147303684487e+01,4.251264097269103814e+00
3.546268160209488762e+00,7.814128894738784359e-01,1.929847332761654499e+01,4.252378873817763250e+00
3.552823184535199186e+00,7.816161495294796646e-01,1.933414518219624156e+01,4.253484996813650554e+00
3.559378208860909609e+00,7.818178245917500879e-01,1.936981703677593813e+01,4.254582494417960881e+00
3.565933233186620921e+00,7.820179197035335150e-01,1.940548889135563826e+01,4.255671394073397451e+00
3.572488257512331344e+00,7.822164398956374942e-01,1.944116074593533483e+01,4.256751723157164768e+00
3.579043281838041768e+00,7.824133903068362095e-01,1.947683260051503140e+01,4.257823509634010684e+00
3.585598306163753080e+00,7.826087763038654943e-01,1.951250445509473153e+01,4.258886782709230268e+00
3.592153330489463503e+00,7.828026036014199551e-01,1.954817630967442810e+01,4.259941573481679455e+00
3.598708354815173927e+00,7.829948783821530922e-01,1.958384816425412467e+01,4.260987915596803788e+00
3.605263379140884794e+00,7.831856074166725357e-01,1.961952001883382479e+01,4.262025845899643173e+00
3.611818403466595218e+00,7.833747981808406591e-01,1.965519187341352136e+01,4.263055405073170157e+00
3.618373427792306529e+00,7.835624588975571569e-01,1.969086372799322149e+01,4.264076637865667152e+00
3.624928452118016953e+00,7.837485983779408638e-01,1.972653558257291806e+01,4.265089592226453341e+00
3.631483476443727376e+00,7.839332257798279358e-01,1.976220743715261463e+01,4.266094317991651508e+00
3.638038500769438688e+00,7.841163503628515441e-01,1.979787929173231475e+01,4.267090865551355527e+00
3.644593525095149111e+00,7.842979812435244558e-01,1.983355114631201133e+01,4.268079284516809402e+00
3.651148549420859535e+00,7.844781271503193931e-01,1.986922300089170790e+01,4.269059622387580077e+00
3.657703573746570402e+00,7.846567961787518364e-01,1.990489485547140802e+01,4.270031923218736480e+00
3.664258598072280826e+00,7.848339955464583850e-01,1.994056671005110459e+01,4.270996226288009900e+00
3.670813622397991693e+00,7.850097313482801153e-01,1.997623856463080116e+01,4.271952564762978355e+00
3.677368646723702561e+00,7.851840083116541358e-01,2.001191041921050129e+01,4.272900964369930499e+00
3.683923671049412985e+00,7.853568296014263872e-01,2.004758227379019786e+01,4.273841442331675289e+00
3.690478695375124296e+00,7.855281969297596145e-01,2.008325412836989798e+01,4.274774007965648437e+00
3.697033719700834720e+00,7.856981109379346240e-01,2.011892598294959456e+01,4.275698664761642398e+00
3.703588744026545143e+00,7.858665716113416577e-01,2.015459783752929113e+01,4.276615412640151881e+00
3.710143768352256455e+00,7.860335786945561454e-01,2.019026969210899125e+01,4.277524250211179435e+00
3.716698792677966878e+00,7.861991321064175642e-01,2.022594154668868782e+01,4.278425177033057025e+00
3.723253817003677302e+00,7.863632323551051906e-01,2.026161340126838439e+01,4.279318195871250730e+00
3.729808841329388169e+00,7.865258809532171824e-01,2.029728525584808452e+01,4.280203314957184091e+00
3.736363865655098593e+00,7.866870808328479958e-01,2.033295711042778109e+01,4.281080550247051697e+00
3.742918889980809016e+00,7.868468367605012670e-01,2.036862896500747766e+01,4.281949927679739254e+00
3.749473914306520328e+00,7.870051557019489552e-01,2.040430081958717778e+01,4.282811485162353549e+00
3.756028938632230751e+00,7.871620468014872696e-01,2.043997267416687436e+01,4.283665272457334083e+00
3.762583962957942063e+00,7.873175209492244697e-01,2.047564452874657448e+01,4.284511348827673594e+00
3.769138987283652487e+00,7.874715902854505511e-01,2.051131638332627105e+01,4.285349780339741343e+00
3.775694011609362910e+00,7.876242677046650931e-01,2.054698823790596762e+01,4.286180637164248353e+00
3.782249035935073778e+00,7.877755663596122115e-01,2.058266009248566775e+01,4.287003990877248150e+00
3.788804060260784201e+00,7.879254991653098505e-01,2.061833194706536432e+01,4.287819911761109992e+00
3.795359084586495069e+00,7.880740783030819596e-01,2.065400380164506089e+01,4.288628466105507187e+00
3.801914108912205936e+00,7.882213147245890061e-01,2.068967565622476101e+01,4.289429713508393860e+00
3.808469133237916360e+00,7.883672176569412882e-01,2.072534751080445758e+01,4.290223704182876574e+00
3.815024157563626783e+00,7.885117942007729974e-01,2.076101936538415416e+01,4.291010476769970161e+00
3.821579181889338095e+00,7.886550493753567981e-01,2.079669121996385428e+01,4.291790058584106227e+00
3.828134206215048518e+00,7.887969864850613577e-01,2.083236307454355085e+01,4.292562467607362819e+00
3.834689230540759386e+00,7.889376075154750367e-01,2.086803492912325098e+01,4.293327714645132964e+00
3.841244254866470254e+00,7.890769135295504499e-01,2.090370678370294755e+01,4.294085805481910434e+00
3.847799279192180677e+00,7.892149050637518037e-01,2.093937863828264412e+01,4.294836743037085292e+00
3.854354303517891545e+00,7.893515825242007899e-01,2.097505049286234424e+01,4.295580529520734991e+00
3.860909327843601968e+00,7.894869465828218136e-01,2.101072234744204081e+01,4.296317168589411928e+00
3.867464352169312392e+00,7.896209985734882197e-01,2.104639420202173739e+01,4.297046667501935424e+00
3.874019376495023703e+00,7.897537408758844579e-01,2.108206605660143751e+01,4.297769039208334974e+00
3.880574400820734127e+00,7.898851771219401741e-01,2.111773791118113408e+01,4.298484303473245838e+00
3.887129425146444550e+00,7.900153120979301891e-01,2.115340976576083065e+01,4.299192486343145880e+00
3.893684449472155862e+00,7.901441515667884108e-01,2.118908162034053078e+01,4.299893619179405491e+00
3.900239473797866285e+00,7.902717020889156174e-01,2.122475347492022735e+01,4.300587737683136957e+00
3.906794498123577153e+00,7.903979708429929030e-01,2.126042532949992747e+01,4.301274880920079369e+00
3.913349522449287576e+00,7.905229654467906819e-01,2.129609718407962404e+01,4.301955090345455979e+00
3.919904546774998000e+00,7.906466937779781379e-01,2.133176903865932061e+01,4.302628408828836015e+00
3.926459571100709312e+00,7.907691637949358920e-01,2.136744089323902074e+01,4.303294879679013363e+00
3.933014595426419735e+00,7.908903833594619348e-01,2.140311274781871731e+01,4.303954545679188115e+00
3.939569619752130158e+00,7.910103601027030917e-01,2.143878460239841388e+01,4.304607448357375965e+00
3.946124644077841470e+00,7.911291013919493631e-01,2.147445645697811401e+01,4.305253627805709193e+00
3.952679668403551894e+00,7.912466143339418334e-01,2.151012831155781058e+01,4.305893122698435604e+00
3.959234692729262317e+00,7.913629057793991617e-01,2.154580016613750715e+01,4.306525970316551266e+00
3.965789717054973629e+00,7.914779823275471804e-01,2.158147202071720727e+01,4.307152206572451902e+00
3.972344741380684052e+00,7.915918503306456078e-01,2.161714387529690384e+01,4.307771866034564745e+00
3.978899765706394920e+00,7.917045158985172026e-01,2.165281572987660397e+01,4.308384981951998149e+00
3.985454790032105343e+00,7.918159849030778075e-01,2.168848758445630054e+01,4.308991586279190322e+00
3.992009814357815767e+00,7.919262629843049073e-01,2.172415943903599711e+01,4.309591709708394447e+00
3.998564838683527078e+00,7.920353555782810862e-01,2.175983129361569723e+01,4.310185381822283723e+00
4.005119863009237058e+00,7.921432679846049929e-01,2.179550314819539381e+01,4.310772631460799253e+00
4.011674887334947925e+00,7.922500054445806850e-01,2.183117500277509038e+01,4.311353487146647012e+00
4.018229911660658793e+00,7.923555732196239099e-01,2.186684685735479050e+01,4.311927977511979648e+00
4.024784935986369661e+00,7.924599766696688308e-01,2.190251871193448707e+01,4.312496131725079174e+00
4.031339960312079640e+00,7.925632213315741970e-01,2.193819056651418364e+01,4.313057979917033435e+00
4.037894984637791396e+00,7.926653129975331780e-01,2.197386242109388377e+01,4.313613553608439233e+00
4.044450008963501375e+00,7.927662577932222954e-01,2.200953427567358034e+01,4.314162886134678132e+00
4.051005033289213131e+00,7.928660622278200787e-01,2.204520613025328046e+01,4.314706012918115619e+00
4.057560057614923110e+00,7.929647330932372284e-01,2.208087798483297703e+01,4.315242970919721976e+00
4.064115081940633978e+00,7.930622772442198487e-01,2.211654983941267361e+01,4.315773797442409965e+00
4.070670106266344845e+00,7.931587013659914254e-01,2.215222169399237373e+01,4.316298528866566286e+00
4.077225130592054825e+00,7.932540117418762637e-01,2.218789354857207030e+01,4.316817199385479142e+00
4.083780154917765692e+00,7.933482140209268119e-01,2.222356540315176687e+01,4.317329839740784436e+00
4.090335179243476560e+00,7.934413129855448776e-01,2.225923725773146700e+01,4.317836475957884446e+00
4.096890203569187427e+00,7.935333123191559146e-01,2.229490911231116357e+01,4.318337128081649823e+00
4.103445227894897407e+00,7.936242144087191086e-01,2.233058096689086014e+01,4.318831809101698838e+00
4.110000252220609163e+00,7.937140204849075786e-01,2.236625282147056026e+01,4.319320525715244052e+00
4.116555276546319142e+00,7.938027311941189268e-01,2.240192467605025683e+01,4.319803281439923204e+00
4.123110300872030010e+00,7.938903472520442151e-01,2.243759653062995696e+01,4.320280080170463499e+00
4.129665325197740877e+00,7.939768700979996652e-01,2.247326838520965353e+01,4.320750929739493706e+00
4.136220349523451745e+00,7.940623025492492548e-01,2.250894023978935010e+01,4.321215845478312723e+00
4.142775373849162612e+00,7.941466494553370836e-01,2.254461209436905023e+01,4.321674853777703440e+00
4.149330398174872592e+00,7.942299183522605333e-01,2.258028394894874680e+01,4.322127995647889520e+00
4.155885422500583459e+00,7.943121200323139952e-01,2.261595580352844337e+01,4.322575329819567713e+00
4.162440446826294327e+00,7.943932683464217659e-01,2.265162765810814349e+01,4.323016931668226981e+00
4.168995471152005194e+00,7.944733790714562094e-01,2.268729951268784006e+01,4.323452887050192039e+00
4.175550495477715174e+00,7.945524686106477663e-01,2.272297136726753664e+01,4.323883285230371243e+00
4.182105519803426930e+00,7.946305526926406015e-01,2.275864322184723676e+01,4.324308211802636137e+00
4.188660544129136909e+00,7.947076450705519157e-01,2.279431507642693333e+01,4.324727741610217002e+00
4.195215568454847777e+00,7.947837562210268159e-01,2.282998693100662990e+01,4.325141931666077966e+00
4.201770592780558644e+00,7.948588920479420228e-01,2.286565878558633003e+01,4.325550814098585661e+00
4.208325617106268624e+00,7.949330529483743524e-01,2.290133064016602660e+01,4.325954391068597360e+00
4.214880641431980379e+00,7.950062345445059186e-01,2.293700249474572672e+01,4.326352638752419821e+00
4.221435665757690359e+00,7.950784295665808132e-01,2.297267434932542329e+01,4.326745517588693524e+00
4.227990690083401226e+00,7.951496298366041993e-01,2.300834620390511986e+01,4.327132983073505024e+00
4.234545714409112094e+00,7.952198282521029116e-01,2.304401805848481999e+01,4.327514996555830606e+00
4.241100738734822961e+00,7.952890207698872782e-01,2.307968991306451656e+01,4.327891536032995923e+00
4.247655763060532941e+00,7.953572083897426648e-01,2.311536176764421313e+01,4.328262606945742164e+00
4.254210787386243808e+00,7.954243990054381541e-01,2.315103362222391326e+01,4.328628252251253805e+00
4.260765811711954676e+00,7.954906076860314146e-01,2.318670547680360983e+01,4.328988553953990959e+00
4.267320836037665543e+00,7.955558546262883057e-01,2.322237733138330640e+01,4.329343621952058463e+00
4.273875860363376411e+00,7.956201625754633078e-01,2.325804918596300652e+01,4.329693580044859047e+00
4.280430884689086390e+00,7.956835542589660859e-01,2.329372104054270309e+01,4.330038551902035238e+00
4.286985909014798146e+00,7.957460498000316074e-01,2.332939289512240322e+01,4.330378647032426365e+00
4.293540933340508126e+00,7.958076641413890373e-01,2.336506474970209979e+01,4.330713946753024679e+00
4.300095957666218993e+00,7.958684045525918904e-01,2.340073660428179636e+01,4.331044490624088361e+00
4.306650981991929861e+00,7.959282696352251163e-01,2.343640845886149648e+01,4.331370271035568820e+00
4.313206006317640728e+00,7.959872512616867901e-01,2.347208031344119306e+01,4.331691243757784804e+00
4.319761030643350708e+00,7.960453373998469528e-01,2.350775216802088963e+01,4.332007343312963776e+00
4.326316054969061575e+00,7.961025149594181949e-01,2.354342402260058975e+01,4.332318498464935885e+00
4.332871079294772443e+00,7.961587726383305696e-01,2.357909587718028632e+01,4.332624647708850141e+00
4.339426103620482422e+00,7.962141037690616541e-01,2.361476773175998289e+01,4.332925754760646342e+00
4.345981127946194178e+00,7.962685090328153192e-01,2.365043958633968302e+01,4.333221823327376043e+00
4.352536152271904157e+00,7.963219974518026545e-01,2.368611144091937959e+01,4.333512902507102638e+00
4.359091176597615913e+00,7.963745846383131211e-01,2.372178329549907971e+01,4.333799077260504617e+00
4.365646200923325893e+00,7.964262903801673232e-01,2.375745515007877628e+01,4.334080455271128507e+00
4.372201225249036760e+00,7.964771362155310674e-01,2.379312700465847286e+01,4.334357153747740554e+00
4.378756249574747628e+00,7.965271430077228709e-01,2.382879885923817298e+01,4.334629286226649114e+00
4.385311273900457607e+00,7.965763285227660528e-01,2.386447071381786955e+01,4.334896949388960863e+00
4.391866298226168475e+00,7.966247053425085101e-01,2.390014256839756612e+01,4.335160211703962929e+00
4.398421322551879342e+00,7.966722806502900545e-01,2.393581442297726625e+01,4.335419112262746566e+00
4.404976346877590210e+00,7.967190575486051696e-01,2.397148627755696282e+01,4.335673667948809040e+00
4.411531371203300189e+00,7.967650365443901261e-01,2.400715813213665939e+01,4.335923881520851175e+00
4.418086395529011945e+00,7.968102170346023083e-01,2.404282998671635951e+01,4.336169749697170062e+00
4.424641419854721924e+00,7.968545987917953211e-01,2.407850184129605609e+01,4.336411271240022458e+00
4.431196444180432792e+00,7.968981834011326093e-01,2.411417369587575621e+01,4.336648454775725803e+00
4.437751468506143659e+00,7.969409750099812895e-01,2.414984555045545278e+01,4.336881322873879618e+00
4.444306492831854527e+00,7.969829799152753358e-01,2.418551740503514935e+01,4.337109909801834640e+00
4.450861517157565395e+00,7.970242058508878458e-01,2.422118925961484948e+01,4.337334257646634050e+00
4.457416541483275374e+00,7.970646612695239108e-01,2.425686111419454605e+01,4.337554412407141236e+00
4.463971565808986242e+00,7.971043546246115996e-01,2.429253296877424262e+01,4.337770420086154211e+00
4.470526590134697109e+00,7.971432936648388257e-01,2.432820482335394274e+01,4.337982322851337003e+00
4.477081614460407977e+00,7.971814850077170167e-01,2.436387667793363931e+01,4.338190156714593293e+00
4.483636638786117956e+00,7.972189343512013915e-01,2.439954853251333589e+01,4.338393952683685661e+00
4.490191663111829712e+00,7.972556469115150701e-01,2.443522038709303601e+01,4.338593739144831041e+00
4.496746687437539691e+00,7.972916278682929958e-01,2.447089224167273258e+01,4.338789544285139854e+00
4.503301711763250559e+00,7.973268828097287431e-01,2.450656409625243271e+01,4.338981398515058707e+00
4.509856736088961426e+00,7.973614181640209519e-01,2.454223595083212928e+01,4.339169336816270039e+00
4.516411760414671406e+00,7.973952413800963201e-01,2.457790780541182585e+01,4.339353399725163207e+00
4.522966784740383162e+00,7.974283606016948633e-01,2.461357965999152597e+01,4.339533631559242544e+00
4.529521809066093141e+00,7.974607841833881716e-01,2.464925151457122254e+01,4.339710077783336395e+00
4.536076833391804008e+00,7.974925202024879534e-01,2.468492336915091911e+01,4.339882782353451596e+00
4.542631857717514876e+00,7.975235759710842531e-01,2.472059522373061924e+01,4.340051785061326051e+00
4.549186882043225744e+00,7.975539576156108756e-01,2.475626707831031581e+01,4.340217119246463362e+00
4.555741906368935723e+00,7.975836702570537895e-01,2.479193893289001238e+01,4.340378812776809703e+00
4.562296930694647479e+00,7.976127189100659098e-01,2.482761078746971251e+01,4.340536892941656788e+00
4.568851955020357458e+00,7.976411095077819979e-01,2.486328264204940908e+01,4.340691392028591444e+00
4.575406979346068326e+00,7.976688499275950139e-01,2.489895449662910920e+01,4.340842352905680990e+00
4.581962003671779193e+00,7.976959509982586294e-01,2.493462635120880577e+01,4.340989834502030575e+00
4.588517027997489173e+00,7.977224268170001187e-01,2.497029820578850234e+01,4.341133913533487210e+00
4.595072052323200928e+00,7.977482929058280492e-01,2.500597006036820247e+01,4.341274674469429939e+00
4.601627076648910908e+00,7.977735633219165123e-01,2.504164191494789904e+01,4.341412193807739683e+00
4.608182100974621775e+00,7.977982477127242289e-01,2.507731376952759561e+01,4.341546524049022082e+00
4.614737125300332643e+00,7.978223483761661683e-01,2.511298562410729573e+01,4.341677677698323023e+00
4.621292149626043511e+00,7.978458580457258309e-01,2.514865747868699231e+01,4.341805615211912439e+00
4.627847173951753490e+00,7.978687619791841046e-01,2.518432933326668888e+01,4.341930256363955465e+00
4.634402198277464358e+00,7.978910437585599036e-01,2.522000118784638900e+01,4.342051511809271069e+00
4.640957222603175225e+00,7.979126915244971752e-01,2.525567304242608557e+01,4.342169317010307950e+00
4.647512246928886093e+00,7.979337042091316778e-01,2.529134489700578570e+01,4.342283666155843491e+00
4.654067271254596960e+00,7.979540969745204659e-01,2.532701675158548227e+01,4.342394641756433415e+00
4.660622295580306940e+00,7.979739004746486675e-01,2.536268860616517884e+01,4.342502410628315879e+00
4.667177319906018695e+00,7.979931534695980933e-01,2.539836046074487896e+01,4.342607183700379458e+00
4.673732344231728675e+00,7.980118944153044014e-01,2.543403231532457553e+01,4.342709170246378925e+00
4.680287368557439542e+00,7.980301530526892062e-01,2.546970416990427211e+01,4.342808532113742181e+00
4.686842392883150410e+00,7.980479430261462337e-01,2.550537602448397223e+01,4.342905343554036790e+00
4.693397417208861278e+00,7.980652614757739460e-01,2.554104787906366880e+01,4.342999589003934346e+00
4.699952441534571257e+00,7.980820953432673504e-01,2.557671973364336537e+01,4.343091197401309778e+00
4.706507465860282124e+00,7.980984285804387790e-01,2.561239158822306550e+01,4.343180081413366089e+00
4.713062490185992992e+00,7.981142493381752079e-01,2.564806344280276207e+01,4.343266176558292280e+00
4.719617514511703860e+00,7.981295557335418289e-01,2.568373529738246219e+01,4.343349472589324911e+00
4.726172538837414727e+00,7.981443557460340399e-01,2.571940715196215876e+01,4.343430012930164175e+00
4.732727563163124707e+00,7.981586634325351648e-01,2.575507900654185534e+01,4.343507874077107367e+00
4.739282587488836462e+00,7.981724948601445213e-01,2.579075086112155546e+01,4.343583143465868268e+00
4.745837611814546442e+00,7.981858641552580513e-01,2.582642271570125203e+01,4.343655897971027358e+00
4.752392636140257309e+00,7.981987815098176009e-01,2.586209457028094860e+01,4.343726193056218321e+00
4.758947660465968177e+00,7.982112549205412355e-01,2.589776642486064873e+01,4.343794072238862825e+00
4.765502684791678156e+00,7.982232930244277380e-01,2.593343827944034530e+01,4.343859582520734897e+00
4.772057709117389024e+00,7.982349079467198072e-01,2.596911013402004187e+01,4.343922789886317304e+00
4.778612733443099891e+00,7.982461171330289540e-01,2.600478198859974199e+01,4.343983789273063501e+00
4.785167757768810759e+00,7.982569405216212166e-01,2.604045384317943856e+01,4.344042689183230443e+00
4.791722782094521627e+00,7.982673945031498741e-01,2.607612569775913869e+01,4.344099578813281681e+00
4.798277806420232494e+00,7.982774856017645915e-01,2.611179755233883526e+01,4.344154493667056194e+00
4.804832830745942474e+00,7.982872050311760059e-01,2.614746940691853183e+01,4.344207385930354270e+00
4.811387855071653341e+00,7.982965310535539150e-01,2.618314126149823196e+01,4.344258137307853929e+00
4.817942879397364209e+00,7.983054406945012671e-01,2.621881311607792853e+01,4.344306622774945836e+00
4.824497903723075076e+00,7.983139230972055023e-01,2.625448497065762510e+01,4.344352783249830097e+00
4.831052928048785944e+00,7.983219921264256280e-01,2.629015682523732522e+01,4.344396694183281227e+00
4.837607952374495923e+00,7.983296887864479441e-01,2.632582867981702179e+01,4.344438578716949273e+00
4.844162976700206791e+00,7.983370671221607928e-01,2.636150053439671836e+01,4.344478730958270418e+00
4.850718001025917658e+00,7.983441760464473624e-01,2.639717238897641849e+01,4.344517417086767530e+00
4.857273025351628526e+00,7.983510417832592188e-01,2.643284424355611506e+01,4.344554779810835043e+00
4.863828049677339393e+00,7.983576602736071059e-01,2.646851609813581518e+01,4.344590797041815833e+00
4.870383074003050261e+00,7.983640067753662306e-01,2.650418795271551176e+01,4.344625334135287176e+00
4.876938098328760240e+00,7.983700500005889156e-01,2.653985980729520833e+01,4.344658220825041717e+00
4.883493122654471108e+00,7.983757658398304979e-01,2.657553166187490845e+01,4.344689325909644850e+00
4.890048146980181976e+00,7.983811452741041981e-01,2.661120351645460502e+01,4.344718600308579148e+00
4.896603171305891955e+00,7.983861937604456172e-01,2.664687537103430159e+01,4.344746073718542156e+00
4.903158195631603711e+00,7.983909287342666472e-01,2.668254722561400172e+01,4.344771841021482395e+00
4.909713219957313690e+00,7.983953768699287856e-01,2.671821908019369829e+01,4.344796047376883408e+00
4.916268244283024558e+00,7.983995697758600185e-01,2.675389093477339486e+01,4.344818864794976143e+00
4.922823268608735425e+00,7.984035381023818490e-01,2.678956278935309498e+01,4.344840460072060928e+00
4.929378292934446293e+00,7.984073054543079362e-01,2.682523464393279156e+01,4.344860961663417065e+00
4.935933317260157160e+00,7.984108839746433262e-01,2.686090649851249168e+01,4.344880435650190442e+00
4.942488341585867140e+00,7.984142762259434090e-01,2.689657835309218825e+01,4.344898895977576281e+00
4.949043365911578007e+00,7.984174807005053331e-01,2.693225020767188482e+01,4.344916334440791061e+00
4.955598390237288875e+00,7.984204974172159908e-01,2.696792206225158495e+01,4.344932751142615679e+00
4.962153414562999743e+00,7.984233311751249840e-01,2.700359391683128152e+01,4.344948172199048386e+00
4.968708438888709722e+00,7.984259907557463842e-01,2.703926577141097809e+01,4.344962645398300793e+00
4.975263463214421478e+00,7.984284870512230459e-01,2.707493762599067821e+01,4.344976230014437668e+00
4.981818487540131457e+00,7.984308309437981865e-01,2.711060948057037479e+01,4.344988985267650428e+00
4.988373511865842325e+00,7.984330301249761286e-01,2.714628133515007136e+01,4.345000953014416467e+00
4.994928536191553192e+00,7.984350851754816736e-01,2.718195318972977148e+01,4.345012136414987403e+00
5.001483560517264060e+00,7.984369860527645857e-01,2.721762504430946805e+01,4.345022480818705901e+00
5.008038584842974927e+00,7.984387143665206965e-01,2.725329689888916818e+01,4.345031886147185496e+00
5.014593609168684907e+00,7.984402544636216570e-01,2.728896875346886475e+01,4.345040267217505914e+00
5.021148633494395774e+00,7.984416063734058877e-01,2.732464060804856132e+01,4.345047624189323443e+00
5.027703657820106642e+00,7.984427932307917031e-01,2.736031246262826144e+01,4.345054082960789543e+00
5.034258682145817509e+00,7.984438522843965158e-01,2.739598431720795801e+01,4.345059846235539425e+00
5.040813706471527489e+00,7.984448184132079129e-01,2.743165617178765459e+01,4.345065103821896813e+00
5.047368730797239245e+00,7.984457099031674332e-01,2.746732802636735471e+01,4.345069955230314918e+00
5.053923755122949224e+00,7.984465279988889330e-01,2.750299988094705128e+01,4.345074407233870950e+00
5.060478779448660092e+00,7.984472671415080436e-01,2.753867173552674785e+01,4.345078429581723967e+00
5.067033803774370959e+00,7.984479255270385822e-01,2.757434359010644798e+01,4.345082012456742859e+00
5.073588828100081827e+00,7.984485090209006986e-01,2.761001544468614455e+01,4.345085187778017222e+00
5.080143852425792694e+00,7.984490273114254189e-01,2.764568729926584467e+01,4.345088008268576552e+00
5.086698876751502674e+00,7.984494889318218824e-01,2.768135915384554124e+01,4.345090520365380016e+00
5.093253901077213541e+00,7.984498987200099318e-01,2.771703100842523781e+01,4.345092750395952663e+00
5.099808925402924409e+00,7.984502591918135606e-01,2.775270286300493794e+01,4.345094712051183805e+00
5.106363949728635276e+00,7.984505728150445014e-01,2.778837471758463451e+01,4.345096418760683754e+00
5.112918974054345256e+00,7.984508433899908386e-01,2.782404657216433108e+01,4.345097891205278451e+00
5.119473998380057012e+00,7.984510755946773175e-01,2.785971842674403121e+01,4.345099154842360534e+00
5.126029022705766991e+00,7.984512739727565034e-01,2.789539028132372778e+01,4.345100234398078243e+00
5.132584047031477859e+00,7.984514422531222566e-01,2.793106213590342435e+01,4.345101150164738968e+00
5.139139071357188726e+00,7.984515834926889655e-01,2.796673399048312447e+01,4.345101918777795724e+00
5.145694095682898705e+00,7.984517005173626947e-01,2.800240584506282104e+01,4.345102555615576456e+00
5.152249120008610461e+00,7.984517962327789542e-01,2.803807769964252117e+01,4.345103076490288707e+00
5.158804144334320441e+00,7.984518735650525390e-01,2.807374955422221774e+01,4.345103497325586872e+00
5.165359168660031308e+00,7.984519352527298386e-01,2.810942140880191431e+01,4.345103833024395179e+00
5.171914192985742176e+00,7.984519836976901042e-01,2.814509326338161443e+01,4.345104096657524728e+00
5.178469217311453043e+00,7.984520209962520099e-01,2.818076511796131101e+01,4.345104299632954081e+00
5.185024241637163023e+00,7.984520490463590248e-01,2.821643697254100758e+01,4.345104452279120899e+00
5.191579265962873890e+00,7.984520696183694533e-01,2.825210882712070770e+01,4.345104564230156896e+00
5.198134290288584758e+00,7.984520843143108060e-01,2.828778068170040427e+01,4.345104644204152322e+00
5.204689314614295625e+00,7.984520944802906417e-01,2.832345253628010084e+01,4.345104699526502579e+00
5.211244338940006493e+00,7.984521011649668987e-01,2.835912439085980097e+01,4.345104735903911219e+00
5.217799363265716472e+00,7.984521052109313510e-01,2.839479624543949754e+01,4.345104757921687266e+00
5.224354387591428228e+00,7.984521074012854713e-01,2.843046810001919766e+01,4.345104769841397818e+00
5.230909411917138208e+00,7.984521085636210325e-01,2.846613995459889424e+01,4.345104776166723859e+00
5.237464436242849075e+00,7.984521095541480262e-01,2.850181180917859081e+01,4.345104781557083129e+00
