x_m,r_m,x_over_rt,r_over_rt
# M4.19 vitiated-air nozzle [euler] inviscid design wall (AxisMachCFDWall)
# R=2, L_U=6, L_c=8 (r_t units), M_d=4.19; r_t=0.210556 m
# throat x=0.000000 m r=0.210556 m; exit x=5.032377 m r=0.798453 m
-1.368613999999999997e+00,8.001127999999999574e-01,-6.500000000000000000e+00,3.799999999999999822e+00
-1.364983724137931009e+00,8.001127999999999574e-01,-6.482758620689654805e+00,3.799999999999999822e+00
-1.361353448275862021e+00,8.001127999999999574e-01,-6.465517241379310498e+00,3.799999999999999822e+00
-1.357723172413793034e+00,8.001127999999999574e-01,-6.448275862068965303e+00,3.799999999999999822e+00
-1.354092896551724268e+00,8.001127999999999574e-01,-6.431034482758620996e+00,3.799999999999999822e+00
-1.350462620689655058e+00,8.001127999999999574e-01,-6.413793103448275801e+00,3.799999999999999822e+00
-1.346832344827586070e+00,8.001127999999999574e-01,-6.396551724137930606e+00,3.799999999999999822e+00
-1.343202068965517304e+00,8.001127999999999574e-01,-6.379310344827586299e+00,3.799999999999999822e+00
-1.339571793103448094e+00,8.001127999999999574e-01,-6.362068965517241104e+00,3.799999999999999822e+00
-1.335941517241379328e+00,8.001127999999999574e-01,-6.344827586206896797e+00,3.799999999999999822e+00
-1.332311241379310340e+00,8.001127999999999574e-01,-6.327586206896551602e+00,3.799999999999999822e+00
-1.328680965517241352e+00,8.001127999999999574e-01,-6.310344827586207295e+00,3.799999999999999822e+00
-1.325050689655172365e+00,8.001127999999999574e-01,-6.293103448275862100e+00,3.799999999999999822e+00
-1.321420413793103377e+00,8.001127999999999574e-01,-6.275862068965516904e+00,3.799999999999999822e+00
-1.317790137931034389e+00,8.001127999999999574e-01,-6.258620689655172598e+00,3.799999999999999822e+00
-1.314159862068965401e+00,8.001127999999999574e-01,-6.241379310344827402e+00,3.799999999999999822e+00
-1.310529586206896635e+00,8.001127999999999574e-01,-6.224137931034483096e+00,3.799999999999999822e+00
-1.306899310344827647e+00,8.001127999999999574e-01,-6.206896551724137900e+00,3.799999999999999822e+00
-1.303269034482758437e+00,8.001127999999999574e-01,-6.189655172413792705e+00,3.799999999999999822e+00
-1.299638758620689671e+00,8.001127999999999574e-01,-6.172413793103448398e+00,3.799999999999999822e+00
-1.296008482758620683e+00,8.001127999999999574e-01,-6.155172413793103203e+00,3.799999999999999822e+00
-1.292378206896551696e+00,8.001127999999999574e-01,-6.137931034482758896e+00,3.799999999999999822e+00
-1.288747931034482708e+00,8.001127999999999574e-01,-6.120689655172413701e+00,3.799999999999999822e+00
-1.285117655172413942e+00,8.001127999999999574e-01,-6.103448275862069394e+00,3.799999999999999822e+00
-1.281487379310344732e+00,8.001127999999999574e-01,-6.086206896551724199e+00,3.799999999999999822e+00
-1.277857103448275744e+00,8.001127999999999574e-01,-6.068965517241379004e+00,3.799999999999999822e+00
-1.274226827586206978e+00,8.001127999999999574e-01,-6.051724137931034697e+00,3.799999999999999822e+00
-1.270596551724137768e+00,8.001127999999999574e-01,-6.034482758620689502e+00,3.799999999999999822e+00
-1.266966275862069002e+00,8.001127999999999574e-01,-6.017241379310345195e+00,3.799999999999999822e+00
-1.263336000000000015e+00,8.001127999999999574e-01,-6.000000000000000000e+00,3.799999999999999822e+00
-1.256987577889447039e+00,8.001122955698438677e-01,-5.969849246231155426e+00,3.799997604294552911e+00
-1.250639155778894507e+00,8.001087902108845462e-01,-5.939698492462311741e+00,3.799980956186879588e+00
-1.244290733668341531e+00,8.000993532535078945e-01,-5.909547738693467167e+00,3.799936136958851574e+00
-1.237942311557788999e+00,8.000811301003902809e-01,-5.879396984924623482e+00,3.799849589184778775e+00
-1.231593889447236245e+00,8.000513415949916940e-01,-5.849246231155778908e+00,3.799708113732174208e+00
-1.225245467336683269e+00,8.000072833900491176e-01,-5.819095477386934334e+00,3.799498866762519800e+00
-1.218897045226130738e+00,7.999463253160696841e-01,-5.788944723618090649e+00,3.799209356732031750e+00
-1.212548623115577762e+00,7.998659107498232723e-01,-5.758793969849246075e+00,3.798827441392424564e+00
-1.206200201005025230e+00,7.997635559828365492e-01,-5.728643216080402389e+00,3.798341324791678186e+00
-1.199851778894472254e+00,7.996368495898850126e-01,-5.698492462311557816e+00,3.797739554274801144e+00
-1.193503356783919500e+00,7.994834517974866994e-01,-5.668341708542713242e+00,3.797011017484596795e+00
-1.187154934673366746e+00,7.993010938523955611e-01,-5.638190954773869557e+00,3.796144939362428694e+00
-1.180806512562813992e+00,7.990875773900940615e-01,-5.608040201005024983e+00,3.795130879148986836e+00
-1.174458090452261461e+00,7.988407738032863303e-01,-5.577889447236181297e+00,3.793958727385049023e+00
-1.168109668341708485e+00,7.985586236103918711e-01,-5.547738693467336724e+00,3.792618702912250672e+00
-1.161761246231155731e+00,7.982391358240373824e-01,-5.517587939698492150e+00,3.791101349873845283e+00
-1.155412824120602977e+00,7.978803873195516871e-01,-5.487437185929648464e+00,3.789397534715475580e+00
-1.149064402010050223e+00,7.974805222034575536e-01,-5.457286432160803891e+00,3.787498443185934427e+00
-1.142715979899497469e+00,7.970377511819648486e-01,-5.427135678391960205e+00,3.785395577337928419e+00
-1.136367557788944715e+00,7.965503509294643569e-01,-5.396984924623115631e+00,3.783080752528849455e+00
-1.130019135678391962e+00,7.960166634570203792e-01,-5.366834170854271058e+00,3.780546094421533443e+00
-1.123670713567839208e+00,7.954350954808638852e-01,-5.336683417085427372e+00,3.777784035985029654e+00
-1.117322291457286454e+00,7.948041177908858890e-01,-5.306532663316582799e+00,3.774787314495364310e+00
-1.110973869346733700e+00,7.941222646191301582e-01,-5.276381909547739113e+00,3.771548968536304614e+00
-1.104625447236180946e+00,7.933881330082868111e-01,-5.246231155778894539e+00,3.768062335000127661e+00
-1.098277025125627970e+00,7.926003821801849147e-01,-5.216080402010049966e+00,3.764321046088380029e+00
-1.091928603015075439e+00,7.917577329042864154e-01,-5.185929648241206280e+00,3.760319026312650248e+00
-1.085580180904522463e+00,7.908589668661777372e-01,-5.155778894472361706e+00,3.756050489495325717e+00
-1.079231758793969709e+00,7.899029260360651561e-01,-5.125628140703517133e+00,3.751509935770366067e+00
-1.072883336683417177e+00,7.888885120372656212e-01,-5.095477386934673447e+00,3.746692148584061410e+00
-1.066534914572864201e+00,7.878146855147013516e-01,-5.065326633165828873e+00,3.741592191695802594e+00
-1.060186492462311669e+00,7.866804655033923233e-01,-5.035175879396985188e+00,3.736205406178842559e+00
-1.053838070351758693e+00,7.854849287969497551e-01,-5.005025125628140614e+00,3.730527407421065256e+00
-1.047489648241206162e+00,7.842272093160689295e-01,-4.974874371859296929e+00,3.724554082125747900e+00
-1.041141226130653186e+00,7.829064974770221230e-01,-4.944723618090452355e+00,3.718281585312326332e+00
-1.034792804020100432e+00,7.815220395601525372e-01,-4.914572864321607781e+00,3.711706337317163040e+00
-1.028444381909547678e+00,7.800731370783666740e-01,-4.884422110552764096e+00,3.704825020794309864e+00
-1.022095959798994924e+00,7.785591461456273787e-01,-4.854271356783919522e+00,3.697634577716272020e+00
-1.015747537688442170e+00,7.769794768454475475e-01,-4.824120603015074948e+00,3.690132206374777013e+00
-1.009399115577889416e+00,7.753335925993830591e-01,-4.793969849246231263e+00,3.682315358381537784e+00
-1.003050693467336663e+00,7.736210095355253724e-01,-4.763819095477386689e+00,3.674181735669016291e+00
-9.967022713567839087e-01,7.718412958569954574e-01,-4.733668341708543004e+00,3.665729287491192423e+00
-9.903538492462311549e-01,7.699940712104362817e-01,-4.703517587939698430e+00,3.656956207424325811e+00
-9.840054271356785121e-01,7.680790060545062969e-01,-4.673366834170854744e+00,3.647860930367723409e+00
-9.776570050251256472e-01,7.660958210283720371e-01,-4.643216080402010171e+00,3.638442129544501746e+00
-9.713085829145727823e-01,7.640442863202021595e-01,-4.613065326633165597e+00,3.628698713502356288e+00
-9.649601608040201395e-01,7.619242210356594880e-01,-4.582914572864321912e+00,3.618629823114323685e+00
-9.586117386934672746e-01,7.597354925663950542e-01,-4.552763819095477338e+00,3.608234828579546694e+00
-9.522633165829144097e-01,7.574780159585403627e-01,-4.522613065326632764e+00,3.597513326424040869e+00
-9.459148944723617669e-01,7.551517532812016542e-01,-4.492462311557789079e+00,3.586465136501461259e+00
-9.395664723618090131e-01,7.527567129949515046e-01,-4.462311557788944505e+00,3.575090298993861548e+00
-9.332180502512563702e-01,7.502929493203235323e-01,-4.432160804020100819e+00,3.563389071412467857e+00
-9.268696281407035054e-01,7.477605616063041083e-01,-4.402010050251256246e+00,3.551361925598435221e+00
-9.205212060301508625e-01,7.451596936988265085e-01,-4.371859296482412560e+00,3.539009544723620060e+00
-9.141727839195979977e-01,7.424905333092635118e-01,-4.341708542713567986e+00,3.526332820291340653e+00
-9.078243618090451328e-01,7.397533113829206641e-01,-4.311557788944723413e+00,3.513332849137144720e+00
-9.014759396984924900e-01,7.369483014675292099e-01,-4.281407035175879727e+00,3.500010930429573452e+00
-8.951275175879396251e-01,7.340758190817397999e-01,-4.251256281407035154e+00,3.486368562670927318e+00
-8.887790954773868712e-01,7.311362210836145348e-01,-4.221105527638190580e+00,3.472407440698030534e+00
-8.824306733668342284e-01,7.281299050391211169e-01,-4.190954773869346894e+00,3.458129452682997318e+00
-8.760822512562813635e-01,7.250573085906257820e-01,-4.160804020100502321e+00,3.443536677133996804e+00
-8.697338291457287207e-01,7.219189088253857856e-01,-4.130653266331658635e+00,3.428631379896017517e+00
-8.633854070351758558e-01,7.187152216440434449e-01,-4.100502512562814061e+00,3.413416011151634066e+00
-8.570369849246232130e-01,7.154468011291181817e-01,-4.070351758793970376e+00,3.397893202421769843e+00
-8.506885628140703481e-01,7.121142389135001194e-01,-4.040201005025125802e+00,3.382065763566462824e+00
-8.443401407035174833e-01,7.087181635489444576e-01,-4.010050251256281229e+00,3.365936679785636265e+00
-8.379917185929647294e-01,7.052592398745619606e-01,-3.979899497487437099e+00,3.349509108619853848e+00
-8.316432964824120866e-01,7.017381683853145535e-01,-3.949748743718592969e+00,3.332786376951093921e+00
-8.252948743718593327e-01,6.981556846005068095e-01,-3.919597989949748840e+00,3.315771978003509091e+00
-8.189464522613065789e-01,6.945125584322803247e-01,-3.889447236180904710e+00,3.298469568344195135e+00
-8.125980301507538250e-01,6.908095935541056498e-01,-3.859296482412060580e+00,3.280882964883953257e+00
-8.062496080402009602e-01,6.870476267692758876e-01,-3.829145728643216007e+00,3.263016141878055887e+00
-7.999011859296482063e-01,6.832275273794006232e-01,-3.798994974874371877e+00,3.244873227927015602e+00
-7.935527638190954525e-01,6.793501965528975228e-01,-3.768844221105527748e+00,3.226458502977343379e+00
-7.872043417085426986e-01,6.754165666934863754e-01,-3.738693467336683618e+00,3.207776395322320173e+00
-7.808559195979899448e-01,6.714276008086824676e-01,-3.708542713567839488e+00,3.188831478602758729e+00
-7.745074974874371909e-01,6.673842918782887379e-01,-3.678391959798994915e+00,3.169628468807769828e+00
-7.681590753768844371e-01,6.632876622228899288e-01,-3.648241206030150785e+00,3.150172221275527207e+00
-7.618106532663316832e-01,6.591387628723449632e-01,-3.618090452261306655e+00,3.130467727694033808e+00
-7.554622311557789294e-01,6.549386729342803193e-01,-3.587939698492462526e+00,3.110520113101884032e+00
-7.491138090452261755e-01,6.506884989625830729e-01,-3.557788944723618396e+00,3.090334632889032207e+00
-7.427653869346733106e-01,6.463893743258941615e-01,-3.527638190954773822e+00,3.069916669797556175e+00
-7.364169648241205568e-01,6.420424585761019820e-01,-3.497487437185929693e+00,3.049271730922424428e+00
-7.300685427135678029e-01,6.376489368168338778e-01,-3.467336683417085563e+00,3.028405444712256589e+00
-7.237201206030150491e-01,6.332100190719512911e-01,-3.437185929648241434e+00,3.007323557970094985e+00
-7.173716984924624063e-01,6.287269396540414723e-01,-3.407035175879397304e+00,2.986031932854164683e+00
-7.110232763819095414e-01,6.242009565329108556e-01,-3.376884422110552730e+00,2.964536543878639741e+00
-7.046748542713567875e-01,6.196333507040787669e-01,-3.346733668341708601e+00,2.942843474914411228e+00
-6.983264321608040337e-01,6.150254255572703554e-01,-3.316582914572864471e+00,2.920958916189851262e+00
-6.919780100502512798e-01,6.103785062449087473e-01,-3.286432160804020342e+00,2.898889161291574368e+00
-6.856295879396985260e-01,6.056939390506095311e-01,-3.256281407035176212e+00,2.876640604165208170e+00
-6.792811658291456611e-01,6.009730907576728010e-01,-3.226130653266331638e+00,2.854219736116153427e+00
-6.729327437185929073e-01,5.962173480175773088e-01,-3.195979899497487509e+00,2.831633142810356052e+00
-6.665843216080402645e-01,5.914281167184725074e-01,-3.165829145728643379e+00,2.808887501275064480e+00
-6.602358994974875106e-01,5.866068213536723697e-01,-3.135678391959799249e+00,2.785989576899601250e+00
-6.538874773869346457e-01,5.817549043901482086e-01,-3.105527638190954676e+00,2.762946220436122591e+00
-6.475390552763818919e-01,5.768738256370220530e-01,-3.075376884422110546e+00,2.739764365000390001e+00
-6.411906331658291380e-01,5.719650616140595778e-01,-3.045226130653266416e+00,2.716451023072529836e+00
-6.348422110552763842e-01,5.670301049201628141e-01,-3.015075376884422287e+00,2.693013283497800447e+00
-6.284937889447236303e-01,5.620704636018643008e-01,-2.984924623115578157e+00,2.669458308487358877e+00
-6.221453668341707655e-01,5.570876605218192390e-01,-2.954773869346733584e+00,2.645793330619023997e+00
-6.157969447236181226e-01,5.520832327272990891e-01,-2.924623115577889454e+00,2.622025649838043648e+00
-6.094485226130653688e-01,5.470587308186845021e-01,-2.894472361809045324e+00,2.598162630457856892e+00
-6.031001005025126149e-01,5.420157183179586946e-01,-2.864321608040201195e+00,2.574211698160863371e+00
-5.967516783919598611e-01,5.369557710371999359e-01,-2.834170854271357065e+00,2.550180336999182895e+00
-5.904032562814069962e-01,5.318804764470754787e-01,-2.804020100502512491e+00,2.526076086395427023e+00
-5.840548341708542424e-01,5.267914330453343785e-01,-2.773869346733668362e+00,2.501906538143459979e+00
-5.777064120603014885e-01,5.216902497252999815e-01,-2.743718592964824232e+00,2.477679333409164464e+00
-5.713579899497487347e-01,5.165785451443642984e-01,-2.713567839195980103e+00,2.453402159731208343e+00
-5.650095678391959808e-01,5.114579470924799365e-01,-2.683417085427135973e+00,2.429082748021808680e+00
-5.586611457286432270e-01,5.063300918606534751e-01,-2.653266331658291399e+00,2.404728869567495320e+00
-5.523127236180904731e-01,5.011966236094398397e-01,-2.623115577889447270e+00,2.380348333029882024e+00
-5.459643015075377193e-01,4.960591937374331795e-01,-2.592964824120603140e+00,2.355948981446423840e+00
-5.396158793969849654e-01,4.909194602497618520e-01,-2.562814070351759010e+00,2.331538689231187345e+00
-5.332674572864322116e-01,4.857790871265807997e-01,-2.532663316582914881e+00,2.307125359175615120e+00
-5.269190351758793467e-01,4.806397436915644805e-01,-2.502512562814070307e+00,2.282716919449288895e+00
-5.205706130653265928e-01,4.755031039804004656e-01,-2.472361809045226178e+00,2.258321320600697568e+00
-5.142221909547738390e-01,4.703708461092824256e-01,-2.442211055276382048e+00,2.233946532558000797e+00
-5.078737688442210851e-01,4.652446516434029511e-01,-2.412060301507537918e+00,2.209600541629794357e+00
-5.015253467336684423e-01,4.601262049654468167e-01,-2.381909547738693789e+00,2.185291347505874171e+00
-4.951769246231155774e-01,4.550171926440846337e-01,-2.351758793969849215e+00,2.161026960258005669e+00
-4.888285025125628236e-01,4.499193028024651153e-01,-2.321608040201005085e+00,2.136815397340684264e+00
-4.824800804020100697e-01,4.448342244867083961e-01,-2.291457286432160956e+00,2.112664680591901600e+00
-4.761316582914573159e-01,4.397636470343997961e-01,-2.261306532663316826e+00,2.088582833233913139e+00
-4.697832361809045620e-01,4.347092594430820300e-01,-2.231155778894472697e+00,2.064577876874000406e+00
-4.634348140703517527e-01,4.296727497387488048e-01,-2.201005025125628123e+00,2.040657828505237692e+00
-4.570863919597989988e-01,4.246558043443386388e-01,-2.170854271356783993e+00,2.016830697507260073e+00
-4.507379698492462450e-01,4.196601074482260163e-01,-2.140703517587939864e+00,1.993104482647020337e+00
-4.443895477386934911e-01,4.146873403727167062e-01,-2.110552763819095734e+00,1.969487169079564115e+00
-4.380411256281407373e-01,4.097391809425393050e-01,-2.080402010050251604e+00,1.945986725348787694e+00
-4.316927035175879279e-01,4.048173028533397777e-01,-2.050251256281407031e+00,1.922611100388209149e+00
-4.253442814070351741e-01,3.999233750401721132e-01,-2.020100502512562901e+00,1.899368220521724160e+00
-4.189958592964824202e-01,3.950590610459950858e-01,-1.989949748743718771e+00,1.876265986464385138e+00
-4.126474371859296109e-01,3.902260183901617441e-01,-1.959798994974874198e+00,1.853312270323152822e+00
-4.062990150753769680e-01,3.854258979369152294e-01,-1.929648241206030512e+00,1.830514912597671184e+00
-3.999505929648241032e-01,3.806603432638798745e-01,-1.899497487437185939e+00,1.807881719181025026e+00
-3.936021708542714603e-01,3.759309900305561891e-01,-1.869346733668342253e+00,1.785420458360513107e+00
-3.872537487437185955e-01,3.712394653468123473e-01,-1.839195979899497679e+00,1.763138857818406402e+00
-3.809053266331657861e-01,3.665873871413777296e-01,-1.809045226130653106e+00,1.741044601632714128e+00
-3.745569045226131433e-01,3.619763635303378524e-01,-1.778894472361809420e+00,1.719145327277958657e+00
-3.682084824120602784e-01,3.574079921856239683e-01,-1.748743718592964846e+00,1.697448622625923775e+00
-3.618600603015076356e-01,3.528838597035099389e-01,-1.718592964824121161e+00,1.675962022946436702e+00
-3.555116381909548262e-01,3.484055409731016129e-01,-1.688442211055276587e+00,1.654693007908117686e+00
-3.491632160804019613e-01,3.439745985448336985e-01,-1.658291457286432014e+00,1.633648998579160461e+00
-3.428147939698493185e-01,3.395925819989604189e-01,-1.628140703517588328e+00,1.612837354428087622e+00
-3.364663718592964536e-01,3.352610273140492203e-01,-1.597989949748743754e+00,1.592265370324518203e+00
-3.301179497487438108e-01,3.309814562354736478e-01,-1.567839195979900069e+00,1.571940273539930821e+00
-3.237695276381910015e-01,3.267553756439074975e-01,-1.537688442211055495e+00,1.551869220748435030e+00
-3.174211055276381366e-01,3.225842769238161933e-01,-1.507537688442210921e+00,1.532059295027528023e+00
-3.110726834170854938e-01,3.184696353319529383e-01,-1.477386934673367236e+00,1.512517502858873319e+00
-3.047242613065326844e-01,3.144129093658464824e-01,-1.447236180904522662e+00,1.493250771129041699e+00
-2.983758391959799861e-01,3.104155401323013264e-01,-1.417085427135678977e+00,1.474265944130308981e+00
-2.920274170854271767e-01,3.064789507158837134e-01,-1.386934673366834403e+00,1.455569780561388527e+00
-2.856789949748743118e-01,3.026045455474210555e-01,-1.356783919597989829e+00,1.437168950528225686e+00
-2.793305728643216690e-01,2.987937097724905899e-01,-1.326633165829146144e+00,1.419070032544741622e+00
-2.729821507537688596e-01,2.950478086199131433e-01,-1.296482412060301570e+00,1.401279510533602224e+00
-2.666337286432162168e-01,2.913681867702487271e-01,-1.266331658291457885e+00,1.383803770826995017e+00
-2.602853065326633519e-01,2.877561677242881366e-01,-1.236180904522613311e+00,1.366649099167386083e+00
-2.539368844221105426e-01,2.842130531715448827e-01,-1.206030150753768737e+00,1.349821677708281431e+00
-2.475884623115578720e-01,2.807401223587487893e-01,-1.175879396984925052e+00,1.333327582014992796e+00
-2.412400402010050349e-01,2.773386314583426993e-01,-1.145728643216080478e+00,1.317172778065420768e+00
-2.348916180904523920e-01,2.740098129369694102e-01,-1.115577889447236792e+00,1.301363119250790401e+00
-2.285431959798995549e-01,2.707548749239697128e-01,-1.085427135678392219e+00,1.285904343376440107e+00
-2.221947738693467178e-01,2.675750005798734898e-01,-1.055276381909547645e+00,1.270802069662576805e+00
-2.158463517587940472e-01,2.644713474648932028e-01,-1.025125628140703959e+00,1.256061795745042620e+00
-2.094979296482412101e-01,2.614450469074168226e-01,-9.949748743718593857e-01,1.241688894676080679e+00
-2.031495075376885673e-01,2.584972033725008167e-01,-9.648241206030157002e-01,1.227688611925097373e+00
-1.968010854271357302e-01,2.556288938303635239e-01,-9.346733668341711265e-01,1.214066062379431266e+00
-1.904526633165828930e-01,2.528411671248801396e-01,-9.045226130653265528e-01,1.200826227345125119e+00
-1.841042412060302502e-01,2.501350433420701513e-01,-8.743718592964828673e-01,1.187973951547665052e+00
-1.777558190954774131e-01,2.475115131785977363e-01,-8.442211055276382936e-01,1.175513940132780544e+00
-1.714073969849247425e-01,2.449715373102596960e-01,-8.140703517587946081e-01,1.163450755667184477e+00
-1.650589748743719054e-01,2.425160457604820241e-01,-7.839195979899500344e-01,1.151788815139354938e+00
-1.587105527638190683e-01,2.401459372688083682e-01,-7.537688442211054607e-01,1.140532386960278366e+00
-1.523621306532664255e-01,2.378620786593978187e-01,-7.236180904522617752e-01,1.129685587964236682e+00
-1.460137085427135883e-01,2.356653042095181450e-01,-6.934673366834172015e-01,1.119252380409573533e+00
-1.396652864321609455e-01,2.335564150180330090e-01,-6.633165829145735159e-01,1.109236568979430793e+00
-1.333168643216081084e-01,2.315361783739021129e-01,-6.331658291457289423e-01,1.099641797782547670e+00
-1.269684422110552713e-01,2.296053271246696337e-01,-6.030150753768843686e-01,1.090471547354003867e+00
-1.206200201005026146e-01,2.277645590449611235e-01,-5.728643216080406830e-01,1.081729131656001819e+00
-1.142715979899497775e-01,2.260145362049728879e-01,-5.427135678391961093e-01,1.073417695078615175e+00
-1.079231758793971208e-01,2.243558843389662494e-01,-5.125628140703524238e-01,1.065540209440558606e+00
-1.015747537688442836e-01,2.227891922137628100e-01,-4.824120603015078501e-01,1.058099470989963820e+00
-9.522633165829144652e-02,2.213150109972339408e-01,-4.522613065326632764e-01,1.051098097405127163e+00
-8.887790954773878982e-02,2.199338536267987643e-01,-4.221105527638195909e-01,1.044538524795298073e+00
-8.252948743718595270e-02,2.186461941779117291e-01,-3.919597989949750172e-01,1.038423004701417796e+00
-7.618106532663330988e-02,2.174524672325590102e-01,-3.618090452261313317e-01,1.032753601096900731e+00
-6.983264321608047276e-02,2.163530672477511629e-01,-3.316582914572867580e-01,1.027532187388396245e+00
-6.348422110552763564e-02,2.153483479240179965e-01,-3.015075376884421843e-01,1.022760443416563803e+00
-5.713579899497497894e-02,2.144386215738958712e-01,-2.713567839195984988e-01,1.018439852456809014e+00
-5.078737688442214182e-02,2.136241584904273738e-01,-2.412060301507539251e-01,1.014571698220080975e+00
-4.443895477386930470e-02,2.129051863156513347e-01,-2.110552763819093514e-01,1.011157061853622530e+00
-3.809053266331665494e-02,2.122818894090972019e-01,-1.809045226130656658e-01,1.008196818941740958e+00
-3.174211055276381782e-02,2.117544082162765573e-01,-1.507537688442210921e-01,1.005691636506566233e+00
-2.539368844221116459e-02,2.113228386371752143e-01,-1.206030150753774066e-01,1.003641970008811057e+00
-1.904526633165832747e-02,2.109872313947521727e-01,-9.045226130653283292e-02,1.002048060348563752e+00
-1.269684422110548862e-02,2.107475914034228626e-01,-6.030150753768825922e-02,1.000909930866006547e+00
-6.348422110552837984e-03,2.106038771375655094e-01,-3.015075376884457370e-02,1.000227384342244008e+00
0.000000000000000000e+00,2.105560000000000487e-01,0.000000000000000000e+00,1.000000000000000222e+00
6.298343879436014113e-03,2.106190710387575715e-01,2.991291570620649432e-02,1.000299545198225504e+00
1.259668775887202823e-02,2.107649423215806894e-01,5.982583141241298863e-02,1.000992336108116998e+00
1.889503163830804494e-02,2.110042694106401551e-01,8.973874711861948295e-02,1.002128979514429252e+00
2.519337551774405645e-02,2.113292677738541070e-01,1.196516628248259773e-01,1.003672504102728569e+00
3.149171939718007490e-02,2.117460900575943994e-01,1.495645785310324716e-01,1.005652130823127433e+00
3.779006327661608988e-02,2.122531597485288191e-01,1.794774942372389659e-01,1.008060372293018592e+00
4.408840715605209792e-02,2.128534125650946296e-01,2.093904099434454602e-01,1.010911171209059045e+00
5.038675103548811290e-02,2.135493839192942334e-01,2.393033256496519545e-01,1.014216569080407249e+00
5.668509491492412095e-02,2.143421832694352991e-01,2.692162413558584211e-01,1.017981835091069875e+00
6.298343879436014980e-02,2.152366484736823737e-01,2.991291570620649432e-01,1.022229945827629605e+00
6.928178267379615785e-02,2.162363790249281215e-01,3.290420727682714652e-01,1.026977996470906263e+00
7.558012655323217976e-02,2.173449332453523952e-01,3.589549884744779318e-01,1.032242886668403692e+00
8.187847043266818781e-02,2.185690864981099102e-01,3.888679041806843983e-01,1.038056794857947107e+00
8.817681431210419585e-02,2.199129993457447918e-01,4.187808198868909204e-01,1.044439480925477337e+00
9.447515819154021777e-02,2.213814760121448344e-01,4.486937355930974425e-01,1.051413761717285844e+00
1.007735020709762258e-01,2.229748499133995532e-01,4.786066512993039090e-01,1.058981220736524120e+00
1.070718459504122338e-01,2.246869356179580224e-01,5.085195670055103756e-01,1.067112481325433793e+00
1.133701898298482419e-01,2.265049012781832904e-01,5.384324827117168422e-01,1.075746600800657760e+00
1.196685337092842777e-01,2.284123554160955027e-01,5.683453984179234197e-01,1.084805730618436437e+00
1.259668775887202996e-01,2.303938920044444338e-01,5.982583141241298863e-01,1.094216702466063396e+00
1.322652214681563076e-01,2.324362307170463604e-01,6.281712298303363529e-01,1.103916443687410265e+00
1.385635653475923157e-01,2.345287148200697613e-01,6.580841455365429304e-01,1.113854341933118830e+00
1.448619092270283237e-01,2.366632072667818054e-01,6.879970612427493970e-01,1.123991751680226692e+00
1.511602531064643595e-01,2.388332237589301243e-01,7.179099769489558636e-01,1.134297876854281739e+00
1.574585969859003676e-01,2.410334513798434164e-01,7.478228926551623301e-01,1.144747484658919401e+00
1.637569408653363756e-01,2.432595228995631520e-01,7.777358083613687967e-01,1.155319833676376584e+00
1.700552847447723837e-01,2.455078256130870940e-01,8.076487240675753743e-01,1.165997765977160983e+00
1.763536286242083917e-01,2.477753157283110186e-01,8.375616397737818408e-01,1.176766825587069576e+00
1.826519725036443997e-01,2.500593630838755521e-01,8.674745554799883074e-01,1.187614521000947887e+00
1.889503163830804355e-01,2.523576566403135657e-01,8.973874711861948850e-01,1.198529876328927157e+00
1.952486602625164436e-01,2.546681609887742059e-01,9.273003868924013515e-01,1.209503224741988792e+00
2.015470041419524516e-01,2.569891050185068582e-01,9.572133025986078181e-01,1.220526154650102058e+00
2.078453480213884597e-01,2.593189398005191770e-01,9.871262183048142846e-01,1.231591309677801505e+00
2.141436919008244677e-01,2.616562692627388831e-01,1.017039134011020751e+00,1.242692059417631834e+00
2.204420357802605035e-01,2.639997834853650693e-01,1.046952049717227329e+00,1.253822182627733595e+00
2.267403796596964838e-01,2.663482331206794562e-01,1.076864965423433684e+00,1.264975745743077695e+00
2.330387235391325196e-01,2.687005438966427739e-01,1.106777881129640262e+00,1.276147646690869886e+00
2.393370674185685554e-01,2.710559321920557041e-01,1.136690796835846839e+00,1.287334163795169406e+00
2.456354112980045357e-01,2.734137054483109508e-01,1.166603712542053195e+00,1.298532007866367799e+00
2.519337551774405992e-01,2.757729449046708581e-01,1.196516628248259773e+00,1.309736815406214339e+00
2.582320990568766073e-01,2.781326233993798858e-01,1.226429543954466350e+00,1.320943708084214574e+00
2.645304429363126153e-01,2.804920470763162532e-01,1.256342459660672706e+00,1.332149390548434953e+00
2.708287868157486233e-01,2.828509334091028338e-01,1.286255375366879283e+00,1.343352520987779242e+00
2.771271306951846314e-01,2.852089802267620544e-01,1.316168291073085861e+00,1.354551664292454438e+00
2.834254745746206394e-01,2.875655439556270565e-01,1.346081206779292216e+00,1.365743763918515929e+00
2.897238184540566475e-01,2.899198389005457899e-01,1.375994122485498794e+00,1.376925088340136494e+00
2.960221623334926555e-01,2.922712970238012797e-01,1.405907038191705150e+00,1.388092939758550193e+00
3.023205062129287191e-01,2.946196413159798411e-01,1.435819953897911727e+00,1.399246002564542790e+00
3.086188500923647271e-01,2.969646794369031340e-01,1.465732869604118305e+00,1.410383363271068724e+00
3.149171939718007351e-01,2.993061238462998985e-01,1.495645785310324660e+00,1.421503656254392789e+00
3.212155378512367432e-01,3.016436033199526023e-01,1.525558701016531238e+00,1.432605118448073700e+00
3.275138817306727512e-01,3.039767600921010060e-01,1.555471616722737593e+00,1.443686050704330537e+00
3.338122256101087593e-01,3.063053038943324147e-01,1.585384532428944171e+00,1.454745074442582720e+00
3.401105694895447673e-01,3.086289787194605450e-01,1.615297448135150749e+00,1.465780973800131948e+00
3.464089133689807753e-01,3.109475082742569341e-01,1.645210363841357104e+00,1.476792436569164257e+00
3.527072572484167834e-01,3.132605812152549629e-01,1.675123279547563682e+00,1.487777984076706250e+00
3.590056011278528469e-01,3.155678972019587136e-01,1.705036195253770259e+00,1.498736189906527017e+00
3.653039450072887995e-01,3.178692241007177177e-01,1.734949110959976615e+00,1.509665951579236554e+00
3.716022888867248630e-01,3.201644179519669842e-01,1.764862026666183192e+00,1.520566585383304137e+00
3.779006327661608711e-01,3.224533805962096489e-01,1.794774942372389770e+00,1.531437625126853108e+00
3.841989766455968791e-01,3.247360022866910834e-01,1.824687858078596125e+00,1.542278549586290959e+00
3.904973205250328872e-01,3.270121254296141644e-01,1.854600773784802703e+00,1.553088610296615490e+00
3.967956644044688952e-01,3.292815629156191637e-01,1.884513689491009059e+00,1.563866918613666446e+00
4.030940082839049032e-01,3.315441380171464392e-01,1.914426605197215636e+00,1.574612635199882371e+00
4.093923521633409668e-01,3.337997197615431011e-01,1.944339520903422214e+00,1.585325138022868563e+00
4.156906960427769193e-01,3.360482268045723031e-01,1.974252436609628569e+00,1.596004040751972441e+00
4.219890399222129829e-01,3.382896043772698480e-01,2.004165352315835147e+00,1.606649083271290523e+00
4.282873838016489354e-01,3.405237983663189638e-01,2.034078268022041502e+00,1.617260008578805586e+00
4.345857276810850545e-01,3.427507365910661963e-01,2.063991183728248302e+00,1.627836473864749500e+00
4.408840715605210070e-01,3.449703295354628607e-01,2.093904099434454658e+00,1.638378053987836314e+00
4.471824154399570150e-01,3.471824792308968455e-01,2.123817015140661013e+00,1.648884283662763517e+00
4.534807593193929676e-01,3.493870881524009375e-01,2.153729930846867369e+00,1.659354699711245162e+00
4.597791031988290866e-01,3.515840646841178474e-01,2.183642846553074168e+00,1.669788867019310175e+00
4.660774470782650392e-01,3.537733239812662633e-01,2.213555762259280524e+00,1.680186382631063902e+00
4.723757909577010472e-01,3.559547879132405890e-01,2.243468677965486879e+00,1.690546875478450506e+00
4.786741348371371108e-01,3.581283849969914557e-01,2.273381593671693679e+00,1.700870006064854278e+00
4.849724787165731188e-01,3.602940503304037367e-01,2.303294509377900035e+00,1.711155466148690740e+00
4.912708225960090713e-01,3.624517255256775594e-01,2.333207425084106390e+00,1.721402978427010177e+00
4.975691664754451904e-01,3.646013586427063746e-01,2.363120340790313190e+00,1.731612296219088520e+00
5.038675103548811984e-01,3.667429041224571917e-01,2.393033256496519545e+00,1.741783203150027548e+00
5.101658542343171510e-01,3.688763227196676930e-01,2.422946172202725901e+00,1.751915512831112354e+00
5.164641981137532145e-01,3.710015813797850615e-01,2.452859087908932700e+00,1.762009068275352197e+00
5.227625419931891670e-01,3.731186528541047820e-01,2.482772003615139056e+00,1.772063740069647952e+00
5.290608858726252306e-01,3.752275151306348477e-01,2.512684919321345411e+00,1.782079423671777851e+00
5.353592297520612941e-01,3.773281508484263580e-01,2.542597835027552211e+00,1.792056036628860705e+00
5.416575736314972467e-01,3.794205467118911268e-01,2.572510750733758567e+00,1.801993515795755618e+00
5.479559175109331992e-01,3.815046929051195690e-01,2.602423666439964922e+00,1.811891814553465929e+00
5.542542613903692628e-01,3.835805825061989194e-01,2.632336582146171722e+00,1.821750900027540920e+00
5.605526052698053263e-01,3.856482109015307858e-01,2.662249497852378077e+00,1.831570750306478201e+00
5.668509491492412788e-01,3.877075752001497566e-01,2.692162413558584433e+00,1.841351351660127200e+00
5.731492930286772314e-01,3.897586736516002737e-01,2.722075329264790788e+00,1.851092695774997132e+00
5.794476369081132949e-01,3.918015051895507583e-01,2.751988244970997588e+00,1.860794777586726401e+00
5.857459807875493585e-01,3.938360693591419492e-01,2.781901160677203944e+00,1.870457594935038381e+00
5.920443246669853110e-01,3.958623664255228602e-01,2.811814076383410299e+00,1.880081149079213532e+00
5.983426685464213746e-01,3.978803974916099717e-01,2.841726992089617099e+00,1.889665445257366239e+00
6.046410124258574381e-01,3.998901646158474765e-01,2.871639907795823454e+00,1.899210493245727882e+00
6.109393563052933906e-01,4.018916709299671930e-01,2.901552823502029810e+00,1.908716307917927901e+00
6.172377001847294542e-01,4.038849207567485333e-01,2.931465739208236609e+00,1.918182909804273306e+00
6.235360440641654067e-01,4.058699197277781390e-01,2.961378654914442965e+00,1.927610325651029521e+00
6.298343879436014703e-01,4.078466749012103487e-01,2.991291570620649320e+00,1.936998588979703007e+00
6.361327318230375338e-01,4.098151948781199039e-01,3.021204486326856120e+00,1.946347740639639445e+00
6.424310757024734864e-01,4.117754898742109204e-01,3.051117402033062476e+00,1.955657829148591986e+00
6.487294195819094389e-01,4.137275716635657741e-01,3.081030317739268831e+00,1.964928910425567388e+00
6.550277634613455024e-01,4.156714534655513993e-01,3.110943233445475187e+00,1.974161047253706336e+00
6.613261073407815660e-01,4.176071498290899742e-01,3.140856149151681986e+00,1.983354308730646443e+00
6.676244512202175185e-01,4.195346765169261083e-01,3.170769064857888342e+00,1.992508769718868811e+00
6.739227950996534711e-01,4.214540503898974166e-01,3.200681980564094697e+00,2.001624510296061032e+00
6.802211389790895346e-01,4.233652892912027621e-01,3.230594896270301497e+00,2.010701615205469306e+00
6.865194828585255982e-01,4.252684119306717747e-01,3.260507811976507853e+00,2.019740173306254771e+00
6.928178267379615507e-01,4.271634377690327056e-01,3.290420727682714208e+00,2.028740277023845184e+00
6.991161706173976143e-01,4.290503869024339112e-01,3.320333643388921008e+00,2.037702021801487184e+00
7.054145144968335668e-01,4.309292799620072500e-01,3.350246559095127363e+00,2.046625505623241636e+00
7.117128583762696303e-01,4.328001380745157278e-01,3.380159474801333719e+00,2.055510828827085135e+00
7.180112022557056939e-01,4.346629828607097012e-01,3.410072390507540518e+00,2.064358094097103358e+00
7.243095461351416464e-01,4.365178364365133734e-01,3.439985306213746874e+00,2.073167406469126561e+00
7.306078900145775989e-01,4.383647214142126769e-01,3.469898221919953230e+00,2.081938873336369955e+00
7.369062338940137735e-01,4.402036609036404924e-01,3.499811137626160029e+00,2.090672604455064310e+00
7.432045777734497261e-01,4.420346785133650314e-01,3.529724053332366385e+00,2.099368711950098998e+00
7.495029216528856786e-01,4.438577983518762760e-01,3.559636969038572740e+00,2.108027310320657044e+00
7.558012655323217421e-01,4.456730450287726963e-01,3.589549884744779540e+00,2.116648516445851502e+00
7.620996094117578057e-01,4.474804436559458032e-01,3.619462800450985895e+00,2.125232449590350292e+00
7.683979532911937582e-01,4.492800198468348549e-01,3.649375716157192251e+00,2.133779231400838139e+00
7.746962971706297107e-01,4.510717996969474397e-01,3.679288631863398606e+00,2.142288985813500801e+00
7.809946410500657743e-01,4.528558097403837523e-01,3.709201547569605406e+00,2.150761838847545349e+00
7.872929849295018379e-01,4.546320769018248886e-01,3.739114463275811762e+00,2.159197918377177228e+00
7.935913288089377904e-01,4.564006284484771192e-01,3.769027378982018117e+00,2.167597353903365942e+00
7.998896726883738539e-01,4.581614919420155529e-01,3.798940294688224917e+00,2.175960276325612064e+00
8.061880165678098065e-01,4.599146951905296321e-01,3.828853210394431272e+00,2.184286817713718243e+00
8.124863604472458700e-01,4.616602662004666291e-01,3.858766126100637628e+00,2.192577111079554442e+00
8.187847043266819336e-01,4.633982331285778633e-01,3.888679041806844427e+00,2.200831290148833830e+00
8.250830482061178861e-01,4.651286242338606436e-01,3.918591957513050783e+00,2.209049489132870470e+00
8.313813920855538386e-01,4.668514678296276643e-01,3.948504873219257139e+00,2.217231842500938743e+00
8.376797359649900132e-01,4.685667922436932975e-01,3.978417788925463938e+00,2.225378484791187716e+00
8.439780798444259657e-01,4.702746258130629520e-01,4.008330704631670294e+00,2.233489550585416428e+00
8.502764237238619183e-01,4.719749969008339985e-01,4.038243620337876649e+00,2.241565174589344345e+00
8.565747676032978708e-01,4.736679339148618939e-01,4.068156536044083005e+00,2.249605491721261341e+00
8.628731114827339344e-01,4.753534653264249177e-01,4.098069451750289360e+00,2.257610637200673231e+00
8.691714553621701089e-01,4.770316196888919613e-01,4.127982367456496604e+00,2.265580746636961074e+00
8.754697992416060615e-01,4.787024256563858216e-01,4.157895283162702960e+00,2.273515956118020043e+00
8.817681431210420140e-01,4.803659120024525442e-01,4.187808198868909315e+00,2.281416402298925394e+00
8.880664870004780775e-01,4.820221076387247172e-01,4.217721114575115671e+00,2.289282222490571339e+00
8.943648308799140301e-01,4.836710416335892604e-01,4.247634030281322026e+00,2.297113554748329456e+00
9.006631747593499826e-01,4.853127432305658906e-01,4.277546945987528382e+00,2.304910537959335759e+00
9.069615186387859351e-01,4.869472418558187798e-01,4.307459861693734737e+00,2.312673311878164384e+00
9.132598625182221097e-01,4.885745670910875416e-01,4.337372777399941981e+00,2.320402016998269090e+00
9.195582063976581733e-01,4.901947486296315271e-01,4.367285693106148337e+00,2.328096794342747522e+00
9.258565502770941258e-01,4.918078162312548018e-01,4.397198608812354692e+00,2.335757785250740071e+00
9.321548941565300783e-01,4.934137996773300672e-01,4.427111524518561048e+00,2.343385131163823853e+00
9.384532380359661419e-01,4.950127287258244690e-01,4.457024440224767403e+00,2.350978973412415129e+00
9.447515819154020944e-01,4.966046330663239639e-01,4.486937355930973759e+00,2.358539453002165498e+00
9.510499257948382690e-01,4.981895422750585167e-01,4.516850271637181002e+00,2.366066710400361650e+00
9.573482696742742215e-01,4.997674857699266338e-01,4.546763187343387358e+00,2.373560885322321123e+00
9.636466135537101740e-01,5.013384927655210044e-01,4.576676103049593713e+00,2.381022116517796050e+00
9.699449574331462376e-01,5.029025922284496852e-01,4.606589018755800069e+00,2.388450541558776230e+00
9.762433013125821901e-01,5.044598128479589327e-01,4.636501934462006425e+00,2.395846296699970512e+00
9.825416451920181427e-01,5.060101830639363030e-01,4.666414850168212780e+00,2.403209517011799079e+00
9.888399890714543172e-01,5.075537311278486285e-01,4.696327765874420024e+00,2.410540336669810824e+00
9.951383329508903808e-01,5.090904851659097119e-01,4.726240681580626379e+00,2.417838889254686041e+00
1.001436676830326222e+00,5.106204732422471304e-01,4.756153597286832735e+00,2.425105308052238673e+00
1.007735020709762397e+00,5.121437234220728163e-01,4.786066512993039090e+00,2.432339726353430098e+00
1.014033364589198349e+00,5.136602638348493066e-01,4.815979428699245446e+00,2.439542277754370936e+00
1.020331708468634302e+00,5.151701227374579917e-01,4.845892344405451801e+00,2.446713096456325065e+00
1.026630052348070254e+00,5.166733285773680295e-01,4.875805260111658157e+00,2.453852317565721641e+00
1.032928396227506429e+00,5.181699100558029292e-01,4.905718175817865401e+00,2.460960077394151568e+00
1.039226740106942382e+00,5.196598961908603931e-01,4.935631091524071756e+00,2.468036513758146810e+00
1.045525083986378334e+00,5.211433163683474312e-01,4.965544007230278112e+00,2.475081766220613044e+00
1.051823427865814287e+00,5.226202003049787992e-01,4.995456922936484467e+00,2.482095975916045472e+00
1.058121771745250461e+00,5.240905779235001116e-01,5.025369838642690823e+00,2.489079284957446792e+00
1.064420115624686414e+00,5.255544792153354905e-01,5.055282754348897178e+00,2.496031835783998343e+00
1.070718459504122588e+00,5.270119341031805904e-01,5.085195670055104422e+00,2.502953770508466125e+00
1.077016803383558541e+00,5.284629723035926263e-01,5.115108585761310778e+00,2.509845230264597937e+00
1.083315147262994493e+00,5.299076231895855082e-01,5.145021501467517133e+00,2.516706354554539171e+00
1.089613491142430446e+00,5.313459156532200911e-01,5.174934417173723489e+00,2.523537280596231280e+00
1.095911835021866398e+00,5.327778779681969779e-01,5.204847332879929844e+00,2.530338142670819135e+00
1.102210178901302351e+00,5.342035376524491008e-01,5.234760248586136200e+00,2.537109071470056154e+00
1.108508522780738526e+00,5.356229213307344139e-01,5.264673164292343444e+00,2.543850193443712993e+00
1.114806866660174700e+00,5.370360545999159907e-01,5.294586079998549799e+00,2.550561630159748461e+00
1.121105210539610653e+00,5.384429619682497004e-01,5.324498995704756155e+00,2.557243498015965955e+00
1.127403554419046605e+00,5.398436669892815454e-01,5.354411911410962510e+00,2.563895908875935881e+00
1.133701898298482558e+00,5.412381924751565876e-01,5.384324827117168866e+00,2.570518971082071502e+00
1.140000242177918510e+00,5.426265607131560698e-01,5.414237742823375221e+00,2.577112790484033411e+00
1.146298586057354463e+00,5.440087936822376458e-01,5.444150658529581577e+00,2.583677471467152209e+00
1.152596929936790637e+00,5.453849132695722801e-01,5.474063574235788820e+00,2.590213117980832980e+00
1.158895273816226590e+00,5.467549414870827018e-01,5.503976489941995176e+00,2.596719834566969087e+00
1.165193617695662764e+00,5.481189006879830794e-01,5.533889405648201532e+00,2.603197727388358196e+00
1.171491961575098717e+00,5.494768137833159205e-01,5.563802321354407887e+00,2.609646905257109406e+00
1.177790305454534669e+00,5.508287044584914138e-01,5.593715237060614243e+00,2.616067480663061051e+00
1.184088649333970622e+00,5.521745973898205539e-01,5.623628152766820598e+00,2.622459570802164741e+00
1.190386993213406797e+00,5.535145184485315006e-01,5.653541068473027842e+00,2.628823298545429843e+00
1.196685337092842749e+00,5.548484947492742236e-01,5.683453984179234197e+00,2.635158792669286321e+00
1.202983680972278702e+00,5.561765544592573995e-01,5.713366899885440553e+00,2.641466186949112949e+00
1.209282024851714876e+00,5.574987265516416768e-01,5.743279815591646909e+00,2.647745618988020855e+00
1.215580368731150829e+00,5.588150405581007174e-01,5.773192731297853264e+00,2.653997229041683781e+00
1.221878712610586781e+00,5.601255263213880120e-01,5.803105647004059620e+00,2.660221158843196321e+00
1.228177056490022734e+00,5.614302137478992538e-01,5.833018562710265975e+00,2.666417550427911287e+00
1.234475400369458908e+00,5.627291325602366001e-01,5.862931478416473219e+00,2.672586544958284627e+00
1.240773744248894861e+00,5.640223120497731557e-01,5.892844394122679574e+00,2.678728281548724333e+00
1.247072088128330813e+00,5.653097808292171234e-01,5.922757309828885930e+00,2.684842896090432696e+00
1.253370432007766766e+00,5.665915665851750660e-01,5.952670225535092285e+00,2.690930520076250776e+00
1.259668775887202941e+00,5.678676958307413702e-01,5.982583141241298641e+00,2.696991279425622334e+00
1.265967119766638893e+00,5.691381936764007277e-01,6.012496056947504997e+00,2.703025293396534856e+00
1.272265463646075068e+00,5.704030837796143505e-01,6.042408972653712240e+00,2.709032674346085301e+00
1.278563807525511020e+00,5.716623885240540437e-01,6.072321888359918596e+00,2.715013528581726732e+00
1.284862151404946973e+00,5.729161292424629348e-01,6.102234804066124951e+00,2.720967957419702987e+00
1.291160495284382925e+00,5.741643264399264313e-01,6.132147719772331307e+00,2.726896058245438237e+00
1.297458839163818878e+00,5.754070000171416233e-01,6.162060635478537662e+00,2.732797925573916764e+00
1.303757183043254830e+00,5.766441694936890183e-01,6.191973551184744018e+00,2.738673652110075185e+00
1.310055526922691005e+00,5.778758542313029434e-01,6.221886466890950373e+00,2.744523329809185785e+00
1.316353870802127179e+00,5.791020736571429461e-01,6.251799382597157617e+00,2.750347050937246962e+00
1.322652214681563132e+00,5.803228474870633091e-01,6.281712298303363973e+00,2.756144909131363452e+00
1.328950558560999085e+00,5.815381959488842289e-01,6.311625214009570328e+00,2.761917000460135441e+00
1.335248902440435037e+00,5.827481400056570005e-01,6.341538129715776684e+00,2.767663424484018808e+00
1.341547246319870990e+00,5.839527015666146070e-01,6.371451045421983039e+00,2.773384285257198378e+00
1.347845590199306942e+00,5.851519035541219438e-01,6.401363961128189395e+00,2.779079691645557126e+00
1.354143934078743117e+00,5.863457697585431339e-01,6.431276876834396639e+00,2.784749756637394213e+00
1.360442277958179069e+00,5.875343246460890123e-01,6.461189792540602994e+00,2.790394596430826102e+00
1.366740621837615244e+00,5.887175931660310058e-01,6.491102708246809350e+00,2.796014329518185182e+00
1.373038965717051196e+00,5.898956005579197859e-01,6.521015623953015705e+00,2.801609075770435275e+00
1.379337309596487149e+00,5.910683721588007034e-01,6.550928539659222061e+00,2.807178955521574704e+00
1.385635653475923101e+00,5.922359332104303320e-01,6.580841455365428416e+00,2.812724088653044241e+00
1.391933997355359276e+00,5.933983086664930129e-01,6.610754371071635660e+00,2.818244593678133292e+00
1.398232341234795229e+00,5.945555229998180646e-01,6.640667286777842016e+00,2.823740586826393617e+00
1.404530685114231181e+00,5.957076000095946622e-01,6.670580202484048371e+00,2.829212181128035741e+00
1.410829028993667134e+00,5.968545626285899353e-01,6.700493118190254727e+00,2.834659485498347120e+00
1.417127372873103308e+00,5.979964327344725605e-01,6.730406033896461082e+00,2.840082603841603159e+00
1.423425716752539261e+00,5.991332310500236957e-01,6.760318949602667438e+00,2.845481634577137431e+00
1.429724060631975213e+00,6.002649772440038500e-01,6.790231865308873793e+00,2.850856671118390473e+00
1.436022404511411388e+00,6.013916901022249295e-01,6.820144781015081037e+00,2.856207802685389652e+00
1.442320748390847340e+00,6.025133877008465033e-01,6.850057696721287392e+00,2.861535115127788131e+00
1.448619092270283293e+00,6.036300875796710708e-01,6.879970612427493748e+00,2.866838691747901180e+00
1.454917436149719245e+00,6.047418069154396614e-01,6.909883528133700104e+00,2.872118614123746916e+00
1.461215780029155198e+00,6.058485626951267689e-01,6.939796443839906459e+00,2.877374962932078617e+00
1.467514123908591372e+00,6.069503718892371724e-01,6.969709359546112815e+00,2.882607818771429908e+00
1.473812467788027547e+00,6.080472516251003157e-01,6.999622275252320058e+00,2.887817262985145739e+00
1.480110811667463500e+00,6.091392193601666838e-01,7.029535190958526414e+00,2.893003378484425347e+00
1.486409155546899452e+00,6.102262930553031817e-01,7.059448106664732769e+00,2.898166250571359459e+00
1.492707499426335405e+00,6.113084913476639626e-01,7.089361022370939125e+00,2.903305967759949979e+00
1.499005843305771357e+00,6.123858336898182486e-01,7.119273938077145480e+00,2.908422622436873439e+00
1.505304187185207310e+00,6.134583403322699802e-01,7.149186853783351836e+00,2.913516310778462515e+00
1.511602531064643484e+00,6.145260321968888384e-01,7.179099769489559080e+00,2.918587132149589092e+00
1.517900874944079437e+00,6.155889307406917643e-01,7.209012685195765435e+00,2.923635188456713774e+00
1.524199218823515611e+00,6.166470578196119323e-01,7.238925600901971791e+00,2.928660583500882986e+00
1.530497562702951564e+00,6.177004355522740520e-01,7.268838516608178146e+00,2.933663422330753168e+00
1.536795906582387516e+00,6.187490861837652290e-01,7.298751432314384502e+00,2.938643810595590988e+00
1.543094250461823469e+00,6.197930319494078244e-01,7.328664348020590857e+00,2.943601853898287768e+00
1.549392594341259421e+00,6.208322949385318701e-01,7.358577263726797213e+00,2.948537657148368574e+00
1.555690938220695596e+00,6.218668969582472617e-01,7.388490179433004457e+00,2.953451323915002646e+00
1.561989282100131549e+00,6.228968593972162848e-01,7.418403095139210812e+00,2.958342955780012495e+00
1.568287625979567501e+00,6.239222030894275850e-01,7.448316010845417168e+00,2.963212651690892763e+00
1.574585969859003676e+00,6.249429481827926125e-01,7.478228926551623523e+00,2.968060507336730769e+00
1.580884313738439628e+00,6.259591140758894445e-01,7.508141842257829879e+00,2.972886614847781495e+00
1.587182657617875581e+00,6.269707194697206054e-01,7.538054757964036234e+00,2.977691063041284281e+00
1.593481001497311755e+00,6.279777824491075133e-01,7.567967673670243478e+00,2.982473937808030051e+00
1.599779345376747708e+00,6.289803205646234963e-01,7.597880589376449834e+00,2.987235322501489154e+00
1.606077689256183660e+00,6.299783509145258087e-01,7.627793505082656189e+00,2.991975298326933430e+00
1.612376033135619613e+00,6.309718902266878704e-01,7.657706420788862545e+00,2.996693944730560499e+00
1.618674377015055565e+00,6.319609549405340587e-01,7.687619336495068900e+00,3.001391339788626933e+00
1.624972720894491740e+00,6.329455612889699490e-01,7.717532252201275256e+00,3.006067560596563215e+00
1.631271064773927693e+00,6.339257253803173286e-01,7.747445167907481611e+00,3.010722683658111798e+00
1.637569408653363867e+00,6.349014632802455482e-01,7.777358083613688855e+00,3.015356785274442952e+00
1.643867752532799820e+00,6.358727910937043148e-01,7.807270999319895211e+00,3.019969941933283053e+00
1.650166096412235772e+00,6.368397250467540127e-01,7.837183915026101566e+00,3.024562230697553478e+00
1.656464440291671725e+00,6.378022815574705406e-01,7.867096830732307922e+00,3.029133729542119902e+00
1.662762784171107677e+00,6.387604772494026584e-01,7.897009746438514277e+00,3.033684517417706950e+00
1.669061128050543852e+00,6.397143289203597316e-01,7.926922662144720633e+00,3.038214674102660329e+00
1.675359471929980026e+00,6.406638535066326856e-01,7.956835577850927876e+00,3.042724280033020534e+00
1.681657815809415979e+00,6.416090680472023022e-01,7.986748493557134232e+00,3.047213416132536601e+00
1.687956159688851931e+00,6.425499896479531792e-01,8.016661409263340587e+00,3.051682163642703838e+00
1.694254503568288106e+00,6.434866354458836923e-01,8.046574324969547831e+00,3.056130603952790459e+00
1.700552847447723837e+00,6.444190225733188448e-01,8.076487240675753299e+00,3.060558818429865990e+00
1.706851191327160011e+00,6.453471681221197853e-01,8.106400156381960542e+00,3.064966888248826127e+00
1.713149535206595742e+00,6.462710891078975450e-01,8.136313072088166010e+00,3.069354894222428243e+00
1.719447879086031916e+00,6.471908024342225563e-01,8.166225987794373253e+00,3.073722916631312252e+00
1.725746222965467869e+00,6.481063248568376123e-01,8.196138903500578721e+00,3.078071035054036120e+00
1.732044566844904043e+00,6.490176729482760587e-01,8.226051819206785964e+00,3.082399328199035171e+00
1.738342910724340218e+00,6.499248630736855770e-01,8.255964734912993208e+00,3.086707873789802381e+00
1.744641254603775948e+00,6.508279113961052964e-01,8.285877650619198675e+00,3.090996748589949217e+00
1.750939598483212123e+00,6.517268338937571848e-01,8.315790566325405919e+00,3.095266028485330168e+00
1.757237942362647853e+00,6.526216463778234944e-01,8.345703482031611387e+00,3.099515788568473429e+00
1.763536286242084028e+00,6.535123645102274281e-01,8.375616397737818630e+00,3.103746103223025798e+00
1.769834630121519981e+00,6.543990038214122507e-01,8.405529313444024098e+00,3.107957046208193130e+00
1.776132974000956155e+00,6.552815797281186239e-01,8.435442229150231341e+00,3.112148690743168800e+00
1.782431317880392330e+00,6.561601075511653836e-01,8.465355144856438585e+00,3.116321109591583038e+00
1.788729661759828060e+00,6.570346025332277629e-01,8.495268060562644052e+00,3.120474375145936285e+00
1.795028005639264235e+00,6.579050798566166147e-01,8.525180976268851296e+00,3.124608559512037864e+00
1.801326349518699965e+00,6.587715546610580786e-01,8.555093891975056763e+00,3.128723734593448214e+00
1.807624693398136140e+00,6.596340420614713596e-01,8.585006807681264007e+00,3.132819972175912238e+00
1.813923037277571870e+00,6.604925571649693516e-01,8.614919723387469475e+00,3.136897344008099164e+00
1.820221381157008045e+00,6.613471150783206687e-01,8.644832639093676718e+00,3.140955921837044418e+00
1.826519725036444219e+00,6.621977309008609813e-01,8.674745554799883962e+00,3.144995777374480106e+00
1.832818068915880172e+00,6.630444197140498153e-01,8.704658470506089429e+00,3.149016982247240026e+00
1.839116412795316347e+00,6.638871965709842726e-01,8.734571386212296673e+00,3.153019607947454617e+00
1.845414756674752077e+00,6.647260764859058702e-01,8.764484301918502140e+00,3.157003725782717485e+00
1.851713100554188252e+00,6.655610744237122622e-01,8.794397217624709384e+00,3.160969406826270589e+00
1.858011444433624426e+00,6.663922052894672987e-01,8.824310133330916628e+00,3.164916721867186755e+00
1.864309788313060157e+00,6.672194839179111936e-01,8.854223049037122095e+00,3.168845741360546420e+00
1.870608132192496331e+00,6.680429250629690285e-01,8.884135964743329339e+00,3.172756535377614817e+00
1.876906476071932284e+00,6.688625433872632531e-01,8.914048880449534806e+00,3.176649173556028938e+00
1.883204819951368458e+00,6.696783534516224101e-01,8.943961796155742050e+00,3.180523725049974271e+00
1.889503163830804189e+00,6.704903697045987432e-01,8.973874711861947517e+00,3.184380258480398407e+00
1.895801507710240363e+00,6.712986064736020664e-01,9.003787627568154761e+00,3.188218841892902944e+00
1.902099851589676538e+00,6.721030779668878408e-01,9.033700543274362005e+00,3.192039542767187044e+00
1.908398195469112268e+00,6.729037982859320532e-01,9.063613458980567472e+00,3.195842428075818642e+00
1.914696539348548443e+00,6.737007814391959837e-01,9.093526374686774716e+00,3.199627564349607933e+00
1.920994883227984174e+00,6.744940413558917491e-01,9.123439290392980183e+00,3.203395017742983963e+00
1.927293227107420348e+00,6.752835918997491804e-01,9.153352206099187427e+00,3.207144854099380549e+00
1.933591570986856301e+00,6.760694468827839199e-01,9.183265121805392894e+00,3.210877139016622195e+00
1.939889914866292475e+00,6.768516200790645199e-01,9.213178037511600138e+00,3.214591937912310904e+00
1.946188258745728650e+00,6.776301252384794305e-01,9.243090953217807382e+00,3.218289316089208985e+00
1.952486602625164380e+00,6.784049761005038759e-01,9.273003868924012849e+00,3.221969338800622751e+00
1.958784946504600555e+00,6.791761864079676192e-01,9.302916784630220093e+00,3.225632071315790661e+00
1.965083290384036285e+00,6.799437699208212837e-01,9.332829700336425560e+00,3.229277578985264352e+00
1.971381634263472460e+00,6.807077404298232937e-01,9.362742616042632804e+00,3.232905927305910421e+00
1.977679978142908634e+00,6.814681117653521580e-01,9.392655531748840048e+00,3.236517181962766276e+00
1.983978322022344587e+00,6.822248977865065234e-01,9.422568447455045515e+00,3.240111408777268664e+00
1.990276665901780762e+00,6.829781123580627167e-01,9.452481363161252759e+00,3.243688673597820760e+00
1.996575009781216492e+00,6.837277693265304546e-01,9.482394278867458226e+00,3.247249042186071577e+00
2.002873353660652445e+00,6.844738824962020018e-01,9.512307194573665470e+00,3.250792580103165186e+00
2.009171697540088619e+00,6.852164656052084357e-01,9.542220110279870937e+00,3.254319352596024117e+00
2.015470041419524794e+00,6.859555323015704698e-01,9.572133025986078181e+00,3.257829424483607905e+00
2.021768385298960968e+00,6.866910961192502771e-01,9.602045941692285425e+00,3.261322860043172955e+00
2.028066729178396699e+00,6.874231704542068666e-01,9.631958857398490892e+00,3.264799722896554179e+00
2.034365073057832873e+00,6.881517685404454632e-01,9.661871773104698136e+00,3.268260075896414651e+00
2.040663416937268604e+00,6.888769034260733282e-01,9.691784688810903603e+00,3.271703981012525908e+00
2.046961760816704778e+00,6.895985879493500281e-01,9.721697604517110847e+00,3.275131499218022935e+00
2.053260104696140509e+00,6.903168347152104367e-01,9.751610520223316314e+00,3.278542690377906244e+00
2.059558448575576683e+00,6.910316560836207156e-01,9.781523435929523558e+00,3.281937613193738112e+00
2.065856792455012858e+00,6.917430641874483532e-01,9.811436351635730801e+00,3.285316325288514250e+00
2.072155136334448589e+00,6.924510709617485160e-01,9.841349267341936269e+00,3.288678883345753867e+00
2.078453480213884763e+00,6.931556881734745046e-01,9.871262183048143513e+00,3.292025343250605918e+00
2.084751824093320494e+00,6.938569274511925400e-01,9.901175098754348980e+00,3.295355760230972209e+00
2.091050167972756668e+00,6.945548003147927751e-01,9.931088014460556224e+00,3.298670188998616748e+00
2.097348511852192843e+00,6.952493182052026377e-01,9.961000930166763467e+00,3.301968683890283973e+00
2.103646855731628573e+00,6.959404925140993958e-01,9.990913845872968935e+00,3.305251299008812094e+00
2.109945199611064748e+00,6.966283346136229460e-01,1.002082676157917618e+01,3.308518088364249987e+00
2.116243543490500922e+00,6.973128558860870463e-01,1.005073967728538165e+01,3.311769106014965214e+00
2.122541887369937097e+00,6.979940677536936589e-01,1.008065259299158889e+01,3.315004406208769350e+00
2.128840231249372827e+00,6.986719817082439610e-01,1.011056550869779436e+01,3.318224043524022004e+00
2.135138575128809002e+00,6.993466093393524430e-01,1.014047842440400160e+01,3.321428073003630743e+00
2.141436919008245177e+00,7.000179623448069544e-01,1.017039134011020884e+01,3.324616550204254395e+00
2.147735262887680907e+00,7.006860525142598606e-01,1.020030425581641431e+01,3.327789531118846789e+00
2.154033606767117082e+00,7.013508917069122273e-01,1.023021717152262156e+01,3.330947072070671311e+00
2.160331950646552812e+00,7.020124918291146265e-01,1.026013008722882702e+01,3.334089229606920224e+00
2.166630294525988987e+00,7.026708648119692757e-01,1.029004300293503427e+01,3.337216060392338868e+00
2.172928638405424717e+00,7.033260225889296224e-01,1.031995591864123973e+01,3.340327621102840538e+00
2.179226982284860892e+00,7.039779770734030384e-01,1.034986883434744698e+01,3.343423968319131578e+00
2.185525326164297066e+00,7.046267401363510707e-01,1.037978175005365422e+01,3.346505158420330250e+00
2.191823670043732797e+00,7.052723235838905813e-01,1.040969466575985969e+01,3.349571247477586056e+00
2.198122013923168971e+00,7.059147391348956635e-01,1.043960758146606693e+01,3.352622291147702605e+00
2.204420357802604702e+00,7.065539983985977823e-01,1.046952049717227240e+01,3.355658344566755602e+00
2.210718701682040876e+00,7.071901128522161128e-01,1.049943341287847964e+01,3.358679462243850278e+00
2.217017045561477051e+00,7.078230938222327406e-01,1.052934632858468689e+01,3.361685697972191633e+00
2.223315389440913226e+00,7.084529524864091599e-01,1.055925924429089235e+01,3.364677104838661226e+00
2.229613733320349400e+00,7.090796998930520845e-01,1.058917215999709960e+01,3.367653735315318198e+00
2.235912077199785131e+00,7.097033469822071616e-01,1.061908507570330507e+01,3.370615641360052539e+00
2.242210421079221305e+00,7.103239046068557938e-01,1.064899799140951231e+01,3.373562874517258336e+00
2.248508764958657036e+00,7.109413835541127380e-01,1.067891090711571778e+01,3.376495486018507020e+00
2.254807108838093210e+00,7.115557945664233719e-01,1.070882382282192502e+01,3.379413526883220609e+00
2.261105452717529385e+00,7.121671483627608490e-01,1.073873673852813226e+01,3.382317048019343186e+00
2.267403796596965115e+00,7.127754556598225877e-01,1.076864965423433773e+01,3.385206100324011924e+00
2.273702140476401290e+00,7.133807271932292027e-01,1.079856256994054498e+01,3.388080734784234327e+00
2.280000484355837020e+00,7.139829737387198838e-01,1.082847548564675044e+01,3.390941002577556151e+00
2.286298828235273195e+00,7.145822061333505504e-01,1.085838840135295769e+01,3.393786955172735986e+00
2.292597172114708926e+00,7.151784352963213021e-01,1.088830131705916315e+01,3.396618644428661682e+00
2.298895515994145100e+00,7.157716722397221565e-01,1.091821423276537040e+01,3.399436122645387304e+00
2.305193859873581275e+00,7.163619280529583966e-01,1.094812714847157764e+01,3.402239442490161636e+00
2.311492203753017005e+00,7.169492138765053424e-01,1.097804006417778311e+01,3.405028656872781223e+00
2.317790547632453180e+00,7.175335408752364641e-01,1.100795297988399035e+01,3.407803818818919694e+00
2.324088891511889354e+00,7.181149202117491637e-01,1.103786589559019582e+01,3.410564981343439328e+00
2.330387235391325529e+00,7.186933630196922218e-01,1.106777881129640306e+01,3.413312197323715491e+00
2.336685579270761259e+00,7.192688803770911354e-01,1.109769172700260853e+01,3.416045519372951311e+00
2.342983923150197434e+00,7.198414832796774521e-01,1.112760464270881577e+01,3.418764999713508335e+00
2.349282267029633609e+00,7.204111826142129971e-01,1.115751755841502302e+01,3.421470690050214536e+00
2.355580610909069339e+00,7.209779891318182088e-01,1.118743047412122849e+01,3.424162641443693200e+00
2.361878954788505514e+00,7.215419134212986974e-01,1.121734338982743573e+01,3.426840904183678926e+00
2.368177298667941244e+00,7.221029658824793529e-01,1.124725630553364120e+01,3.429505527662376707e+00
2.374475642547377419e+00,7.226611567022244165e-01,1.127716922123984844e+01,3.432156560260569478e+00
2.380773986426813593e+00,7.232164958515975295e-01,1.130708213694605568e+01,3.434794049334132016e+00
2.387072330306249324e+00,7.237689931060214965e-01,1.133699505265226115e+01,3.437418041309777461e+00
2.393370674185685498e+00,7.243186580690273990e-01,1.136690796835846839e+01,3.440028581797846652e+00
2.399669018065121229e+00,7.248655001960229161e-01,1.139682088406467386e+01,3.442625715705194267e+00
2.405967361944557403e+00,7.254095288180606449e-01,1.142673379977088111e+01,3.445209487348072308e+00
2.412265705823993578e+00,7.259507531656078649e-01,1.145664671547708657e+01,3.447779940565018020e+00
2.418564049703429752e+00,7.264891823923148584e-01,1.148655963118329382e+01,3.450337118829740479e+00
2.424862393582865927e+00,7.270248255987840080e-01,1.151647254688950106e+01,3.452881065364007629e+00
2.431160737462301658e+00,7.275576918563380069e-01,1.154638546259570653e+01,3.455411823250527092e+00
2.437459081341737832e+00,7.280877902307891780e-01,1.157629837830191377e+01,3.457929435545836760e+00
2.443757425221173563e+00,7.286151298062094606e-01,1.160621129400811924e+01,3.460433945393194488e+00
2.450055769100609737e+00,7.291397197083799853e-01,1.163612420971432648e+01,3.462925396133949896e+00
2.456354112980045468e+00,7.296615691206004284e-01,1.166603712542053195e+01,3.465403831382627420e+00
2.462652456859481642e+00,7.301806872809785132e-01,1.169595004112673919e+01,3.467869295014050834e+00
2.468950800738917817e+00,7.306970834727595232e-01,1.172586295683294644e+01,3.470321831117420430e+00
2.475249144618353547e+00,7.312107670144089022e-01,1.175577587253915191e+01,3.472761483949205807e+00
2.481547488497789722e+00,7.317217472496956310e-01,1.178568878824535915e+01,3.475188297886052435e+00
2.487845832377225452e+00,7.322300335377719405e-01,1.181560170395156462e+01,3.477602317377666452e+00
2.494144176256661627e+00,7.327356352432584652e-01,1.184551461965777186e+01,3.480003586899724777e+00
2.500442520136097801e+00,7.332385617263236233e-01,1.187542753536397910e+01,3.482392150906759465e+00
2.506740864015533532e+00,7.337388223327687697e-01,1.190534045107018457e+01,3.484768053785067821e+00
2.513039207894969707e+00,7.342364263841072436e-01,1.193525336677639181e+01,3.487131339805596753e+00
2.519337551774405881e+00,7.347313831676496321e-01,1.196516628248259728e+01,3.489482053076851997e+00
2.525635895653842056e+00,7.352237019266038009e-01,1.199507919818880453e+01,3.491820237497881063e+00
2.531934239533277786e+00,7.357133918516804982e-01,1.202499211389500999e+01,3.494145936718405121e+00
2.538232583412713961e+00,7.362004620794323495e-01,1.205490502960121724e+01,3.496459194130931536e+00
2.544530927292150135e+00,7.366849216951454338e-01,1.208481794530742448e+01,3.498760052884484217e+00
2.550829271171585866e+00,7.371667797361173280e-01,1.211473086101362995e+01,3.501048555900175607e+00
2.557127615051022040e+00,7.376460451949353736e-01,1.214464377671983719e+01,3.503324745886773339e+00
2.563425958930457771e+00,7.381227270227563864e-01,1.217455669242604266e+01,3.505588665356277556e+00
2.569724302809893945e+00,7.385968341325817033e-01,1.220446960813224990e+01,3.507840356639476909e+00
2.576022646689329676e+00,7.390683754025397789e-01,1.223438252383845537e+01,3.510079861901536091e+00
2.582320990568765851e+00,7.395373596791616766e-01,1.226429543954466261e+01,3.512307223157552727e+00
2.588619334448202025e+00,7.400037957806592237e-01,1.229420835525086986e+01,3.514522482288128913e+00
2.594917678327637756e+00,7.404676925002064980e-01,1.232412127095707532e+01,3.516725681054952091e+00
2.601216022207073930e+00,7.409290586092135422e-01,1.235403418666328257e+01,3.518916861116347050e+00
2.607514366086509661e+00,7.413879028606140675e-01,1.238394710236948804e+01,3.521096064042886997e+00
2.613812709965945835e+00,7.418442339921782480e-01,1.241386001807569528e+01,3.523263331333128967e+00
2.620111053845382010e+00,7.422980607298593769e-01,1.244377293378190075e+01,3.525418704429507333e+00
2.626409397724818184e+00,7.427493917911435206e-01,1.247368584948810799e+01,3.527562224734244190e+00
2.632707741604254359e+00,7.431982358883996165e-01,1.250359876519431523e+01,3.529693933625257074e+00
2.639006085483690089e+00,7.436446017322272395e-01,1.253351168090052070e+01,3.531813872472060911e+00
2.645304429363126264e+00,7.440884980348089206e-01,1.256342459660672795e+01,3.533922082651688612e+00
2.651602773242561994e+00,7.445299335132583574e-01,1.259333751231293341e+01,3.536018605564592576e+00
2.657901117121998169e+00,7.449689168929689576e-01,1.262325042801914066e+01,3.538103482650548859e+00
2.664199461001434344e+00,7.454054569109659356e-01,1.265316334372534790e+01,3.540176755404576436e+00
2.670497804880870074e+00,7.458395623192541901e-01,1.268307625943155337e+01,3.542238465392837377e+00
2.676796148760306249e+00,7.462712418881649601e-01,1.271298917513776061e+01,3.544288654268531680e+00
2.683094492639741979e+00,7.467005044088143029e-01,1.274290209084396608e+01,3.546327363783574604e+00
2.689392836519178154e+00,7.471273586894051633e-01,1.277281500655017332e+01,3.548354635771031163e+00
2.695691180398613884e+00,7.475518135454672919e-01,1.280272792225637879e+01,3.550370512098763864e+00
2.701989524278050059e+00,7.479738777892630530e-01,1.283264083796258603e+01,3.552375034619118299e+00
2.708287868157486233e+00,7.483935602191891245e-01,1.286255375366879328e+01,3.554368245118586511e+00
2.714586212036921964e+00,7.488108696091780869e-01,1.289246666937499874e+01,3.556350185267473485e+00
2.720884555916358138e+00,7.492258146981003453e-01,1.292237958508120599e+01,3.558320896569560521e+00
2.727182899795794313e+00,7.496384041791661623e-01,1.295229250078741146e+01,3.560280420311775273e+00
2.733481243675230488e+00,7.500486466893275805e-01,1.298220541649361870e+01,3.562228797513856904e+00
2.739779587554666218e+00,7.504565507986791228e-01,1.301211833219982417e+01,3.564166068878014126e+00
2.746077931434102393e+00,7.508621249998612690e-01,1.304203124790603141e+01,3.566092274738602796e+00
2.752376275313538567e+00,7.512653776974712594e-01,1.307194416361223865e+01,3.568007455011831919e+00
2.758674619192974298e+00,7.516663171985483727e-01,1.310185707931844412e+01,3.569911649150574906e+00
2.764972963072410472e+00,7.520649517086159808e-01,1.313176999502465137e+01,3.571804896125572171e+00
2.771271306951846203e+00,7.524612893319874152e-01,1.316168291073085683e+01,3.573687234426886405e+00
2.777569650831282377e+00,7.528553380725022670e-01,1.319159582643706408e+01,3.575558702067394456e+00
2.783867994710718552e+00,7.532471058342617987e-01,1.322150874214327132e+01,3.577419336586284970e+00
2.790166338590154282e+00,7.536366004223647996e-01,1.325142165784947679e+01,3.579269175052550711e+00
2.796464682469590457e+00,7.540238295436469951e-01,1.328133457355568403e+01,3.581108254068499530e+00
2.802763026349026187e+00,7.544088008074127938e-01,1.331124748926188950e+01,3.582936609773232917e+00
2.809061370228462362e+00,7.547915217261745857e-01,1.334116040496809674e+01,3.584754277846152970e+00
2.815359714107898093e+00,7.551719997163878206e-01,1.337107332067430221e+01,3.586561293510457382e+00
2.821658057987334267e+00,7.555502420991880852e-01,1.340098623638050945e+01,3.588357691536637084e+00
2.827956401866770442e+00,7.559262561012487502e-01,1.343089915208671670e+01,3.590143506246550764e+00
2.834254745746206616e+00,7.563000488593216719e-01,1.346081206779292216e+01,3.591918771534991617e+00
2.840553089625642791e+00,7.566716274349739590e-01,1.349072498349912941e+01,3.593683520939674025e+00
2.846851433505078521e+00,7.570409988337059026e-01,1.352063789920533488e+01,3.595437787732032930e+00
2.853149777384514696e+00,7.574081700242656368e-01,1.355055081491154212e+01,3.597181605008955785e+00
2.859448121263950426e+00,7.577731479579603580e-01,1.358046373061774759e+01,3.598915005784496302e+00
2.865746465143386601e+00,7.581359395879690988e-01,1.361037664632395483e+01,3.600638023081598860e+00
2.872044809022822776e+00,7.584965518886549463e-01,1.364028956203016207e+01,3.602350690023817581e+00
2.878343152902258506e+00,7.588549918748782597e-01,1.367020247773636754e+01,3.604053039927042068e+00
2.884641496781694681e+00,7.592112666213086669e-01,1.370011539344257478e+01,3.605745106391215149e+00
2.890939840661130411e+00,7.595653832817372830e-01,1.373002830914878025e+01,3.607426923392054174e+00
2.897238184540566586e+00,7.599173491083851539e-01,1.375994122485498750e+01,3.609098525372751887e+00
2.903536528420002760e+00,7.602671714694440031e-01,1.378985414056119474e+01,3.610759947327285779e+00
2.909834872299438491e+00,7.606148578526378268e-01,1.381976705626740021e+01,3.612411224817330790e+00
2.916133216178874665e+00,7.609604158535077101e-01,1.384967997197360745e+01,3.614052393916619366e+00
2.922431560058310396e+00,7.613038531612960069e-01,1.387959288767981292e+01,3.615683491143904860e+00
2.928729903937746570e+00,7.616451775448243033e-01,1.390950580338602016e+01,3.617304553395886746e+00
2.935028247817182745e+00,7.619843968383620547e-01,1.393941871909222563e+01,3.618915617880098523e+00
2.941326591696618920e+00,7.623215189275035497e-01,1.396933163479843287e+01,3.620516722047833369e+00
2.947624935576055094e+00,7.626565517350396561e-01,1.399924455050464012e+01,3.622107903527040929e+00
2.953923279455490825e+00,7.629895032068308991e-01,1.402915746621084558e+01,3.623689200055239201e+00
2.960221623334926999e+00,7.633203812976825375e-01,1.405907038191705283e+01,3.625260649412425096e+00
2.966519967214362730e+00,7.636491939572157550e-01,1.408898329762325830e+01,3.626822289353976103e+00
2.972818311093798904e+00,7.639759491158012450e-01,1.411889621332946554e+01,3.628374157543842404e+00
2.979116654973234635e+00,7.643006546714805616e-01,1.414880912903567101e+01,3.629916291492432112e+00
2.985414998852670809e+00,7.646233184787911696e-01,1.417872204474187825e+01,3.631448728503539058e+00
2.991713342732106984e+00,7.649439483381620386e-01,1.420863496044808549e+01,3.632971505623976860e+00
2.998011686611542714e+00,7.652625519853135660e-01,1.423854787615429096e+01,3.634484659593236966e+00
3.004310030490978889e+00,7.655791370806661611e-01,1.426846079186049820e+01,3.635988226793186673e+00
3.010608374370414619e+00,7.658937111987426105e-01,1.429837370756670367e+01,3.637482243197736498e+00
3.016906718249850794e+00,7.662062818175724432e-01,1.432828662327291092e+01,3.638966744322519542e+00
3.023205062129286969e+00,7.665168563080978492e-01,1.435819953897911816e+01,3.640441765174575295e+00
3.029503406008722699e+00,7.668254419235779329e-01,1.438811245468532363e+01,3.641907340202026777e+00
3.035801749888158874e+00,7.671320457889934108e-01,1.441802537039153087e+01,3.643363503243761237e+00
3.042100093767595048e+00,7.674366748907606173e-01,1.444793828609773634e+01,3.644810287480578115e+00
3.048398437647031223e+00,7.677393360734487970e-01,1.447785120180394358e+01,3.646247725419597963e+00
3.054696781526466953e+00,7.680400360527374071e-01,1.450776411751014905e+01,3.647675848955799882e+00
3.060995125405903128e+00,7.683387814342153010e-01,1.453767703321635629e+01,3.649094689461308771e+00
3.067293469285339302e+00,7.686355787323736477e-01,1.456758994892256354e+01,3.650504277875594283e+00
3.073591813164775033e+00,7.689304343895990712e-01,1.459750286462876900e+01,3.651904644795679555e+00
3.079890157044211207e+00,7.692233547951684569e-01,1.462741578033497625e+01,3.653295820566350383e+00
3.086188500923646938e+00,7.695143463042406484e-01,1.465732869604118171e+01,3.654677835370355954e+00
3.092486844803083113e+00,7.698034152568496991e-01,1.468724161174738896e+01,3.656050719318612252e+00
3.098785188682518843e+00,7.700905679968985673e-01,1.471715452745359443e+01,3.657414502540410339e+00
3.105083532561955018e+00,7.703758108911537006e-01,1.474706744315980167e+01,3.658769215273626418e+00
3.111381876441391192e+00,7.706591503478325000e-01,1.477698035886600891e+01,3.660114887953003215e+00
3.117680220320826923e+00,7.709405928286453547e-01,1.480689327457221438e+01,3.661451551267336679e+00
3.123978564200263097e+00,7.712201448486121214e-01,1.483680619027842162e+01,3.662779236158609564e+00
3.130276908079698828e+00,7.714978129723785161e-01,1.486671910598462709e+01,3.664097973804491648e+00
3.136575251959135002e+00,7.717736038104521246e-01,1.489663202169083434e+01,3.665407795600468255e+00
3.142873595838571177e+00,7.720475240154390795e-01,1.492654493739703980e+01,3.666708733141962551e+00
3.149171939718007351e+00,7.723195802782808483e-01,1.495645785310324705e+01,3.668000818206467173e+00
3.155470283597443526e+00,7.725897793244922429e-01,1.498637076880945429e+01,3.669284082735672303e+00
3.161768627476879256e+00,7.728581279103956536e-01,1.501628368451565976e+01,3.670558558817586192e+00
3.168066971356315431e+00,7.731246328193602801e-01,1.504619660022186700e+01,3.671824278668669006e+00
3.174365315235751162e+00,7.733893008580360329e-01,1.507610951592807247e+01,3.673081274615950687e+00
3.180663659115187336e+00,7.736521388522775711e-01,1.510602243163427971e+01,3.674329579077668662e+00
3.186962002994623511e+00,7.739131536408488943e-01,1.513593534734048696e+01,3.675569224533373092e+00
3.193260346874059241e+00,7.741723520669087089e-01,1.516584826304669242e+01,3.676800243483485442e+00
3.199558690753495416e+00,7.744297409691850431e-01,1.519576117875289967e+01,3.678022668407383566e+00
3.205857034632931146e+00,7.746853271731456436e-01,1.522567409445910513e+01,3.679236531721469028e+00
3.212155378512367321e+00,7.749391174821677053e-01,1.525558701016531238e+01,3.680441865737227758e+00
3.218453722391803051e+00,7.751911186687131528e-01,1.528549992587151785e+01,3.681638702619318249e+00
3.224752066271239226e+00,7.754413374654971491e-01,1.531541284157772509e+01,3.682827074343629103e+00
3.231050410150675400e+00,7.756897805566601578e-01,1.534532575728393233e+01,3.684007012655351243e+00
3.237348754030111131e+00,7.759364545689401149e-01,1.537523867299013780e+01,3.685178549027052775e+00
3.243647097909547306e+00,7.761813660633201106e-01,1.540515158869634504e+01,3.686341714619009391e+00
3.249945441788983480e+00,7.764245215368618114e-01,1.543506450440255051e+01,3.687496540287912961e+00
3.256243785668419655e+00,7.766659274473954877e-01,1.546497742010875776e+01,3.688643056704133283e+00
3.262542129547855385e+00,7.769055902461459162e-01,1.549489033581496322e+01,3.689781294506667919e+00
3.268840473427291560e+00,7.771435164106124116e-01,1.552480325152117047e+01,3.690911284459300390e+00
3.275138817306727734e+00,7.773797124774449729e-01,1.555471616722737771e+01,3.692033057606741053e+00
3.281437161186163465e+00,7.776141850753227613e-01,1.558462908293358318e+01,3.693146645430777752e+00
3.287735505065599639e+00,7.778469409578302463e-01,1.561454199863979042e+01,3.694252080006412697e+00
3.294033848945035370e+00,7.780779870363360162e-01,1.564445491434599589e+01,3.695349394158019773e+00
3.300332192824471544e+00,7.783073304128702574e-01,1.567436783005220313e+01,3.696438621615486309e+00
3.306630536703907719e+00,7.785349784124113715e-01,1.570428074575841038e+01,3.697519797167553524e+00
3.312928880583343449e+00,7.787609385910012616e-01,1.573419366146461584e+01,3.698592956700361256e+00
3.319227224462779624e+00,7.789852186636848641e-01,1.576410657717082309e+01,3.699658136855206614e+00
3.325525568342215355e+00,7.792078263914365976e-01,1.579401949287702855e+01,3.700715374491520659e+00
3.331823912221651529e+00,7.794287694657434651e-01,1.582393240858323580e+01,3.701764706138716221e+00
3.338122256101087704e+00,7.796480553931818269e-01,1.585384532428944127e+01,3.702806167448003727e+00
3.344420599980523878e+00,7.798656913799977275e-01,1.588375823999564851e+01,3.703839792644226581e+00
3.350718943859960053e+00,7.800816842166863330e-01,1.591367115570185575e+01,3.704865613977689431e+00
3.357017287739395783e+00,7.802960401625709252e-01,1.594358407140806122e+01,3.705883661175985999e+00
3.363315631618831958e+00,7.805087648303827841e-01,1.597349698711426846e+01,3.706893960895832230e+00
3.369613975498268132e+00,7.807198630725422639e-01,1.600340990282047571e+01,3.707896536182974323e+00
3.375912319377703863e+00,7.809293389291650511e-01,1.603332281852668117e+01,3.708891406225256482e+00
3.382210663257139593e+00,7.811371957673048927e-01,1.606323573423288664e+01,3.709878587013929252e+00
3.388509007136576212e+00,7.813434365118125946e-01,1.609314864993909566e+01,3.710858092440076028e+00
3.394807351016011943e+00,7.815480638809652048e-01,1.612306156564530113e+01,3.711829935413691661e+00
3.401105694895447673e+00,7.817510806220910879e-01,1.615297448135150660e+01,3.712794128982745967e+00
3.407404038774883404e+00,7.819524897471981095e-01,1.618288739705771206e+01,3.713750687452260113e+00
3.413702382654320022e+00,7.821522947686005978e-01,1.621280031276392108e+01,3.714699627503375012e+00
3.420000726533755753e+00,7.823504999345466393e-01,1.624271322847012655e+01,3.715640969312423714e+00
3.426299070413191483e+00,7.825471104648452636e-01,1.627262614417633202e+01,3.716574737670003792e+00
3.432597414292628102e+00,7.827421327771986181e-01,1.630253905988254104e+01,3.717500963055902830e+00
3.438895758172063832e+00,7.829355745660049326e-01,1.633245197558874651e+01,3.718419682013359928e+00
3.445194102051500007e+00,7.831274446107959752e-01,1.636236489129495197e+01,3.719330936239271246e+00
3.451492445930935737e+00,7.833177525085764925e-01,1.639227780700115744e+01,3.720234771312983302e+00
3.457790789810372356e+00,7.835065084045264028e-01,1.642219072270736646e+01,3.721131235417306726e+00
3.464089133689808087e+00,7.836937227227003255e-01,1.645210363841357193e+01,3.722020378059520240e+00
3.470387477569243817e+00,7.838794058967293310e-01,1.648201655411977740e+01,3.722902248792384849e+00
3.476685821448680436e+00,7.840635681005213575e-01,1.651192946982598642e+01,3.723776895935149600e+00
3.482984165328116166e+00,7.842462189789612959e-01,1.654184238553219188e+01,3.724644365294560000e+00
3.489282509207551897e+00,7.844273673791322121e-01,1.657175530123839735e+01,3.725504698888334687e+00
3.495580853086987627e+00,7.846070211244093873e-01,1.660166821694460282e+01,3.726357933872268546e+00
3.501879196966424246e+00,7.847851869908922806e-01,1.663158113265081184e+01,3.727204102428296029e+00
3.508177540845859976e+00,7.849618708269041623e-01,1.666149404835701731e+01,3.728043232332036272e+00
3.514475884725295707e+00,7.851370776854015299e-01,1.669140696406322277e+01,3.728875347581648292e+00
3.520774228604732325e+00,7.853108119563941836e-01,1.672131987976943179e+01,3.729700469026739462e+00
3.527072572484168056e+00,7.854830774993670772e-01,1.675123279547563726e+01,3.730518614997278881e+00
3.533370916363603786e+00,7.856538777757021697e-01,1.678114571118184273e+01,3.731329801932512957e+00
3.539669260243039961e+00,7.858232159810970563e-01,1.681105862688804820e+01,3.732134045009864565e+00
3.545967604122476136e+00,7.859910951779800481e-01,1.684097154259425722e+01,3.732931358773818431e+00
3.552265948001912310e+00,7.861575184252828086e-01,1.687088445830046268e+01,3.733721757752250348e+00
3.558564291881348041e+00,7.863224888871681584e-01,1.690079737400666815e+01,3.734505256972815879e+00
3.564862635760784659e+00,7.864860099186379294e-01,1.693071028971287717e+01,3.735281872369526024e+00
3.571160979640220390e+00,7.866480851474916269e-01,1.696062320541908264e+01,3.736051621171999848e+00
3.577459323519656120e+00,7.868087185562668839e-01,1.699053612112528810e+01,3.736814522294624297e+00
3.583757667399091851e+00,7.869679145641751417e-01,1.702044903683149357e+01,3.737570596725693584e+00
3.590056011278528469e+00,7.871256781090396615e-01,1.705036195253770259e+01,3.738319867916562345e+00
3.596354355157964200e+00,7.872820147292340920e-01,1.708027486824390806e+01,3.739062362170796128e+00
3.602652699037399930e+00,7.874369306455787365e-01,1.711018778395011353e+01,3.739798109033125595e+00
3.608951042916836549e+00,7.875904328294582868e-01,1.714010069965632255e+01,3.740527141612959738e+00
3.615249386796272280e+00,7.877425289620204607e-01,1.717001361536252801e+01,3.741249496390606222e+00
3.621547730675708010e+00,7.878932272745762244e-01,1.719992653106873348e+01,3.741965212459280377e+00
3.627846074555143741e+00,7.880425363704027797e-01,1.722983944677493895e+01,3.742674330678787520e+00
3.634144418434580359e+00,7.881904650464347517e-01,1.725975236248114797e+01,3.743376892828676361e+00
3.640442762314016090e+00,7.883370221149613721e-01,1.728966527818735344e+01,3.744072940761419055e+00
3.646741106193452264e+00,7.884822162253183331e-01,1.731957819389355890e+01,3.744762515555568605e+00
3.653039450072888439e+00,7.886260556855841930e-01,1.734949110959976792e+01,3.745445656668934920e+00
3.659337793952324613e+00,7.887685482846610308e-01,1.737940402530597339e+01,3.746122401093586074e+00
3.665636137831760344e+00,7.889097011447726571e-01,1.740931694101217886e+01,3.746792782655315790e+00
3.671934481711196963e+00,7.890495207140678646e-01,1.743922985671838788e+01,3.747456831978513758e+00
3.678232825590632693e+00,7.891880128561769014e-01,1.746914277242459335e+01,3.748114576911495632e+00
3.684531169470068424e+00,7.893251829482736959e-01,1.749905568813079881e+01,3.748766042992238035e+00
3.690829513349504154e+00,7.894610359791395249e-01,1.752896860383700428e+01,3.749411253914110898e+00
3.697127857228940773e+00,7.895955766472313453e-01,1.755888151954321330e+01,3.750050231991638228e+00
3.703426201108376503e+00,7.897288094587459062e-01,1.758879443524941877e+01,3.750682998626237108e+00
3.709724544987812234e+00,7.898607388256861928e-01,1.761870735095562424e+01,3.751309574771966471e+00
3.716022888867248852e+00,7.899913691637840962e-01,1.764862026666183326e+01,3.751929981400597303e+00
3.722321232746684583e+00,7.901207049882661426e-01,1.767853318236803872e+01,3.752544239956430605e+00
3.728619576626120313e+00,7.902487510057987219e-01,1.770844609807424419e+01,3.753152372792980085e+00
3.734917920505556044e+00,7.903755122054013649e-01,1.773835901378044966e+01,3.753754403604748546e+00
3.741216264384992662e+00,7.905009939493389259e-01,1.776827192948665868e+01,3.754350357858901699e+00
3.747514608264428393e+00,7.906252020640125444e-01,1.779818484519286415e+01,3.754940263226944630e+00
3.753812952143864567e+00,7.907481429308518273e-01,1.782809776089906961e+01,3.755524150016393836e+00
3.760111296023300742e+00,7.908698235772069207e-01,1.785801067660527863e+01,3.756102051602457248e+00
3.766409639902736917e+00,7.909902517644619158e-01,1.788792359231148410e+01,3.756674004846511039e+00
3.772707983782172647e+00,7.911094359834552892e-01,1.791783650801768957e+01,3.757240050074352133e+00
3.779006327661608378e+00,7.912273851762101629e-01,1.794774942372389503e+01,3.757800229754602928e+00
3.785304671541044996e+00,7.913441083325111203e-01,1.797766233943010405e+01,3.758354586582719925e+00
3.791603015420480727e+00,7.914596140804159852e-01,1.800757525513630952e+01,3.758903161536199633e+00
3.797901359299916457e+00,7.915739102767604951e-01,1.803748817084251499e+01,3.759445991929750264e+00
3.804199703179353076e+00,7.916870035976685260e-01,1.806740108654872401e+01,3.759983109470490525e+00
3.810498047058788806e+00,7.917988991290613177e-01,1.809731400225492948e+01,3.760514538313139088e+00
3.816796390938224537e+00,7.919095999630505478e-01,1.812722691796113494e+01,3.761040293143156799e+00
3.823094734817660267e+00,7.920191070119154686e-01,1.815713983366734041e+01,3.761560378293259177e+00
3.829393078697096886e+00,7.921274195036105414e-01,1.818705274937354943e+01,3.762074790096746391e+00
3.835691422576532617e+00,7.922345358072383492e-01,1.821696566507975490e+01,3.762583520807948112e+00
3.841989766455968347e+00,7.923404542759641123e-01,1.824687858078596037e+01,3.763086562605502117e+00
3.848288110335404966e+00,7.924451740899300933e-01,1.827679149649216939e+01,3.763583911595633325e+00
3.854586454214840696e+00,7.925486960991700025e-01,1.830670441219837485e+01,3.764075571815431509e+00
3.860884798094276871e+00,7.926510236665232911e-01,1.833661732790458032e+01,3.764561559236133448e+00
3.867183141973712601e+00,7.927521634847993770e-01,1.836653024361078579e+01,3.765041905644101572e+00
3.873481485853149220e+00,7.928521258917636816e-01,1.839644315931699481e+01,3.765516660136798421e+00
3.879779829732584950e+00,7.929509241266091690e-01,1.842635607502320028e+01,3.765985885591525140e+00
3.886078173612020681e+00,7.930485732412957400e-01,1.845626899072940574e+01,3.766449653495012040e+00
3.892376517491457300e+00,7.931450890022035960e-01,1.848618190643561476e+01,3.766908038727006858e+00
3.898674861370893030e+00,7.932404867917841607e-01,1.851609482214182023e+01,3.767361114343852346e+00
3.904973205250328760e+00,7.933347805102123340e-01,1.854600773784802570e+01,3.767808946362071865e+00
3.911271549129765379e+00,7.934279814778069095e-01,1.857592065355423472e+01,3.768251588545598274e+00
3.917569893009201110e+00,7.935200974810683316e-01,1.860583356926044019e+01,3.768689077875094107e+00
3.923868236888636840e+00,7.936111327587183073e-01,1.863574648496664565e+01,3.769121434481650379e+00
3.930166580768072571e+00,7.937010888673048381e-01,1.866565940067285112e+01,3.769548665757826100e+00
3.936464924647509189e+00,7.937899656609427312e-01,1.869557231637906014e+01,3.769970771010765720e+00
3.942763268526944920e+00,7.938777622714292548e-01,1.872548523208526561e+01,3.770387746117086714e+00
3.949061612406380650e+00,7.939644780883589048e-01,1.875539814779147108e+01,3.770799588177772055e+00
3.955359956285817269e+00,7.940501137392316222e-01,1.878531106349768010e+01,3.771206300173025827e+00
3.961658300165252999e+00,7.941346720330322295e-01,1.881522397920388556e+01,3.771607895443645830e+00
3.967956644044689174e+00,7.942181583708453063e-01,1.884513689491009103e+01,3.772004399641165850e+00
3.974254987924124904e+00,7.943005802359760503e-01,1.887504981061629650e+01,3.772395848306275390e+00
3.980553331803561523e+00,7.943819464409322961e-01,1.890496272632250552e+01,3.772782283292484440e+00
3.986851675682997254e+00,7.944622663697640252e-01,1.893487564202871098e+01,3.773163749167746772e+00
3.993150019562432984e+00,7.945415492204013219e-01,1.896478855773491645e+01,3.773540289616070798e+00
3.999448363441869603e+00,7.946198032469954375e-01,1.899470147344112547e+01,3.773911943839147298e+00
4.005746707321304889e+00,7.946970350220737833e-01,1.902461438914733094e+01,3.774278743052080110e+00
4.012045051200741064e+00,7.947732490875256683e-01,1.905452730485353641e+01,3.774640708825802715e+00
4.018343395080177238e+00,7.948484484285117668e-01,1.908444022055974187e+01,3.774997855337828501e+00
4.024641738959613413e+00,7.949226352168188292e-01,1.911435313626595089e+01,3.775350192902690249e+00
4.030940082839049587e+00,7.949958115618290799e-01,1.914426605197215636e+01,3.775697731538541380e+00
4.037238426718484874e+00,7.950679802614932790e-01,1.917417896767836183e+01,3.776040484533774055e+00
4.043536770597921937e+00,7.951391455532973440e-01,1.920409188338457085e+01,3.776378472013608434e+00
4.049835114477357223e+00,7.952093138337389400e-01,1.923400479909077632e+01,3.776711724357125544e+00
4.056133458356793398e+00,7.952784939227943717e-01,1.926391771479698178e+01,3.777040283453306557e+00
4.062431802236228684e+00,7.953466965479295547e-01,1.929383063050318725e+01,3.777364200250429960e+00
4.068730146115665747e+00,7.954139336234787860e-01,1.932374354620939627e+01,3.777683531333606126e+00
4.075028489995101033e+00,7.954802175261740382e-01,1.935365646191560174e+01,3.777998335484023418e+00
4.081326833874537208e+00,7.955455603706751422e-01,1.938356937762180721e+01,3.778308670238203604e+00
4.087625177753973382e+00,7.956099732854083895e-01,1.941348229332801623e+01,3.778614588448718781e+00
4.093923521633409557e+00,7.956734657472310790e-01,1.944339520903422169e+01,3.778916135124295028e+00
4.100221865512844843e+00,7.957360453027670921e-01,1.947330812474042716e+01,3.779213346106342630e+00
4.106520209392281018e+00,7.957977176528400198e-01,1.950322104044663263e+01,3.779506248469956198e+00
4.112818553271717192e+00,7.958584867842389832e-01,1.953313395615284165e+01,3.779794861149713192e+00
4.119116897151153367e+00,7.959183551016362212e-01,1.956304687185904712e+01,3.780079195566197203e+00
4.125415241030589542e+00,7.959773235595074548e-01,1.959295978756525258e+01,3.780359256252528777e+00
4.131713584910025716e+00,7.960353918027761599e-01,1.962287270327146160e+01,3.780635041522332429e+00
4.138011928789461891e+00,7.960925584909303021e-01,1.965278561897766707e+01,3.780906545009072861e+00
4.144310272668897177e+00,7.961488220287047390e-01,1.968269853468387254e+01,3.781173759136309265e+00
4.150608616548333352e+00,7.962041814363319814e-01,1.971261145039007801e+01,3.781436679250802513e+00
4.156906960427769526e+00,7.962586372240757493e-01,1.974252436609628703e+01,3.781695307775963411e+00
4.163205304307205701e+00,7.963121922667620867e-01,1.977243728180249249e+01,3.781949658365290734e+00
4.169503648186640987e+00,7.963648526717050924e-01,1.980235019750869796e+01,3.782199760024435697e+00
4.175801992066078050e+00,7.964166283209689334e-01,1.983226311321490698e+01,3.782445659686586747e+00
4.182100335945513336e+00,7.964675322191391293e-01,1.986217602892111245e+01,3.782687419114815874e+00
4.188398679824949511e+00,7.965175791695475738e-01,1.989208894462731791e+01,3.782925108615036169e+00
4.194697023704385686e+00,7.965667844063460956e-01,1.992200186033352693e+01,3.783158800539268007e+00
4.200995367583821860e+00,7.966151622265801313e-01,1.995191477603973240e+01,3.783388562788902565e+00
4.207293711463257146e+00,7.966627246272856011e-01,1.998182769174593787e+01,3.783614452341826695e+00
4.213592055342693321e+00,7.967094802562023625e-01,2.001174060745214334e+01,3.783836510269013242e+00
4.219890399222129496e+00,7.967554346598747506e-01,2.004165352315835236e+01,3.784054762912834491e+00
4.226188743101565670e+00,7.968005913466781331e-01,2.007156643886455782e+01,3.784269226935723207e+00
4.232487086981001845e+00,7.968449529124425057e-01,2.010147935457076329e+01,3.784479914666134093e+00
4.238785430860438019e+00,7.968885221660974016e-01,2.013139227027697231e+01,3.784686839444601159e+00
4.245083774739874194e+00,7.969313032463265500e-01,2.016130518598317778e+01,3.784890020927100363e+00
4.251382118619309480e+00,7.969733023992261467e-01,2.019121810168938325e+01,3.785089488778406341e+00
4.257680462498745655e+00,7.970145276821609670e-01,2.022113101739558871e+01,3.785285281265606372e+00
4.263978806378181829e+00,7.970549881421145066e-01,2.025104393310179773e+01,3.785477441355812989e+00
4.270277150257618004e+00,7.970946929658137003e-01,2.028095684880800320e+01,3.785666012679827386e+00
4.276575494137053290e+00,7.971336506298534186e-01,2.031086976451420867e+01,3.785851035495798822e+00
4.282873838016490353e+00,7.971718680815209623e-01,2.034078268022041769e+01,3.786032542798690059e+00
4.289172181895925640e+00,7.972093503640018675e-01,2.037069559592662316e+01,3.786210558540254567e+00
4.295470525775361814e+00,7.972461010049377572e-01,2.040060851163282862e+01,3.786385099474428362e+00
4.301768869654797101e+00,7.972821226054375154e-01,2.043052142733903409e+01,3.786556177954736757e+00
4.308067213534234163e+00,7.973174174328705455e-01,2.046043434304524311e+01,3.786723804749665412e+00
4.314365557413669450e+00,7.973519880126801462e-01,2.049034725875144858e+01,3.786887991853379543e+00
4.320663901293105624e+00,7.973858376457557684e-01,2.052026017445765405e+01,3.787048754942893058e+00
4.326962245172541799e+00,7.974189705878306222e-01,2.055017309016386307e+01,3.787206114230089238e+00
4.333260589051977973e+00,7.974513919980256160e-01,2.058008600587006853e+01,3.787360094217337103e+00
4.339558932931414148e+00,7.974831078674965434e-01,2.060999892157627400e+01,3.787510723358614939e+00
4.345857276810849434e+00,7.975141249481174643e-01,2.063991183728247947e+01,3.787658033720803452e+00
4.352155620690286497e+00,7.975444507105963199e-01,2.066982475298868849e+01,3.787802060784762226e+00
4.358453964569721784e+00,7.975740935761024275e-01,2.069973766869489396e+01,3.787942844545405752e+00
4.364752308449157958e+00,7.976030634865721725e-01,2.072965058440109942e+01,3.788080432220275018e+00
4.371050652328594133e+00,7.976313725366332985e-01,2.075956350010730844e+01,3.788214881250751898e+00
4.377348996208030307e+00,7.976590356060270226e-01,2.078947641581351391e+01,3.788346262305643197e+00
4.383647340087465594e+00,7.976860708932335120e-01,2.081938933151971938e+01,3.788474661815543154e+00
4.389945683966901768e+00,7.977124990975285046e-01,2.084930224722592484e+01,3.788600178088150194e+00
4.396244027846337943e+00,7.977383403710762710e-01,2.087921516293213386e+01,3.788722906832748816e+00
4.402542371725774117e+00,7.977636107105068319e-01,2.090912807863833933e+01,3.788842924022620462e+00
4.408840715605209404e+00,7.977883183388385646e-01,2.093904099434454480e+01,3.788960268711595081e+00
4.415139059484646467e+00,7.978124603376411939e-01,2.096895391005075382e+01,3.789074927039083107e+00
4.421437403364081753e+00,7.978360226453129478e-01,2.099886682575695929e+01,3.789186832221893564e+00
4.427735747243517928e+00,7.978589855425147759e-01,2.102877974146316475e+01,3.789295890606369621e+00
4.434034091122954102e+00,7.978813304988212618e-01,2.105869265716937377e+01,3.789402014185401235e+00
4.440332435002390277e+00,7.979030470412414866e-01,2.108860557287557924e+01,3.789505153219293376e+00
4.446630778881826451e+00,7.979241390321927252e-01,2.111851848858178471e+01,3.789605326051942225e+00
4.452929122761261738e+00,7.979446256243337698e-01,2.114843140428799018e+01,3.789702623645651247e+00
4.459227466640698800e+00,7.979645357783691217e-01,2.117834431999419920e+01,3.789797183544373560e+00
4.465525810520134087e+00,7.979839016417069608e-01,2.120825723570040466e+01,3.789889158426769988e+00
4.471824154399570261e+00,7.980027519318945162e-01,2.123817015140661013e+01,3.789978684681958754e+00
4.478122498279006436e+00,7.980211063652451475e-01,2.126808306711281915e+01,3.790065855949225515e+00
4.484420842158442611e+00,7.980389748262463057e-01,2.129799598281902462e+01,3.790150719173266847e+00
4.490719186037877897e+00,7.980563597726315628e-01,2.132790889852523009e+01,3.790233286026670534e+00
4.497017529917314071e+00,7.980732589189711845e-01,2.135782181423143555e+01,3.790313545655175975e+00
4.503315873796750246e+00,7.980896678912750009e-01,2.138773472993764457e+01,3.790391477285258937e+00
4.509614217676186421e+00,7.981055824066238813e-01,2.141764764564385004e+01,3.790467060575922531e+00
4.515912561555621707e+00,7.981209995666497248e-01,2.144756056135005551e+01,3.790540281761857866e+00
4.522210905435058770e+00,7.981359188967869223e-01,2.147747347705626453e+01,3.790611138589196738e+00
4.528509249314494056e+00,7.981503433776280243e-01,2.150738639276247000e+01,3.790679645213758331e+00
4.534807593193930231e+00,7.981642803375664785e-01,2.153729930846867546e+01,3.790745836440502892e+00
4.541105937073366405e+00,7.981777417717426104e-01,2.156721222417488093e+01,3.790809769238314697e+00
4.547404280952802580e+00,7.981907443007076886e-01,2.159712513988108995e+01,3.790871522543683092e+00
4.553702624832238754e+00,7.982033091000447778e-01,2.162703805558729542e+01,3.790931196926446312e+00
4.560000968711674041e+00,7.982154614377409141e-01,2.165695097129350088e+01,3.790988912392621923e+00
4.566299312591111104e+00,7.982272272580233086e-01,2.168686388699970991e+01,3.791044792159916188e+00
4.572597656470546390e+00,7.982386266667069741e-01,2.171677680270591537e+01,3.791098931717486131e+00
4.578896000349982565e+00,7.982496669542745726e-01,2.174668971841212084e+01,3.791151365690242248e+00
4.585194344229417851e+00,7.982603363697402532e-01,2.177660263411832631e+01,3.791202038268870478e+00
4.591492688108854914e+00,7.982706060892401645e-01,2.180651554982453533e+01,3.791250812559320060e+00
4.597791031988290200e+00,7.982804436214879784e-01,2.183642846553074079e+01,3.791297534249738810e+00
4.604089375867726375e+00,7.982898285999442400e-01,2.186634138123694626e+01,3.791342106612702878e+00
4.610387719747162549e+00,7.982987676666909449e-01,2.189625429694315528e+01,3.791384561193653635e+00
4.616686063626598724e+00,7.983072981494011566e-01,2.192616721264936075e+01,3.791425075274041934e+00
4.622984407506034010e+00,7.983154749529330907e-01,2.195608012835556622e+01,3.791463909615176764e+00
4.629282751385470185e+00,7.983233536591898272e-01,2.198599304406177168e+01,3.791501328193876308e+00
4.635581095264906359e+00,7.983309743574127371e-01,2.201590595976798070e+01,3.791537521407192468e+00
4.641879439144342534e+00,7.983383532952524897e-01,2.204581887547418617e+01,3.791572566420584156e+00
4.648177783023778709e+00,7.983454847604328775e-01,2.207573179118039164e+01,3.791606436104565603e+00
4.654476126903214883e+00,7.983523449498658442e-01,2.210564470688660066e+01,3.791639017410407764e+00
4.660774470782651058e+00,7.983588966449477464e-01,2.213555762259280613e+01,3.791670133574668089e+00
4.667072814662086344e+00,7.983650990920940771e-01,2.216547053829901159e+01,3.791699591045109674e+00
4.673371158541522519e+00,7.983709227983161183e-01,2.219538345400521706e+01,3.791727249749786921e+00
4.679669502420958693e+00,7.983763648603053875e-01,2.222529636971142608e+01,3.791753095899928816e+00
4.685967846300394868e+00,7.983814586971804683e-01,2.225520928541763155e+01,3.791777288213969310e+00
4.692266190179830154e+00,7.983862630564594332e-01,2.228512220112383702e+01,3.791800105703278412e+00
4.698564534059267217e+00,7.983908392658368713e-01,2.231503511683004604e+01,3.791821839633336744e+00
4.704862877938702503e+00,7.983952284432980218e-01,2.234494803253625150e+01,3.791842685287040382e+00
4.711161221818138678e+00,7.983994403014728070e-01,2.237486094824245697e+01,3.791862688792876135e+00
4.717459565697574853e+00,7.984034629920226944e-01,2.240477386394866599e+01,3.791881793879170903e+00
4.723757909577011027e+00,7.984072787943164995e-01,2.243468677965487146e+01,3.791899916384793290e+00
4.730056253456447202e+00,7.984108781663896703e-01,2.246459969536107693e+01,3.791917010991801451e+00
4.736354597335882488e+00,7.984142644377693054e-01,2.249451261106728239e+01,3.791933093513219166e+00
4.742652941215318663e+00,7.984174511632329274e-01,2.252442552677349141e+01,3.791948228325162873e+00
4.748951285094754837e+00,7.984204586018850414e-01,2.255433844247969688e+01,3.791962511644812128e+00
4.755249628974191012e+00,7.984233083573697431e-01,2.258425135818590235e+01,3.791976046075009599e+00
4.761547972853627186e+00,7.984260146279933412e-01,2.261416427389211137e+01,3.791988899048202910e+00
4.767846316733063361e+00,7.984285745739013729e-01,2.264407718959831683e+01,3.792001057076983539e+00
4.774144660612498647e+00,7.984309630512032019e-01,2.267399010530452230e+01,3.792012400744710465e+00
4.780443004491934822e+00,7.984331445807473226e-01,2.270390302101072777e+01,3.792022761549171506e+00
4.786741348371370997e+00,7.984350956324909321e-01,2.273381593671693679e+01,3.792032027738420741e+00
4.793039692250807171e+00,7.984368250240234666e-01,2.276372885242314226e+01,3.792040241190103966e+00
4.799338036130242457e+00,7.984383737401156145e-01,2.279364176812934772e+01,3.792047596554435351e+00
4.805636380009679520e+00,7.984397924760615606e-01,2.282355468383555674e+01,3.792054334600114096e+00
4.811934723889114807e+00,7.984411166048366315e-01,2.285346759954176221e+01,3.792060623325085089e+00
4.818233067768550981e+00,7.984423541456885376e-01,2.288338051524796768e+01,3.792066500815405750e+00
4.824531411647987156e+00,7.984434964428562820e-01,2.291329343095417315e+01,3.792071925962007040e+00
4.830829755527423330e+00,7.984445347038158225e-01,2.294320634666038217e+01,3.792076857006287494e+00
4.837128099406859505e+00,7.984454713229474088e-01,2.297311926236658763e+01,3.792081305319950246e+00
4.843426443286294791e+00,7.984463175781292277e-01,2.300303217807279310e+01,3.792085324465364504e+00
4.849724787165731854e+00,7.984470859649739349e-01,2.303294509377900212e+01,3.792088973788322104e+00
4.856023131045167140e+00,7.984477841298071032e-01,2.306285800948520759e+01,3.792092289603749666e+00
4.862321474924603315e+00,7.984484150049157014e-01,2.309277092519141306e+01,3.792095285838046337e+00
4.868619818804038601e+00,7.984489802073667652e-01,2.312268384089761852e+01,3.792097970171198096e+00
4.874918162683475664e+00,7.984494829997670351e-01,2.315259675660382754e+01,3.792100358098401625e+00
4.881216506562910951e+00,7.984499285629229615e-01,2.318250967231003301e+01,3.792102474225018227e+00
4.887514850442347125e+00,7.984503225458153830e-01,2.321242258801623848e+01,3.792104345379924801e+00
4.893813194321783300e+00,7.984506697157539579e-01,2.324233550372244750e+01,3.792105994204648667e+00
4.900111538201219474e+00,7.984509737554198461e-01,2.327224841942865297e+01,3.792107438189459501e+00
4.906409882080654761e+00,7.984512378888407591e-01,2.330216133513485843e+01,3.792108692646330770e+00
4.912708225960090935e+00,7.984514654872992834e-01,2.333207425084106390e+01,3.792109773586596067e+00
4.919006569839527110e+00,7.984516601729745311e-01,2.336198716654727292e+01,3.792110698213181141e+00
4.925304913718963284e+00,7.984518255388781682e-01,2.339190008225347839e+01,3.792111483590485221e+00
4.931603257598399459e+00,7.984519648736040365e-01,2.342181299795968386e+01,3.792112145337126705e+00
4.937901601477835634e+00,7.984520811097294279e-01,2.345172591366589288e+01,3.792112697380884079e+00
4.944199945357271808e+00,7.984521769431808247e-01,2.348163882937209834e+01,3.792113152525602882e+00
4.950498289236707095e+00,7.984522549486461340e-01,2.351155174507830381e+01,3.792113522999326580e+00
4.956796633116143269e+00,7.984523175912955351e-01,2.354146466078450928e+01,3.792113820509962263e+00
4.963094976995579444e+00,7.984523671627568042e-01,2.357137757649071830e+01,3.792114055941206985e+00
4.969393320875015618e+00,7.984524057235877770e-01,2.360129049219692376e+01,3.792114239079331650e+00
4.975691664754450905e+00,7.984524351070232395e-01,2.363120340790312923e+01,3.792114378630973448e+00
4.981990008633887967e+00,7.984524569638646874e-01,2.366111632360933825e+01,3.792114482436333756e+00
4.988288352513323254e+00,7.984524727971068492e-01,2.369102923931554372e+01,3.792114557633631478e+00
4.994586696392759428e+00,7.984524839418736253e-01,2.372094215502174919e+01,3.792114610563810384e+00
5.000885040272195603e+00,7.984524915128767830e-01,2.375085507072795821e+01,3.792114646521005383e+00
5.007183384151631778e+00,7.984524963771691963e-01,2.378076798643416367e+01,3.792114669623137146e+00
5.013481728031067064e+00,7.984524992225481288e-01,2.381068090214036914e+01,3.792114683136781572e+00
5.019780071910503239e+00,7.984525006758247390e-01,2.384059381784657461e+01,3.792114690038872027e+00
5.026078415789939413e+00,7.984525013922508796e-01,2.387050673355278363e+01,3.792114693441416495e+00
5.032376759669375588e+00,7.984525020502437620e-01,2.390041964925898910e+01,3.792114696566442067e+00
